experiment,seed,evaluations,best_nrmse
BARENTS,0,8,1.4563002581445978
BARENTS,0,16,1.4563002581445978
BARENTS,0,24,1.4563002581445978
BARENTS,0,32,0.7041058525650524
BARENTS,0,40,0.7041058525650524
BARENTS,0,48,0.7041058525650524
BARENTS,0,56,0.3376391199060678
BARENTS,0,64,0.3376391199060678
BARENTS,0,72,0.3376391199060678
BARENTS,0,80,0.3376391199060678
BARENTS,0,88,0.3376391199060678
BARENTS,0,96,0.3376391199060678
BARENTS,0,104,0.3376391199060678
BARENTS,0,112,0.3376391199060678
BARENTS,0,120,0.3376391199060678
BARENTS,0,128,0.3376391199060678
BARENTS,0,136,0.3376391199060678
BARENTS,0,144,0.3376391199060678
BARENTS,0,152,0.3376391199060678
BARENTS,0,160,0.3376391199060678
BARENTS,0,168,0.3376391199060678
BARENTS,0,176,0.3376391199060678
BARENTS,0,184,0.3376391199060678
BARENTS,0,192,0.3376391199060678
BARENTS,0,200,0.3376391199060678
BARENTS,0,216,0.3376391199060678
BARENTS,0,224,0.24241922763597962
BARENTS,0,232,0.24241922763597962
BARENTS,0,240,0.19873220401256092
BARENTS,0,248,0.19873220401256092
BARENTS,0,264,0.14637507956426193
BARENTS,0,272,0.14637507956426193
BARENTS,0,288,0.14637507956426193
BARENTS,0,296,0.14637507956426193
BARENTS,0,312,0.14637507956426193
BARENTS,0,320,0.14637507956426193
BARENTS,0,336,0.14637507956426193
BARENTS,0,352,0.08320043780515148
BARENTS,0,368,0.08320043780515148
BARENTS,0,384,0.08320043780515148
BARENTS,0,400,0.08320043780515148
BARENTS,0,416,0.08320043780515148
BARENTS,0,432,0.08320043780515148
BARENTS,0,456,0.08320043780515148
BARENTS,0,472,0.06100593848798825
BARENTS,0,496,0.0484882438771811
BARENTS,0,512,0.0484882438771811
BARENTS,0,536,0.035920695098184866
BARENTS,0,560,0.023285288949814464
BARENTS,0,584,0.017659258537517267
BARENTS,0,608,0.017659258537517267
BARENTS,0,632,0.017659258537517267
BARENTS,0,664,0.010552754833590224
BARENTS,0,688,0.007544033894320897
BARENTS,0,720,0.007544033894320897
BARENTS,0,752,0.0050865330477545935
BARENTS,0,784,0.0050865330477545935
BARENTS,0,816,0.004328489164326217
BARENTS,0,848,0.003150541750848014
BARENTS,0,888,0.0022104495453127955
BARENTS,0,928,0.0015514326234360215
BARENTS,0,968,0.0009365435298706569
BARENTS,0,1008,0.0009365435298706569
BARENTS,0,1048,0.0009169130008616327
BARENTS,0,1096,0.0009054060143966438
BARENTS,0,1144,0.0009054060143966438
BARENTS,0,1192,0.0009035130703534278
BARENTS,1,8,1.8503696526995175
BARENTS,1,16,1.7362585901743568
BARENTS,1,24,1.525914138765342
BARENTS,1,32,0.7480487637266113
BARENTS,1,40,0.7480487637266113
BARENTS,1,48,0.7480487637266113
BARENTS,1,56,0.7480487637266113
BARENTS,1,64,0.7480487637266113
BARENTS,1,72,0.6243380545505635
BARENTS,1,80,0.6243380545505635
BARENTS,1,88,0.6243380545505635
BARENTS,1,96,0.6243380545505635
BARENTS,1,104,0.6243380545505635
BARENTS,1,112,0.6243380545505635
BARENTS,1,120,0.6243380545505635
BARENTS,1,128,0.6243380545505635
BARENTS,1,136,0.6243380545505635
BARENTS,1,144,0.6243380545505635
BARENTS,1,152,0.6243380545505635
BARENTS,1,160,0.617057923413456
BARENTS,1,168,0.503316310123828
BARENTS,1,176,0.503316310123828
BARENTS,1,184,0.503316310123828
BARENTS,1,192,0.503316310123828
BARENTS,1,200,0.503316310123828
BARENTS,1,208,0.503316310123828
BARENTS,1,216,0.503316310123828
BARENTS,1,224,0.503316310123828
BARENTS,1,232,0.3361874731380554
BARENTS,1,248,0.2747074469169305
BARENTS,1,256,0.2747074469169305
BARENTS,1,264,0.2747074469169305
BARENTS,1,280,0.2747074469169305
BARENTS,1,288,0.2747074469169305
BARENTS,1,304,0.2747074469169305
BARENTS,1,320,0.2747074469169305
BARENTS,1,336,0.23397363910695473
BARENTS,1,344,0.17280378893072423
BARENTS,1,360,0.08848387740420861
BARENTS,1,376,0.08848387740420861
BARENTS,1,400,0.08848387740420861
BARENTS,1,416,0.08848387740420861
BARENTS,1,432,0.033442181639124303
BARENTS,1,456,0.033442181639124303
BARENTS,1,472,0.033442181639124303
BARENTS,1,496,0.03320776097629238
BARENTS,1,520,0.0197846948936294
BARENTS,1,536,0.0197846948936294
BARENTS,1,560,0.0197846948936294
BARENTS,1,592,0.018169891786505726
BARENTS,1,616,0.018169891786505726
BARENTS,1,640,0.014663156232324486
BARENTS,1,672,0.01393915866585742
BARENTS,1,704,0.01319290115226431
BARENTS,1,736,0.012207392514523019
BARENTS,1,768,0.011554309865042018
BARENTS,1,800,0.011390757884086888
BARENTS,1,840,0.01095765574678921
BARENTS,1,872,0.010375137542629968
BARENTS,1,912,0.009102318008072059
BARENTS,1,952,0.008200931251113201
BARENTS,1,1000,0.004145761414476263
BARENTS,1,1040,0.00320345627345875
BARENTS,1,1088,0.0021198196357073355
BARENTS,1,1136,0.001777908515755082
BARENTS,1,1192,0.0013383889804204905
BARENTS,1,1240,0.0012186172816781682
BARENTS,1,1296,0.0009935278161699417
BARENTS,1,1352,0.0009181646953287866
BARENTS,1,1416,0.0009128737224505398
BARENTS,1,1480,0.0009026151233477096
BARENTS,2,8,1.3375690490102508
BARENTS,2,16,1.0823211582224013
BARENTS,2,24,1.031984941245458
BARENTS,2,32,1.031984941245458
BARENTS,2,40,1.031984941245458
BARENTS,2,48,0.9161731719451683
BARENTS,2,56,0.9161731719451683
BARENTS,2,64,0.9161731719451683
BARENTS,2,72,0.9161731719451683
BARENTS,2,80,0.9161731719451683
BARENTS,2,88,0.9161731719451683
BARENTS,2,96,0.5827039998382311
BARENTS,2,104,0.5827039998382311
BARENTS,2,112,0.5827039998382311
BARENTS,2,120,0.5827039998382311
BARENTS,2,128,0.5827039998382311
BARENTS,2,136,0.5827039998382311
BARENTS,2,144,0.5827039998382311
BARENTS,2,152,0.5827039998382311
BARENTS,2,160,0.5827039998382311
BARENTS,2,168,0.5827039998382311
BARENTS,2,176,0.5827039998382311
BARENTS,2,184,0.5827039998382311
BARENTS,2,192,0.5827039998382311
BARENTS,2,200,0.5827039998382311
BARENTS,2,208,0.5827039998382311
BARENTS,2,216,0.5827039998382311
BARENTS,2,224,0.5827039998382311
BARENTS,2,240,0.5827039998382311
BARENTS,2,248,0.5827039998382311
BARENTS,2,256,0.5827039998382311
BARENTS,2,272,0.32888804612535144
BARENTS,2,280,0.2480562068260968
BARENTS,2,296,0.2480562068260968
BARENTS,2,304,0.2480562068260968
BARENTS,2,320,0.18731315335058538
BARENTS,2,336,0.18731315335058538
BARENTS,2,352,0.17959159929569568
BARENTS,2,368,0.15356402271650166
BARENTS,2,384,0.1467650035583866
BARENTS,2,400,0.1467650035583866
BARENTS,2,416,0.1467650035583866
BARENTS,2,432,0.1467650035583866
BARENTS,2,456,0.13208761810236455
BARENTS,2,472,0.13208761810236455
BARENTS,2,496,0.11287012984917802
BARENTS,2,512,0.10641365850304146
BARENTS,2,536,0.10136514211909085
BARENTS,2,560,0.08989603228025758
BARENTS,2,584,0.07179607665635036
BARENTS,2,616,0.043869818525486534
BARENTS,2,640,0.026980116236939446
BARENTS,2,672,0.026980116236939446
BARENTS,2,696,0.026980116236939446
BARENTS,2,728,0.02247813931256626
BARENTS,2,760,0.01796154662606222
BARENTS,2,800,0.01796154662606222
BARENTS,2,832,0.017951605562945706
BARENTS,2,872,0.017951605562945706
BARENTS,2,904,0.017951605562945706
BARENTS,2,944,0.017951605562945706
BARENTS,2,992,0.017951605562945706
BARENTS,2,1032,0.017951605562945706
BARENTS,2,1080,0.017951605562945706
BARENTS,2,1128,0.017951605562945706
BARENTS,2,1176,0.017951605562945706
BARENTS,2,1232,0.017951605562945706
BARENTS,2,1280,0.017951605562945706
BARENTS,2,1344,0.017951605562945706
BARENTS,2,1400,0.017951605562945706
BARENTS,3,8,2.0075599516405203
BARENTS,3,16,1.8322189819626526
BARENTS,3,24,1.8322189819626526
BARENTS,3,32,1.428554856647231
BARENTS,3,40,1.428554856647231
BARENTS,3,48,1.037342942017572
BARENTS,3,56,1.037342942017572
BARENTS,3,64,1.0230297925092862
BARENTS,3,72,0.8529999568567034
BARENTS,3,80,0.8529999568567034
BARENTS,3,88,0.8529999568567034
BARENTS,3,96,0.747053623551355
BARENTS,3,104,0.747053623551355
BARENTS,3,112,0.747053623551355
BARENTS,3,120,0.747053623551355
BARENTS,3,128,0.747053623551355
BARENTS,3,136,0.747053623551355
BARENTS,3,144,0.747053623551355
BARENTS,3,152,0.747053623551355
BARENTS,3,160,0.747053623551355
BARENTS,3,168,0.747053623551355
BARENTS,3,176,0.747053623551355
BARENTS,3,184,0.747053623551355
BARENTS,3,192,0.73919690401522
BARENTS,3,200,0.6925154918697874
BARENTS,3,208,0.6925154918697874
BARENTS,3,216,0.6925154918697874
BARENTS,3,224,0.6689788052092082
BARENTS,3,240,0.4607920650081971
BARENTS,3,248,0.4607920650081971
BARENTS,3,256,0.4607920650081971
BARENTS,3,272,0.24544154142305652
BARENTS,3,280,0.24544154142305652
BARENTS,3,296,0.24544154142305652
BARENTS,3,304,0.22654132733664176
BARENTS,3,320,0.18386895699619815
BARENTS,3,336,0.18386895699619815
BARENTS,3,352,0.14143028912230035
BARENTS,3,368,0.14143028912230035
BARENTS,3,384,0.14143028912230035
BARENTS,3,400,0.12597406559796648
BARENTS,3,416,0.11365082459309707
BARENTS,3,440,0.11187267886779893
BARENTS,3,456,0.11187267886779893
BARENTS,3,480,0.10266629269812798
BARENTS,3,496,0.0860255195827676
BARENTS,3,520,0.0860255195827676
BARENTS,3,544,0.06140241284219716
BARENTS,3,568,0.05337141895639967
BARENTS,3,592,0.026187905631303136
BARENTS,3,624,0.026187905631303136
BARENTS,3,648,0.026187905631303136
BARENTS,3,680,0.019267953163125514
BARENTS,3,712,0.019267953163125514
BARENTS,3,744,0.019267953163125514
BARENTS,3,776,0.018318524902589724
BARENTS,3,808,0.018318524902589724
BARENTS,3,848,0.01739233529246425
BARENTS,3,880,0.017016060027326606
BARENTS,3,920,0.016775629965741362
BARENTS,3,960,0.01673785399607778
BARENTS,3,1008,0.01673785399607778
BARENTS,3,1056,0.01673785399607778
BARENTS,3,1096,0.01673315117153918
BARENTS,3,1152,0.016724148585922225
BARENTS,3,1200,0.01671237413968995
BARENTS,3,1256,0.016704239377067033
BARENTS,3,1312,0.016702122762173706
BARENTS,3,1368,0.016700320576182637
BARENTS,3,1432,0.01670008482126456
BARENTS,3,1496,0.016700076357702744
BARENTS,4,8,1.9930629853236306
BARENTS,4,16,1.6758740974686022
BARENTS,4,24,1.4419667357782937
BARENTS,4,32,1.2615732767660288
BARENTS,4,40,1.2031798645838419
BARENTS,4,48,1.2031798645838419
BARENTS,4,56,1.1090799559199898
BARENTS,4,64,1.0067650264908543
BARENTS,4,72,1.0067650264908543
BARENTS,4,80,0.8987132172541703
BARENTS,4,88,0.8522096484123376
BARENTS,4,96,0.8260174831415358
BARENTS,4,104,0.8260174831415358
BARENTS,4,112,0.793811766562446
BARENTS,4,120,0.793811766562446
BARENTS,4,128,0.793811766562446
BARENTS,4,136,0.793811766562446
BARENTS,4,144,0.793811766562446
BARENTS,4,152,0.7374187637260127
BARENTS,4,160,0.7374187637260127
BARENTS,4,168,0.7144413353627586
BARENTS,4,176,0.7144413353627586
BARENTS,4,184,0.7144413353627586
BARENTS,4,192,0.6876164694674811
BARENTS,4,200,0.6859691273489024
BARENTS,4,208,0.6537807111842795
BARENTS,4,224,0.5245524533458484
BARENTS,4,232,0.4652895077262832
BARENTS,4,240,0.4652895077262832
BARENTS,4,256,0.3687836217347161
BARENTS,4,264,0.31224229894701006
BARENTS,4,280,0.3051736749312505
BARENTS,4,288,0.22328112407786682
BARENTS,4,304,0.1690228198783478
BARENTS,4,320,0.1690228198783478
BARENTS,4,328,0.1690228198783478
BARENTS,4,344,0.1690228198783478
BARENTS,4,360,0.1690228198783478
BARENTS,4,376,0.1690228198783478
BARENTS,4,400,0.16697550712756803
BARENTS,4,416,0.16697550712756803
BARENTS,4,432,0.1540352347771304
BARENTS,4,456,0.1510073532129329
BARENTS,4,472,0.11615328308152319
BARENTS,4,496,0.09532935826116351
BARENTS,4,520,0.08932681907350841
BARENTS,4,544,0.06835631984993618
BARENTS,4,568,0.05551176499391714
BARENTS,4,592,0.039954222574476894
BARENTS,4,624,0.03589673465060134
BARENTS,4,648,0.03589673465060134
BARENTS,4,680,0.023004578880547275
BARENTS,4,712,0.016814805152321574
BARENTS,4,744,0.016814805152321574
BARENTS,4,776,0.015180395601880548
BARENTS,4,808,0.01438939136611453
BARENTS,4,848,0.012023749334607318
BARENTS,4,888,0.01098933201078819
BARENTS,4,928,0.01098933201078819
BARENTS,4,968,0.01098933201078819
BARENTS,4,1016,0.010626605364782458
BARENTS,4,1064,0.010626605364782458
BARENTS,4,1112,0.010331118606101143
BARENTS,4,1160,0.009794103437869572
BARENTS,4,1216,0.006741480639091758
BARENTS,4,1272,0.0036483337006765902
BARENTS,4,1328,0.002217871423740923
BARENTS,4,1392,0.0016907445032967748
BARENTS,4,1456,0.0012022169121737284
BARENTS,4,1520,0.0009535731925349485
BARENTS,4,1592,0.0009033365491975886
BARENTS,4,1664,0.0009020723212522337
BARENTS,5,8,2.1274208482721777
BARENTS,5,16,1.248011951717056
BARENTS,5,24,1.248011951717056
BARENTS,5,32,1.248011951717056
BARENTS,5,40,1.248011951717056
BARENTS,5,48,1.0706683289066155
BARENTS,5,56,0.7640761711330236
BARENTS,5,64,0.7640761711330236
BARENTS,5,72,0.7640761711330236
BARENTS,5,80,0.6910852492039489
BARENTS,5,88,0.6910852492039489
BARENTS,5,96,0.5008978283235275
BARENTS,5,104,0.5008978283235275
BARENTS,5,112,0.5008978283235275
BARENTS,5,120,0.5008978283235275
BARENTS,5,128,0.5008978283235275
BARENTS,5,136,0.5008978283235275
BARENTS,5,144,0.5008978283235275
BARENTS,5,152,0.4669603568034937
BARENTS,5,160,0.3623909682015458
BARENTS,5,168,0.3623909682015458
BARENTS,5,176,0.3623909682015458
BARENTS,5,184,0.3623909682015458
BARENTS,5,192,0.24736274032970076
BARENTS,5,200,0.24736274032970076
BARENTS,5,208,0.24736274032970076
BARENTS,5,216,0.24736274032970076
BARENTS,5,224,0.19656535447118675
BARENTS,5,232,0.1956441177896025
BARENTS,5,248,0.14712467665818468
BARENTS,5,256,0.14712467665818468
BARENTS,5,264,0.14712467665818468
BARENTS,5,280,0.14712467665818468
BARENTS,5,288,0.14712467665818468
BARENTS,5,304,0.14712467665818468
BARENTS,5,312,0.14712467665818468
BARENTS,5,328,0.1228844941738667
BARENTS,5,344,0.08477395423006058
BARENTS,5,360,0.08421603023587065
BARENTS,5,376,0.08421603023587065
BARENTS,5,392,0.08421603023587065
BARENTS,5,408,0.08421603023587065
BARENTS,5,424,0.08330935391642125
BARENTS,5,440,0.08330935391642125
BARENTS,5,464,0.07759180032975378
BARENTS,5,480,0.05033031332876499
BARENTS,5,504,0.02825941340491942
BARENTS,5,520,0.026469714106677766
BARENTS,5,544,0.02014783652202349
BARENTS,5,568,0.016833278855579094
BARENTS,5,592,0.016833278855579094
BARENTS,5,616,0.014700226935385865
BARENTS,5,648,0.014426781545040462
BARENTS,5,672,0.012779933216166781
BARENTS,5,704,0.012779933216166781
BARENTS,5,736,0.01257001575968794
BARENTS,5,768,0.012355938555671962
BARENTS,5,800,0.01234249606154506
BARENTS,5,832,0.012294367753949306
BARENTS,5,864,0.01226757332088515
BARENTS,5,904,0.012263434502280528
BARENTS,5,944,0.012258214654507922
BARENTS,5,984,0.012258214654507922
BARENTS,5,1024,0.01225176443955761
BARENTS,5,1072,0.0122493699102068
BARENTS,5,1120,0.012245781255578113
BARENTS,5,1168,0.012245473586321751
BARENTS,5,1216,0.012245393651202474
BARENTS,6,8,1.0234785891219833
BARENTS,6,16,1.0234785891219833
BARENTS,6,24,0.9343519655921891
BARENTS,6,32,0.9343519655921891
BARENTS,6,40,0.9343519655921891
BARENTS,6,48,0.9343519655921891
BARENTS,6,56,0.688376876388483
BARENTS,6,64,0.688376876388483
BARENTS,6,72,0.688376876388483
BARENTS,6,80,0.6313363431592498
BARENTS,6,88,0.6313363431592498
BARENTS,6,96,0.6313363431592498
BARENTS,6,104,0.6313363431592498
BARENTS,6,112,0.6313363431592498
BARENTS,6,120,0.6313363431592498
BARENTS,6,128,0.6313363431592498
BARENTS,6,136,0.6313363431592498
BARENTS,6,144,0.6313363431592498
BARENTS,6,152,0.6313363431592498
BARENTS,6,160,0.6313363431592498
BARENTS,6,168,0.6313363431592498
BARENTS,6,176,0.6313363431592498
BARENTS,6,184,0.5016194482147579
BARENTS,6,192,0.5016194482147579
BARENTS,6,208,0.5016194482147579
BARENTS,6,216,0.5016194482147579
BARENTS,6,224,0.5016194482147579
BARENTS,6,232,0.42257223930013027
BARENTS,6,240,0.3876352676515464
BARENTS,6,256,0.3876352676515464
BARENTS,6,264,0.3876352676515464
BARENTS,6,280,0.3876352676515464
BARENTS,6,288,0.3876352676515464
BARENTS,6,304,0.3876352676515464
BARENTS,6,320,0.2648472558342985
BARENTS,6,328,0.2648472558342985
BARENTS,6,344,0.19149419475446214
BARENTS,6,360,0.19149419475446214
BARENTS,6,376,0.17231554642152966
BARENTS,6,392,0.17231554642152966
BARENTS,6,408,0.13273680614981861
BARENTS,6,432,0.12377344549474951
BARENTS,6,448,0.12377344549474951
BARENTS,6,472,0.08089320212240267
BARENTS,6,488,0.057074206162712
BARENTS,6,512,0.04118022850234867
BARENTS,6,536,0.03994128873892057
BARENTS,6,560,0.01741741655325009
BARENTS,6,584,0.01741741655325009
BARENTS,6,608,0.010167527626358887
BARENTS,6,640,0.009924616267438053
BARENTS,6,664,0.009411503240141388
BARENTS,6,696,0.00893146413935922
BARENTS,6,728,0.008384477933872689
BARENTS,6,760,0.00770419731721942
BARENTS,6,792,0.007558440239594913
BARENTS,6,832,0.007107072244011959
BARENTS,6,864,0.007107072244011959
BARENTS,6,904,0.007107072244011959
BARENTS,6,944,0.007107072244011959
BARENTS,6,984,0.006670490855415475
BARENTS,6,1032,0.004820102736128476
BARENTS,6,1080,0.002417893954278442
BARENTS,6,1128,0.0010026875326398772
BARENTS,6,1176,0.0010026875326398772
BARENTS,6,1232,0.0010026875326398772
BARENTS,6,1280,0.0010026875326398772
BARENTS,6,1344,0.0009203937857501039
BARENTS,6,1400,0.0009028256591127194
BARENTS,6,1464,0.0009021299042303401
BARENTS,7,8,2.2057228311366015
BARENTS,7,16,1.73406124020754
BARENTS,7,24,1.73406124020754
BARENTS,7,32,1.5477165297614437
BARENTS,7,40,1.5477165297614437
BARENTS,7,48,1.4402882434229947
BARENTS,7,56,0.9505627356609099
BARENTS,7,64,0.9505627356609099
BARENTS,7,72,0.9505627356609099
BARENTS,7,80,0.5355585507853268
BARENTS,7,88,0.5355585507853268
BARENTS,7,96,0.5355585507853268
BARENTS,7,104,0.5355585507853268
BARENTS,7,112,0.5355585507853268
BARENTS,7,120,0.5355585507853268
BARENTS,7,128,0.5355585507853268
BARENTS,7,136,0.5355585507853268
BARENTS,7,144,0.5355585507853268
BARENTS,7,152,0.5355585507853268
BARENTS,7,160,0.5355585507853268
BARENTS,7,168,0.5355585507853268
BARENTS,7,184,0.5355585507853268
BARENTS,7,192,0.5355585507853268
BARENTS,7,200,0.48680522011909416
BARENTS,7,208,0.48680522011909416
BARENTS,7,216,0.289908209250572
BARENTS,7,232,0.289908209250572
BARENTS,7,240,0.289908209250572
BARENTS,7,248,0.289908209250572
BARENTS,7,264,0.289908209250572
BARENTS,7,280,0.289908209250572
BARENTS,7,288,0.289908209250572
BARENTS,7,304,0.289908209250572
BARENTS,7,320,0.289908209250572
BARENTS,7,336,0.289908209250572
BARENTS,7,352,0.289908209250572
BARENTS,7,368,0.2771717760524131
BARENTS,7,384,0.2158400294931203
BARENTS,7,408,0.174541021024393
BARENTS,7,424,0.174541021024393
BARENTS,7,448,0.11325153762708079
BARENTS,7,472,0.11325153762708079
BARENTS,7,496,0.11325153762708079
BARENTS,7,520,0.08754300032082402
BARENTS,7,544,0.08531116530381379
BARENTS,7,568,0.07728216201772059
BARENTS,7,600,0.0709792217619927
BARENTS,7,624,0.06537422222791177
BARENTS,7,656,0.0484146876209244
BARENTS,7,688,0.04454326387469549
BARENTS,7,720,0.03778413050477034
BARENTS,7,760,0.02467554717285626
BARENTS,7,792,0.023362075386684465
BARENTS,7,832,0.017828067219078907
BARENTS,7,872,0.013905423729306842
BARENTS,7,920,0.013265497851986517
BARENTS,7,960,0.012956310901070245
BARENTS,7,1008,0.012718679682174999
BARENTS,7,1056,0.012718679682174999
BARENTS,7,1112,0.012551024278094788
BARENTS,7,1168,0.012483434799044743
BARENTS,7,1224,0.01247636664116822
BARENTS,7,1280,0.01247167602160911
BARENTS,7,1344,0.01247167602160911
BARENTS,7,1416,0.0124513989225235
BARENTS,7,1480,0.01244520348209303
BARENTS,7,1552,0.012391029765266326
BARENTS,7,1632,0.012331045950124674
BARENTS,7,1712,0.01230061240033758
BARENTS,7,1792,0.012087275751357492
BARENTS,7,1880,0.012084755037366146
BARENTS,7,1976,0.012053251724737197
BARENTS,7,2072,0.012049316801152685
BARENTS,7,2176,0.012047340199759442
BARENTS,7,2280,0.012047340199759442
BARENTS,7,2392,0.012047340199759442
BARENTS,8,8,1.2071000993113474
BARENTS,8,16,1.2071000993113474
BARENTS,8,24,1.2071000993113474
BARENTS,8,32,1.2071000993113474
BARENTS,8,40,0.8749756706941054
BARENTS,8,48,0.8749756706941054
BARENTS,8,56,0.8749756706941054
BARENTS,8,64,0.8749756706941054
BARENTS,8,72,0.8749756706941054
BARENTS,8,80,0.8749756706941054
BARENTS,8,88,0.866818903886678
BARENTS,8,96,0.866818903886678
BARENTS,8,104,0.866818903886678
BARENTS,8,112,0.8345269876279265
BARENTS,8,120,0.8345269876279265
BARENTS,8,128,0.6664662909055481
BARENTS,8,136,0.6664662909055481
BARENTS,8,144,0.6435417390492979
BARENTS,8,152,0.6435417390492979
BARENTS,8,160,0.6435417390492979
BARENTS,8,168,0.4783422641649776
BARENTS,8,176,0.4783422641649776
BARENTS,8,184,0.4783422641649776
BARENTS,8,192,0.38599433340939676
BARENTS,8,200,0.32581623585210434
BARENTS,8,208,0.18375630632031073
BARENTS,8,216,0.18375630632031073
BARENTS,8,224,0.18375630632031073
BARENTS,8,232,0.18375630632031073
BARENTS,8,240,0.18375630632031073
BARENTS,8,256,0.12644911927602367
BARENTS,8,264,0.11795596092033021
BARENTS,8,272,0.11795596092033021
BARENTS,8,288,0.11795596092033021
BARENTS,8,296,0.11795596092033021
BARENTS,8,312,0.11795596092033021
BARENTS,8,328,0.11795596092033021
BARENTS,8,336,0.09891636209980863
BARENTS,8,352,0.09891636209980863
BARENTS,8,368,0.09891636209980863
BARENTS,8,384,0.06813374036531913
BARENTS,8,400,0.06813374036531913
BARENTS,8,416,0.06370702926641157
BARENTS,8,432,0.059241988579249116
BARENTS,8,448,0.048770908907770506
BARENTS,8,472,0.035717364147420244
BARENTS,8,488,0.02335137049539551
BARENTS,8,512,0.02335137049539551
BARENTS,8,536,0.01840186469004217
BARENTS,8,552,0.01840186469004217
BARENTS,8,576,0.017387846767288495
BARENTS,8,600,0.017327001975940837
BARENTS,8,624,0.017327001975940837
BARENTS,8,656,0.016149421540021844
BARENTS,8,680,0.016149421540021844
BARENTS,8,712,0.016149421540021844
BARENTS,8,744,0.016149421540021844
BARENTS,8,768,0.016128809813662753
BARENTS,8,800,0.01604132998405905
BARENTS,8,840,0.01604132998405905
BARENTS,8,872,0.016040700107812857
BARENTS,8,912,0.016040700107812857
BARENTS,8,944,0.016040700107812857
BARENTS,8,984,0.01604042239045866
BARENTS,8,1032,0.01604004382033012
BARENTS,8,1072,0.0160400093686479
BARENTS,9,8,2.01736635245528
BARENTS,9,16,1.1904581466656647
BARENTS,9,24,1.005292263511514
BARENTS,9,32,1.005292263511514
BARENTS,9,40,0.9422472121182225
BARENTS,9,48,0.9422472121182225
BARENTS,9,56,0.9422472121182225
BARENTS,9,64,0.9133884448540069
BARENTS,9,72,0.9133884448540069
BARENTS,9,80,0.7388340648815942
BARENTS,9,88,0.7388340648815942
BARENTS,9,96,0.7388340648815942
BARENTS,9,104,0.7388340648815942
BARENTS,9,112,0.7062516303328936
BARENTS,9,120,0.7062516303328936
BARENTS,9,128,0.7062516303328936
BARENTS,9,136,0.6761793624694306
BARENTS,9,144,0.6761793624694306
BARENTS,9,152,0.5143064908018236
BARENTS,9,160,0.3144535933483874
BARENTS,9,168,0.3144535933483874
BARENTS,9,176,0.3144535933483874
BARENTS,9,184,0.2682651548244694
BARENTS,9,192,0.2682651548244694
BARENTS,9,200,0.1956724756729193
BARENTS,9,208,0.1956724756729193
BARENTS,9,216,0.1956724756729193
BARENTS,9,224,0.1956724756729193
BARENTS,9,240,0.1956724756729193
BARENTS,9,248,0.1956724756729193
BARENTS,9,256,0.1956724756729193
BARENTS,9,272,0.1949106103000938
BARENTS,9,280,0.1949106103000938
BARENTS,9,296,0.18874378161087202
BARENTS,9,312,0.18874378161087202
BARENTS,9,320,0.18574035630441244
BARENTS,9,336,0.17684144529242996
BARENTS,9,352,0.17269596177769675
BARENTS,9,368,0.1632584904555028
BARENTS,9,384,0.15956135631958765
BARENTS,9,400,0.1582001776734063
BARENTS,9,416,0.1432375599655054
BARENTS,9,440,0.10704615972378352
BARENTS,9,456,0.10094169072332083
BARENTS,9,480,0.09470569992017734
BARENTS,9,504,0.05157858113651502
BARENTS,9,520,0.036364783930274196
BARENTS,9,544,0.036364783930274196
BARENTS,9,568,0.0356833078065888
BARENTS,9,600,0.025758946138119063
BARENTS,9,624,0.01881895487723014
BARENTS,9,648,0.016546941116328328
BARENTS,9,680,0.016546941116328328
BARENTS,9,712,0.01627850564900253
BARENTS,9,744,0.015898821849845476
BARENTS,9,776,0.015116060631363167
BARENTS,9,816,0.013927732705217941
BARENTS,9,848,0.012860533771760389
BARENTS,9,888,0.006083026009278042
BARENTS,9,928,0.006083026009278042
BARENTS,9,968,0.005548929976436398
BARENTS,9,1016,0.0024238051199873775
BARENTS,9,1056,0.002095444996744286
BARENTS,9,1104,0.002095444996744286
BARENTS,9,1152,0.001433578479044407
BARENTS,9,1208,0.0010979768436707622
BARENTS,9,1264,0.0009141220573483399
BARENTS,9,1320,0.0009141220573483399
BARENTS,9,1376,0.0009089532237737886
BARENTS,9,1440,0.0009040498254612007
BARENTS,9,1504,0.000902810160275586
PAPA,0,8,1.674226274985007
PAPA,0,16,0.8824590492387665
PAPA,0,24,0.8824590492387665
PAPA,0,32,0.8824590492387665
PAPA,0,40,0.8824590492387665
PAPA,0,48,0.8824590492387665
PAPA,0,56,0.6795407262586151
PAPA,0,64,0.6795407262586151
PAPA,0,72,0.6036165820935928
PAPA,0,80,0.6036165820935928
PAPA,0,88,0.6036165820935928
PAPA,0,96,0.6036165820935928
PAPA,0,104,0.6036165820935928
PAPA,0,112,0.6036165820935928
PAPA,0,120,0.6036165820935928
PAPA,0,128,0.6036165820935928
PAPA,0,136,0.6036165820935928
PAPA,0,144,0.6036165820935928
PAPA,0,152,0.6036165820935928
PAPA,0,160,0.6036165820935928
PAPA,0,168,0.6036165820935928
PAPA,0,176,0.6036165820935928
PAPA,0,184,0.5264496437332076
PAPA,0,192,0.5264496437332076
PAPA,0,200,0.5264496437332076
PAPA,0,208,0.5264496437332076
PAPA,0,216,0.5264496437332076
PAPA,0,232,0.5077105860221233
PAPA,0,240,0.5077105860221233
PAPA,0,248,0.5077105860221233
PAPA,0,264,0.3763156113950405
PAPA,0,272,0.2992666856045482
PAPA,0,288,0.2992666856045482
PAPA,0,304,0.2992666856045482
PAPA,0,312,0.2992666856045482
PAPA,0,328,0.2992666856045482
PAPA,0,344,0.2992666856045482
PAPA,0,360,0.2992666856045482
PAPA,0,376,0.27807149854201174
PAPA,0,400,0.27807149854201174
PAPA,0,416,0.25881866201041426
PAPA,0,432,0.25881866201041426
PAPA,0,456,0.2132706564247221
PAPA,0,480,0.20890512756345364
PAPA,0,504,0.19665972332663975
PAPA,0,520,0.19612353904714155
PAPA,0,552,0.17980980046361833
PAPA,0,576,0.16080420380264157
PAPA,0,600,0.13528465009936427
PAPA,0,632,0.10188006862445889
PAPA,0,656,0.08508733263621462
PAPA,0,688,0.08322032131165559
PAPA,0,720,0.07493319152817457
PAPA,0,760,0.06669857902858066
PAPA,0,792,0.06097204293055427
PAPA,0,832,0.05484341991262272
PAPA,0,872,0.05071540200495584
PAPA,0,912,0.0440517965290357
PAPA,0,952,0.043868684072161164
PAPA,0,1000,0.04342558381388297
PAPA,0,1040,0.03929095065309697
PAPA,0,1096,0.025374809297762948
PAPA,0,1144,0.01808576564778418
PAPA,0,1200,0.010651929173841163
PAPA,0,1256,0.00715167628962168
PAPA,0,1312,0.006099249177107751
PAPA,0,1376,0.0036774539518007712
PAPA,0,1440,0.0024188827262528047
PAPA,0,1504,0.001807573867693179
PAPA,0,1576,0.0011922602621399997
PAPA,0,1648,0.000935533624650155
PAPA,0,1728,0.00023804521064114568
PAPA,0,1808,0.00023804521064114568
PAPA,0,1896,0.00013837022995547607
PAPA,1,8,1.1737391236705454
PAPA,1,16,0.7276129597271244
PAPA,1,24,0.7276129597271244
PAPA,1,32,0.7225904063497061
PAPA,1,40,0.7225904063497061
PAPA,1,48,0.7225904063497061
PAPA,1,56,0.7169611750723354
PAPA,1,64,0.7169611750723354
PAPA,1,72,0.617858258655091
PAPA,1,80,0.617858258655091
PAPA,1,88,0.617858258655091
PAPA,1,96,0.617858258655091
PAPA,1,104,0.617858258655091
PAPA,1,112,0.617858258655091
PAPA,1,120,0.617858258655091
PAPA,1,128,0.617858258655091
PAPA,1,136,0.617858258655091
PAPA,1,144,0.617858258655091
PAPA,1,152,0.617858258655091
PAPA,1,160,0.617858258655091
PAPA,1,168,0.617858258655091
PAPA,1,176,0.617858258655091
PAPA,1,184,0.617858258655091
PAPA,1,192,0.617858258655091
PAPA,1,200,0.617858258655091
PAPA,1,208,0.617858258655091
PAPA,1,216,0.617858258655091
PAPA,1,224,0.6018800310892769
PAPA,1,240,0.5536440826205273
PAPA,1,248,0.48550946824325303
PAPA,1,256,0.46689164837350267
PAPA,1,272,0.41995407517654415
PAPA,1,280,0.32691419666580424
PAPA,1,296,0.3204260180065991
PAPA,1,312,0.3204260180065991
PAPA,1,328,0.2596150977093728
PAPA,1,336,0.24699290470310772
PAPA,1,352,0.2024152738710322
PAPA,1,376,0.19516963576999735
PAPA,1,392,0.19516963576999735
PAPA,1,408,0.19516963576999735
PAPA,1,424,0.19516963576999735
PAPA,1,448,0.19516963576999735
PAPA,1,464,0.19516963576999735
PAPA,1,488,0.13774419408521013
PAPA,1,512,0.12345864495144351
PAPA,1,536,0.10548700643307901
PAPA,1,560,0.08160884195767892
PAPA,1,584,0.08160884195767892
PAPA,1,608,0.07998507770766984
PAPA,1,640,0.07448834344220374
PAPA,1,672,0.05844248492172477
PAPA,1,704,0.05752795493861624
PAPA,1,736,0.051526750060448656
PAPA,1,768,0.04792224388759621
PAPA,1,800,0.04742972417782051
PAPA,1,840,0.04738295857882467
PAPA,1,880,0.04664086530783954
PAPA,1,920,0.04602376306550345
PAPA,1,960,0.04570873250481758
PAPA,1,1008,0.045171260427845944
PAPA,1,1048,0.04452782714596009
PAPA,1,1096,0.04452782714596009
PAPA,1,1152,0.04430232354548781
PAPA,1,1200,0.043524162094601464
PAPA,1,1256,0.04309411155575656
PAPA,1,1320,0.04293211641047139
PAPA,1,1376,0.04280154691377168
PAPA,1,1440,0.04274193776017483
PAPA,1,1512,0.04271873729529113
PAPA,1,1576,0.04271873729529113
PAPA,1,1648,0.0427154418506806
PAPA,1,1728,0.04271069060396773
PAPA,2,8,1.1886024057094167
PAPA,2,16,1.1886024057094167
PAPA,2,24,0.9505397585961505
PAPA,2,32,0.5569135574121774
PAPA,2,40,0.5569135574121774
PAPA,2,48,0.5569135574121774
PAPA,2,56,0.5569135574121774
PAPA,2,64,0.5569135574121774
PAPA,2,72,0.5569135574121774
PAPA,2,80,0.42018765539847575
PAPA,2,88,0.42018765539847575
PAPA,2,96,0.42018765539847575
PAPA,2,104,0.42018765539847575
PAPA,2,112,0.42018765539847575
PAPA,2,120,0.42018765539847575
PAPA,2,128,0.42018765539847575
PAPA,2,136,0.42018765539847575
PAPA,2,144,0.42018765539847575
PAPA,2,152,0.42018765539847575
PAPA,2,160,0.42018765539847575
PAPA,2,168,0.42018765539847575
PAPA,2,176,0.42018765539847575
PAPA,2,184,0.42018765539847575
PAPA,2,192,0.42018765539847575
PAPA,2,200,0.42018765539847575
PAPA,2,208,0.42018765539847575
PAPA,2,216,0.42018765539847575
PAPA,2,232,0.42018765539847575
PAPA,2,240,0.42018765539847575
PAPA,2,256,0.42018765539847575
PAPA,2,264,0.42018765539847575
PAPA,2,280,0.42018765539847575
PAPA,2,288,0.42018765539847575
PAPA,2,304,0.42018765539847575
PAPA,2,320,0.42018765539847575
PAPA,2,336,0.42018765539847575
PAPA,2,352,0.42018765539847575
PAPA,2,368,0.42018765539847575
PAPA,2,384,0.42018765539847575
PAPA,2,400,0.42018765539847575
PAPA,2,416,0.42018765539847575
PAPA,2,440,0.42018765539847575
PAPA,2,456,0.40558438856573065
PAPA,2,480,0.3831442278161583
PAPA,2,504,0.3062764826175432
PAPA,2,528,0.24745625964467674
PAPA,2,552,0.13109546673538577
PAPA,2,576,0.13109546673538577
PAPA,2,608,0.11394418373140827
PAPA,2,632,0.1035329830436349
PAPA,2,664,0.07652373247618448
PAPA,2,696,0.05798213790077093
PAPA,2,728,0.05798213790077093
PAPA,2,760,0.05798213790077093
PAPA,2,800,0.05591733455222735
PAPA,2,832,0.04062883514643166
PAPA,2,872,0.04062883514643166
PAPA,2,912,0.038823472624760436
PAPA,2,960,0.037078951799365725
PAPA,2,1000,0.036198510229591654
PAPA,2,1048,0.036198510229591654
PAPA,2,1104,0.036198510229591654
PAPA,2,1152,0.036198510229591654
PAPA,2,1208,0.03526491095463136
PAPA,2,1264,0.03496713761583692
PAPA,2,1320,0.03364795143268984
PAPA,2,1384,0.03287982286223844
PAPA,2,1448,0.032243379740015655
PAPA,2,1520,0.03216221480438566
PAPA,2,1592,0.03214193667558146
PAPA,2,1664,0.03212835709763617
PAPA,2,1744,0.03212835709763617
PAPA,2,1824,0.032127384448469194
PAPA,2,1912,0.032127384448469194
PAPA,3,8,1.8678412241580136
PAPA,3,16,1.5947863625725274
PAPA,3,24,1.1969605393131477
PAPA,3,32,0.9335779138293424
PAPA,3,40,0.9335779138293424
PAPA,3,48,0.9335779138293424
PAPA,3,56,0.9335779138293424
PAPA,3,64,0.9335779138293424
PAPA,3,72,0.6336788165694973
PAPA,3,80,0.6336788165694973
PAPA,3,88,0.6336788165694973
PAPA,3,96,0.6336788165694973
PAPA,3,104,0.6336788165694973
PAPA,3,112,0.6336788165694973
PAPA,3,120,0.6336788165694973
PAPA,3,128,0.6336788165694973
PAPA,3,136,0.5992590765343554
PAPA,3,144,0.5797502205173601
PAPA,3,152,0.5797502205173601
PAPA,3,160,0.5797502205173601
PAPA,3,168,0.5797502205173601
PAPA,3,176,0.5797502205173601
PAPA,3,184,0.5797502205173601
PAPA,3,192,0.5797502205173601
PAPA,3,200,0.5797502205173601
PAPA,3,208,0.5797502205173601
PAPA,3,216,0.5797502205173601
PAPA,3,224,0.5797502205173601
PAPA,3,240,0.5080653966647801
PAPA,3,248,0.4495376911205483
PAPA,3,256,0.4495376911205483
PAPA,3,272,0.4495376911205483
PAPA,3,280,0.4495376911205483
PAPA,3,296,0.41879420938838335
PAPA,3,312,0.3990982316677433
PAPA,3,320,0.3990982316677433
PAPA,3,336,0.3990982316677433
PAPA,3,352,0.3857628596404182
PAPA,3,368,0.3857628596404182
PAPA,3,384,0.3422018181383439
PAPA,3,400,0.3422018181383439
PAPA,3,416,0.27602386675863017
PAPA,3,440,0.2590331789860085
PAPA,3,456,0.20198713108065391
PAPA,3,480,0.20198713108065391
PAPA,3,504,0.20198713108065391
PAPA,3,520,0.20198713108065391
PAPA,3,544,0.20198713108065391
PAPA,3,568,0.19706623187917088
PAPA,3,600,0.17215877868592364
PAPA,3,624,0.14853441320514796
PAPA,3,648,0.09615995397261136
PAPA,3,680,0.09126071680227213
PAPA,3,712,0.0732477213725996
PAPA,3,744,0.07322178443817287
PAPA,3,776,0.05331017062683061
PAPA,3,816,0.05331017062683061
PAPA,3,848,0.050174739188910876
PAPA,3,888,0.049078162123880144
PAPA,3,928,0.048942717865827226
PAPA,3,968,0.04890883255355174
PAPA,3,1016,0.048773786262329366
PAPA,3,1056,0.04875919146006756
PAPA,3,1104,0.048678545818965996
PAPA,3,1152,0.04867005567408155
PAPA,3,1208,0.04861320460777612
PAPA,3,1264,0.04860143829288779
PAPA,3,1320,0.04856608625688822
PAPA,3,1376,0.04854936921807779
PAPA,3,1440,0.048545161644043947
PAPA,3,1504,0.04853892156696347
PAPA,4,8,1.9901758428313256
PAPA,4,16,1.9901758428313256
PAPA,4,24,1.9901758428313256
PAPA,4,32,1.1925633261229518
PAPA,4,40,1.091796102576363
PAPA,4,48,0.4774417724859178
PAPA,4,56,0.4774417724859178
PAPA,4,64,0.4774417724859178
PAPA,4,72,0.4774417724859178
PAPA,4,80,0.4774417724859178
PAPA,4,88,0.4774417724859178
PAPA,4,96,0.46494967207064797
PAPA,4,104,0.46494967207064797
PAPA,4,112,0.46494967207064797
PAPA,4,120,0.46494967207064797
PAPA,4,128,0.46494967207064797
PAPA,4,136,0.46494967207064797
PAPA,4,144,0.46494967207064797
PAPA,4,152,0.46494967207064797
PAPA,4,160,0.46494967207064797
PAPA,4,168,0.46494967207064797
PAPA,4,176,0.46494967207064797
PAPA,4,184,0.46494967207064797
PAPA,4,192,0.46494967207064797
PAPA,4,200,0.46494967207064797
PAPA,4,208,0.46494967207064797
PAPA,4,216,0.46494967207064797
PAPA,4,224,0.46494967207064797
PAPA,4,240,0.393449361948503
PAPA,4,248,0.393449361948503
PAPA,4,256,0.393449361948503
PAPA,4,272,0.393449361948503
PAPA,4,280,0.393449361948503
PAPA,4,296,0.393449361948503
PAPA,4,312,0.393449361948503
PAPA,4,320,0.393449361948503
PAPA,4,336,0.393449361948503
PAPA,4,352,0.393449361948503
PAPA,4,368,0.393449361948503
PAPA,4,384,0.393449361948503
PAPA,4,408,0.393449361948503
PAPA,4,424,0.393449361948503
PAPA,4,448,0.2565188469696531
PAPA,4,464,0.2565188469696531
PAPA,4,488,0.2565188469696531
PAPA,4,512,0.1957464192131507
PAPA,4,536,0.1957464192131507
PAPA,4,560,0.16668270787166084
PAPA,4,584,0.11406357187915303
PAPA,4,608,0.11406357187915303
PAPA,4,640,0.11406357187915303
PAPA,4,664,0.10018222513113248
PAPA,4,696,0.08913633193886013
PAPA,4,728,0.06043413138258119
PAPA,4,760,0.06043413138258119
PAPA,4,800,0.05864861769116047
PAPA,4,832,0.05206878192561053
PAPA,4,872,0.04864750388637389
PAPA,4,912,0.04864750388637389
PAPA,4,960,0.04835398515263692
PAPA,4,1000,0.048327232204634016
PAPA,4,1048,0.047879522308711966
PAPA,4,1096,0.04726655115219413
PAPA,4,1144,0.04591474616607188
PAPA,4,1200,0.045136377210978254
PAPA,4,1256,0.044607437679911384
PAPA,4,1312,0.04445580625070833
PAPA,4,1376,0.04432134275605642
PAPA,4,1432,0.04429788481476316
PAPA,4,1504,0.044290061303001206
PAPA,4,1568,0.04428451590022132
PAPA,4,1648,0.04428451590022132
PAPA,4,1720,0.044279537031200904
PAPA,5,8,1.5588549682398156
PAPA,5,16,1.234396682126301
PAPA,5,24,1.234396682126301
PAPA,5,32,0.837785767992385
PAPA,5,40,0.837785767992385
PAPA,5,48,0.837785767992385
PAPA,5,56,0.837785767992385
PAPA,5,64,0.837785767992385
PAPA,5,72,0.7898262224499868
PAPA,5,80,0.7898262224499868
PAPA,5,88,0.7898262224499868
PAPA,5,96,0.7898262224499868
PAPA,5,104,0.7898262224499868
PAPA,5,112,0.7898262224499868
PAPA,5,120,0.7898262224499868
PAPA,5,128,0.7423496875566189
PAPA,5,136,0.7423496875566189
PAPA,5,144,0.7423496875566189
PAPA,5,152,0.7423496875566189
PAPA,5,160,0.6527176420879504
PAPA,5,168,0.6527176420879504
PAPA,5,176,0.6381845287696191
PAPA,5,184,0.5623588314439132
PAPA,5,192,0.5623588314439132
PAPA,5,200,0.5623588314439132
PAPA,5,216,0.5623588314439132
PAPA,5,224,0.5563866968881747
PAPA,5,232,0.5563866968881747
PAPA,5,240,0.5563866968881747
PAPA,5,256,0.5563866968881747
PAPA,5,264,0.5343144664959251
PAPA,5,280,0.5179058959067301
PAPA,5,296,0.5118925340456559
PAPA,5,304,0.5089320200712806
PAPA,5,320,0.5014506594956794
PAPA,5,336,0.4890096426890008
PAPA,5,352,0.4890096426890008
PAPA,5,368,0.48159995130183214
PAPA,5,384,0.4763153731506651
PAPA,5,400,0.46639190258640484
PAPA,5,424,0.45553821684915585
PAPA,5,440,0.4426515132686753
PAPA,5,464,0.42541415080762196
PAPA,5,480,0.3401374628702366
PAPA,5,504,0.27372709072176776
PAPA,5,528,0.26843151830954587
PAPA,5,552,0.20575792040113777
PAPA,5,576,0.11561921798486569
PAPA,5,608,0.10264214885679428
PAPA,5,632,0.06391543327216559
PAPA,5,664,0.06391543327216559
PAPA,5,696,0.06391543327216559
PAPA,5,728,0.06391543327216559
PAPA,5,760,0.06391543327216559
PAPA,5,800,0.0571226216911744
PAPA,5,832,0.03874297689637685
PAPA,5,872,0.03500231465696768
PAPA,5,912,0.03272850940101937
PAPA,5,952,0.03089458107361042
PAPA,5,1000,0.027330651064024592
PAPA,5,1048,0.021093736935971757
PAPA,5,1096,0.019389571617139865
PAPA,5,1144,0.018094314775198763
PAPA,5,1200,0.01726742921582338
PAPA,5,1256,0.015152957282085005
PAPA,5,1312,0.012852345662859197
PAPA,5,1376,0.00762842563587305
PAPA,5,1440,0.0028481142247170133
PAPA,5,1504,0.0023717760931386304
PAPA,5,1576,0.0008124837984456814
PAPA,5,1648,0.0008124837984456814
PAPA,5,1728,0.0007454652408308906
PAPA,5,1808,0.00011766175202005816
PAPA,6,8,0.7367634454549745
PAPA,6,16,0.7367634454549745
PAPA,6,24,0.7367634454549745
PAPA,6,32,0.6564819720031071
PAPA,6,40,0.6564819720031071
PAPA,6,48,0.5744302334639462
PAPA,6,56,0.5744302334639462
PAPA,6,64,0.5744302334639462
PAPA,6,72,0.5744302334639462
PAPA,6,80,0.4947374038413252
PAPA,6,88,0.4856987528059821
PAPA,6,96,0.4856987528059821
PAPA,6,104,0.4856987528059821
PAPA,6,112,0.4856987528059821
PAPA,6,120,0.464604302789239
PAPA,6,128,0.464604302789239
PAPA,6,136,0.428125563151479
PAPA,6,144,0.428125563151479
PAPA,6,152,0.428125563151479
PAPA,6,160,0.428125563151479
PAPA,6,168,0.42327239311359266
PAPA,6,176,0.418825431888858
PAPA,6,184,0.36077834520099694
PAPA,6,200,0.3464228721801417
PAPA,6,208,0.3464228721801417
PAPA,6,216,0.3464228721801417
PAPA,6,224,0.1913267307853783
PAPA,6,232,0.17978003128737846
PAPA,6,248,0.17978003128737846
PAPA,6,256,0.17978003128737846
PAPA,6,272,0.17978003128737846
PAPA,6,280,0.13937760496378415
PAPA,6,296,0.13937760496378415
PAPA,6,312,0.13937760496378415
PAPA,6,328,0.13925022277212246
PAPA,6,336,0.13925022277212246
PAPA,6,352,0.1331421340023068
PAPA,6,368,0.11846488254588705
PAPA,6,392,0.08230780778955285
PAPA,6,408,0.08230780778955285
PAPA,6,424,0.08085024009191719
PAPA,6,448,0.08085024009191719
PAPA,6,464,0.08085024009191719
PAPA,6,488,0.06540465799740257
PAPA,6,512,0.060649446647213466
PAPA,6,536,0.060649446647213466
PAPA,6,560,0.05234287827726922
PAPA,6,584,0.05234287827726922
PAPA,6,616,0.05194922726049678
PAPA,6,640,0.051108475095767845
PAPA,6,672,0.05038318209146092
PAPA,6,704,0.050352199737052274
PAPA,6,736,0.05015880879286126
PAPA,6,776,0.050008625718651264
PAPA,6,808,0.04998312081214607
PAPA,6,848,0.04993851098140334
PAPA,6,888,0.049907661810853925
PAPA,6,928,0.0498672122371687
PAPA,6,968,0.049849168728378815
PAPA,6,1016,0.049729773607417385
PAPA,6,1064,0.04970125591036564
PAPA,6,1112,0.04968308435255536
PAPA,6,1168,0.04964451010988676
PAPA,6,1216,0.04951159614485305
PAPA,6,1280,0.04937907427669272
PAPA,6,1336,0.04914203675892469
PAPA,6,1400,0.04890769282786444
PAPA,6,1464,0.048667355052232325
PAPA,6,1536,0.04826599398375624
PAPA,6,1608,0.048217188817086434
PAPA,6,1680,0.04820053555921647
PAPA,6,1760,0.048168038420885725
PAPA,6,1840,0.04816575524082457
PAPA,7,8,2.6971329751384365
PAPA,7,16,2.428922150841352
PAPA,7,24,1.9102244122449703
PAPA,7,32,1.9102244122449703
PAPA,7,40,1.5491220952650466
PAPA,7,48,1.5491220952650466
PAPA,7,56,1.5491220952650466
PAPA,7,64,1.0938124780362484
PAPA,7,72,1.0938124780362484
PAPA,7,80,1.0938124780362484
PAPA,7,88,1.0938124780362484
PAPA,7,96,1.0384397397321143
PAPA,7,104,1.038433998541621
PAPA,7,112,0.9897087763927199
PAPA,7,120,0.9897087763927199
PAPA,7,128,0.9609205503308117
PAPA,7,136,0.9609205503308117
PAPA,7,144,0.9609205503308117
PAPA,7,152,0.8480086189610585
PAPA,7,160,0.8408251899625708
PAPA,7,168,0.8408251899625708
PAPA,7,184,0.7466816760773496
PAPA,7,192,0.686033579971423
PAPA,7,200,0.67510190707919
PAPA,7,208,0.557863526416855
PAPA,7,216,0.557863526416855
PAPA,7,232,0.557863526416855
PAPA,7,240,0.557863526416855
PAPA,7,248,0.557863526416855
PAPA,7,264,0.44140004092481516
PAPA,7,272,0.44140004092481516
PAPA,7,288,0.44140004092481516
PAPA,7,304,0.44140004092481516
PAPA,7,320,0.44140004092481516
PAPA,7,336,0.42954531005703833
PAPA,7,352,0.4041265054420104
PAPA,7,368,0.4041265054420104
PAPA,7,384,0.35327376915172287
PAPA,7,400,0.31621924981684957
PAPA,7,424,0.2882193670905059
PAPA,7,440,0.26102667383246236
PAPA,7,464,0.21770682680654505
PAPA,7,488,0.1951929218685028
PAPA,7,512,0.18263862154852753
PAPA,7,536,0.16826836798511655
PAPA,7,560,0.16328432188877967
PAPA,7,584,0.15046311592794742
PAPA,7,616,0.1462758641702933
PAPA,7,648,0.12400331072504027
PAPA,7,680,0.12400331072504027
PAPA,7,712,0.11590721731596314
PAPA,7,744,0.10360363875834645
PAPA,7,776,0.09010143493093989
PAPA,7,816,0.08464599577999454
PAPA,7,856,0.06780379759480683
PAPA,7,896,0.0587493718526871
PAPA,7,944,0.04998592724887161
PAPA,7,984,0.04998592724887161
PAPA,7,1032,0.04894096912602247
PAPA,7,1080,0.04787664389556631
PAPA,7,1136,0.047360174499832916
PAPA,7,1192,0.04725901012084423
PAPA,7,1248,0.047145623594133906
PAPA,7,1312,0.04699526194151635
PAPA,7,1376,0.04652890340191304
PAPA,7,1440,0.045738695035753923
PAPA,7,1512,0.04510944355197221
PAPA,7,1584,0.04446582399861121
PAPA,7,1656,0.04315438251965944
PAPA,7,1736,0.042863403815946124
PAPA,7,1824,0.04278637833424194
PAPA,7,1912,0.042745046709870185
PAPA,7,2000,0.04272117051742016
PAPA,7,2096,0.042715103082898005
PAPA,7,2200,0.042715103082898005
PAPA,8,8,2.111474755481718
PAPA,8,16,0.667464372320402
PAPA,8,24,0.667464372320402
PAPA,8,32,0.667464372320402
PAPA,8,40,0.667464372320402
PAPA,8,48,0.667464372320402
PAPA,8,56,0.667464372320402
PAPA,8,64,0.667464372320402
PAPA,8,72,0.667464372320402
PAPA,8,80,0.667464372320402
PAPA,8,88,0.667464372320402
PAPA,8,96,0.667464372320402
PAPA,8,104,0.6502448771721322
PAPA,8,112,0.6502448771721322
PAPA,8,120,0.6502448771721322
PAPA,8,128,0.6343459561399487
PAPA,8,136,0.6343459561399487
PAPA,8,144,0.6231727874442049
PAPA,8,152,0.4594347547045202
PAPA,8,160,0.4594347547045202
PAPA,8,168,0.42942742556571645
PAPA,8,176,0.42942742556571645
PAPA,8,184,0.38966401856728916
PAPA,8,192,0.38966401856728916
PAPA,8,200,0.38966401856728916
PAPA,8,208,0.38966401856728916
PAPA,8,216,0.38966401856728916
PAPA,8,224,0.38966401856728916
PAPA,8,232,0.38914691268370977
PAPA,8,248,0.3647145387365027
PAPA,8,256,0.3639396731453252
PAPA,8,272,0.34761368445556245
PAPA,8,280,0.34761368445556245
PAPA,8,296,0.33094194040548514
PAPA,8,304,0.3100579573291143
PAPA,8,320,0.28611222517696483
PAPA,8,336,0.2140459904071089
PAPA,8,352,0.2140459904071089
PAPA,8,368,0.1835946412648955
PAPA,8,384,0.14391759453222172
PAPA,8,400,0.11319669126654575
PAPA,8,416,0.11319669126654575
PAPA,8,440,0.11319669126654575
PAPA,8,456,0.11319669126654575
PAPA,8,480,0.11319669126654575
PAPA,8,504,0.10024465580045769
PAPA,8,520,0.09292806361561577
PAPA,8,544,0.08703676397508589
PAPA,8,576,0.08314161545885543
PAPA,8,600,0.08314161545885543
PAPA,8,624,0.07380943678801996
PAPA,8,656,0.07235927528795827
PAPA,8,680,0.0696693741839857
PAPA,8,712,0.04228559283831223
PAPA,8,744,0.04228559283831223
PAPA,8,784,0.04228559283831223
PAPA,8,816,0.04228559283831223
PAPA,8,856,0.04228559283831223
PAPA,8,896,0.02939548125356906
PAPA,8,936,0.02939548125356906
PAPA,8,976,0.020633069072956287
PAPA,8,1024,0.012902621098605911
PAPA,8,1064,0.010156299410725806
PAPA,8,1112,0.006532211022593905
PAPA,8,1168,0.006208885273971964
PAPA,8,1216,0.00474732603609595
PAPA,8,1272,0.002076762700144369
PAPA,8,1336,0.0015481157072534447
PAPA,8,1392,0.0011951964413813366
PAPA,8,1456,0.0011951964413813366
PAPA,8,1520,0.001129343108780273
PAPA,8,1592,0.0007595076301016357
PAPA,9,8,2.0256832931814017
PAPA,9,16,0.7102697481894555
PAPA,9,24,0.7102697481894555
PAPA,9,32,0.7102697481894555
PAPA,9,40,0.7102697481894555
PAPA,9,48,0.6136954757458432
PAPA,9,56,0.6136954757458432
PAPA,9,64,0.6088159336909649
PAPA,9,72,0.6088159336909649
PAPA,9,80,0.5924985129244648
PAPA,9,88,0.5104788177167553
PAPA,9,96,0.5104788177167553
PAPA,9,104,0.5104788177167553
PAPA,9,112,0.5104788177167553
PAPA,9,120,0.5104788177167553
PAPA,9,128,0.5104788177167553
PAPA,9,136,0.5104788177167553
PAPA,9,144,0.5104788177167553
PAPA,9,152,0.5104788177167553
PAPA,9,160,0.5104788177167553
PAPA,9,168,0.5104788177167553
PAPA,9,176,0.5104788177167553
PAPA,9,184,0.5104788177167553
PAPA,9,192,0.5104788177167553
PAPA,9,200,0.5104788177167553
PAPA,9,208,0.5104788177167553
PAPA,9,224,0.5104788177167553
PAPA,9,232,0.5104788177167553
PAPA,9,240,0.5104788177167553
PAPA,9,248,0.5104788177167553
PAPA,9,264,0.5104788177167553
PAPA,9,272,0.5104788177167553
PAPA,9,288,0.5104788177167553
PAPA,9,296,0.5104788177167553
PAPA,9,312,0.5104788177167553
PAPA,9,328,0.49907676863195793
PAPA,9,344,0.4585068148120091
PAPA,9,352,0.41797637603579774
PAPA,9,368,0.41797637603579774
PAPA,9,384,0.37555541294046824
PAPA,9,408,0.3618651578741179
PAPA,9,424,0.2602070254492637
PAPA,9,440,0.23964798678593624
PAPA,9,464,0.22379532265868354
PAPA,9,480,0.18173295189121488
PAPA,9,504,0.12465454464639245
PAPA,9,520,0.08717399807259187
PAPA,9,544,0.08717399807259187
PAPA,9,568,0.08133555522831618
PAPA,9,600,0.07626431738238941
PAPA,9,624,0.07150556206186731
PAPA,9,648,0.07001940640875143
PAPA,9,680,0.06017244851301509
PAPA,9,712,0.05990758513517153
PAPA,9,736,0.05734565573139007
PAPA,9,768,0.05310048132708248
PAPA,9,808,0.05142445195924925
PAPA,9,840,0.0510335179670649
PAPA,9,880,0.05020337578275762
PAPA,9,920,0.05020337578275762
PAPA,9,960,0.05020337578275762
PAPA,9,1000,0.05020337578275762
PAPA,9,1040,0.05020337578275762
PAPA,9,1088,0.05020337578275762
PAPA,9,1136,0.05020337578275762
PAPA,9,1184,0.05020337578275762
PAPA,9,1240,0.05020337578275762
PAPA,9,1296,0.05020337578275762
PAPA,9,1352,0.05020337578275762
Bay_of_Biscay,0,8,1.112687550326276
Bay_of_Biscay,0,16,1.112687550326276
Bay_of_Biscay,0,24,0.8697492590315278
Bay_of_Biscay,0,32,0.34167168276563126
Bay_of_Biscay,0,40,0.34167168276563126
Bay_of_Biscay,0,48,0.34167168276563126
Bay_of_Biscay,0,56,0.34167168276563126
Bay_of_Biscay,0,64,0.34167168276563126
Bay_of_Biscay,0,72,0.34167168276563126
Bay_of_Biscay,0,80,0.34167168276563126
Bay_of_Biscay,0,88,0.34167168276563126
Bay_of_Biscay,0,96,0.34167168276563126
Bay_of_Biscay,0,104,0.34167168276563126
Bay_of_Biscay,0,112,0.34167168276563126
Bay_of_Biscay,0,120,0.34167168276563126
Bay_of_Biscay,0,128,0.34167168276563126
Bay_of_Biscay,0,136,0.31762406474581023
Bay_of_Biscay,0,144,0.31762406474581023
Bay_of_Biscay,0,152,0.3034047148854731
Bay_of_Biscay,0,160,0.3034047148854731
Bay_of_Biscay,0,168,0.3034047148854731
Bay_of_Biscay,0,176,0.287901921466803
Bay_of_Biscay,0,184,0.287901921466803
Bay_of_Biscay,0,192,0.287901921466803
Bay_of_Biscay,0,200,0.2771680178706364
Bay_of_Biscay,0,216,0.26052998805878796
Bay_of_Biscay,0,224,0.253681991833764
Bay_of_Biscay,0,232,0.253681991833764
Bay_of_Biscay,0,248,0.253681991833764
Bay_of_Biscay,0,256,0.253681991833764
Bay_of_Biscay,0,272,0.25247652215994126
Bay_of_Biscay,0,280,0.250677532394996
Bay_of_Biscay,0,296,0.23425212097623305
Bay_of_Biscay,0,312,0.2276565191993518
Bay_of_Biscay,0,328,0.2213371990995294
Bay_of_Biscay,0,344,0.2213371990995294
Bay_of_Biscay,0,360,0.19313788898342704
Bay_of_Biscay,0,376,0.18909077254442083
Bay_of_Biscay,0,392,0.18317191970376295
Bay_of_Biscay,0,408,0.16359591114826477
Bay_of_Biscay,0,432,0.1623068026167891
Bay_of_Biscay,0,448,0.1623068026167891
Bay_of_Biscay,0,472,0.15942571833380922
Bay_of_Biscay,0,496,0.145240509085719
Bay_of_Biscay,0,520,0.1346556605445508
Bay_of_Biscay,0,544,0.12485080456502688
Bay_of_Biscay,0,568,0.11253987492487837
Bay_of_Biscay,0,600,0.11048569467267692
Bay_of_Biscay,0,624,0.10618191459496411
Bay_of_Biscay,0,656,0.1032553774402033
Bay_of_Biscay,0,688,0.09145119691178823
Bay_of_Biscay,0,720,0.09145119691178823
Bay_of_Biscay,0,752,0.08685100026430446
Bay_of_Biscay,0,792,0.0692100950022488
Bay_of_Biscay,0,832,0.06494589485381723
Bay_of_Biscay,0,872,0.056771346737185736
Bay_of_Biscay,0,912,0.052358796726582106
Bay_of_Biscay,0,952,0.044005960421969324
Bay_of_Biscay,0,1000,0.043050162516283
Bay_of_Biscay,0,1048,0.03275978133375068
Bay_of_Biscay,0,1096,0.023352596547026695
Bay_of_Biscay,0,1152,0.022383839756271888
Bay_of_Biscay,0,1208,0.020871713057932447
Bay_of_Biscay,0,1264,0.012374917867876296
Bay_of_Biscay,0,1328,0.012374917867876296
Bay_of_Biscay,0,1392,0.012374917867876296
Bay_of_Biscay,0,1456,0.010650477371295049
Bay_of_Biscay,0,1528,0.007934555616444367
Bay_of_Biscay,0,1600,0.004528330030494197
Bay_of_Biscay,0,1680,0.004525355334862858
Bay_of_Biscay,0,1760,0.0026061937478149837
Bay_of_Biscay,0,1840,0.0015504225320459536
Bay_of_Biscay,0,1928,0.0008242901630830719
Bay_of_Biscay,0,2024,0.00012616899459364005
Bay_of_Biscay,0,2120,4.582082987696902e-05
Bay_of_Biscay,1,8,0.6414693802266828
Bay_of_Biscay,1,16,0.4568064650081268
Bay_of_Biscay,1,24,0.4568064650081268
Bay_of_Biscay,1,32,0.4568064650081268
Bay_of_Biscay,1,40,0.4568064650081268
Bay_of_Biscay,1,48,0.40243338341346613
Bay_of_Biscay,1,56,0.40243338341346613
Bay_of_Biscay,1,64,0.40243338341346613
Bay_of_Biscay,1,72,0.40243338341346613
Bay_of_Biscay,1,80,0.39032914515268374
Bay_of_Biscay,1,88,0.39032914515268374
Bay_of_Biscay,1,96,0.39032914515268374
Bay_of_Biscay,1,104,0.39032914515268374
Bay_of_Biscay,1,112,0.39032914515268374
Bay_of_Biscay,1,120,0.39032914515268374
Bay_of_Biscay,1,128,0.39032914515268374
Bay_of_Biscay,1,136,0.38065074429777157
Bay_of_Biscay,1,144,0.38065074429777157
Bay_of_Biscay,1,152,0.2619859217078356
Bay_of_Biscay,1,160,0.2619859217078356
Bay_of_Biscay,1,168,0.24299159864528483
Bay_of_Biscay,1,176,0.24299159864528483
Bay_of_Biscay,1,184,0.24299159864528483
Bay_of_Biscay,1,192,0.23467722314764894
Bay_of_Biscay,1,200,0.23071237665038796
Bay_of_Biscay,1,208,0.22304540836245457
Bay_of_Biscay,1,216,0.22304540836245457
Bay_of_Biscay,1,232,0.22304540836245457
Bay_of_Biscay,1,240,0.21096020647751587
Bay_of_Biscay,1,248,0.21096020647751587
Bay_of_Biscay,1,264,0.20212533607378427
Bay_of_Biscay,1,272,0.17862574924157276
Bay_of_Biscay,1,288,0.1622143861649888
Bay_of_Biscay,1,304,0.1622143861649888
Bay_of_Biscay,1,312,0.12967156856613818
Bay_of_Biscay,1,328,0.09115279150562386
Bay_of_Biscay,1,344,0.09115279150562386
Bay_of_Biscay,1,360,0.09115279150562386
Bay_of_Biscay,1,376,0.08801334790282635
Bay_of_Biscay,1,400,0.08801334790282635
Bay_of_Biscay,1,416,0.08437928304595996
Bay_of_Biscay,1,432,0.07327684687123269
Bay_of_Biscay,1,456,0.07327684687123269
Bay_of_Biscay,1,480,0.07327684687123269
Bay_of_Biscay,1,496,0.07327684687123269
Bay_of_Biscay,1,520,0.06585062836232297
Bay_of_Biscay,1,544,0.06585062836232297
Bay_of_Biscay,1,576,0.05977089201772093
Bay_of_Biscay,1,600,0.05625367210216873
Bay_of_Biscay,1,624,0.05072974151490449
Bay_of_Biscay,1,656,0.04602508172375666
Bay_of_Biscay,1,688,0.04298310859856007
Bay_of_Biscay,1,720,0.03508936127457027
Bay_of_Biscay,1,752,0.027217797225496276
Bay_of_Biscay,1,792,0.027217797225496276
Bay_of_Biscay,1,824,0.02605032188879154
Bay_of_Biscay,1,864,0.02295165930614335
Bay_of_Biscay,1,904,0.02295165930614335
Bay_of_Biscay,1,952,0.022716448482219813
Bay_of_Biscay,1,992,0.021951889751034764
Bay_of_Biscay,1,1040,0.02111066573665587
Bay_of_Biscay,1,1088,0.02056408357083238
Bay_of_Biscay,1,1136,0.019179731141812435
Bay_of_Biscay,1,1192,0.015621456982777084
Bay_of_Biscay,1,1248,0.012686522858996735
Bay_of_Biscay,1,1304,0.010168597260941695
Bay_of_Biscay,1,1368,0.007662421910329144
Bay_of_Biscay,1,1432,0.006931858254890141
Bay_of_Biscay,1,1504,0.00616472002945594
Bay_of_Biscay,1,1568,0.005267923616892923
Bay_of_Biscay,1,1648,0.002043569898516377
Bay_of_Biscay,1,1720,0.0011465165846920118
Bay_of_Biscay,1,1800,0.00013715503110335245
Bay_of_Biscay,1,1888,3.3512726419518546e-05
Bay_of_Biscay,2,8,0.47606341300644633
Bay_of_Biscay,2,16,0.47606341300644633
Bay_of_Biscay,2,24,0.47606341300644633
Bay_of_Biscay,2,32,0.29810575020630536
Bay_of_Biscay,2,40,0.29810575020630536
Bay_of_Biscay,2,48,0.29810575020630536
Bay_of_Biscay,2,56,0.29810575020630536
Bay_of_Biscay,2,64,0.29810575020630536
Bay_of_Biscay,2,72,0.29810575020630536
Bay_of_Biscay,2,80,0.29810575020630536
Bay_of_Biscay,2,88,0.29810575020630536
Bay_of_Biscay,2,96,0.29810575020630536
Bay_of_Biscay,2,104,0.29810575020630536
Bay_of_Biscay,2,112,0.29810575020630536
Bay_of_Biscay,2,120,0.29810575020630536
Bay_of_Biscay,2,128,0.29810575020630536
Bay_of_Biscay,2,136,0.29810575020630536
Bay_of_Biscay,2,144,0.29810575020630536
Bay_of_Biscay,2,152,0.29810575020630536
Bay_of_Biscay,2,160,0.29810575020630536
Bay_of_Biscay,2,168,0.29810575020630536
Bay_of_Biscay,2,184,0.29810575020630536
Bay_of_Biscay,2,192,0.29810575020630536
Bay_of_Biscay,2,200,0.29810575020630536
Bay_of_Biscay,2,208,0.29810575020630536
Bay_of_Biscay,2,216,0.29810575020630536
Bay_of_Biscay,2,232,0.29810575020630536
Bay_of_Biscay,2,240,0.29810575020630536
Bay_of_Biscay,2,256,0.29810575020630536
Bay_of_Biscay,2,272,0.28387292817351617
Bay_of_Biscay,2,280,0.273074835703739
Bay_of_Biscay,2,296,0.24609869790689526
Bay_of_Biscay,2,312,0.24609869790689526
Bay_of_Biscay,2,328,0.2107243675328914
Bay_of_Biscay,2,344,0.2107243675328914
Bay_of_Biscay,2,360,0.2107243675328914
Bay_of_Biscay,2,376,0.16394530602068555
Bay_of_Biscay,2,400,0.16394530602068555
Bay_of_Biscay,2,416,0.16149242228903898
Bay_of_Biscay,2,440,0.16149242228903898
Bay_of_Biscay,2,464,0.16149242228903898
Bay_of_Biscay,2,488,0.16149242228903898
Bay_of_Biscay,2,512,0.15880029517889813
Bay_of_Biscay,2,536,0.15880029517889813
Bay_of_Biscay,2,560,0.15772763664138756
Bay_of_Biscay,2,592,0.1348565802367353
Bay_of_Biscay,2,624,0.1323072633179547
Bay_of_Biscay,2,656,0.1323072633179547
Bay_of_Biscay,2,688,0.13177486168338715
Bay_of_Biscay,2,720,0.1273706933697286
Bay_of_Biscay,2,760,0.12383671454974036
Bay_of_Biscay,2,792,0.12267712387977597
Bay_of_Biscay,2,840,0.12216086501456547
Bay_of_Biscay,2,880,0.11756763636780965
Bay_of_Biscay,2,920,0.10926373691300456
Bay_of_Biscay,2,968,0.09777327088930944
Bay_of_Biscay,2,1016,0.08448983128305229
Bay_of_Biscay,2,1072,0.07554522839868111
Bay_of_Biscay,2,1128,0.0669291168516427
Bay_of_Biscay,2,1184,0.05720832463820799
Bay_of_Biscay,2,1240,0.05527706737804076
Bay_of_Biscay,2,1304,0.05406159907566698
Bay_of_Biscay,2,1368,0.05322297259522301
Bay_of_Biscay,2,1440,0.04719829821322983
Bay_of_Biscay,2,1512,0.04179060945079623
Bay_of_Biscay,2,1592,0.035449176022123975
Bay_of_Biscay,2,1672,0.027989086218015935
Bay_of_Biscay,2,1760,0.022349038424593414
Bay_of_Biscay,2,1848,0.022349038424593414
Bay_of_Biscay,2,1936,0.010849250786712915
Bay_of_Biscay,2,2040,0.009394659288538087
Bay_of_Biscay,2,2144,0.008989474055141224
Bay_of_Biscay,2,2248,0.008874457444558306
Bay_of_Biscay,2,2360,0.008757240294928066
Bay_of_Biscay,2,2480,0.00867873990901885
Bay_of_Biscay,2,2608,0.008615086166096938
Bay_of_Biscay,2,2744,0.008600624711860554
Bay_of_Biscay,2,2880,0.00860058342269326
Bay_of_Biscay,3,8,1.333857035961426
Bay_of_Biscay,3,16,0.8738330513366975
Bay_of_Biscay,3,24,0.8716957886211787
Bay_of_Biscay,3,32,0.6540271766820377
Bay_of_Biscay,3,40,0.6540271766820377
Bay_of_Biscay,3,48,0.6540271766820377
Bay_of_Biscay,3,56,0.6540271766820377
Bay_of_Biscay,3,64,0.4263298204305347
Bay_of_Biscay,3,72,0.3643107671880729
Bay_of_Biscay,3,80,0.3643107671880729
Bay_of_Biscay,3,88,0.2972785864595152
Bay_of_Biscay,3,96,0.2972785864595152
Bay_of_Biscay,3,104,0.2972785864595152
Bay_of_Biscay,3,112,0.2972785864595152
Bay_of_Biscay,3,120,0.2972785864595152
Bay_of_Biscay,3,128,0.2972785864595152
Bay_of_Biscay,3,136,0.2972785864595152
Bay_of_Biscay,3,144,0.2972785864595152
Bay_of_Biscay,3,152,0.2972785864595152
Bay_of_Biscay,3,160,0.2972785864595152
Bay_of_Biscay,3,168,0.2972785864595152
Bay_of_Biscay,3,176,0.2972785864595152
Bay_of_Biscay,3,184,0.2972785864595152
Bay_of_Biscay,3,192,0.2972785864595152
Bay_of_Biscay,3,200,0.2972785864595152
Bay_of_Biscay,3,208,0.2972785864595152
Bay_of_Biscay,3,224,0.2972785864595152
Bay_of_Biscay,3,232,0.2339799043888458
Bay_of_Biscay,3,240,0.2339799043888458
Bay_of_Biscay,3,256,0.2339799043888458
Bay_of_Biscay,3,264,0.2339799043888458
Bay_of_Biscay,3,280,0.2339799043888458
Bay_of_Biscay,3,296,0.2339799043888458
Bay_of_Biscay,3,304,0.2339799043888458
Bay_of_Biscay,3,320,0.2339799043888458
Bay_of_Biscay,3,336,0.2339799043888458
Bay_of_Biscay,3,352,0.2339799043888458
Bay_of_Biscay,3,368,0.2339799043888458
Bay_of_Biscay,3,384,0.2339799043888458
Bay_of_Biscay,3,400,0.2339799043888458
Bay_of_Biscay,3,424,0.2339799043888458
Bay_of_Biscay,3,440,0.2339799043888458
Bay_of_Biscay,3,464,0.2339799043888458
Bay_of_Biscay,3,488,0.22245690084917943
Bay_of_Biscay,3,512,0.21891443289363172
Bay_of_Biscay,3,536,0.21151138533571964
Bay_of_Biscay,3,560,0.1974003936787945
Bay_of_Biscay,3,584,0.1974003936787945
Bay_of_Biscay,3,608,0.1845784381133696
Bay_of_Biscay,3,640,0.18153851757217163
Bay_of_Biscay,3,672,0.15634393064937355
Bay_of_Biscay,3,704,0.15421338070637355
Bay_of_Biscay,3,736,0.12931637322326053
Bay_of_Biscay,3,768,0.11302091608093905
Bay_of_Biscay,3,808,0.1048513557178038
Bay_of_Biscay,3,840,0.10041914950453687
Bay_of_Biscay,3,880,0.09117129847685325
Bay_of_Biscay,3,928,0.08449800824502365
Bay_of_Biscay,3,968,0.07503598395674545
Bay_of_Biscay,3,1016,0.07137970752560559
Bay_of_Biscay,3,1064,0.061929717206959334
Bay_of_Biscay,3,1112,0.05661937578877978
Bay_of_Biscay,3,1168,0.04433539337351634
Bay_of_Biscay,3,1224,0.03424888042442017
Bay_of_Biscay,3,1280,0.02506439362367225
Bay_of_Biscay,3,1336,0.02506439362367225
Bay_of_Biscay,3,1400,0.02369376537744179
Bay_of_Biscay,3,1464,0.02369376537744179
Bay_of_Biscay,3,1536,0.023646323984533067
Bay_of_Biscay,3,1608,0.023646323984533067
Bay_of_Biscay,3,1688,0.023646323984533067
Bay_of_Biscay,3,1768,0.023646323984533067
Bay_of_Biscay,3,1848,0.023646323984533067
Bay_of_Biscay,3,1936,0.023646323984533067
Bay_of_Biscay,4,8,1.283464749985083
Bay_of_Biscay,4,16,1.283464749985083
Bay_of_Biscay,4,24,1.283464749985083
Bay_of_Biscay,4,32,1.283464749985083
Bay_of_Biscay,4,40,1.160618286434007
Bay_of_Biscay,4,48,1.160618286434007
Bay_of_Biscay,4,56,0.38342710306843175
Bay_of_Biscay,4,64,0.38342710306843175
Bay_of_Biscay,4,72,0.38342710306843175
Bay_of_Biscay,4,80,0.32372128604164596
Bay_of_Biscay,4,88,0.32372128604164596
Bay_of_Biscay,4,96,0.32372128604164596
Bay_of_Biscay,4,104,0.32372128604164596
Bay_of_Biscay,4,112,0.32372128604164596
Bay_of_Biscay,4,120,0.32372128604164596
Bay_of_Biscay,4,128,0.32372128604164596
Bay_of_Biscay,4,136,0.30958752337002704
Bay_of_Biscay,4,144,0.30958752337002704
Bay_of_Biscay,4,152,0.30958752337002704
Bay_of_Biscay,4,160,0.30958752337002704
Bay_of_Biscay,4,168,0.30958752337002704
Bay_of_Biscay,4,176,0.30958752337002704
Bay_of_Biscay,4,184,0.30958752337002704
Bay_of_Biscay,4,192,0.30958752337002704
Bay_of_Biscay,4,208,0.3095553364091114
Bay_of_Biscay,4,216,0.3095553364091114
Bay_of_Biscay,4,224,0.27404162367453483
Bay_of_Biscay,4,232,0.2385570247389304
Bay_of_Biscay,4,248,0.2385570247389304
Bay_of_Biscay,4,256,0.21832103632342212
Bay_of_Biscay,4,272,0.21832103632342212
Bay_of_Biscay,4,280,0.21832103632342212
Bay_of_Biscay,4,296,0.2173036288002552
Bay_of_Biscay,4,304,0.2173036288002552
Bay_of_Biscay,4,320,0.2113412030551831
Bay_of_Biscay,4,336,0.1927798354130037
Bay_of_Biscay,4,352,0.18799157490531898
Bay_of_Biscay,4,368,0.17071440784174088
Bay_of_Biscay,4,384,0.1368437874323059
Bay_of_Biscay,4,408,0.1368437874323059
Bay_of_Biscay,4,424,0.1368437874323059
Bay_of_Biscay,4,440,0.1368437874323059
Bay_of_Biscay,4,464,0.1368437874323059
Bay_of_Biscay,4,488,0.1368437874323059
Bay_of_Biscay,4,512,0.1368437874323059
Bay_of_Biscay,4,536,0.1368437874323059
Bay_of_Biscay,4,560,0.1345512909038717
Bay_of_Biscay,4,584,0.12624523475643365
Bay_of_Biscay,4,608,0.12624523475643365
Bay_of_Biscay,4,640,0.11145529679467298
Bay_of_Biscay,4,672,0.10044001070093332
Bay_of_Biscay,4,696,0.09585114736205885
Bay_of_Biscay,4,736,0.08715224306829308
Bay_of_Biscay,4,768,0.08308349013592732
Bay_of_Biscay,4,800,0.08075114234575938
Bay_of_Biscay,4,840,0.07113006097500107
Bay_of_Biscay,4,880,0.06593435290675331
Bay_of_Biscay,4,920,0.0591069963557173
Bay_of_Biscay,4,960,0.04359743854852967
Bay_of_Biscay,4,1008,0.04217169519995301
Bay_of_Biscay,4,1056,0.03369097907184358
Bay_of_Biscay,4,1104,0.02750211472341002
Bay_of_Biscay,4,1152,0.024010179781061545
Bay_of_Biscay,4,1208,0.022674831627131818
Bay_of_Biscay,4,1264,0.01683296917027662
Bay_of_Biscay,4,1328,0.011169508578028866
Bay_of_Biscay,4,1384,0.011111863307175555
Bay_of_Biscay,4,1448,0.00992736186852383
Bay_of_Biscay,4,1520,0.009572384631907134
Bay_of_Biscay,4,1592,0.008792688958197755
Bay_of_Biscay,4,1664,0.008610855934551829
Bay_of_Biscay,4,1744,0.008600885370696455
Bay_of_Biscay,4,1824,0.008600622308506837
Bay_of_Biscay,5,8,1.1648924043506774
Bay_of_Biscay,5,16,0.7187102205101763
Bay_of_Biscay,5,24,0.5473567370104085
Bay_of_Biscay,5,32,0.5473567370104085
Bay_of_Biscay,5,40,0.45423691446232184
Bay_of_Biscay,5,48,0.45423691446232184
Bay_of_Biscay,5,56,0.3921425344996088
Bay_of_Biscay,5,64,0.3921425344996088
Bay_of_Biscay,5,72,0.3921425344996088
Bay_of_Biscay,5,80,0.3221759556297318
Bay_of_Biscay,5,88,0.3221759556297318
Bay_of_Biscay,5,96,0.3221759556297318
Bay_of_Biscay,5,104,0.3221759556297318
Bay_of_Biscay,5,112,0.3221759556297318
Bay_of_Biscay,5,120,0.3221759556297318
Bay_of_Biscay,5,128,0.3221759556297318
Bay_of_Biscay,5,136,0.3221759556297318
Bay_of_Biscay,5,144,0.3221759556297318
Bay_of_Biscay,5,152,0.3221759556297318
Bay_of_Biscay,5,160,0.3221759556297318
Bay_of_Biscay,5,168,0.3221759556297318
Bay_of_Biscay,5,176,0.3221759556297318
Bay_of_Biscay,5,184,0.3221759556297318
Bay_of_Biscay,5,192,0.3221759556297318
Bay_of_Biscay,5,200,0.3221759556297318
Bay_of_Biscay,5,208,0.3221759556297318
Bay_of_Biscay,5,224,0.3221759556297318
Bay_of_Biscay,5,232,0.3221759556297318
Bay_of_Biscay,5,248,0.29423118375518625
Bay_of_Biscay,5,256,0.29423118375518625
Bay_of_Biscay,5,272,0.28117756328394666
Bay_of_Biscay,5,280,0.28117756328394666
Bay_of_Biscay,5,296,0.28117756328394666
Bay_of_Biscay,5,312,0.28117756328394666
Bay_of_Biscay,5,328,0.28117756328394666
Bay_of_Biscay,5,344,0.2799958395103422
Bay_of_Biscay,5,360,0.27473591530900987
Bay_of_Biscay,5,376,0.2670271325737299
Bay_of_Biscay,5,400,0.2670271325737299
Bay_of_Biscay,5,416,0.25296918829515297
Bay_of_Biscay,5,440,0.24574641814378678
Bay_of_Biscay,5,464,0.24234093149015162
Bay_of_Biscay,5,480,0.2355599795013865
Bay_of_Biscay,5,504,0.22050523460226173
Bay_of_Biscay,5,536,0.19682953695178146
Bay_of_Biscay,5,560,0.19106196070282808
Bay_of_Biscay,5,592,0.19106196070282808
Bay_of_Biscay,5,616,0.17938582503177872
Bay_of_Biscay,5,648,0.17165638338077044
Bay_of_Biscay,5,680,0.1705185900481902
Bay_of_Biscay,5,712,0.15978085326058414
Bay_of_Biscay,5,752,0.150032153704862
Bay_of_Biscay,5,792,0.14749797373467546
Bay_of_Biscay,5,824,0.1191922336198307
Bay_of_Biscay,5,872,0.11021444271207491
Bay_of_Biscay,5,912,0.09380694516665203
Bay_of_Biscay,5,960,0.08189000618425998
Bay_of_Biscay,5,1008,0.07503478304415251
Bay_of_Biscay,5,1056,0.07106480845232999
Bay_of_Biscay,5,1112,0.06501611496413422
Bay_of_Biscay,5,1168,0.05433716290329003
Bay_of_Biscay,5,1224,0.04644279060390208
Bay_of_Biscay,5,1288,0.041079411541616165
Bay_of_Biscay,5,1352,0.039091763631975564
Bay_of_Biscay,5,1416,0.038805715183869695
Bay_of_Biscay,5,1488,0.03839664615462855
Bay_of_Biscay,5,1560,0.037536709675023164
Bay_of_Biscay,5,1640,0.03690637857725311
Bay_of_Biscay,5,1720,0.03611169145471639
Bay_of_Biscay,5,1808,0.03271328934613768
Bay_of_Biscay,5,1896,0.01378435662727487
Bay_of_Biscay,5,1992,0.010611867259181207
Bay_of_Biscay,5,2096,0.007913915731130528
Bay_of_Biscay,5,2200,0.0035929305481249554
Bay_of_Biscay,5,2304,0.0021601347482943073
Bay_of_Biscay,5,2424,0.0014120433971146996
Bay_of_Biscay,5,2544,0.0002543402723135882
Bay_of_Biscay,5,2672,3.546061163950868e-05
Bay_of_Biscay,6,8,1.2569673569033626
Bay_of_Biscay,6,16,0.33287975489986354
Bay_of_Biscay,6,24,0.33287975489986354
Bay_of_Biscay,6,32,0.33287975489986354
Bay_of_Biscay,6,40,0.33287975489986354
Bay_of_Biscay,6,48,0.33287975489986354
Bay_of_Biscay,6,56,0.33287975489986354
Bay_of_Biscay,6,64,0.33287975489986354
Bay_of_Biscay,6,72,0.33287975489986354
Bay_of_Biscay,6,80,0.33287975489986354
Bay_of_Biscay,6,88,0.33287975489986354
Bay_of_Biscay,6,96,0.33287975489986354
Bay_of_Biscay,6,104,0.3328657465263372
Bay_of_Biscay,6,112,0.3328657465263372
Bay_of_Biscay,6,120,0.3328657465263372
Bay_of_Biscay,6,128,0.3328657465263372
Bay_of_Biscay,6,136,0.33162945358960233
Bay_of_Biscay,6,144,0.33162945358960233
Bay_of_Biscay,6,152,0.33162945358960233
Bay_of_Biscay,6,160,0.32032638661929996
Bay_of_Biscay,6,168,0.32032638661929996
Bay_of_Biscay,6,176,0.32032638661929996
Bay_of_Biscay,6,184,0.32032638661929996
Bay_of_Biscay,6,192,0.32032638661929996
Bay_of_Biscay,6,200,0.32032638661929996
Bay_of_Biscay,6,216,0.32032638661929996
Bay_of_Biscay,6,224,0.32032638661929996
Bay_of_Biscay,6,240,0.32032638661929996
Bay_of_Biscay,6,248,0.32032638661929996
Bay_of_Biscay,6,264,0.31695832732073326
Bay_of_Biscay,6,280,0.2915012162150812
Bay_of_Biscay,6,288,0.2915012162150812
Bay_of_Biscay,6,304,0.28801019316993415
Bay_of_Biscay,6,320,0.27669936227915587
Bay_of_Biscay,6,336,0.27015272602629886
Bay_of_Biscay,6,360,0.2586353977249172
Bay_of_Biscay,6,376,0.23970642067112838
Bay_of_Biscay,6,400,0.23961374277514258
Bay_of_Biscay,6,416,0.23961359199343865
Bay_of_Biscay,6,440,0.23644377349315446
Bay_of_Biscay,6,464,0.23644377349315446
Bay_of_Biscay,6,488,0.23644377349315446
Bay_of_Biscay,6,512,0.23644377349315446
Bay_of_Biscay,6,536,0.22613287679126576
Bay_of_Biscay,6,568,0.21420723103998168
Bay_of_Biscay,6,600,0.18866104074215426
Bay_of_Biscay,6,632,0.1827653040279921
Bay_of_Biscay,6,664,0.1711874261313367
Bay_of_Biscay,6,696,0.16738105882165388
Bay_of_Biscay,6,736,0.1587696335695293
Bay_of_Biscay,6,776,0.1501957960036999
Bay_of_Biscay,6,816,0.14505288672670533
Bay_of_Biscay,6,856,0.13253734469684098
Bay_of_Biscay,6,904,0.1222258584572759
Bay_of_Biscay,6,952,0.10736933898653957
Bay_of_Biscay,6,1000,0.10256666849381829
Bay_of_Biscay,6,1048,0.09545284701420238
Bay_of_Biscay,6,1104,0.08740618003355387
Bay_of_Biscay,6,1168,0.07931111877644775
Bay_of_Biscay,6,1224,0.07671530557889174
Bay_of_Biscay,6,1288,0.06413686353191028
Bay_of_Biscay,6,1360,0.0506094316187054
Bay_of_Biscay,6,1432,0.032027182109322525
Bay_of_Biscay,6,1504,0.02768157863098811
Bay_of_Biscay,6,1584,0.025930203647322427
Bay_of_Biscay,6,1672,0.0243941828892755
Bay_of_Biscay,6,1760,0.024043646982599084
Bay_of_Biscay,6,1848,0.02380959849435161
Bay_of_Biscay,6,1952,0.02380959849435161
Bay_of_Biscay,6,2048,0.023293512471680013
Bay_of_Biscay,6,2160,0.023293512471680013
Bay_of_Biscay,6,2272,0.02240867373118333
Bay_of_Biscay,6,2392,0.02240867373118333
Bay_of_Biscay,6,2520,0.02240867373118333
Bay_of_Biscay,6,2648,0.02240756960548887
Bay_of_Biscay,6,2792,0.022404211176372375
Bay_of_Biscay,6,2936,0.022361596769302897
Bay_of_Biscay,6,3096,0.022348823549847966
Bay_of_Biscay,6,3256,0.022347972616270077
Bay_of_Biscay,6,3424,0.02234579727238963
Bay_of_Biscay,6,3608,0.022345746160764762
Bay_of_Biscay,7,8,1.8992644260662517
Bay_of_Biscay,7,16,1.7178759981156495
Bay_of_Biscay,7,24,1.311231631381028
Bay_of_Biscay,7,32,1.311231631381028
Bay_of_Biscay,7,40,1.311231631381028
Bay_of_Biscay,7,48,1.311231631381028
Bay_of_Biscay,7,56,0.5485452641808001
Bay_of_Biscay,7,64,0.5485452641808001
Bay_of_Biscay,7,72,0.5485452641808001
Bay_of_Biscay,7,80,0.5485452641808001
Bay_of_Biscay,7,88,0.4354474519089462
Bay_of_Biscay,7,96,0.4354474519089462
Bay_of_Biscay,7,104,0.4354474519089462
Bay_of_Biscay,7,112,0.3897852676346768
Bay_of_Biscay,7,120,0.3897852676346768
Bay_of_Biscay,7,128,0.3897852676346768
Bay_of_Biscay,7,136,0.3897852676346768
Bay_of_Biscay,7,144,0.3897852676346768
Bay_of_Biscay,7,152,0.34643359413565217
Bay_of_Biscay,7,160,0.34643359413565217
Bay_of_Biscay,7,168,0.34643359413565217
Bay_of_Biscay,7,176,0.34643359413565217
Bay_of_Biscay,7,184,0.34643359413565217
Bay_of_Biscay,7,192,0.34643359413565217
Bay_of_Biscay,7,208,0.34643359413565217
Bay_of_Biscay,7,216,0.34643359413565217
Bay_of_Biscay,7,224,0.34643359413565217
Bay_of_Biscay,7,240,0.34643359413565217
Bay_of_Biscay,7,248,0.34643359413565217
Bay_of_Biscay,7,264,0.3252263568755198
Bay_of_Biscay,7,272,0.3252263568755198
Bay_of_Biscay,7,288,0.3252263568755198
Bay_of_Biscay,7,304,0.3252263568755198
Bay_of_Biscay,7,312,0.3252263568755198
Bay_of_Biscay,7,328,0.29554065006804836
Bay_of_Biscay,7,344,0.2770224931317346
Bay_of_Biscay,7,368,0.26960078667423815
Bay_of_Biscay,7,384,0.23842774602337952
Bay_of_Biscay,7,400,0.2254992573281321
Bay_of_Biscay,7,424,0.2254992573281321
Bay_of_Biscay,7,440,0.22255648179923157
Bay_of_Biscay,7,464,0.21435781763750403
Bay_of_Biscay,7,488,0.19695460174761376
Bay_of_Biscay,7,512,0.18091557774487377
Bay_of_Biscay,7,536,0.1641718221793772
Bay_of_Biscay,7,560,0.1588229104537937
Bay_of_Biscay,7,584,0.14936090406144706
Bay_of_Biscay,7,616,0.14295800670593542
Bay_of_Biscay,7,648,0.12951118447439444
Bay_of_Biscay,7,680,0.12850319075907726
Bay_of_Biscay,7,712,0.12209322171318547
Bay_of_Biscay,7,744,0.11703387076179511
Bay_of_Biscay,7,784,0.10335291596942107
Bay_of_Biscay,7,824,0.09401375406414422
Bay_of_Biscay,7,864,0.09401375406414422
Bay_of_Biscay,7,904,0.08519762189634258
Bay_of_Biscay,7,944,0.0818727300672922
Bay_of_Biscay,7,992,0.07516390158892186
Bay_of_Biscay,7,1040,0.07103693069767489
Bay_of_Biscay,7,1096,0.058135739840709785
Bay_of_Biscay,7,1144,0.047722418089274514
Bay_of_Biscay,7,1200,0.046515790059852666
Bay_of_Biscay,7,1264,0.043268904368982786
Bay_of_Biscay,7,1320,0.041485142014831895
Bay_of_Biscay,7,1384,0.0390643659970508
Bay_of_Biscay,7,1456,0.03442961367065335
Bay_of_Biscay,7,1528,0.024089796285553477
Bay_of_Biscay,7,1600,0.015530351465683089
Bay_of_Biscay,7,1680,0.01344987848996648
Bay_of_Biscay,7,1760,0.007840809698575662
Bay_of_Biscay,7,1848,0.005766032238608727
Bay_of_Biscay,7,1936,0.0026994546104431886
Bay_of_Biscay,7,2032,0.0013809868711802745
Bay_of_Biscay,7,2128,0.0006963739324470554
Bay_of_Biscay,7,2232,0.00023221058877492855
Bay_of_Biscay,7,2344,4.728835629797315e-05
Bay_of_Biscay,8,8,1.9463848395701735
Bay_of_Biscay,8,16,0.5110089995434769
Bay_of_Biscay,8,24,0.4200185344353575
Bay_of_Biscay,8,32,0.4200185344353575
Bay_of_Biscay,8,40,0.4200185344353575
Bay_of_Biscay,8,48,0.4200185344353575
Bay_of_Biscay,8,56,0.3910872953340765
Bay_of_Biscay,8,64,0.3910872953340765
Bay_of_Biscay,8,72,0.3910872953340765
Bay_of_Biscay,8,80,0.3910872953340765
Bay_of_Biscay,8,88,0.3910872953340765
Bay_of_Biscay,8,96,0.3910872953340765
Bay_of_Biscay,8,104,0.36931488457678
Bay_of_Biscay,8,112,0.29376264055685836
Bay_of_Biscay,8,120,0.29376264055685836
Bay_of_Biscay,8,128,0.29376264055685836
Bay_of_Biscay,8,136,0.29376264055685836
Bay_of_Biscay,8,144,0.20221779797591752
Bay_of_Biscay,8,152,0.20221779797591752
Bay_of_Biscay,8,160,0.20221779797591752
Bay_of_Biscay,8,168,0.20221779797591752
Bay_of_Biscay,8,176,0.20221779797591752
Bay_of_Biscay,8,184,0.20221779797591752
Bay_of_Biscay,8,192,0.19192233729830274
Bay_of_Biscay,8,200,0.19192233729830274
Bay_of_Biscay,8,208,0.19192233729830274
Bay_of_Biscay,8,216,0.19192233729830274
Bay_of_Biscay,8,224,0.15937825949262013
Bay_of_Biscay,8,240,0.1108157274548309
Bay_of_Biscay,8,248,0.1108157274548309
Bay_of_Biscay,8,256,0.1108157274548309
Bay_of_Biscay,8,272,0.1108157274548309
Bay_of_Biscay,8,280,0.1108157274548309
Bay_of_Biscay,8,296,0.1108157274548309
Bay_of_Biscay,8,312,0.1108157274548309
Bay_of_Biscay,8,320,0.1108157274548309
Bay_of_Biscay,8,336,0.1108157274548309
Bay_of_Biscay,8,352,0.1108157274548309
Bay_of_Biscay,8,368,0.1108157274548309
Bay_of_Biscay,8,384,0.10947577798938106
Bay_of_Biscay,8,400,0.1035088848599959
Bay_of_Biscay,8,424,0.09772624617299752
Bay_of_Biscay,8,440,0.09684734156096829
Bay_of_Biscay,8,464,0.09474727183094879
Bay_of_Biscay,8,480,0.0907379195798262
Bay_of_Biscay,8,504,0.08611282149412908
Bay_of_Biscay,8,528,0.07869621892983639
Bay_of_Biscay,8,552,0.07264603024805831
Bay_of_Biscay,8,576,0.06311889269398346
Bay_of_Biscay,8,600,0.05675426834031773
Bay_of_Biscay,8,624,0.04997316506427616
Bay_of_Biscay,8,656,0.04272384036392662
Bay_of_Biscay,8,688,0.04272384036392662
Bay_of_Biscay,8,712,0.04203339751503063
Bay_of_Biscay,8,744,0.03684217513708914
Bay_of_Biscay,8,784,0.03225087318108983
Bay_of_Biscay,8,816,0.028999296017476067
Bay_of_Biscay,8,856,0.02674729253274405
Bay_of_Biscay,8,888,0.024743707869965
Bay_of_Biscay,8,928,0.015904655706966565
Bay_of_Biscay,8,976,0.015904655706966565
Bay_of_Biscay,8,1016,0.015904655706966565
Bay_of_Biscay,8,1064,0.015904655706966565
Bay_of_Biscay,8,1112,0.015904655706966565
Bay_of_Biscay,8,1160,0.015904655706966565
Bay_of_Biscay,8,1216,0.015904655706966565
Bay_of_Biscay,8,1264,0.015904655706966565
Bay_of_Biscay,8,1328,0.015904655706966565
Bay_of_Biscay,8,1384,0.015904655706966565
Bay_of_Biscay,8,1448,0.015904655706966565
Bay_of_Biscay,8,1512,0.015904655706966565
Bay_of_Biscay,9,8,0.8538154294448979
Bay_of_Biscay,9,16,0.6178802794453477
Bay_of_Biscay,9,24,0.6154011299525135
Bay_of_Biscay,9,32,0.6154011299525135
Bay_of_Biscay,9,40,0.5345310006919856
Bay_of_Biscay,9,48,0.5345310006919856
Bay_of_Biscay,9,56,0.47283421487194466
Bay_of_Biscay,9,64,0.47283421487194466
Bay_of_Biscay,9,72,0.37903243046506674
Bay_of_Biscay,9,80,0.37903243046506674
Bay_of_Biscay,9,88,0.37903243046506674
Bay_of_Biscay,9,96,0.37903243046506674
Bay_of_Biscay,9,104,0.37903243046506674
Bay_of_Biscay,9,112,0.37903243046506674
Bay_of_Biscay,9,120,0.37122101110510075
Bay_of_Biscay,9,128,0.37122101110510075
Bay_of_Biscay,9,136,0.37122101110510075
Bay_of_Biscay,9,144,0.37122101110510075
Bay_of_Biscay,9,152,0.37122101110510075
Bay_of_Biscay,9,160,0.37122101110510075
Bay_of_Biscay,9,168,0.3563786776384241
Bay_of_Biscay,9,176,0.3563786776384241
Bay_of_Biscay,9,184,0.3563786776384241
Bay_of_Biscay,9,192,0.34316125044280643
Bay_of_Biscay,9,200,0.3397458974930409
Bay_of_Biscay,9,208,0.3274760084458666
Bay_of_Biscay,9,216,0.3162475975379318
Bay_of_Biscay,9,232,0.3162475975379318
Bay_of_Biscay,9,240,0.3162475975379318
Bay_of_Biscay,9,256,0.3162475975379318
Bay_of_Biscay,9,264,0.3162475975379318
Bay_of_Biscay,9,280,0.2968098980471601
Bay_of_Biscay,9,288,0.2968098980471601
Bay_of_Biscay,9,304,0.2968098980471601
Bay_of_Biscay,9,320,0.2885718138341744
Bay_of_Biscay,9,336,0.2565217924139689
Bay_of_Biscay,9,352,0.2565217924139689
Bay_of_Biscay,9,368,0.2516176571228822
Bay_of_Biscay,9,384,0.23015947367048367
Bay_of_Biscay,9,400,0.22741117036893496
Bay_of_Biscay,9,424,0.22741117036893496
Bay_of_Biscay,9,440,0.22576323501061113
Bay_of_Biscay,9,464,0.20929887351037046
Bay_of_Biscay,9,488,0.205215220116684
Bay_of_Biscay,9,504,0.19867230158001348
Bay_of_Biscay,9,528,0.19084487635576106
Bay_of_Biscay,9,560,0.18444813864505047
Bay_of_Biscay,9,584,0.18444813864505047
Bay_of_Biscay,9,608,0.18218686302653594
Bay_of_Biscay,9,640,0.1668077363939238
Bay_of_Biscay,9,672,0.15617383908410676
Bay_of_Biscay,9,704,0.14924821363595644
Bay_of_Biscay,9,736,0.1259696026144218
Bay_of_Biscay,9,776,0.11510256059759631
Bay_of_Biscay,9,808,0.11510256059759631
Bay_of_Biscay,9,848,0.10825520915706892
Bay_of_Biscay,9,888,0.10296690428686797
Bay_of_Biscay,9,928,0.09091314783563025
Bay_of_Biscay,9,976,0.08525115426023895
Bay_of_Biscay,9,1024,0.06637701928833409
Bay_of_Biscay,9,1072,0.050075110297657224
Bay_of_Biscay,9,1120,0.046653080542915705
Bay_of_Biscay,9,1176,0.04548558306342871
Bay_of_Biscay,9,1232,0.04181091962887319
Bay_of_Biscay,9,1288,0.041261841161372326
Bay_of_Biscay,9,1352,0.03980141522041611
Bay_of_Biscay,9,1416,0.03980141522041611
Bay_of_Biscay,9,1480,0.03977029930733614
Bay_of_Biscay,9,1552,0.03936588754384686
Bay_of_Biscay,9,1632,0.03932063783508626
Bay_of_Biscay,9,1704,0.039220828569939796
Bay_of_Biscay,9,1784,0.03921436037765068
Bay_of_Biscay,9,1872,0.03921391589874238
Bay_of_Biscay,9,1960,0.03921251379702718
Bay_of_Biscay,9,2056,0.03921219577806441
BATS,0,8,0.5216826170205073
BATS,0,16,0.5216826170205073
BATS,0,24,0.5216826170205073
BATS,0,32,0.3980569971271997
BATS,0,40,0.3980569971271997
BATS,0,48,0.3980569971271997
BATS,0,56,0.29207436466044584
BATS,0,64,0.29207436466044584
BATS,0,72,0.2604063198713573
BATS,0,80,0.2604063198713573
BATS,0,88,0.2604063198713573
BATS,0,96,0.2604063198713573
BATS,0,104,0.24198187089468862
BATS,0,112,0.24198187089468862
BATS,0,120,0.24198187089468862
BATS,0,128,0.24198187089468862
BATS,0,136,0.24198187089468862
BATS,0,144,0.24198187089468862
BATS,0,152,0.24198187089468862
BATS,0,160,0.24198187089468862
BATS,0,168,0.24198187089468862
BATS,0,176,0.24198187089468862
BATS,0,192,0.24198187089468862
BATS,0,200,0.24198187089468862
BATS,0,208,0.24198187089468862
BATS,0,216,0.2236920989197642
BATS,0,224,0.2236920989197642
BATS,0,240,0.2236920989197642
BATS,0,248,0.2236920989197642
BATS,0,264,0.1860507140938637
BATS,0,272,0.1860507140938637
BATS,0,288,0.1860507140938637
BATS,0,296,0.1860507140938637
BATS,0,312,0.18158776074817726
BATS,0,328,0.1719259985487568
BATS,0,344,0.1719259985487568
BATS,0,360,0.15182804151737544
BATS,0,376,0.15182804151737544
BATS,0,400,0.1504853106800849
BATS,0,416,0.13867077360317462
BATS,0,432,0.13692142727394252
BATS,0,456,0.1354334007924784
BATS,0,480,0.12955483506690377
BATS,0,504,0.12842081304242162
BATS,0,520,0.12468143459241417
BATS,0,552,0.11652807813207017
BATS,0,576,0.09753743231528292
BATS,0,600,0.09753743231528292
BATS,0,632,0.08449651438334513
BATS,0,664,0.07628457448726311
BATS,0,696,0.06499815778632931
BATS,0,728,0.062319388967840526
BATS,0,760,0.056428087476947525
BATS,0,792,0.0499858340281764
BATS,0,832,0.04479475751863174
BATS,0,872,0.0437358456152129
BATS,0,912,0.0412267624019483
BATS,0,960,0.03835527990260276
BATS,0,1008,0.03546857678232769
BATS,0,1048,0.02876617594789354
BATS,0,1104,0.02617989698547965
BATS,0,1152,0.02276104633327577
BATS,0,1208,0.02276104633327577
BATS,0,1264,0.014989553427047986
BATS,0,1328,0.010449251225548293
BATS,0,1392,0.006024454330224861
BATS,0,1456,0.005522758355903036
BATS,0,1528,0.0022048884541465796
BATS,0,1600,0.0022048884541465796
BATS,0,1672,0.0013239380647085458
BATS,0,1752,0.000941575814414235
BATS,0,1840,0.00016177828504532584
BATS,0,1928,5.360833629882707e-05
BATS,0,2016,1.7360082841038337e-05
BATS,1,8,0.5489864804654657
BATS,1,16,0.3293863118258372
BATS,1,24,0.3293863118258372
BATS,1,32,0.3293863118258372
BATS,1,40,0.3293863118258372
BATS,1,48,0.2948364104876365
BATS,1,56,0.2603583811514368
BATS,1,64,0.2603583811514368
BATS,1,72,0.2603583811514368
BATS,1,80,0.2603583811514368
BATS,1,88,0.2603583811514368
BATS,1,96,0.2603583811514368
BATS,1,104,0.2603583811514368
BATS,1,112,0.2603583811514368
BATS,1,120,0.2588490565999805
BATS,1,128,0.2588490565999805
BATS,1,136,0.2588490565999805
BATS,1,144,0.249366403564715
BATS,1,152,0.24256814001186103
BATS,1,160,0.24256814001186103
BATS,1,168,0.24256814001186103
BATS,1,176,0.24256814001186103
BATS,1,184,0.24256814001186103
BATS,1,192,0.24256814001186103
BATS,1,200,0.24256814001186103
BATS,1,208,0.24256814001186103
BATS,1,224,0.2417110567743658
BATS,1,232,0.2409710994056142
BATS,1,240,0.2409710994056142
BATS,1,256,0.2409710994056142
BATS,1,264,0.2409710994056142
BATS,1,280,0.23376031407677664
BATS,1,296,0.23376031407677664
BATS,1,304,0.23376031407677664
BATS,1,320,0.23376031407677664
BATS,1,336,0.23376031407677664
BATS,1,352,0.23376031407677664
BATS,1,368,0.23376031407677664
BATS,1,392,0.23052724936053498
BATS,1,408,0.22754391052617468
BATS,1,432,0.2183032873772475
BATS,1,448,0.20772989368720574
BATS,1,472,0.1935711582802901
BATS,1,496,0.1935711582802901
BATS,1,520,0.1935711582802901
BATS,1,544,0.17296444339918443
BATS,1,568,0.16528653102374927
BATS,1,600,0.16528653102374927
BATS,1,624,0.15100484814568096
BATS,1,656,0.14652067130844265
BATS,1,688,0.13295246459488855
BATS,1,720,0.1289651571248806
BATS,1,752,0.12725330832301943
BATS,1,792,0.11938837295967901
BATS,1,832,0.10736355208693352
BATS,1,872,0.10736355208693352
BATS,1,912,0.1058219853132281
BATS,1,960,0.0963040202334388
BATS,1,1008,0.0798347834529824
BATS,1,1056,0.0798347834529824
BATS,1,1104,0.06764583084143458
BATS,1,1160,0.059854555732866285
BATS,1,1216,0.049988390801188706
BATS,1,1272,0.03886514999605657
BATS,1,1336,0.030452613070099915
BATS,1,1400,0.02994701376318082
BATS,1,1464,0.02994701376318082
BATS,1,1536,0.025932383151459237
BATS,1,1616,0.023154533420222837
BATS,1,1688,0.017181483352187388
BATS,1,1776,0.012033978637252729
BATS,1,1856,0.005112443389270839
BATS,1,1952,0.0016541975308990346
BATS,1,2048,0.0005710187034170171
BATS,1,2144,0.00015358674992456512
BATS,1,2248,1.0836249088646328e-05
BATS,2,8,0.6401546203778817
BATS,2,16,0.5641735433141635
BATS,2,24,0.55041097273538
BATS,2,32,0.5269158211880146
BATS,2,40,0.5269158211880146
BATS,2,48,0.5201088337965993
BATS,2,56,0.5201088337965993
BATS,2,64,0.5201088337965993
BATS,2,72,0.5201088337965993
BATS,2,80,0.3257352116069678
BATS,2,88,0.21874816393434862
BATS,2,96,0.21874816393434862
BATS,2,104,0.21874816393434862
BATS,2,112,0.21874816393434862
BATS,2,120,0.14207769810855495
BATS,2,128,0.14207769810855495
BATS,2,136,0.14207769810855495
BATS,2,144,0.14207769810855495
BATS,2,152,0.14207769810855495
BATS,2,160,0.14207769810855495
BATS,2,168,0.14207769810855495
BATS,2,176,0.14207769810855495
BATS,2,184,0.14207769810855495
BATS,2,192,0.14207769810855495
BATS,2,200,0.14207769810855495
BATS,2,208,0.14207769810855495
BATS,2,216,0.12153006701224046
BATS,2,224,0.12153006701224046
BATS,2,240,0.12153006701224046
BATS,2,248,0.12153006701224046
BATS,2,264,0.12153006701224046
BATS,2,272,0.12153006701224046
BATS,2,288,0.11345608388316458
BATS,2,296,0.11345608388316458
BATS,2,312,0.10703184510996588
BATS,2,328,0.10286522238022663
BATS,2,344,0.09656542530025489
BATS,2,360,0.09626734217890698
BATS,2,376,0.09308949559469638
BATS,2,392,0.08785974921571882
BATS,2,416,0.0866711340398159
BATS,2,432,0.0866711340398159
BATS,2,448,0.08220353597845688
BATS,2,472,0.07198979232003616
BATS,2,496,0.07198979232003616
BATS,2,520,0.06505125911467372
BATS,2,544,0.06345145056988344
BATS,2,568,0.055032496117240315
BATS,2,592,0.05393476046061391
BATS,2,624,0.048435485593538906
BATS,2,656,0.04778627280915859
BATS,2,680,0.04760508574284968
BATS,2,712,0.0453255282311031
BATS,2,752,0.04403689110573611
BATS,2,784,0.04121926695612464
BATS,2,824,0.039803245213780356
BATS,2,856,0.037909468413386264
BATS,2,896,0.03664603029850349
BATS,2,944,0.0365059900991905
BATS,2,984,0.03637786355784178
BATS,2,1032,0.0358490338479327
BATS,2,1080,0.03052272285126209
BATS,2,1128,0.018394680363417598
BATS,2,1184,0.012912191940405257
BATS,2,1240,0.011018144311025315
BATS,2,1296,0.011018144311025315
BATS,2,1360,0.004712418913369669
BATS,2,1424,0.0032339621729987104
BATS,2,1488,0.0018846273322580395
BATS,2,1560,0.001298713460664626
BATS,2,1632,0.0010086201200409
BATS,2,1704,0.0005813505890124057
BATS,2,1792,0.00010527283914064182
BATS,2,1872,2.7025392675686133e-05
BATS,3,8,1.0245556213794706
BATS,3,16,0.7047323669963632
BATS,3,24,0.6127088561921358
BATS,3,32,0.46747345508578364
BATS,3,40,0.2694578598026001
BATS,3,48,0.2694578598026001
BATS,3,56,0.2694578598026001
BATS,3,64,0.2694578598026001
BATS,3,72,0.2694578598026001
BATS,3,80,0.22363564781000314
BATS,3,88,0.22363564781000314
BATS,3,96,0.22363564781000314
BATS,3,104,0.22363564781000314
BATS,3,112,0.22363564781000314
BATS,3,120,0.22363564781000314
BATS,3,128,0.22363564781000314
BATS,3,136,0.22363564781000314
BATS,3,144,0.22363564781000314
BATS,3,152,0.22363564781000314
BATS,3,160,0.22363564781000314
BATS,3,168,0.22363564781000314
BATS,3,176,0.22363564781000314
BATS,3,184,0.22363564781000314
BATS,3,192,0.22363564781000314
BATS,3,208,0.22363564781000314
BATS,3,216,0.22363564781000314
BATS,3,224,0.22363564781000314
BATS,3,240,0.22363564781000314
BATS,3,248,0.22363564781000314
BATS,3,264,0.22363564781000314
BATS,3,272,0.218804967224737
BATS,3,288,0.2099441664837391
BATS,3,304,0.2099441664837391
BATS,3,320,0.2099441664837391
BATS,3,336,0.2055282497084766
BATS,3,352,0.19832876837640961
BATS,3,368,0.18578181394748416
BATS,3,384,0.18166070680298602
BATS,3,408,0.16477818501540292
BATS,3,424,0.16187727304025556
BATS,3,448,0.16187727304025556
BATS,3,472,0.16179301408743285
BATS,3,496,0.1579521220720182
BATS,3,520,0.15750175528997773
BATS,3,544,0.15513789243005124
BATS,3,576,0.15513789243005124
BATS,3,600,0.15323042269777423
BATS,3,632,0.14562337717798035
BATS,3,664,0.14232624892088896
BATS,3,696,0.13552497131422706
BATS,3,736,0.1171172443162278
BATS,3,768,0.1171172443162278
BATS,3,808,0.10040952665938883
BATS,3,848,0.08786552746056216
BATS,3,896,0.07908577012245122
BATS,3,936,0.07514061037663199
BATS,3,984,0.0704164217011023
BATS,3,1032,0.06748907691679278
BATS,3,1088,0.06259485713797729
BATS,3,1144,0.05984100729593671
BATS,3,1200,0.0521181786491688
BATS,3,1256,0.0521181786491688
BATS,3,1320,0.04753147614872239
BATS,3,1384,0.0443554806185842
BATS,3,1456,0.04233832121238111
BATS,3,1528,0.04057323084244129
BATS,3,1608,0.038889297136945514
BATS,3,1688,0.03725360782229449
BATS,3,1776,0.03661069464909629
BATS,3,1864,0.03626258084105505
BATS,3,1960,0.03618981151948948
BATS,3,2056,0.036188976521604986
BATS,3,2160,0.0361770701981883
BATS,3,2264,0.03617452851868225
BATS,3,2384,0.036168567434366174
BATS,3,2504,0.03616595866857711
BATS,3,2624,0.03616587383873943
BATS,3,2760,0.03616585206516392
BATS,4,8,0.8993167053267958
BATS,4,16,0.8993167053267958
BATS,4,24,0.8993167053267958
BATS,4,32,0.7433459796015742
BATS,4,40,0.3714656766441035
BATS,4,48,0.3714656766441035
BATS,4,56,0.33670981389811694
BATS,4,64,0.33670981389811694
BATS,4,72,0.33670981389811694
BATS,4,80,0.33670981389811694
BATS,4,88,0.32681979105934617
BATS,4,96,0.32681979105934617
BATS,4,104,0.32681979105934617
BATS,4,112,0.32681979105934617
BATS,4,120,0.32681979105934617
BATS,4,128,0.32681979105934617
BATS,4,136,0.32681979105934617
BATS,4,144,0.32681979105934617
BATS,4,152,0.25585257538277467
BATS,4,160,0.25585257538277467
BATS,4,168,0.25585257538277467
BATS,4,176,0.25585257538277467
BATS,4,184,0.25585257538277467
BATS,4,192,0.25585257538277467
BATS,4,200,0.25585257538277467
BATS,4,208,0.25585257538277467
BATS,4,224,0.25585257538277467
BATS,4,232,0.23212976907808028
BATS,4,248,0.23212976907808028
BATS,4,256,0.23212976907808028
BATS,4,272,0.1986011083529891
BATS,4,280,0.19387553173002173
BATS,4,296,0.19387553173002173
BATS,4,312,0.19387553173002173
BATS,4,328,0.1717261411467762
BATS,4,344,0.17124113265050378
BATS,4,360,0.16123338940369691
BATS,4,376,0.15345176123519344
BATS,4,400,0.15345176123519344
BATS,4,416,0.15345176123519344
BATS,4,440,0.15345176123519344
BATS,4,464,0.15040268211818336
BATS,4,488,0.1413201512050751
BATS,4,512,0.13983891144021568
BATS,4,536,0.13983891144021568
BATS,4,560,0.1376117533311486
BATS,4,592,0.1376117533311486
BATS,4,616,0.1376117533311486
BATS,4,648,0.1376117533311486
BATS,4,680,0.13611474922800276
BATS,4,720,0.13611474922800276
BATS,4,752,0.13611474922800276
BATS,4,792,0.13611474922800276
BATS,4,832,0.13611474922800276
BATS,4,872,0.1352832640481975
BATS,4,912,0.13278257956642806
BATS,4,960,0.13028830752601162
BATS,4,1008,0.12636398568691568
BATS,4,1056,0.11758172980110997
BATS,4,1112,0.11405926086599619
BATS,4,1168,0.09773088443274709
BATS,4,1224,0.07304098297516125
BATS,4,1288,0.054509481128431424
BATS,4,1352,0.054509481128431424
BATS,4,1424,0.054509481128431424
BATS,4,1488,0.051532654502131625
BATS,4,1568,0.041107632629553706
BATS,4,1648,0.03554846828443215
BATS,4,1728,0.030994070638936548
BATS,4,1816,0.027346311932194424
BATS,4,1904,0.024555283810688302
BATS,4,2000,0.024104643061951293
BATS,4,2096,0.024063607792911543
BATS,4,2208,0.024052717552673276
BATS,4,2312,0.02405254333042496
BATS,4,2432,0.024052538263736108
BATS,4,2552,0.024052538236819805
BATS,4,2680,0.024052538194769747
BATS,5,8,0.33820400810349843
BATS,5,16,0.33820400810349843
BATS,5,24,0.33820400810349843
BATS,5,32,0.33820400810349843
BATS,5,40,0.2757154262589836
BATS,5,48,0.2554810940734213
BATS,5,56,0.2554810940734213
BATS,5,64,0.2554810940734213
BATS,5,72,0.2554810940734213
BATS,5,80,0.2554810940734213
BATS,5,88,0.2554810940734213
BATS,5,96,0.2554810940734213
BATS,5,104,0.2554810940734213
BATS,5,112,0.2554810940734213
BATS,5,120,0.2554810940734213
BATS,5,128,0.2554810940734213
BATS,5,136,0.2554810940734213
BATS,5,144,0.2554810940734213
BATS,5,152,0.2554810940734213
BATS,5,160,0.2554810940734213
BATS,5,168,0.2554810940734213
BATS,5,176,0.2554810940734213
BATS,5,184,0.2554810940734213
BATS,5,192,0.2554810940734213
BATS,5,200,0.2554810940734213
BATS,5,216,0.2554810940734213
BATS,5,224,0.2554810940734213
BATS,5,232,0.2554810940734213
BATS,5,248,0.2554810940734213
BATS,5,264,0.2554810940734213
BATS,5,272,0.2554810940734213
BATS,5,288,0.2554810940734213
BATS,5,304,0.2554810940734213
BATS,5,320,0.2554810940734213
BATS,5,336,0.2525006126373763
BATS,5,352,0.2525006126373763
BATS,5,368,0.250923205132917
BATS,5,384,0.24758138650663022
BATS,5,408,0.24557204507226887
BATS,5,432,0.2409916784452461
BATS,5,448,0.22866265960701054
BATS,5,472,0.2062821036053218
BATS,5,496,0.18564317481331788
BATS,5,520,0.18564317481331788
BATS,5,552,0.17780845804842418
BATS,5,576,0.17073589810091933
BATS,5,608,0.16331162403280866
BATS,5,640,0.14847065985426836
BATS,5,672,0.14692135198177067
BATS,5,704,0.14426642496343986
BATS,5,744,0.14005107295947725
BATS,5,776,0.13699123478580164
BATS,5,816,0.13548094621023693
BATS,5,864,0.13169390586433993
BATS,5,904,0.13169390586433993
BATS,5,952,0.13169390586433993
BATS,5,1000,0.13162623390253483
BATS,5,1048,0.1315021409032707
BATS,5,1104,0.13027970556734794
BATS,5,1160,0.12970397446911527
BATS,5,1216,0.12799775865785365
BATS,5,1280,0.12334984929421712
BATS,5,1344,0.12120844777536648
BATS,5,1416,0.11871333896803823
BATS,5,1488,0.11769710969158617
BATS,5,1560,0.11592463388377094
BATS,5,1640,0.1075032100323356
BATS,5,1728,0.09272042366330224
BATS,5,1816,0.0853742930317899
BATS,5,1904,0.08236696923862125
BATS,5,2008,0.07318479942937993
BATS,5,2104,0.05097647947401982
BATS,5,2216,0.04290600673583116
BATS,5,2328,0.04290600673583116
BATS,5,2448,0.04290600673583116
BATS,5,2568,0.04290600673583116
BATS,5,2704,0.04290600673583116
BATS,5,2840,0.04290600673583116
BATS,5,2984,0.04290600673583116
BATS,6,8,0.5548420462029612
BATS,6,16,0.16270132653867536
BATS,6,24,0.16270132653867536
BATS,6,32,0.16270132653867536
BATS,6,40,0.16270132653867536
BATS,6,48,0.16270132653867536
BATS,6,56,0.16270132653867536
BATS,6,64,0.16270132653867536
BATS,6,72,0.16270132653867536
BATS,6,80,0.16270132653867536
BATS,6,88,0.16270132653867536
BATS,6,96,0.16270132653867536
BATS,6,104,0.16270132653867536
BATS,6,112,0.16270132653867536
BATS,6,120,0.16270132653867536
BATS,6,128,0.16270132653867536
BATS,6,136,0.16270132653867536
BATS,6,144,0.16270132653867536
BATS,6,152,0.16270132653867536
BATS,6,160,0.16270132653867536
BATS,6,168,0.16270132653867536
BATS,6,176,0.16270132653867536
BATS,6,184,0.16270132653867536
BATS,6,192,0.16270132653867536
BATS,6,200,0.16270132653867536
BATS,6,208,0.16270132653867536
BATS,6,224,0.16270132653867536
BATS,6,232,0.16270132653867536
BATS,6,240,0.16270132653867536
BATS,6,256,0.16270132653867536
BATS,6,264,0.16270132653867536
BATS,6,280,0.16270132653867536
BATS,6,296,0.16270132653867536
BATS,6,304,0.16270132653867536
BATS,6,320,0.16270132653867536
BATS,6,336,0.16270132653867536
BATS,6,352,0.16270132653867536
BATS,6,368,0.16270132653867536
BATS,6,392,0.16270132653867536
BATS,6,408,0.16270132653867536
BATS,6,424,0.1604993565950979
BATS,6,448,0.15958046288380714
BATS,6,472,0.15958046288380714
BATS,6,496,0.15578613666257213
BATS,6,520,0.15360135446915946
BATS,6,544,0.15020219852969333
BATS,6,568,0.14224082241221758
BATS,6,592,0.14205826816382755
BATS,6,624,0.13986182120051957
BATS,6,656,0.1365908496920093
BATS,6,688,0.13434276444850177
BATS,6,720,0.1284174447857378
BATS,6,752,0.12274126884546678
BATS,6,792,0.11628210710528795
BATS,6,832,0.10802213298971561
BATS,6,872,0.10153694492838714
BATS,6,912,0.09385366314363268
BATS,6,952,0.08847544697245735
BATS,6,1000,0.0809222162368961
BATS,6,1048,0.08088597091813392
BATS,6,1104,0.07870267259787816
BATS,6,1152,0.07730446159579216
BATS,6,1208,0.07619692464102036
BATS,6,1272,0.07265981457815482
BATS,6,1328,0.07016535319516667
BATS,6,1392,0.058732694789788674
BATS,6,1464,0.051939453690356206
BATS,6,1536,0.04977025911125187
BATS,6,1608,0.0494859291155677
BATS,6,1688,0.049007279622091275
BATS,6,1768,0.04867077620856951
BATS,6,1856,0.048544945280326636
BATS,6,1944,0.04847372484075793
BATS,6,2040,0.04842830041838996
BATS,6,2136,0.048412155378051006
BATS,6,2240,0.04841205414421864
BATS,7,8,1.1558814432673488
BATS,7,16,0.816885487671058
BATS,7,24,0.816885487671058
BATS,7,32,0.816885487671058
BATS,7,40,0.816885487671058
BATS,7,48,0.816885487671058
BATS,7,56,0.5315599476714283
BATS,7,64,0.30471241178006603
BATS,7,72,0.29165123719981334
BATS,7,80,0.29165123719981334
BATS,7,88,0.29165123719981334
BATS,7,96,0.29165123719981334
BATS,7,104,0.29165123719981334
BATS,7,112,0.2770147551647679
BATS,7,120,0.2770147551647679
BATS,7,128,0.2770147551647679
BATS,7,136,0.2770147551647679
BATS,7,144,0.2770147551647679
BATS,7,152,0.27644425203275164
BATS,7,160,0.27644425203275164
BATS,7,168,0.269600913174287
BATS,7,176,0.2653666567419393
BATS,7,184,0.25626203310544615
BATS,7,192,0.2420055995673879
BATS,7,200,0.24044828191865775
BATS,7,208,0.24044828191865775
BATS,7,224,0.2243566873343036
BATS,7,232,0.2243566873343036
BATS,7,248,0.2243566873343036
BATS,7,256,0.2243566873343036
BATS,7,272,0.2243566873343036
BATS,7,288,0.2243566873343036
BATS,7,296,0.2243566873343036
BATS,7,312,0.21442674079033916
BATS,7,328,0.21442674079033916
BATS,7,344,0.21050604733569386
BATS,7,368,0.18698555753452414
BATS,7,384,0.1663635923152503
BATS,7,400,0.1663635923152503
BATS,7,424,0.1663635923152503
BATS,7,448,0.1663635923152503
BATS,7,472,0.1596416542050618
BATS,7,488,0.1596416542050618
BATS,7,520,0.1596416542050618
BATS,7,544,0.1559681900019876
BATS,7,568,0.14602440437433142
BATS,7,600,0.1437603954167318
BATS,7,632,0.1437603954167318
BATS,7,664,0.1437603954167318
BATS,7,696,0.14104545072470176
BATS,7,728,0.14000353637001686
BATS,7,768,0.14000353637001686
BATS,7,808,0.13977375570487763
BATS,7,848,0.13781418745112695
BATS,7,896,0.1376487892164954
BATS,7,936,0.13433716318036468
BATS,7,984,0.13229932918968493
BATS,7,1032,0.1313898429281672
BATS,7,1088,0.12825035010746022
BATS,7,1144,0.12183779193082211
BATS,7,1200,0.1136365149882691
BATS,7,1264,0.07675854423195591
BATS,7,1328,0.07347536325126533
BATS,7,1392,0.07296768753587325
BATS,7,1464,0.06359221538133455
BATS,7,1544,0.04389834944838551
BATS,7,1616,0.038018283624659206
BATS,7,1704,0.03643496352381139
BATS,7,1784,0.0338412659252917
BATS,7,1880,0.02484544995255702
BATS,7,1976,0.02389405455945423
BATS,7,2072,0.02328358804726734
BATS,7,2176,0.014574999031441369
BATS,7,2288,0.014574999031441369
BATS,7,2408,0.014574999031441369
BATS,7,2528,0.014574999031441369
BATS,7,2656,0.014574999031441369
BATS,7,2792,0.014574999031441369
BATS,7,2936,0.014574999031441369
BATS,8,8,1.4110666850938454
BATS,8,16,0.1865911995640227
BATS,8,24,0.1865911995640227
BATS,8,32,0.1741461276793801
BATS,8,40,0.1741461276793801
BATS,8,48,0.1741461276793801
BATS,8,56,0.1741461276793801
BATS,8,64,0.1741461276793801
BATS,8,72,0.1741461276793801
BATS,8,80,0.1741461276793801
BATS,8,88,0.1364059471694459
BATS,8,96,0.1364059471694459
BATS,8,104,0.1364059471694459
BATS,8,112,0.1364059471694459
BATS,8,120,0.1364059471694459
BATS,8,128,0.1364059471694459
BATS,8,136,0.1364059471694459
BATS,8,144,0.1364059471694459
BATS,8,152,0.1364059471694459
BATS,8,160,0.1364059471694459
BATS,8,168,0.1364059471694459
BATS,8,176,0.1364059471694459
BATS,8,184,0.1364059471694459
BATS,8,192,0.1364059471694459
BATS,8,200,0.1364059471694459
BATS,8,208,0.1364059471694459
BATS,8,216,0.1364059471694459
BATS,8,232,0.1364059471694459
BATS,8,240,0.1364059471694459
BATS,8,248,0.1364059471694459
BATS,8,264,0.1364059471694459
BATS,8,272,0.1364059471694459
BATS,8,288,0.13096766684797853
BATS,8,304,0.12648706224611717
BATS,8,312,0.11707460778638218
BATS,8,328,0.11707460778638218
BATS,8,344,0.11707460778638218
BATS,8,360,0.11377199341166677
BATS,8,376,0.11377199341166677
BATS,8,392,0.11377199341166677
BATS,8,416,0.11286053804534754
BATS,8,432,0.10816565084530023
BATS,8,456,0.10191862768451616
BATS,8,472,0.09946729137640549
BATS,8,496,0.09637196894267107
BATS,8,520,0.09450708110529177
BATS,8,544,0.08872834907120132
BATS,8,568,0.08743535081575854
BATS,8,592,0.08406036392029573
BATS,8,624,0.07838723432187049
BATS,8,648,0.07518024593598455
BATS,8,680,0.07174873309172275
BATS,8,712,0.06442615187317818
BATS,8,744,0.06442615187317818
BATS,8,784,0.04545006708578152
BATS,8,816,0.04518488706776532
BATS,8,856,0.04242656754598873
BATS,8,896,0.03840835411757241
BATS,8,936,0.031968741637174655
BATS,8,984,0.029241858881082036
BATS,8,1024,0.027392682941583923
BATS,8,1072,0.025440713059338673
BATS,8,1120,0.025032977388475503
BATS,8,1176,0.022669691410774753
BATS,8,1232,0.019796894691914153
BATS,8,1288,0.013932917193080695
BATS,8,1344,0.008398632307983357
BATS,8,1408,0.008398632307983357
BATS,8,1472,0.0040952622865101694
BATS,8,1544,0.0015356380613035876
BATS,8,1616,0.0005957926611698534
BATS,8,1688,8.287713009971128e-05
BATS,8,1768,3.0073823482923424e-05
BATS,9,8,1.1770483244807244
BATS,9,16,0.357466763038744
BATS,9,24,0.357466763038744
BATS,9,32,0.357466763038744
BATS,9,40,0.357466763038744
BATS,9,48,0.357466763038744
BATS,9,56,0.357466763038744
BATS,9,64,0.284864328529461
BATS,9,72,0.27445904217472933
BATS,9,80,0.27445904217472933
BATS,9,88,0.27445904217472933
BATS,9,96,0.27445904217472933
BATS,9,104,0.27445904217472933
BATS,9,112,0.2570423449290812
BATS,9,120,0.22460296170044758
BATS,9,128,0.22460296170044758
BATS,9,136,0.22460296170044758
BATS,9,144,0.22460296170044758
BATS,9,152,0.22460296170044758
BATS,9,160,0.22460296170044758
BATS,9,168,0.22460296170044758
BATS,9,176,0.22460296170044758
BATS,9,184,0.22460296170044758
BATS,9,192,0.22460296170044758
BATS,9,200,0.22460296170044758
BATS,9,208,0.22460296170044758
BATS,9,224,0.22460296170044758
BATS,9,232,0.22460296170044758
BATS,9,240,0.22460296170044758
BATS,9,256,0.22460296170044758
BATS,9,272,0.22460296170044758
BATS,9,280,0.22460296170044758
BATS,9,296,0.22460296170044758
BATS,9,312,0.21397088575404455
BATS,9,328,0.199638992436267
BATS,9,344,0.1898124892713165
BATS,9,360,0.18749417557155476
BATS,9,376,0.18749417557155476
BATS,9,400,0.1691193825704141
BATS,9,416,0.15706594676764848
BATS,9,440,0.15706594676764848
BATS,9,456,0.15706594676764848
BATS,9,480,0.15706594676764848
BATS,9,504,0.15706594676764848
BATS,9,536,0.15442567915099562
BATS,9,560,0.15049761872868983
BATS,9,584,0.1488470191618051
BATS,9,616,0.14501076187034076
BATS,9,648,0.14199260728613694
BATS,9,680,0.13755091900176686
BATS,9,712,0.13632471030182688
BATS,9,752,0.12975188792963466
BATS,9,784,0.1263786078252162
BATS,9,824,0.11412506888861587
BATS,9,864,0.1010383713838878
BATS,9,912,0.08177367399054593
BATS,9,952,0.07077773859097072
BATS,9,1000,0.06412938639094684
BATS,9,1056,0.05767813740120756
BATS,9,1104,0.05334837682394856
BATS,9,1160,0.05027791867039638
BATS,9,1224,0.040724962052565136
BATS,9,1280,0.040724962052565136
BATS,9,1344,0.03649652851881752
BATS,9,1416,0.032848281267965594
BATS,9,1480,0.030396754143528992
BATS,9,1560,0.02686714256801247
BATS,9,1632,0.0267572017605949
BATS,9,1720,0.02492188509657305
BATS,9,1800,0.023731565303110293
BATS,9,1896,0.018694670855025013
BATS,9,1984,0.013648239151854088
BATS,9,2088,0.009567431993966062
BATS,9,2192,0.0023274288696636647
BATS,9,2304,0.001174923284596196
BATS,9,2416,0.000418089438006306
BATS,9,2536,0.0001985984542079782
BATS,9,2664,1.7091250274873308e-05
Canaries,0,8,0.9411221763927495
Canaries,0,16,0.9411221763927495
Canaries,0,24,0.9411221763927495
Canaries,0,32,0.9411221763927495
Canaries,0,40,0.572893329096284
Canaries,0,48,0.572893329096284
Canaries,0,56,0.572893329096284
Canaries,0,64,0.572893329096284
Canaries,0,72,0.572893329096284
Canaries,0,80,0.572893329096284
Canaries,0,88,0.41448513171156015
Canaries,0,96,0.41448513171156015
Canaries,0,104,0.41448513171156015
Canaries,0,112,0.41448513171156015
Canaries,0,120,0.3027907303758365
Canaries,0,128,0.3027907303758365
Canaries,0,136,0.3027907303758365
Canaries,0,144,0.3027907303758365
Canaries,0,152,0.3027907303758365
Canaries,0,160,0.3027907303758365
Canaries,0,168,0.3027907303758365
Canaries,0,184,0.3027907303758365
Canaries,0,192,0.3027907303758365
Canaries,0,200,0.3027907303758365
Canaries,0,208,0.3027907303758365
Canaries,0,216,0.3027907303758365
Canaries,0,232,0.3027907303758365
Canaries,0,240,0.2898074479848869
Canaries,0,248,0.2231333850468294
Canaries,0,264,0.2231333850468294
Canaries,0,280,0.2231333850468294
Canaries,0,288,0.2231333850468294
Canaries,0,304,0.2231333850468294
Canaries,0,320,0.2231333850468294
Canaries,0,336,0.2231333850468294
Canaries,0,352,0.2231333850468294
Canaries,0,368,0.2231333850468294
Canaries,0,384,0.2231333850468294
Canaries,0,408,0.2231333850468294
Canaries,0,424,0.2231333850468294
Canaries,0,448,0.2231333850468294
Canaries,0,472,0.2112818232471039
Canaries,0,496,0.20920907803373123
Canaries,0,520,0.16010830522594927
Canaries,0,544,0.11213420177417105
Canaries,0,568,0.11213420177417105
Canaries,0,600,0.10118944290918766
Canaries,0,624,0.09533703500154966
Canaries,0,656,0.09533703500154966
Canaries,0,688,0.09353395988774305
Canaries,0,720,0.09353395988774305
Canaries,0,760,0.09070142127925489
Canaries,0,792,0.09070142127925489
Canaries,0,832,0.08794687142957529
Canaries,0,872,0.07364225318299643
Canaries,0,920,0.06691379254587046
Canaries,0,960,0.048125895726087144
Canaries,0,1008,0.048125895726087144
Canaries,0,1056,0.048125895726087144
Canaries,0,1112,0.038694500138708045
Canaries,0,1168,0.03298568823914705
Canaries,0,1224,0.03298568823914705
Canaries,0,1280,0.02613257755132103
Canaries,0,1344,0.01939901786569707
Canaries,0,1416,0.016445888987048483
Canaries,0,1480,0.010713152640420175
Canaries,0,1552,0.007064287920943014
Canaries,0,1632,0.003370736458022728
Canaries,0,1712,0.0011315129438450168
Canaries,0,1792,0.00030455417530407026
Canaries,0,1880,0.00010513898486644222
Canaries,0,1976,1.68575704207678e-05
Canaries,0,2072,6.020385953831222e-06
Canaries,0,2176,7.429912729901483e-07
Canaries,0,2280,6.494517157509374e-07
Canaries,0,2392,5.594397685395506e-08
Canaries,1,8,0.4070659519728783
Canaries,1,16,0.4070659519728783
Canaries,1,24,0.4070659519728783
Canaries,1,32,0.4070659519728783
Canaries,1,40,0.4070659519728783
Canaries,1,48,0.4070659519728783
Canaries,1,56,0.4070659519728783
Canaries,1,64,0.4070659519728783
Canaries,1,72,0.4070659519728783
Canaries,1,80,0.4070659519728783
Canaries,1,88,0.4070659519728783
Canaries,1,96,0.4070659519728783
Canaries,1,104,0.40512068093951886
Canaries,1,112,0.40512068093951886
Canaries,1,120,0.40512068093951886
Canaries,1,128,0.39842130413313764
Canaries,1,136,0.39842130413313764
Canaries,1,144,0.39842130413313764
Canaries,1,152,0.39842130413313764
Canaries,1,160,0.39842130413313764
Canaries,1,168,0.3872931860418152
Canaries,1,176,0.3714139556799661
Canaries,1,184,0.3714139556799661
Canaries,1,192,0.3714139556799661
Canaries,1,200,0.3714139556799661
Canaries,1,208,0.3714139556799661
Canaries,1,216,0.3714139556799661
Canaries,1,232,0.3714139556799661
Canaries,1,240,0.3714139556799661
Canaries,1,248,0.3714139556799661
Canaries,1,264,0.3714139556799661
Canaries,1,280,0.3714139556799661
Canaries,1,288,0.35391471893291765
Canaries,1,304,0.35387142157466334
Canaries,1,320,0.35387142157466334
Canaries,1,336,0.35387142157466334
Canaries,1,352,0.3325642351292059
Canaries,1,368,0.32340367051804636
Canaries,1,384,0.31431096952317156
Canaries,1,400,0.29994132643328386
Canaries,1,424,0.2996149703009195
Canaries,1,440,0.2996149703009195
Canaries,1,464,0.2881328617391138
Canaries,1,488,0.2881328617391138
Canaries,1,512,0.2881328617391138
Canaries,1,536,0.2881328617391138
Canaries,1,560,0.2761031991926959
Canaries,1,592,0.2715380898969135
Canaries,1,616,0.2584413310090656
Canaries,1,648,0.24456438442684922
Canaries,1,680,0.2337661653631114
Canaries,1,712,0.2337661653631114
Canaries,1,744,0.23017986572577387
Canaries,1,784,0.22504547727711036
Canaries,1,816,0.20284541318116683
Canaries,1,856,0.18772243147708528
Canaries,1,904,0.17820000280286769
Canaries,1,944,0.1526347291370607
Canaries,1,992,0.11376335837946236
Canaries,1,1040,0.08861859193021764
Canaries,1,1088,0.03923223251552269
Canaries,1,1136,0.03923223251552269
Canaries,1,1192,0.03923223251552269
Canaries,1,1256,0.031489963179395765
Canaries,1,1312,0.031489963179395765
Canaries,1,1376,0.022624496843502137
Canaries,1,1440,0.01853031447706604
Canaries,1,1512,0.017341774818190433
Canaries,1,1584,0.014695282110609918
Canaries,1,1664,0.012067936899195752
Canaries,1,1744,0.004959591857179151
Canaries,1,1824,0.001168792003754952
Canaries,1,1920,0.00019895677014760424
Canaries,1,2008,3.0973531741173144e-05
Canaries,1,2104,3.278057509321236e-06
Canaries,1,2208,1.754478984901074e-06
Canaries,2,8,0.6356222218182354
Canaries,2,16,0.6356222218182354
Canaries,2,24,0.37887467875351966
Canaries,2,32,0.37887467875351966
Canaries,2,40,0.37887467875351966
Canaries,2,48,0.37887467875351966
Canaries,2,56,0.37887467875351966
Canaries,2,64,0.37887467875351966
Canaries,2,72,0.37887467875351966
Canaries,2,80,0.35742728893883136
Canaries,2,88,0.35742728893883136
Canaries,2,96,0.35742728893883136
Canaries,2,104,0.35742728893883136
Canaries,2,112,0.306052549983889
Canaries,2,120,0.306052549983889
Canaries,2,128,0.306052549983889
Canaries,2,136,0.306052549983889
Canaries,2,144,0.306052549983889
Canaries,2,152,0.306052549983889
Canaries,2,160,0.306052549983889
Canaries,2,168,0.306052549983889
Canaries,2,176,0.306052549983889
Canaries,2,184,0.306052549983889
Canaries,2,192,0.306052549983889
Canaries,2,200,0.306052549983889
Canaries,2,208,0.306052549983889
Canaries,2,224,0.306052549983889
Canaries,2,232,0.306052549983889
Canaries,2,240,0.306052549983889
Canaries,2,256,0.2991449976501409
Canaries,2,264,0.2991449976501409
Canaries,2,280,0.2903313758116364
Canaries,2,296,0.25710534772095034
Canaries,2,312,0.25710534772095034
Canaries,2,328,0.25710534772095034
Canaries,2,336,0.25710534772095034
Canaries,2,360,0.215555896417214
Canaries,2,376,0.215555896417214
Canaries,2,392,0.215555896417214
Canaries,2,416,0.215555896417214
Canaries,2,432,0.215555896417214
Canaries,2,456,0.215555896417214
Canaries,2,472,0.215555896417214
Canaries,2,496,0.215555896417214
Canaries,2,528,0.215555896417214
Canaries,2,552,0.215555896417214
Canaries,2,576,0.215555896417214
Canaries,2,608,0.215555896417214
Canaries,2,632,0.215555896417214
Canaries,2,664,0.215555896417214
Canaries,2,696,0.215555896417214
Canaries,2,736,0.20743948787614155
Canaries,2,768,0.18989338776145664
Canaries,2,808,0.18659584374820795
Canaries,2,848,0.16679119690023236
Canaries,2,888,0.15789934618006515
Canaries,2,936,0.15373036541899618
Canaries,2,976,0.14533862803520012
Canaries,2,1024,0.12668398655462842
Canaries,2,1080,0.11091193346796634
Canaries,2,1128,0.105637674475964
Canaries,2,1184,0.08787677403560776
Canaries,2,1248,0.0682260816760601
Canaries,2,1304,0.06432935277188186
Canaries,2,1368,0.05139001450840568
Canaries,2,1440,0.040221396780038124
Canaries,2,1512,0.024181455254160125
Canaries,2,1584,0.016055968370056708
Canaries,2,1664,0.010449671085496041
Canaries,2,1744,0.008929952551896964
Canaries,2,1832,0.006220974537546446
Canaries,2,1920,0.00153032679673261
Canaries,2,2016,0.0003498393201156796
Canaries,2,2112,0.00012203498853558773
Canaries,2,2216,1.350429330874345e-05
Canaries,2,2328,2.483108294861894e-06
Canaries,2,2440,7.476609048928917e-07
Canaries,3,8,1.6965064008288897
Canaries,3,16,1.6965064008288897
Canaries,3,24,0.5040824204056317
Canaries,3,32,0.38496765016228895
Canaries,3,40,0.3621950196368385
Canaries,3,48,0.3621950196368385
Canaries,3,56,0.3621950196368385
Canaries,3,64,0.3621950196368385
Canaries,3,72,0.3621950196368385
Canaries,3,80,0.3621950196368385
Canaries,3,88,0.3517425865389666
Canaries,3,96,0.3517425865389666
Canaries,3,104,0.3517425865389666
Canaries,3,112,0.31095901787291946
Canaries,3,120,0.305753542439133
Canaries,3,128,0.305753542439133
Canaries,3,136,0.2976889352080489
Canaries,3,144,0.2976889352080489
Canaries,3,152,0.2976889352080489
Canaries,3,160,0.2976889352080489
Canaries,3,168,0.29530470611573184
Canaries,3,176,0.29530470611573184
Canaries,3,184,0.29530470611573184
Canaries,3,192,0.2914147935449168
Canaries,3,200,0.2914147935449168
Canaries,3,216,0.28908696381487764
Canaries,3,224,0.2866318772737854
Canaries,3,232,0.2825667481359296
Canaries,3,248,0.2825667481359296
Canaries,3,256,0.2750924072043298
Canaries,3,264,0.2750924072043298
Canaries,3,280,0.26656126700333704
Canaries,3,296,0.25521542200369324
Canaries,3,304,0.25521542200369324
Canaries,3,320,0.24897340881295604
Canaries,3,336,0.24084003565159218
Canaries,3,352,0.22062694528204943
Canaries,3,368,0.21246402331355452
Canaries,3,384,0.19268190795596582
Canaries,3,400,0.14655203388374669
Canaries,3,424,0.14655203388374669
Canaries,3,440,0.13585124029278142
Canaries,3,464,0.13585124029278142
Canaries,3,488,0.12383270983892716
Canaries,3,504,0.12383270983892716
Canaries,3,528,0.11097894285477548
Canaries,3,552,0.1100542428652054
Canaries,3,584,0.09998490320904542
Canaries,3,608,0.0955467900628724
Canaries,3,640,0.09270535496309044
Canaries,3,664,0.09270535496309044
Canaries,3,696,0.08542087428050989
Canaries,3,728,0.07583369779661504
Canaries,3,760,0.06696541743447838
Canaries,3,800,0.06229935334243029
Canaries,3,840,0.052519287855903894
Canaries,3,872,0.047840176057638184
Canaries,3,920,0.039700541183630284
Canaries,3,960,0.03220066631906345
Canaries,3,1008,0.022857875866312438
Canaries,3,1048,0.016968266765318412
Canaries,3,1096,0.010466850938263533
Canaries,3,1152,0.002723469293353361
Canaries,3,1208,0.0010585540801388137
Canaries,3,1264,0.000732138332075131
Canaries,3,1320,0.00024308870217076747
Canaries,3,1384,7.65785665934085e-05
Canaries,3,1448,2.3377201193594056e-05
Canaries,3,1512,1.3459216129347805e-05
Canaries,3,1584,1.3459216129347805e-05
Canaries,3,1656,2.7794302255311907e-06
Canaries,3,1736,4.5512535230670936e-07
Canaries,3,1816,2.140660416969292e-07
Canaries,4,8,1.0273882945580293
Canaries,4,16,1.0273882945580293
Canaries,4,24,1.0273882945580293
Canaries,4,32,1.0123913263298885
Canaries,4,40,0.8338190328356813
Canaries,4,48,0.8338190328356813
Canaries,4,56,0.8338190328356813
Canaries,4,64,0.8338190328356813
Canaries,4,72,0.8338190328356813
Canaries,4,80,0.8338190328356813
Canaries,4,88,0.8338190328356813
Canaries,4,96,0.8226388723847535
Canaries,4,104,0.3299591787770782
Canaries,4,112,0.3299591787770782
Canaries,4,120,0.3299591787770782
Canaries,4,128,0.3299591787770782
Canaries,4,136,0.3299591787770782
Canaries,4,144,0.26740982288082416
Canaries,4,152,0.24462681814897252
Canaries,4,160,0.24462681814897252
Canaries,4,168,0.24462681814897252
Canaries,4,176,0.24462681814897252
Canaries,4,184,0.24462681814897252
Canaries,4,192,0.23721437205080131
Canaries,4,200,0.23721437205080131
Canaries,4,208,0.23721437205080131
Canaries,4,224,0.23721437205080131
Canaries,4,232,0.23721437205080131
Canaries,4,240,0.23721437205080131
Canaries,4,256,0.23078624815379775
Canaries,4,264,0.23078624815379775
Canaries,4,280,0.21298548959364227
Canaries,4,288,0.21298548959364227
Canaries,4,304,0.21298548959364227
Canaries,4,320,0.21298548959364227
Canaries,4,328,0.21298548959364227
Canaries,4,344,0.19713385826504923
Canaries,4,360,0.19237929861976388
Canaries,4,376,0.19237929861976388
Canaries,4,400,0.18224507315920857
Canaries,4,416,0.18224507315920857
Canaries,4,432,0.17874171245866696
Canaries,4,456,0.1646121855252659
Canaries,4,480,0.16257135753900218
Canaries,4,496,0.15956768763671378
Canaries,4,520,0.15941165056098403
Canaries,4,544,0.14688495617561514
Canaries,4,568,0.14356381627456646
Canaries,4,600,0.1374767483364088
Canaries,4,624,0.12321408194493268
Canaries,4,656,0.12321408194493268
Canaries,4,688,0.1154863080247132
Canaries,4,720,0.11413131916244476
Canaries,4,752,0.10566914849095738
Canaries,4,784,0.09182543280094961
Canaries,4,824,0.08528979526233886
Canaries,4,856,0.08528979526233886
Canaries,4,896,0.08528979526233886
Canaries,4,944,0.08482024524001289
Canaries,4,984,0.08245902576502412
Canaries,4,1032,0.08048859140531822
Canaries,4,1080,0.06954107258647749
Canaries,4,1128,0.05627467262000413
Canaries,4,1184,0.05091555194066675
Canaries,4,1232,0.05081115569420588
Canaries,4,1296,0.04812482690966871
Canaries,4,1352,0.04699082201169553
Canaries,4,1416,0.04592225385550691
Canaries,4,1480,0.04588259829662671
Canaries,4,1552,0.045868479657115054
Canaries,4,1624,0.045868188162267454
Canaries,4,1696,0.04586805632981913
Canaries,4,1776,0.045868050699002585
Canaries,5,8,0.8108408354699553
Canaries,5,16,0.764501302473318
Canaries,5,24,0.764501302473318
Canaries,5,32,0.764501302473318
Canaries,5,40,0.764501302473318
Canaries,5,48,0.764501302473318
Canaries,5,56,0.764501302473318
Canaries,5,64,0.764501302473318
Canaries,5,72,0.764501302473318
Canaries,5,80,0.5869603201737025
Canaries,5,88,0.39559723687618636
Canaries,5,96,0.39559723687618636
Canaries,5,104,0.39559723687618636
Canaries,5,112,0.39559723687618636
Canaries,5,120,0.39559723687618636
Canaries,5,128,0.39559723687618636
Canaries,5,136,0.39559723687618636
Canaries,5,144,0.39559723687618636
Canaries,5,152,0.39559723687618636
Canaries,5,160,0.39559723687618636
Canaries,5,168,0.39559723687618636
Canaries,5,176,0.39559723687618636
Canaries,5,184,0.39559723687618636
Canaries,5,192,0.39559723687618636
Canaries,5,208,0.39559723687618636
Canaries,5,216,0.3766531828625187
Canaries,5,224,0.3766531828625187
Canaries,5,240,0.3766531828625187
Canaries,5,248,0.3766531828625187
Canaries,5,264,0.3766531828625187
Canaries,5,272,0.3766531828625187
Canaries,5,288,0.3766531828625187
Canaries,5,304,0.3766531828625187
Canaries,5,320,0.3766531828625187
Canaries,5,336,0.3766531828625187
Canaries,5,352,0.3766531828625187
Canaries,5,368,0.3598682145291965
Canaries,5,392,0.3536898994139353
Canaries,5,408,0.29096481270182467
Canaries,5,432,0.29096481270182467
Canaries,5,448,0.2634038647778026
Canaries,5,472,0.2239444886026868
Canaries,5,496,0.2239444886026868
Canaries,5,520,0.2239444886026868
Canaries,5,552,0.19712406868194443
Canaries,5,576,0.19712406868194443
Canaries,5,608,0.1906119625336424
Canaries,5,640,0.17226018288865505
Canaries,5,672,0.16873701416343692
Canaries,5,704,0.16873701416343692
Canaries,5,736,0.16739876591743927
Canaries,5,776,0.16453954693841352
Canaries,5,816,0.1596036049546327
Canaries,5,856,0.14817955149920614
Canaries,5,896,0.13293677665703335
Canaries,5,944,0.10340320030207478
Canaries,5,992,0.09052330193901585
Canaries,5,1040,0.08790378047534697
Canaries,5,1096,0.08617883262774666
Canaries,5,1152,0.07892978419172247
Canaries,5,1208,0.07140609056676026
Canaries,5,1264,0.07053326554942177
Canaries,5,1328,0.059476475665148555
Canaries,5,1400,0.05396223715189508
Canaries,5,1472,0.04995957662095091
Canaries,5,1544,0.04796952552538825
Canaries,5,1624,0.035480144403785975
Canaries,5,1704,0.020844788116829004
Canaries,5,1792,0.014333795600023624
Canaries,5,1880,0.008741198448494043
Canaries,5,1976,0.007625210688178302
Canaries,5,2072,0.006688670296254786
Canaries,5,2176,0.0009438937194625999
Canaries,5,2288,0.0002545364744572692
Canaries,5,2400,6.09896062568807e-05
Canaries,5,2520,6.039653554222221e-06
Canaries,5,2648,1.8965807451847888e-06
Canaries,5,2784,2.948539787752542e-07
Canaries,6,8,1.0772632942117593
Canaries,6,16,0.32631910791095114
Canaries,6,24,0.32631910791095114
Canaries,6,32,0.32631910791095114
Canaries,6,40,0.32631910791095114
Canaries,6,48,0.32631910791095114
Canaries,6,56,0.32631910791095114
Canaries,6,64,0.3224284724193685
Canaries,6,72,0.3224284724193685
Canaries,6,80,0.3224284724193685
Canaries,6,88,0.30567225690485805
Canaries,6,96,0.30567225690485805
Canaries,6,104,0.30567225690485805
Canaries,6,112,0.30567225690485805
Canaries,6,120,0.30338067906792304
Canaries,6,128,0.27394871794708536
Canaries,6,136,0.27394871794708536
Canaries,6,144,0.27394871794708536
Canaries,6,152,0.27394871794708536
Canaries,6,160,0.27394871794708536
Canaries,6,168,0.27394871794708536
Canaries,6,176,0.27394871794708536
Canaries,6,184,0.27394871794708536
Canaries,6,192,0.27394871794708536
Canaries,6,200,0.27394871794708536
Canaries,6,208,0.27394871794708536
Canaries,6,216,0.27394871794708536
Canaries,6,232,0.27394871794708536
Canaries,6,240,0.27394871794708536
Canaries,6,248,0.2727276003048535
Canaries,6,256,0.2687442943961118
Canaries,6,272,0.23688132379615479
Canaries,6,280,0.2363587160140632
Canaries,6,296,0.16309730072095702
Canaries,6,304,0.16309730072095702
Canaries,6,320,0.16309730072095702
Canaries,6,336,0.09199735116369966
Canaries,6,352,0.07557786490881047
Canaries,6,368,0.07557786490881047
Canaries,6,384,0.07557786490881047
Canaries,6,400,0.07557786490881047
Canaries,6,416,0.06508996049404936
Canaries,6,432,0.06508996049404936
Canaries,6,448,0.06508996049404936
Canaries,6,472,0.06508996049404936
Canaries,6,488,0.0634467342735314
Canaries,6,512,0.058187314588990215
Canaries,6,536,0.058187314588990215
Canaries,6,560,0.058187314588990215
Canaries,6,584,0.056844116302610624
Canaries,6,608,0.05292826076044621
Canaries,6,632,0.04873362463546769
Canaries,6,664,0.04695574199737567
Canaries,6,688,0.04384459927454576
Canaries,6,720,0.04384459927454576
Canaries,6,752,0.043500779630471026
Canaries,6,784,0.043500779630471026
Canaries,6,816,0.04349423880472675
Canaries,6,848,0.04349423880472675
Canaries,6,888,0.04349423880472675
Canaries,6,928,0.04349423880472675
Canaries,6,968,0.043491527572407575
Canaries,6,1008,0.043489715247061446
Canaries,6,1056,0.04348944681930954
Canaries,6,1096,0.04348944681930954
Canaries,6,1144,0.04348943031035158
Canaries,6,1200,0.043489428155098056
Canaries,6,1248,0.0434894275584859
Canaries,7,8,1.8998639440234015
Canaries,7,16,1.1244577777365365
Canaries,7,24,0.8891164761974721
Canaries,7,32,0.7689717906698962
Canaries,7,40,0.4943060660559529
Canaries,7,48,0.4943060660559529
Canaries,7,56,0.4943060660559529
Canaries,7,64,0.4943060660559529
Canaries,7,72,0.4943060660559529
Canaries,7,80,0.3449240307199653
Canaries,7,88,0.3449240307199653
Canaries,7,96,0.3449240307199653
Canaries,7,104,0.3449240307199653
Canaries,7,112,0.3449240307199653
Canaries,7,120,0.3449240307199653
Canaries,7,128,0.3449240307199653
Canaries,7,136,0.3449240307199653
Canaries,7,144,0.3449240307199653
Canaries,7,152,0.3449240307199653
Canaries,7,160,0.3449240307199653
Canaries,7,168,0.3449240307199653
Canaries,7,176,0.3449240307199653
Canaries,7,184,0.3449240307199653
Canaries,7,192,0.3449240307199653
Canaries,7,200,0.3449240307199653
Canaries,7,216,0.3449240307199653
Canaries,7,224,0.3449240307199653
Canaries,7,232,0.339715165533316
Canaries,7,248,0.3245591282342634
Canaries,7,256,0.3245199059816457
Canaries,7,272,0.3245199059816457
Canaries,7,288,0.3245199059816457
Canaries,7,296,0.3245199059816457
Canaries,7,312,0.3245199059816457
Canaries,7,328,0.314780569985181
Canaries,7,344,0.31160559753946787
Canaries,7,368,0.30644397273032337
Canaries,7,384,0.3057174959401709
Canaries,7,400,0.29553495159984794
Canaries,7,424,0.28125243253706467
Canaries,7,440,0.2482310515194637
Canaries,7,464,0.2482310515194637
Canaries,7,488,0.2482310515194637
Canaries,7,512,0.2482310515194637
Canaries,7,536,0.24672192827328726
Canaries,7,568,0.23095309885567913
Canaries,7,592,0.2228198243732398
Canaries,7,624,0.21466217633564544
Canaries,7,656,0.21292851537699614
Canaries,7,688,0.20855233616673532
Canaries,7,720,0.20251385319091578
Canaries,7,760,0.1971203532575971
Canaries,7,800,0.1937605070048645
Canaries,7,840,0.1753950051560709
Canaries,7,880,0.17335988496706997
Canaries,7,920,0.16806694651110643
Canaries,7,968,0.15888611353056623
Canaries,7,1016,0.14633260263793585
Canaries,7,1072,0.13174404673425205
Canaries,7,1120,0.12031465179738583
Canaries,7,1176,0.11623146891856027
Canaries,7,1240,0.11295124586570457
Canaries,7,1304,0.10480105533362925
Canaries,7,1368,0.1016586550963979
Canaries,7,1432,0.08984149450449543
Canaries,7,1504,0.07704717368668379
Canaries,7,1584,0.06798477470417016
Canaries,7,1664,0.03976696007134023
Canaries,7,1744,0.03730518937179893
Canaries,7,1832,0.02658216185473172
Canaries,7,1928,0.019009624971915044
Canaries,7,2024,0.008419741969972245
Canaries,7,2120,0.004812145475424177
Canaries,7,2232,0.0003649407769321804
Canaries,7,2344,4.7565131968847027e-05
Canaries,7,2456,1.0551260328539622e-05
Canaries,7,2584,5.375458983705718e-06
Canaries,7,2712,5.156557476516696e-07
Canaries,8,8,2.199202022788653
Canaries,8,16,0.3224755345327423
Canaries,8,24,0.3224755345327423
Canaries,8,32,0.3224755345327423
Canaries,8,40,0.3224755345327423
Canaries,8,48,0.3224755345327423
Canaries,8,56,0.3224755345327423
Canaries,8,64,0.3224755345327423
Canaries,8,72,0.3224755345327423
Canaries,8,80,0.3224755345327423
Canaries,8,88,0.3224755345327423
Canaries,8,96,0.3224755345327423
Canaries,8,104,0.3224755345327423
Canaries,8,112,0.3224755345327423
Canaries,8,120,0.3224755345327423
Canaries,8,128,0.3224755345327423
Canaries,8,136,0.3224755345327423
Canaries,8,144,0.3224755345327423
Canaries,8,152,0.3224755345327423
Canaries,8,160,0.3224755345327423
Canaries,8,168,0.3224755345327423
Canaries,8,176,0.3224755345327423
Canaries,8,184,0.3224755345327423
Canaries,8,192,0.3206305724388103
Canaries,8,200,0.3206305724388103
Canaries,8,208,0.3206305724388103
Canaries,8,224,0.3206305724388103
Canaries,8,232,0.3206305724388103
Canaries,8,240,0.3206305724388103
Canaries,8,256,0.3168203218623025
Canaries,8,264,0.3168203218623025
Canaries,8,280,0.3030393923552425
Canaries,8,296,0.28052259251701134
Canaries,8,304,0.28052259251701134
Canaries,8,320,0.26425240734317545
Canaries,8,336,0.2445960695565137
Canaries,8,352,0.22858263800225528
Canaries,8,368,0.22858263800225528
Canaries,8,392,0.223663952313104
Canaries,8,408,0.22320079396034487
Canaries,8,424,0.2039414566761652
Canaries,8,448,0.2039414566761652
Canaries,8,472,0.19294185752852175
Canaries,8,488,0.19294185752852175
Canaries,8,512,0.1842448621990837
Canaries,8,536,0.16881159237542315
Canaries,8,568,0.16816645142874842
Canaries,8,592,0.16375209066303653
Canaries,8,624,0.16280625773236582
Canaries,8,648,0.15700371911061847
Canaries,8,680,0.14892877049702916
Canaries,8,712,0.14283075431790776
Canaries,8,752,0.1381072071361092
Canaries,8,784,0.12714070219785897
Canaries,8,824,0.11750522699835968
Canaries,8,864,0.1142789889562113
Canaries,8,904,0.11300409168999534
Canaries,8,944,0.10474799896306233
Canaries,8,992,0.09576441819032448
Canaries,8,1040,0.08715101096940014
Canaries,8,1088,0.0808239288994082
Canaries,8,1144,0.07342588710723331
Canaries,8,1192,0.06570196154693249
Canaries,8,1256,0.05635896725225516
Canaries,8,1312,0.04240655917068435
Canaries,8,1376,0.02742730623381809
Canaries,8,1440,0.016705630961487365
Canaries,8,1512,0.012254015193329495
Canaries,8,1584,0.00854782618230983
Canaries,8,1656,0.007276129956109444
Canaries,8,1736,0.007134563564925484
Canaries,8,1824,0.007105635606463805
Canaries,8,1912,0.007105615528527209
Canaries,8,2000,0.00710558712248901
Canaries,8,2096,0.007105582371462395
Canaries,9,8,0.8924679937140902
Canaries,9,16,0.7554564040597861
Canaries,9,24,0.40674792331708265
Canaries,9,32,0.40674792331708265
Canaries,9,40,0.40674792331708265
Canaries,9,48,0.40674792331708265
Canaries,9,56,0.36760422654930486
Canaries,9,64,0.36760422654930486
Canaries,9,72,0.36760422654930486
Canaries,9,80,0.36760422654930486
Canaries,9,88,0.36760422654930486
Canaries,9,96,0.36760422654930486
Canaries,9,104,0.36760422654930486
Canaries,9,112,0.36760422654930486
Canaries,9,120,0.36760422654930486
Canaries,9,128,0.36760422654930486
Canaries,9,136,0.36760422654930486
Canaries,9,144,0.36760422654930486
Canaries,9,152,0.34808776153824267
Canaries,9,160,0.34808776153824267
Canaries,9,168,0.34808776153824267
Canaries,9,176,0.34808776153824267
Canaries,9,184,0.34808776153824267
Canaries,9,192,0.3448802962583794
Canaries,9,200,0.3412774424529075
Canaries,9,208,0.3412774424529075
Canaries,9,216,0.3412774424529075
Canaries,9,232,0.32324606309721254
Canaries,9,240,0.32324606309721254
Canaries,9,248,0.32146069649371056
Canaries,9,264,0.3212436993796985
Canaries,9,272,0.30322434492691347
Canaries,9,288,0.2774988281695272
Canaries,9,304,0.2737018188536657
Canaries,9,320,0.2572698029719296
Canaries,9,328,0.21030260878698176
Canaries,9,344,0.21030260878698176
Canaries,9,360,0.20373517073579694
Canaries,9,384,0.18891232307705122
Canaries,9,400,0.18891232307705122
Canaries,9,416,0.18891232307705122
Canaries,9,440,0.18563947046814622
Canaries,9,456,0.17840282019742285
Canaries,9,480,0.17802580178987956
Canaries,9,504,0.17418673910721044
Canaries,9,528,0.16861864283420366
Canaries,9,552,0.15773585393086192
Canaries,9,576,0.15197017113493297
Canaries,9,600,0.15197017113493297
Canaries,9,632,0.1416244362324752
Canaries,9,664,0.12968948665251012
Canaries,9,696,0.10336435955272334
Canaries,9,728,0.10128122868962862
Canaries,9,760,0.09903624892804554
Canaries,9,792,0.07799519983418896
Canaries,9,832,0.05565798656133603
Canaries,9,872,0.0545055593540696
Canaries,9,912,0.0545055593540696
Canaries,9,952,0.04975686904477779
Canaries,9,1000,0.04975686904477779
Canaries,9,1048,0.04975686904477779
Canaries,9,1096,0.04975686904477779
Canaries,9,1152,0.04975686904477779
Canaries,9,1200,0.04975686904477779
Canaries,9,1256,0.04963491952540016
Canaries,9,1320,0.04923273154712288
Canaries,9,1376,0.049141695251546054
Canaries,9,1448,0.049033467202982836
Canaries,9,1512,0.04895795630831929
Canaries,9,1584,0.04895795630831929
Canaries,9,1656,0.04892445363656553
Canaries,9,1736,0.048903428960303974
Canaries,9,1816,0.0489025166514799
Canaries,9,1904,0.04890246742285444
HOT,0,8,0.757559692272108
HOT,0,16,0.757559692272108
HOT,0,24,0.38992090179902844
HOT,0,32,0.38992090179902844
HOT,0,40,0.38992090179902844
HOT,0,48,0.38992090179902844
HOT,0,56,0.38992090179902844
HOT,0,64,0.38992090179902844
HOT,0,72,0.38992090179902844
HOT,0,80,0.38992090179902844
HOT,0,88,0.37153173134453127
HOT,0,96,0.3360021459017221
HOT,0,104,0.3360021459017221
HOT,0,112,0.3360021459017221
HOT,0,120,0.3255926197312196
HOT,0,128,0.3255926197312196
HOT,0,136,0.3255926197312196
HOT,0,144,0.31699763420240734
HOT,0,152,0.29733008518716153
HOT,0,160,0.29733008518716153
HOT,0,168,0.29733008518716153
HOT,0,176,0.29733008518716153
HOT,0,184,0.2865345222777776
HOT,0,192,0.2865345222777776
HOT,0,208,0.27411303355206
HOT,0,216,0.27411303355206
HOT,0,224,0.27411303355206
HOT,0,240,0.2718878466770523
HOT,0,248,0.2678521221181934
HOT,0,264,0.2624656052298916
HOT,0,272,0.25927527866914524
HOT,0,288,0.2505976900638785
HOT,0,304,0.2505976900638785
HOT,0,320,0.24161863303849032
HOT,0,336,0.23697561189395827
HOT,0,352,0.23444956603635414
HOT,0,368,0.23444956603635414
HOT,0,384,0.2316636006986107
HOT,0,408,0.22952096081753665
HOT,0,424,0.22885587924357942
HOT,0,448,0.2255810473332714
HOT,0,472,0.22268416693199158
HOT,0,488,0.21894009713102688
HOT,0,512,0.2130967806636933
HOT,0,544,0.20604431498355166
HOT,0,568,0.19612369362975784
HOT,0,600,0.18740951695715916
HOT,0,624,0.18147244268781082
HOT,0,656,0.17586385133407806
HOT,0,688,0.16713842226371953
HOT,0,728,0.16565215024431698
HOT,0,760,0.14694019431409885
HOT,0,800,0.14028849895671514
HOT,0,840,0.13932495095378078
HOT,0,880,0.13719554607456466
HOT,0,920,0.1185677946932328
HOT,0,968,0.1185677946932328
HOT,0,1016,0.1185677946932328
HOT,0,1064,0.1185677946932328
HOT,0,1120,0.1185677946932328
HOT,0,1176,0.1185677946932328
HOT,0,1232,0.1185677946932328
HOT,0,1296,0.1185677946932328
HOT,0,1360,0.11844693317877465
HOT,0,1424,0.11844693317877465
HOT,0,1496,0.08642863477239558
HOT,0,1576,0.08642863477239558
HOT,0,1648,0.08642863477239558
HOT,0,1736,0.08642863477239558
HOT,0,1816,0.08642863477239558
HOT,0,1912,0.08642863477239558
HOT,0,2000,0.08642863477239558
HOT,0,2104,0.08642863477239558
HOT,0,2208,0.08642863477239558
HOT,0,2320,0.08642863477239558
HOT,0,2432,0.08642863477239558
HOT,0,2552,0.08642863477239558
HOT,1,8,0.45359348213572914
HOT,1,16,0.45359348213572914
HOT,1,24,0.45359348213572914
HOT,1,32,0.45359348213572914
HOT,1,40,0.45359348213572914
HOT,1,48,0.45359348213572914
HOT,1,56,0.3945182316853511
HOT,1,64,0.3945182316853511
HOT,1,72,0.3839364183045144
HOT,1,80,0.3839364183045144
HOT,1,88,0.3839364183045144
HOT,1,96,0.3839364183045144
HOT,1,104,0.3839364183045144
HOT,1,112,0.3839364183045144
HOT,1,120,0.3839364183045144
HOT,1,128,0.3839364183045144
HOT,1,136,0.3839364183045144
HOT,1,144,0.3839364183045144
HOT,1,152,0.3839364183045144
HOT,1,160,0.3839364183045144
HOT,1,168,0.3839364183045144
HOT,1,176,0.35052347119233623
HOT,1,192,0.35052347119233623
HOT,1,200,0.34384556338527866
HOT,1,208,0.34384556338527866
HOT,1,216,0.34384556338527866
HOT,1,224,0.34384556338527866
HOT,1,240,0.3412892672589401
HOT,1,248,0.3412892672589401
HOT,1,264,0.3412892672589401
HOT,1,272,0.3412892672589401
HOT,1,288,0.34066710045076054
HOT,1,304,0.34066710045076054
HOT,1,320,0.34066710045076054
HOT,1,336,0.3341612044612339
HOT,1,352,0.31342563734371626
HOT,1,368,0.29484257167019107
HOT,1,384,0.2749286913555636
HOT,1,408,0.2725012404495569
HOT,1,424,0.2725012404495569
HOT,1,448,0.2560940645632669
HOT,1,464,0.24026340241782282
HOT,1,488,0.2326952221936035
HOT,1,512,0.2326952221936035
HOT,1,536,0.2326952221936035
HOT,1,568,0.21106369312390477
HOT,1,592,0.20018693839707635
HOT,1,624,0.20018693839707635
HOT,1,656,0.1986181687908908
HOT,1,688,0.1986181687908908
HOT,1,720,0.19648248363077603
HOT,1,752,0.19628860941053408
HOT,1,792,0.19088386258172432
HOT,1,832,0.1896356712375302
HOT,1,872,0.18792769185010882
HOT,1,912,0.18471339531255346
HOT,1,960,0.1764167151416175
HOT,1,1008,0.17098223555853245
HOT,1,1056,0.14790460084937085
HOT,1,1104,0.14790460084937085
HOT,1,1160,0.13438179427695013
HOT,1,1216,0.13380568462200765
HOT,1,1272,0.12855584955510557
HOT,1,1336,0.125710174700598
HOT,1,1400,0.12436004065397985
HOT,1,1472,0.12409098976130908
HOT,1,1544,0.09460854565405362
HOT,1,1624,0.09460854565405362
HOT,1,1696,0.09460854565405362
HOT,1,1784,0.09460854565405362
HOT,1,1872,0.09460854565405362
HOT,1,1960,0.09460854565405362
HOT,1,2056,0.09460854565405362
HOT,1,2160,0.09460854565405362
HOT,1,2264,0.09460854565405362
HOT,1,2376,0.09460854565405362
HOT,2,8,1.433751801576513
HOT,2,16,0.3091729593372112
HOT,2,24,0.3091729593372112
HOT,2,32,0.3091729593372112
HOT,2,40,0.3091729593372112
HOT,2,48,0.3091729593372112
HOT,2,56,0.3091729593372112
HOT,2,64,0.2949040121262853
HOT,2,72,0.2949040121262853
HOT,2,80,0.2949040121262853
HOT,2,88,0.2949040121262853
HOT,2,96,0.2949040121262853
HOT,2,104,0.2949040121262853
HOT,2,112,0.2949040121262853
HOT,2,120,0.2949040121262853
HOT,2,128,0.24707487810751821
HOT,2,136,0.24707487810751821
HOT,2,144,0.2362830817082021
HOT,2,152,0.2362830817082021
HOT,2,160,0.23277965097767017
HOT,2,168,0.23277965097767017
HOT,2,176,0.23277965097767017
HOT,2,184,0.23277965097767017
HOT,2,192,0.22235678143135132
HOT,2,200,0.22235678143135132
HOT,2,216,0.22235678143135132
HOT,2,224,0.22235678143135132
HOT,2,232,0.22235678143135132
HOT,2,240,0.22235678143135132
HOT,2,256,0.22235678143135132
HOT,2,264,0.22235678143135132
HOT,2,280,0.22235678143135132
HOT,2,288,0.22235678143135132
HOT,2,304,0.21836881453510165
HOT,2,320,0.21836881453510165
HOT,2,336,0.21836881453510165
HOT,2,352,0.21836881453510165
HOT,2,368,0.21836881453510165
HOT,2,384,0.21771356008037546
HOT,2,400,0.2064255094855572
HOT,2,416,0.2064255094855572
HOT,2,440,0.2064255094855572
HOT,2,456,0.2064255094855572
HOT,2,480,0.2064255094855572
HOT,2,496,0.20010584677328896
HOT,2,520,0.20010584677328896
HOT,2,544,0.19973563509814782
HOT,2,568,0.1900038068891604
HOT,2,600,0.16945579371010697
HOT,2,624,0.16255082971217183
HOT,2,656,0.13230623812039588
HOT,2,680,0.1309397305667576
HOT,2,712,0.1309397305667576
HOT,2,752,0.12481875739713766
HOT,2,784,0.12481875739713766
HOT,2,816,0.12365063463626817
HOT,2,856,0.12283762305713411
HOT,2,896,0.1226087729305515
HOT,2,936,0.12242676567706903
HOT,2,976,0.12242676567706903
HOT,2,1024,0.122064876243814
HOT,2,1072,0.12182907328725259
HOT,2,1120,0.12160864090634221
HOT,2,1176,0.12154409884665715
HOT,2,1224,0.12154004354659523
HOT,2,1280,0.12153916550928891
HOT,2,1344,0.12153905299977386
HOT,2,1400,0.12153905299977386
HOT,2,1472,0.12153905167199283
HOT,2,1536,0.12153905159139658
HOT,2,1608,0.12153905159139658
HOT,2,1680,0.12153905157002391
HOT,3,8,1.869102107986569
HOT,3,16,1.869102107986569
HOT,3,24,1.29325849577393
HOT,3,32,1.1491823129039203
HOT,3,40,0.8105011631599294
HOT,3,48,0.6745778804826881
HOT,3,56,0.5521669861218684
HOT,3,64,0.48626357716299445
HOT,3,72,0.41417970721423664
HOT,3,80,0.3189154839867283
HOT,3,88,0.3189154839867283
HOT,3,96,0.3189154839867283
HOT,3,104,0.3189154839867283
HOT,3,112,0.29671654825729965
HOT,3,120,0.2937230254456665
HOT,3,128,0.2937230254456665
HOT,3,136,0.28658887177454284
HOT,3,144,0.2573924340093936
HOT,3,152,0.2573924340093936
HOT,3,160,0.2573924340093936
HOT,3,168,0.2573924340093936
HOT,3,176,0.2573924340093936
HOT,3,184,0.2573924340093936
HOT,3,192,0.25738710686646915
HOT,3,200,0.25738710686646915
HOT,3,208,0.25738710686646915
HOT,3,224,0.25738710686646915
HOT,3,232,0.25464377124403226
HOT,3,240,0.2543037326840531
HOT,3,256,0.23559558712840642
HOT,3,264,0.23559558712840642
HOT,3,280,0.23077314515778702
HOT,3,296,0.22469687694678311
HOT,3,312,0.22469687694678311
HOT,3,328,0.2200906059375278
HOT,3,344,0.21870509282335956
HOT,3,360,0.21870509282335956
HOT,3,376,0.21870509282335956
HOT,3,392,0.21870509282335956
HOT,3,416,0.2141506999591654
HOT,3,432,0.21405438805244545
HOT,3,456,0.20851405143980367
HOT,3,480,0.20851405143980367
HOT,3,504,0.20851405143980367
HOT,3,528,0.2044473424013379
HOT,3,552,0.2044473424013379
HOT,3,576,0.20414981802901352
HOT,3,608,0.20414981802901352
HOT,3,640,0.20015561086757522
HOT,3,672,0.20015561086757522
HOT,3,704,0.19937779582393145
HOT,3,736,0.19870340830102734
HOT,3,768,0.19785216016445342
HOT,3,808,0.19412615789862456
HOT,3,848,0.18949970408966874
HOT,3,888,0.1792292886426182
HOT,3,936,0.17197931768863708
HOT,3,984,0.15261641991513478
HOT,3,1032,0.12856187507717073
HOT,3,1080,0.12446367051899268
HOT,3,1136,0.12443763769006094
HOT,3,1192,0.12417646877342428
HOT,3,1248,0.123973094277436
HOT,3,1312,0.12393069092158804
HOT,3,1376,0.12313844928492917
HOT,3,1440,0.12176642426245335
HOT,3,1512,0.09472846818791221
HOT,3,1584,0.09472846818791221
HOT,3,1664,0.09472846818791221
HOT,3,1752,0.09472846818791221
HOT,3,1832,0.09472846818791221
HOT,3,1928,0.09472846818791221
HOT,3,2016,0.09472846818791221
HOT,3,2120,0.09472846818791221
HOT,3,2224,0.09472846818791221
HOT,3,2336,0.09472846818791221
HOT,3,2448,0.09472846818791221
HOT,4,8,1.6716404852930584
HOT,4,16,1.4722414730981097
HOT,4,24,1.4722414730981097
HOT,4,32,1.16692331761197
HOT,4,40,0.8049088373178128
HOT,4,48,0.8049088373178128
HOT,4,56,0.33877495304222527
HOT,4,64,0.33877495304222527
HOT,4,72,0.33877495304222527
HOT,4,80,0.33877495304222527
HOT,4,88,0.33877495304222527
HOT,4,96,0.33877495304222527
HOT,4,104,0.33877495304222527
HOT,4,112,0.33877495304222527
HOT,4,120,0.33877495304222527
HOT,4,128,0.33877495304222527
HOT,4,136,0.33877495304222527
HOT,4,144,0.33877495304222527
HOT,4,152,0.33877495304222527
HOT,4,160,0.33877495304222527
HOT,4,168,0.33877495304222527
HOT,4,176,0.33877495304222527
HOT,4,184,0.33877495304222527
HOT,4,192,0.33877495304222527
HOT,4,200,0.33877495304222527
HOT,4,216,0.33877495304222527
HOT,4,224,0.33877495304222527
HOT,4,232,0.33877495304222527
HOT,4,248,0.33877495304222527
HOT,4,256,0.33877495304222527
HOT,4,272,0.33877495304222527
HOT,4,280,0.33877495304222527
HOT,4,296,0.3361509036503706
HOT,4,312,0.3168043287584611
HOT,4,328,0.3168043287584611
HOT,4,344,0.2880011287954359
HOT,4,360,0.2880011287954359
HOT,4,376,0.28684579987543485
HOT,4,400,0.28684579987543485
HOT,4,416,0.28684579987543485
HOT,4,440,0.27743083768748866
HOT,4,456,0.260181634021161
HOT,4,480,0.260181634021161
HOT,4,504,0.260181634021161
HOT,4,528,0.25103810085768696
HOT,4,560,0.24634173293136552
HOT,4,584,0.23466100488656821
HOT,4,616,0.18702413228906634
HOT,4,640,0.18702413228906634
HOT,4,672,0.18516061201425046
HOT,4,712,0.18516061201425046
HOT,4,744,0.18516061201425046
HOT,4,776,0.18516061201425046
HOT,4,816,0.18516061201425046
HOT,4,856,0.18516061201425046
HOT,4,904,0.18516061201425046
HOT,4,944,0.18516061201425046
HOT,4,992,0.18516061201425046
HOT,4,1040,0.18516061201425046
HOT,4,1096,0.18516061201425046
HOT,4,1144,0.18516061201425046
HOT,4,1200,0.18516061201425046
HOT,4,1264,0.17057064519000767
HOT,4,1328,0.15744105960180418
HOT,4,1392,0.15506138116771453
HOT,4,1456,0.15471746147366458
HOT,4,1528,0.15438415677661077
HOT,4,1608,0.15327408389365157
HOT,4,1688,0.15146427765215867
HOT,4,1768,0.1492678276668982
HOT,4,1856,0.14760976798997172
HOT,4,1952,0.1460335045184395
HOT,4,2048,0.1453831515898582
HOT,4,2144,0.14489798949656618
HOT,4,2256,0.14489745430465156
HOT,4,2360,0.14489741534999018
HOT,4,2480,0.14489741492610264
HOT,5,8,1.1404370727911624
HOT,5,16,1.1404370727911624
HOT,5,24,1.0727566688775427
HOT,5,32,1.0727566688775427
HOT,5,40,1.0727566688775427
HOT,5,48,0.9721297677022862
HOT,5,56,0.9721297677022862
HOT,5,64,0.9721297677022862
HOT,5,72,0.5980949675417447
HOT,5,80,0.5605074465035776
HOT,5,88,0.5605074465035776
HOT,5,96,0.5605074465035776
HOT,5,104,0.5605074465035776
HOT,5,112,0.39846319068025476
HOT,5,120,0.3760621776801183
HOT,5,128,0.3760621776801183
HOT,5,136,0.3760621776801183
HOT,5,144,0.3760621776801183
HOT,5,152,0.3026527937949158
HOT,5,160,0.3026527937949158
HOT,5,168,0.3026527937949158
HOT,5,176,0.3026527937949158
HOT,5,192,0.3026527937949158
HOT,5,200,0.3026527937949158
HOT,5,208,0.3026527937949158
HOT,5,224,0.3026527937949158
HOT,5,232,0.3026527937949158
HOT,5,248,0.3026527937949158
HOT,5,256,0.3026527937949158
HOT,5,272,0.3026527937949158
HOT,5,288,0.3026527937949158
HOT,5,296,0.3026527937949158
HOT,5,312,0.3026527937949158
HOT,5,328,0.3026527937949158
HOT,5,352,0.3026527937949158
HOT,5,368,0.3026527937949158
HOT,5,384,0.3026527937949158
HOT,5,408,0.3026527937949158
HOT,5,432,0.3026527937949158
HOT,5,448,0.3026527937949158
HOT,5,472,0.3026527937949158
HOT,5,496,0.3026527937949158
HOT,5,528,0.3026527937949158
HOT,5,552,0.3026527937949158
HOT,5,584,0.3026527937949158
HOT,5,616,0.3026527937949158
HOT,5,648,0.3026527937949158
HOT,5,680,0.29795931815648796
HOT,5,712,0.2802197356103402
HOT,5,752,0.26486230011001394
HOT,5,792,0.26486230011001394
HOT,5,832,0.26486230011001394
HOT,5,872,0.26266176920772266
HOT,5,920,0.24745850604561404
HOT,5,968,0.22474114406602366
HOT,5,1024,0.216372089484431
HOT,5,1072,0.21440523147425278
HOT,5,1128,0.21335282942156958
HOT,5,1192,0.2107796573100922
HOT,5,1248,0.20439983953005372
HOT,5,1320,0.20387203901728662
HOT,5,1384,0.20262972129256596
HOT,5,1456,0.2003621023249331
HOT,5,1536,0.19929540243132884
HOT,5,1616,0.19820988263808975
HOT,5,1696,0.19502317092044344
HOT,5,1792,0.18304167039799601
HOT,5,1880,0.172124312055239
HOT,5,1984,0.15636841477080415
HOT,5,2088,0.14299948474314925
HOT,5,2192,0.11252380029213115
HOT,5,2312,0.11252380029213115
HOT,5,2432,0.11252380029213115
HOT,5,2560,0.11252380029213115
HOT,5,2688,0.11252380029213115
HOT,5,2832,0.07720574425632049
HOT,5,2976,0.07720574425632049
HOT,5,3136,0.07720574425632049
HOT,5,3296,0.07720574425632049
HOT,5,3472,0.07720574425632049
HOT,6,8,0.5817069499923093
HOT,6,16,0.5817069499923093
HOT,6,24,0.5817069499923093
HOT,6,32,0.5817069499923093
HOT,6,40,0.357689266390184
HOT,6,48,0.357689266390184
HOT,6,56,0.3006987222477421
HOT,6,64,0.3006987222477421
HOT,6,72,0.3006987222477421
HOT,6,80,0.28723761585893115
HOT,6,88,0.2594521107509727
HOT,6,96,0.2594521107509727
HOT,6,104,0.2594521107509727
HOT,6,112,0.2594521107509727
HOT,6,120,0.2594521107509727
HOT,6,128,0.2594521107509727
HOT,6,136,0.2594521107509727
HOT,6,144,0.2594521107509727
HOT,6,152,0.2594521107509727
HOT,6,160,0.2594521107509727
HOT,6,168,0.2594521107509727
HOT,6,176,0.24994806359596408
HOT,6,184,0.24994806359596408
HOT,6,192,0.24994806359596408
HOT,6,200,0.24994806359596408
HOT,6,208,0.24994806359596408
HOT,6,224,0.24994806359596408
HOT,6,232,0.24994806359596408
HOT,6,240,0.24994806359596408
HOT,6,256,0.24994806359596408
HOT,6,272,0.24994806359596408
HOT,6,280,0.24994806359596408
HOT,6,296,0.24994806359596408
HOT,6,312,0.24994806359596408
HOT,6,328,0.24994806359596408
HOT,6,344,0.24994806359596408
HOT,6,360,0.23818543014019355
HOT,6,376,0.23287837107566278
HOT,6,400,0.23287837107566278
HOT,6,416,0.23287837107566278
HOT,6,440,0.23287837107566278
HOT,6,456,0.23287837107566278
HOT,6,480,0.23287837107566278
HOT,6,504,0.23287837107566278
HOT,6,528,0.23287837107566278
HOT,6,560,0.23287837107566278
HOT,6,584,0.23287837107566278
HOT,6,616,0.23287837107566278
HOT,6,648,0.23287837107566278
HOT,6,680,0.2283545058954094
HOT,6,712,0.2283545058954094
HOT,6,744,0.2283545058954094
HOT,6,784,0.2283545058954094
HOT,6,824,0.2283545058954094
HOT,6,864,0.22185964428345825
HOT,6,912,0.21830995271264836
HOT,6,952,0.21402475576613605
HOT,6,1000,0.21120429984491237
HOT,6,1048,0.20433615861585705
HOT,6,1104,0.1781390780378702
HOT,6,1160,0.15461827865175987
HOT,6,1216,0.13814819278605395
HOT,6,1280,0.07724154426961004
HOT,6,1344,0.07724154426961004
HOT,6,1408,0.07724154426961004
HOT,6,1480,0.07724154426961004
HOT,6,1552,0.07724154426961004
HOT,6,1632,0.07724154426961004
HOT,6,1712,0.07724154426961004
HOT,6,1800,0.07724154426961004
HOT,6,1888,0.07724154426961004
HOT,6,1984,0.07724154426961004
HOT,6,2080,0.07724154426961004
HOT,6,2184,0.07724154426961004
HOT,6,2296,0.07724154426961004
HOT,6,2408,0.07724154426961004
HOT,6,2528,0.07724154426961004
HOT,6,2656,0.07724154426961004
HOT,7,8,1.5602707576036259
HOT,7,16,1.5602707576036259
HOT,7,24,0.6901297289049955
HOT,7,32,0.6901297289049955
HOT,7,40,0.6901297289049955
HOT,7,48,0.6901297289049955
HOT,7,56,0.5857918099437477
HOT,7,64,0.433256573614793
HOT,7,72,0.433256573614793
HOT,7,80,0.433256573614793
HOT,7,88,0.433256573614793
HOT,7,96,0.433256573614793
HOT,7,104,0.39365304293840087
HOT,7,112,0.37467191531681576
HOT,7,120,0.37467191531681576
HOT,7,128,0.37467191531681576
HOT,7,136,0.37467191531681576
HOT,7,144,0.37467191531681576
HOT,7,152,0.37467191531681576
HOT,7,160,0.3566858592554631
HOT,7,168,0.321254244381305
HOT,7,176,0.2878850751929969
HOT,7,184,0.2878850751929969
HOT,7,200,0.2661702365366486
HOT,7,208,0.2661702365366486
HOT,7,216,0.2661702365366486
HOT,7,224,0.2661702365366486
HOT,7,240,0.2661702365366486
HOT,7,248,0.2661702365366486
HOT,7,264,0.2661702365366486
HOT,7,272,0.2661702365366486
HOT,7,288,0.2661702365366486
HOT,7,296,0.2661702365366486
HOT,7,312,0.2661702365366486
HOT,7,328,0.2661702365366486
HOT,7,344,0.2661702365366486
HOT,7,360,0.2661702365366486
HOT,7,376,0.2661702365366486
HOT,7,400,0.2661702365366486
HOT,7,416,0.2661702365366486
HOT,7,440,0.2661702365366486
HOT,7,456,0.2661702365366486
HOT,7,480,0.2661702365366486
HOT,7,504,0.2649583136798811
HOT,7,528,0.2569590709835446
HOT,7,552,0.25062031796760004
HOT,7,576,0.23747716355863144
HOT,7,608,0.22688023913857666
HOT,7,632,0.21114843182240114
HOT,7,664,0.21114843182240114
HOT,7,696,0.19669300578429139
HOT,7,736,0.19349683059959968
HOT,7,768,0.19180535020121722
HOT,7,808,0.18614910514815503
HOT,7,840,0.18210157794194234
HOT,7,880,0.17434719457587777
HOT,7,928,0.16503082144055367
HOT,7,968,0.16503082144055367
HOT,7,1016,0.1553682051118445
HOT,7,1064,0.1486884919186607
HOT,7,1120,0.1400411903523133
HOT,7,1168,0.1400411903523133
HOT,7,1232,0.13934782023430584
HOT,7,1288,0.13760369208729456
HOT,7,1352,0.13536019408109323
HOT,7,1416,0.133992044974123
HOT,7,1480,0.13275302644036066
HOT,7,1552,0.13179376098132647
HOT,7,1632,0.13143265007079447
HOT,7,1704,0.13139119222091078
HOT,7,1792,0.13138382005170282
HOT,7,1872,0.13138381243795688
HOT,7,1968,0.1313835582902391
HOT,7,2064,0.13138354464004157
HOT,7,2160,0.13138354398957994
HOT,8,8,2.9777082701797752
HOT,8,16,0.38788808233593536
HOT,8,24,0.38788808233593536
HOT,8,32,0.38788808233593536
HOT,8,40,0.38788808233593536
HOT,8,48,0.38788808233593536
HOT,8,56,0.3307956397392532
HOT,8,64,0.3307956397392532
HOT,8,72,0.3307956397392532
HOT,8,80,0.3307956397392532
HOT,8,88,0.3307956397392532
HOT,8,96,0.3307956397392532
HOT,8,104,0.3307956397392532
HOT,8,112,0.3307956397392532
HOT,8,120,0.3307956397392532
HOT,8,128,0.3307956397392532
HOT,8,136,0.3307956397392532
HOT,8,144,0.3307956397392532
HOT,8,152,0.3307956397392532
HOT,8,160,0.3307956397392532
HOT,8,168,0.3307956397392532
HOT,8,176,0.3307956397392532
HOT,8,192,0.3307956397392532
HOT,8,200,0.3307956397392532
HOT,8,208,0.3138817437309899
HOT,8,216,0.30330512180400676
HOT,8,224,0.30330512180400676
HOT,8,240,0.28727375304885006
HOT,8,248,0.28727375304885006
HOT,8,264,0.27240035073620555
HOT,8,272,0.27240035073620555
HOT,8,288,0.24418494628755513
HOT,8,304,0.24418494628755513
HOT,8,320,0.24418494628755513
HOT,8,336,0.24418494628755513
HOT,8,352,0.24418494628755513
HOT,8,368,0.24418494628755513
HOT,8,384,0.24418494628755513
HOT,8,408,0.23677402099588354
HOT,8,424,0.23320303560336025
HOT,8,448,0.2303501416715072
HOT,8,464,0.22203300736797138
HOT,8,488,0.22203300736797138
HOT,8,512,0.22203300736797138
HOT,8,536,0.21514223756151452
HOT,8,568,0.2022474195014617
HOT,8,592,0.1934532237191773
HOT,8,624,0.18785089678425543
HOT,8,656,0.17345777730249384
HOT,8,688,0.15984426039307897
HOT,8,720,0.1583143687940073
HOT,8,752,0.13970830034625567
HOT,8,792,0.13970830034625567
HOT,8,832,0.13970830034625567
HOT,8,872,0.13970830034625567
HOT,8,912,0.13970830034625567
HOT,8,960,0.12961852162247195
HOT,8,1008,0.12961852162247195
HOT,8,1056,0.12961852162247195
HOT,8,1104,0.12961852162247195
HOT,8,1160,0.12588267847636161
HOT,8,1216,0.12588267847636161
HOT,8,1272,0.12568530963405147
HOT,8,1336,0.12550136590536232
HOT,8,1400,0.12340217342295459
HOT,8,1472,0.12186215718095486
HOT,8,1544,0.07016384739733268
HOT,8,1624,0.07016384739733268
HOT,8,1696,0.07016384739733268
HOT,8,1784,0.07016384739733268
HOT,8,1872,0.07016384739733268
HOT,8,1960,0.07016384739733268
HOT,8,2056,0.07016384739733268
HOT,8,2160,0.07016384739733268
HOT,8,2264,0.07016384739733268
HOT,8,2376,0.07016384739733268
HOT,9,8,3.2096889190330287
HOT,9,16,0.5603644023520563
HOT,9,24,0.5603644023520563
HOT,9,32,0.5603644023520563
HOT,9,40,0.3795118422086881
HOT,9,48,0.3795118422086881
HOT,9,56,0.3795118422086881
HOT,9,64,0.3795118422086881
HOT,9,72,0.3795118422086881
HOT,9,80,0.3795118422086881
HOT,9,88,0.3769986659583617
HOT,9,96,0.3769986659583617
HOT,9,104,0.3769986659583617
HOT,9,112,0.33816574318809367
HOT,9,120,0.33816574318809367
HOT,9,128,0.33816574318809367
HOT,9,136,0.3055574248914846
HOT,9,144,0.30113248693620487
HOT,9,152,0.30113248693620487
HOT,9,160,0.30113248693620487
HOT,9,168,0.30113248693620487
HOT,9,176,0.30113248693620487
HOT,9,184,0.30113248693620487
HOT,9,192,0.30113248693620487
HOT,9,200,0.30113248693620487
HOT,9,216,0.30113248693620487
HOT,9,224,0.30113248693620487
HOT,9,240,0.30113248693620487
HOT,9,248,0.292004882997887
HOT,9,264,0.26247334768994435
HOT,9,272,0.26247334768994435
HOT,9,288,0.26247334768994435
HOT,9,304,0.26247334768994435
HOT,9,320,0.26247334768994435
HOT,9,336,0.26247334768994435
HOT,9,352,0.26247334768994435
HOT,9,368,0.2598426599691672
HOT,9,384,0.2598426599691672
HOT,9,408,0.2598426599691672
HOT,9,424,0.2598426599691672
HOT,9,448,0.25323686794253497
HOT,9,472,0.24686412069680094
HOT,9,496,0.23840788302130192
HOT,9,520,0.2188120307793897
HOT,9,544,0.2188120307793897
HOT,9,568,0.2188120307793897
HOT,9,600,0.2141691591612784
HOT,9,632,0.2141691591612784
HOT,9,664,0.21169345827012603
HOT,9,696,0.20324148087188243
HOT,9,728,0.20324148087188243
HOT,9,768,0.19928422534063872
HOT,9,808,0.18808179985746618
HOT,9,848,0.18808179985746618
HOT,9,888,0.1723865652987117
HOT,9,936,0.1723865652987117
HOT,9,976,0.1723865652987117
HOT,9,1032,0.1723865652987117
HOT,9,1080,0.1723865652987117
HOT,9,1136,0.1723865652987117
HOT,9,1192,0.1723865652987117
HOT,9,1248,0.16890466843288765
HOT,9,1312,0.13352654135105943
HOT,9,1384,0.13310468956329208
HOT,9,1448,0.13310468956329208
HOT,9,1520,0.13303441994428597
HOT,9,1600,0.132836938999802
HOT,9,1680,0.13193786912744018
HOT,9,1768,0.1318692681677652
HOT,9,1856,0.13156636493621773
HOT,9,1944,0.13152652037153967
HOT,9,2048,0.1314036165108084
HOT,9,2144,0.13139509529265792
HOT,9,2256,0.1313915556029431
HOT,9,2368,0.13138375570194263
HOT,9,2488,0.13138355743230531
HOT,9,2616,0.13138354437966598
HOT,9,2744,0.13138354397887306
MERGED,0,8,1.0772630948568742
MERGED,0,16,1.0772630948568742
MERGED,0,24,0.9918360820704191
MERGED,0,32,0.9918360820704191
MERGED,0,40,0.9918360820704191
MERGED,0,48,0.9918360820704191
MERGED,0,56,0.9233102596274062
MERGED,0,64,0.7820164315108572
MERGED,0,72,0.6808756296586473
MERGED,0,80,0.6808756296586473
MERGED,0,88,0.6808756296586473
MERGED,0,96,0.6671446725597977
MERGED,0,104,0.5595963932416889
MERGED,0,112,0.5595963932416889
MERGED,0,120,0.5595963932416889
MERGED,0,128,0.5232954854275472
MERGED,0,136,0.5053015711511603
MERGED,0,144,0.47989568611447625
MERGED,0,152,0.47989568611447625
MERGED,0,160,0.4680269355707707
MERGED,0,168,0.362823414692651
MERGED,0,176,0.362823414692651
MERGED,0,184,0.362823414692651
MERGED,0,192,0.3176796612455004
MERGED,0,200,0.3176796612455004
MERGED,0,208,0.3176796612455004
MERGED,0,224,0.3162590086770956
MERGED,0,232,0.29164338813304497
MERGED,0,240,0.29164338813304497
MERGED,0,256,0.28926562916754966
MERGED,0,264,0.28926562916754966
MERGED,0,280,0.2723084625114652
MERGED,0,288,0.23674671557267904
MERGED,0,304,0.23087616193904179
MERGED,0,312,0.223844931053186
MERGED,0,328,0.13636856851663742
MERGED,0,344,0.13636856851663742
MERGED,0,360,0.131359204908405
MERGED,0,376,0.1284003799524869
MERGED,0,392,0.11171208658490588
MERGED,0,408,0.09712860973334603
MERGED,0,432,0.08229930314388922
MERGED,0,448,0.06544807495784984
MERGED,0,472,0.06544807495784984
MERGED,0,488,0.06544807495784984
MERGED,0,512,0.06544807495784984
MERGED,0,536,0.06544807495784984
MERGED,0,560,0.06257737072052079
MERGED,0,584,0.059541565140067164
MERGED,0,616,0.05879992491854993
MERGED,0,640,0.05879992491854993
MERGED,0,672,0.05879992491854993
MERGED,0,696,0.05879992491854993
MERGED,0,728,0.0580253620034821
MERGED,0,768,0.0559832958719618
MERGED,0,800,0.054813393962109484
MERGED,0,832,0.051888745394478825
MERGED,0,872,0.05012122785903093
MERGED,0,912,0.04853335768613334
MERGED,0,952,0.04789398262673558
MERGED,0,1000,0.04750963482597655
MERGED,0,1040,0.04690155311999374
MERGED,0,1088,0.04683495219605344
MERGED,0,1136,0.04683495219605344
MERGED,0,1192,0.04678526451447241
MERGED,0,1240,0.04675270553661859
MERGED,0,1304,0.046690487043152075
MERGED,0,1360,0.046634679619220666
MERGED,0,1424,0.04660887258920585
MERGED,0,1488,0.04660048924414639
MERGED,0,1552,0.04657862677314532
MERGED,1,8,1.3462468367511715
MERGED,1,16,1.3462468367511715
MERGED,1,24,1.1362299296897864
MERGED,1,32,1.1362299296897864
MERGED,1,40,1.1362299296897864
MERGED,1,48,1.1362299296897864
MERGED,1,56,1.1362299296897864
MERGED,1,64,1.1362299296897864
MERGED,1,72,1.1362299296897864
MERGED,1,80,1.1362299296897864
MERGED,1,88,1.0813627540626936
MERGED,1,96,1.0813627540626936
MERGED,1,104,0.8848912864732048
MERGED,1,112,0.8848912864732048
MERGED,1,120,0.6770810616818208
MERGED,1,128,0.6770810616818208
MERGED,1,136,0.6770810616818208
MERGED,1,144,0.5810944448949796
MERGED,1,152,0.5810944448949796
MERGED,1,160,0.5810944448949796
MERGED,1,168,0.5494387469465825
MERGED,1,176,0.5494387469465825
MERGED,1,184,0.5494387469465825
MERGED,1,192,0.5494387469465825
MERGED,1,200,0.5494387469465825
MERGED,1,208,0.5494387469465825
MERGED,1,216,0.5494387469465825
MERGED,1,224,0.5003628669994397
MERGED,1,232,0.5003628669994397
MERGED,1,240,0.4269137912787633
MERGED,1,256,0.40487705935387835
MERGED,1,264,0.40487705935387835
MERGED,1,280,0.39909452172201026
MERGED,1,288,0.39909452172201026
MERGED,1,304,0.3846058308291112
MERGED,1,312,0.3846058308291112
MERGED,1,328,0.38237706673630006
MERGED,1,344,0.3596002248926176
MERGED,1,352,0.3490121098495331
MERGED,1,368,0.3443271592924286
MERGED,1,384,0.3359447386788892
MERGED,1,400,0.3333419750798059
MERGED,1,424,0.31899670368754407
MERGED,1,440,0.31899670368754407
MERGED,1,456,0.3119071308194106
MERGED,1,480,0.29411324958184143
MERGED,1,496,0.25543173386760915
MERGED,1,520,0.20739299459668184
MERGED,1,544,0.1748855088136434
MERGED,1,568,0.14004574486026053
MERGED,1,592,0.10746548405968852
MERGED,1,616,0.07726197736342508
MERGED,1,640,0.07726197736342508
MERGED,1,672,0.07108201923775498
MERGED,1,696,0.07108201923775498
MERGED,1,728,0.07108201923775498
MERGED,1,760,0.06628751725324643
MERGED,1,792,0.06628751725324643
MERGED,1,824,0.06617222544218822
MERGED,1,864,0.06576628506616579
MERGED,1,896,0.06569942548478647
MERGED,1,936,0.06567804381148656
MERGED,1,976,0.0656561565143936
MERGED,1,1024,0.0656553787990788
MERGED,1,1064,0.06565377398097008
MERGED,1,1112,0.06565228440759106
MERGED,1,1160,0.06565195211278498
MERGED,1,1208,0.065651262955994
MERGED,2,8,1.1017092545436953
MERGED,2,16,1.1017092545436953
MERGED,2,24,1.0085791976434384
MERGED,2,32,0.3843590117370603
MERGED,2,40,0.3843590117370603
MERGED,2,48,0.3843590117370603
MERGED,2,56,0.3843590117370603
MERGED,2,64,0.3843590117370603
MERGED,2,72,0.3843590117370603
MERGED,2,80,0.3843590117370603
MERGED,2,88,0.3843590117370603
MERGED,2,96,0.3843590117370603
MERGED,2,104,0.3843590117370603
MERGED,2,112,0.3843590117370603
MERGED,2,120,0.3843590117370603
MERGED,2,128,0.3843590117370603
MERGED,2,136,0.3843590117370603
MERGED,2,144,0.3843590117370603
MERGED,2,152,0.3843590117370603
MERGED,2,160,0.3843590117370603
MERGED,2,168,0.3843590117370603
MERGED,2,176,0.3843590117370603
MERGED,2,184,0.3843590117370603
MERGED,2,192,0.3843590117370603
MERGED,2,200,0.3843590117370603
MERGED,2,208,0.3843590117370603
MERGED,2,216,0.3843590117370603
MERGED,2,224,0.3843590117370603
MERGED,2,232,0.3843590117370603
MERGED,2,248,0.3843590117370603
MERGED,2,256,0.3843590117370603
MERGED,2,264,0.3843590117370603
MERGED,2,280,0.3843590117370603
MERGED,2,288,0.3843590117370603
MERGED,2,304,0.3843590117370603
MERGED,2,320,0.3843590117370603
MERGED,2,328,0.3843590117370603
MERGED,2,344,0.3843590117370603
MERGED,2,360,0.36772658026139254
MERGED,2,376,0.36772658026139254
MERGED,2,392,0.36772658026139254
MERGED,2,408,0.36772658026139254
MERGED,2,432,0.32447316986689784
MERGED,2,448,0.2890420141518998
MERGED,2,464,0.21071059215294063
MERGED,2,488,0.1972957690282158
MERGED,2,512,0.18658567993761166
MERGED,2,528,0.12069932998511497
MERGED,2,552,0.12069932998511497
MERGED,2,576,0.09235572938416303
MERGED,2,600,0.09235572938416303
MERGED,2,632,0.08412457263373158
MERGED,2,656,0.08412457263373158
MERGED,2,688,0.06800237210895088
MERGED,2,720,0.06743422212170655
MERGED,2,744,0.06743422212170655
MERGED,2,784,0.06600654875116493
MERGED,2,816,0.06600654875116493
MERGED,2,848,0.06573847604141536
MERGED,2,888,0.06573847604141536
MERGED,2,928,0.06573847604141536
MERGED,2,968,0.06571749053386743
MERGED,2,1008,0.06571749053386743
MERGED,2,1056,0.06571749053386743
MERGED,2,1096,0.06571749053386743
MERGED,2,1144,0.06571749053386743
MERGED,2,1200,0.06571749053386743
MERGED,2,1248,0.06571749053386743
MERGED,2,1304,0.06571749053386743
MERGED,3,8,1.8032231027333525
MERGED,3,16,1.0870135790951723
MERGED,3,24,1.0870135790951723
MERGED,3,32,0.9698045264940017
MERGED,3,40,0.9523341981551131
MERGED,3,48,0.9523341981551131
MERGED,3,56,0.8533595926046568
MERGED,3,64,0.8533595926046568
MERGED,3,72,0.8371954570727089
MERGED,3,80,0.7345374403858868
MERGED,3,88,0.7327092274882198
MERGED,3,96,0.7103552201461237
MERGED,3,104,0.47408074498656455
MERGED,3,112,0.47408074498656455
MERGED,3,120,0.47408074498656455
MERGED,3,128,0.47408074498656455
MERGED,3,136,0.47408074498656455
MERGED,3,144,0.47408074498656455
MERGED,3,152,0.38209639301113524
MERGED,3,160,0.38209639301113524
MERGED,3,168,0.38209639301113524
MERGED,3,176,0.38209639301113524
MERGED,3,184,0.38209639301113524
MERGED,3,192,0.38209639301113524
MERGED,3,200,0.38003794250532597
MERGED,3,216,0.3768324975835315
MERGED,3,224,0.3768324975835315
MERGED,3,232,0.3611161593345303
MERGED,3,240,0.3581956520768524
MERGED,3,256,0.33555548093525384
MERGED,3,264,0.33315821744416546
MERGED,3,272,0.32706282955759863
MERGED,3,288,0.27998266381816134
MERGED,3,296,0.279035853400518
MERGED,3,312,0.23037954273105124
MERGED,3,328,0.22691701530090444
MERGED,3,336,0.22691701530090444
MERGED,3,352,0.2148780322606254
MERGED,3,368,0.1806495292233827
MERGED,3,384,0.131207448578029
MERGED,3,400,0.12642536117562655
MERGED,3,424,0.09168282359707003
MERGED,3,440,0.09168282359707003
MERGED,3,456,0.07904966409307869
MERGED,3,480,0.07904966409307869
MERGED,3,496,0.07904966409307869
MERGED,3,520,0.06329233423386636
MERGED,3,544,0.06329233423386636
MERGED,3,568,0.06329233423386636
MERGED,3,592,0.06329233423386636
MERGED,3,616,0.05993567935398809
MERGED,3,640,0.05993567935398809
MERGED,3,672,0.05960420198908584
MERGED,3,704,0.059269296514572765
MERGED,3,728,0.0589796657033693
MERGED,3,760,0.058523309288254444
MERGED,3,800,0.05814674619180901
MERGED,3,832,0.05805807297473573
MERGED,3,864,0.05800258341137979
MERGED,3,904,0.05795468179647634
MERGED,3,944,0.0579446398411552
MERGED,3,984,0.057930392947824816
MERGED,3,1024,0.057906337347085675
MERGED,3,1072,0.05790414847976602
MERGED,3,1120,0.05790166894062157
MERGED,3,1168,0.05789738950845889
MERGED,3,1216,0.05789470224023407
MERGED,3,1272,0.05789470224023407
MERGED,4,8,1.477508177219654
MERGED,4,16,1.477508177219654
MERGED,4,24,1.4737474438140072
MERGED,4,32,1.4737474438140072
MERGED,4,40,1.4737474438140072
MERGED,4,48,1.4737474438140072
MERGED,4,56,1.4737474438140072
MERGED,4,64,0.6664709532826735
MERGED,4,72,0.6664709532826735
MERGED,4,80,0.6664709532826735
MERGED,4,88,0.5991837476352434
MERGED,4,96,0.5991837476352434
MERGED,4,104,0.5991837476352434
MERGED,4,112,0.5991837476352434
MERGED,4,120,0.5991837476352434
MERGED,4,128,0.5991837476352434
MERGED,4,136,0.5991837476352434
MERGED,4,144,0.5991837476352434
MERGED,4,152,0.5991837476352434
MERGED,4,160,0.5991837476352434
MERGED,4,168,0.5963544366370054
MERGED,4,176,0.5915894465033517
MERGED,4,184,0.5915894465033517
MERGED,4,192,0.5516547112137585
MERGED,4,200,0.4548020776846739
MERGED,4,216,0.4159611985128296
MERGED,4,224,0.4159611985128296
MERGED,4,232,0.4159611985128296
MERGED,4,240,0.38764442208456035
MERGED,4,248,0.38764442208456035
MERGED,4,264,0.38764442208456035
MERGED,4,272,0.38764442208456035
MERGED,4,288,0.38541341818587904
MERGED,4,296,0.38541341818587904
MERGED,4,312,0.38541341818587904
MERGED,4,320,0.38541341818587904
MERGED,4,336,0.38541341818587904
MERGED,4,352,0.31065470699110737
MERGED,4,368,0.29245765636759613
MERGED,4,384,0.2537369221542345
MERGED,4,400,0.2537369221542345
MERGED,4,416,0.2537369221542345
MERGED,4,432,0.22250456860427312
MERGED,4,456,0.1959568671813007
MERGED,4,472,0.1959568671813007
MERGED,4,496,0.1788139383919777
MERGED,4,512,0.14412607758200136
MERGED,4,536,0.09619664889895625
MERGED,4,560,0.08213748094299185
MERGED,4,584,0.07519954887127689
MERGED,4,608,0.0698166313665874
MERGED,4,632,0.0698166313665874
MERGED,4,664,0.06828329184736477
MERGED,4,688,0.06759287620178894
MERGED,4,720,0.0667294732043185
MERGED,4,752,0.0659850826559842
MERGED,4,784,0.06592823260044045
MERGED,4,816,0.06577494960540159
MERGED,4,848,0.06568533587811344
MERGED,4,888,0.06568533587811344
MERGED,4,928,0.06566847553796507
MERGED,4,968,0.06566042313262099
MERGED,4,1008,0.06566042313262099
MERGED,4,1048,0.06566042313262099
MERGED,4,1096,0.06566042313262099
MERGED,4,1144,0.06566042313262099
MERGED,4,1192,0.06566042313262099
MERGED,5,8,1.3894688326340396
MERGED,5,16,1.3894688326340396
MERGED,5,24,1.3171381769184873
MERGED,5,32,1.2121744283799432
MERGED,5,40,1.2121744283799432
MERGED,5,48,1.1159692107374368
MERGED,5,56,1.1159692107374368
MERGED,5,64,1.1159692107374368
MERGED,5,72,1.1159692107374368
MERGED,5,80,1.1159692107374368
MERGED,5,88,1.1159692107374368
MERGED,5,96,1.1159692107374368
MERGED,5,104,0.5128756829735088
MERGED,5,112,0.5088833744389987
MERGED,5,120,0.5088833744389987
MERGED,5,128,0.5088833744389987
MERGED,5,136,0.5065343815623641
MERGED,5,144,0.4927229749233118
MERGED,5,152,0.4421449487444073
MERGED,5,160,0.4421449487444073
MERGED,5,168,0.4421449487444073
MERGED,5,176,0.4421449487444073
MERGED,5,184,0.4421449487444073
MERGED,5,192,0.4421449487444073
MERGED,5,200,0.4421449487444073
MERGED,5,208,0.4421449487444073
MERGED,5,216,0.4421449487444073
MERGED,5,224,0.4421449487444073
MERGED,5,240,0.4272701705512488
MERGED,5,248,0.4272701705512488
MERGED,5,256,0.4272701705512488
MERGED,5,272,0.42509102479887423
MERGED,5,280,0.42509102479887423
MERGED,5,296,0.41387358899867405
MERGED,5,312,0.41387358899867405
MERGED,5,320,0.41387358899867405
MERGED,5,336,0.4095901533835045
MERGED,5,352,0.39061789070509695
MERGED,5,368,0.37416304358912916
MERGED,5,384,0.37416304358912916
MERGED,5,400,0.3483489138517017
MERGED,5,424,0.3391742819910543
MERGED,5,440,0.3391742819910543
MERGED,5,464,0.31461409344623353
MERGED,5,480,0.2912861167999365
MERGED,5,504,0.27832573674933164
MERGED,5,528,0.22050100748684506
MERGED,5,552,0.19377900524785074
MERGED,5,576,0.19377900524785074
MERGED,5,600,0.15413447855848805
MERGED,5,632,0.1185169111338243
MERGED,5,656,0.0942618062568123
MERGED,5,688,0.0942618062568123
MERGED,5,720,0.06537991723230813
MERGED,5,752,0.06537991723230813
MERGED,5,792,0.0649892047467731
MERGED,5,824,0.06320943456882548
MERGED,5,864,0.05990519968603598
MERGED,5,904,0.05869228581469227
MERGED,5,944,0.05865992745583726
MERGED,5,984,0.05865992745583726
MERGED,5,1032,0.0582311066620122
MERGED,5,1080,0.05808814273997959
MERGED,5,1128,0.057936900710060114
MERGED,5,1176,0.05791771353763107
MERGED,5,1232,0.05790094564818999
MERGED,5,1288,0.057900573453711524
MERGED,5,1344,0.05789687449804635
MERGED,5,1408,0.05789687449804635
MERGED,5,1472,0.05789687449804635
MERGED,5,1536,0.05789687449804635
MERGED,5,1608,0.05789573479859317
MERGED,6,8,1.2525785526358977
MERGED,6,16,1.2525785526358977
MERGED,6,24,1.2525785526358977
MERGED,6,32,0.9770190181404409
MERGED,6,40,0.7224178288102406
MERGED,6,48,0.5206905741014854
MERGED,6,56,0.33036455655984504
MERGED,6,64,0.33036455655984504
MERGED,6,72,0.33036455655984504
MERGED,6,80,0.33036455655984504
MERGED,6,88,0.33036455655984504
MERGED,6,96,0.33036455655984504
MERGED,6,104,0.33036455655984504
MERGED,6,112,0.33036455655984504
MERGED,6,120,0.33036455655984504
MERGED,6,128,0.33036455655984504
MERGED,6,136,0.33036455655984504
MERGED,6,144,0.33036455655984504
MERGED,6,152,0.33036455655984504
MERGED,6,160,0.33036455655984504
MERGED,6,168,0.33036455655984504
MERGED,6,176,0.33036455655984504
MERGED,6,184,0.33036455655984504
MERGED,6,192,0.33036455655984504
MERGED,6,200,0.33036455655984504
MERGED,6,208,0.33036455655984504
MERGED,6,216,0.33036455655984504
MERGED,6,224,0.33036455655984504
MERGED,6,232,0.33036455655984504
MERGED,6,248,0.33036455655984504
MERGED,6,256,0.33036455655984504
MERGED,6,264,0.33036455655984504
MERGED,6,280,0.33036455655984504
MERGED,6,288,0.3165750900978038
MERGED,6,304,0.3165750900978038
MERGED,6,312,0.24797846493777229
MERGED,6,328,0.24797846493777229
MERGED,6,344,0.23067063693064546
MERGED,6,352,0.23067063693064546
MERGED,6,368,0.228905370529499
MERGED,6,384,0.12046500492879993
MERGED,6,400,0.12046500492879993
MERGED,6,424,0.06744586044775545
MERGED,6,440,0.06744586044775545
MERGED,6,456,0.06744586044775545
MERGED,6,480,0.06744586044775545
MERGED,6,496,0.06744586044775545
MERGED,6,520,0.06188536829534589
MERGED,6,544,0.06188536829534589
MERGED,6,560,0.0584040998690343
MERGED,6,584,0.03780216830235972
MERGED,6,608,0.03780216830235972
MERGED,6,640,0.03780216830235972
MERGED,6,664,0.03780216830235972
MERGED,6,696,0.03780216830235972
MERGED,6,720,0.03780216830235972
MERGED,6,752,0.03780216830235972
MERGED,6,784,0.03780216830235972
MERGED,6,816,0.03780216830235972
MERGED,6,856,0.03780216830235972
MERGED,6,888,0.03780216830235972
MERGED,6,928,0.03780216830235972
MERGED,6,968,0.03780216830235972
MERGED,6,1008,0.03780216830235972
MERGED,6,1056,0.03780216830235972
MERGED,6,1096,0.03780216830235972
MERGED,6,1144,0.03780216830235972
MERGED,7,8,1.9989008361061693
MERGED,7,16,1.7640541778468863
MERGED,7,24,1.5765530010557007
MERGED,7,32,1.5765530010557007
MERGED,7,40,1.256779985994211
MERGED,7,48,1.256779985994211
MERGED,7,56,1.256779985994211
MERGED,7,64,1.256779985994211
MERGED,7,72,1.256779985994211
MERGED,7,80,1.256779985994211
MERGED,7,88,1.256779985994211
MERGED,7,96,1.0262843303814646
MERGED,7,104,0.6110336212563036
MERGED,7,112,0.6110336212563036
MERGED,7,120,0.6110336212563036
MERGED,7,128,0.6110336212563036
MERGED,7,136,0.6110336212563036
MERGED,7,144,0.6110336212563036
MERGED,7,152,0.6110336212563036
MERGED,7,160,0.6110336212563036
MERGED,7,168,0.6110336212563036
MERGED,7,176,0.6110336212563036
MERGED,7,192,0.571869746553205
MERGED,7,200,0.513367719557747
MERGED,7,208,0.513367719557747
MERGED,7,216,0.46762943691145265
MERGED,7,224,0.46762943691145265
MERGED,7,240,0.4546877453499887
MERGED,7,248,0.4546877453499887
MERGED,7,264,0.4344362286800889
MERGED,7,272,0.4119879755818961
MERGED,7,288,0.4119879755818961
MERGED,7,296,0.4119879755818961
MERGED,7,312,0.33904964330237686
MERGED,7,328,0.3204396800459794
MERGED,7,344,0.2837315013445097
MERGED,7,360,0.23409032221739803
MERGED,7,376,0.14273111258758056
MERGED,7,400,0.1358912230127674
MERGED,7,416,0.13556564412376435
MERGED,7,432,0.1037730778639786
MERGED,7,456,0.09545822706906869
MERGED,7,480,0.09545822706906869
MERGED,7,504,0.08347873926644055
MERGED,7,520,0.08347873926644055
MERGED,7,552,0.07185996965701706
MERGED,7,576,0.07071965529801394
MERGED,7,600,0.06954646397145936
MERGED,7,632,0.06525407157230649
MERGED,7,664,0.06415076780978342
MERGED,7,696,0.06415076780978342
MERGED,7,728,0.06275866732900151
MERGED,7,760,0.06093564920625094
MERGED,7,792,0.06093564920625094
MERGED,7,832,0.06083119106073043
MERGED,7,872,0.06083119106073043
MERGED,7,912,0.060697582240155167
MERGED,7,960,0.0606545719612915
MERGED,7,1008,0.06056757976011349
MERGED,7,1048,0.06038657250546927
MERGED,7,1104,0.06030169078398145
MERGED,7,1152,0.06026152911441727
MERGED,7,1208,0.060240984906562066
MERGED,7,1264,0.06023654031693305
MERGED,7,1328,0.0602047970076375
MERGED,7,1392,0.0602003642999523
MERGED,7,1456,0.06015841193949597
MERGED,7,1528,0.060132450090445655
MERGED,7,1600,0.060125189897826725
MERGED,7,1672,0.06011788498265488
MERGED,7,1752,0.060114182514910776
MERGED,7,1840,0.060106523004290535
MERGED,7,1928,0.060103026572955
MERGED,7,2016,0.060102604666990134
MERGED,8,8,2.1612006513635333
MERGED,8,16,0.6581118048492606
MERGED,8,24,0.6581118048492606
MERGED,8,32,0.6581118048492606
MERGED,8,40,0.6581118048492606
MERGED,8,48,0.6581118048492606
MERGED,8,56,0.6581118048492606
MERGED,8,64,0.6581118048492606
MERGED,8,72,0.6581118048492606
MERGED,8,80,0.6581118048492606
MERGED,8,88,0.6581118048492606
MERGED,8,96,0.6581118048492606
MERGED,8,104,0.6581118048492606
MERGED,8,112,0.6581118048492606
MERGED,8,120,0.6581118048492606
MERGED,8,128,0.6581118048492606
MERGED,8,136,0.6581118048492606
MERGED,8,144,0.6581118048492606
MERGED,8,152,0.6581118048492606
MERGED,8,160,0.5195734513885273
MERGED,8,168,0.5195734513885273
MERGED,8,176,0.5195734513885273
MERGED,8,184,0.47808615692673556
MERGED,8,192,0.47808615692673556
MERGED,8,200,0.47808615692673556
MERGED,8,208,0.47808615692673556
MERGED,8,216,0.47808615692673556
MERGED,8,232,0.47808615692673556
MERGED,8,240,0.47808615692673556
MERGED,8,248,0.47808615692673556
MERGED,8,264,0.47808615692673556
MERGED,8,272,0.47808615692673556
MERGED,8,288,0.47808615692673556
MERGED,8,296,0.457332852334396
MERGED,8,312,0.457332852334396
MERGED,8,328,0.4381088529872599
MERGED,8,344,0.4381088529872599
MERGED,8,360,0.40523134464451155
MERGED,8,376,0.3768074040083822
MERGED,8,392,0.3768074040083822
MERGED,8,408,0.3768074040083822
MERGED,8,424,0.3768074040083822
MERGED,8,448,0.3245691127590107
MERGED,8,464,0.3245691127590107
MERGED,8,488,0.3245691127590107
MERGED,8,512,0.2955315325287223
MERGED,8,536,0.2797631812997939
MERGED,8,560,0.21716646347752666
MERGED,8,584,0.14219610854504525
MERGED,8,608,0.10287456218618785
MERGED,8,640,0.05287554974663011
MERGED,8,664,0.05287554974663011
MERGED,8,696,0.05279572892764803
MERGED,8,728,0.05279572892764803
MERGED,8,760,0.05279572892764803
MERGED,8,800,0.04421486505370339
MERGED,8,832,0.037121239970851615
MERGED,8,872,0.02987045919514034
MERGED,8,912,0.023043502518714898
MERGED,8,952,0.01760107607401905
MERGED,8,1000,0.01760107607401905
MERGED,8,1040,0.01760107607401905
MERGED,8,1088,0.01760107607401905
MERGED,8,1144,0.01634016856226259
MERGED,8,1192,0.01444299337925445
MERGED,8,1248,0.010200743857233139
MERGED,8,1304,0.004516392005876227
MERGED,8,1368,0.004516392005876227
MERGED,8,1424,0.0031433327973861766
MERGED,8,1496,0.0019247825458066498
MERGED,8,1560,0.000793979945948297
MERGED,8,1632,0.0003966246179464777
MERGED,9,8,2.0628889140468494
MERGED,9,16,1.4803891360624013
MERGED,9,24,1.0859560593672977
MERGED,9,32,1.0859560593672977
MERGED,9,40,1.0859560593672977
MERGED,9,48,1.0859560593672977
MERGED,9,56,1.0859560593672977
MERGED,9,64,1.0859560593672977
MERGED,9,72,1.0693479600003488
MERGED,9,80,1.0693479600003488
MERGED,9,88,1.0156909778201904
MERGED,9,96,0.9944550638629011
MERGED,9,104,0.7732784212269935
MERGED,9,112,0.7423685712149463
MERGED,9,120,0.7423685712149463
MERGED,9,128,0.7423685712149463
MERGED,9,136,0.7423685712149463
MERGED,9,144,0.7012221835259664
MERGED,9,152,0.6141809504393745
MERGED,9,160,0.5079049911690752
MERGED,9,168,0.5079049911690752
MERGED,9,176,0.5079049911690752
MERGED,9,184,0.48436192685534946
MERGED,9,192,0.48436192685534946
MERGED,9,200,0.48436192685534946
MERGED,9,208,0.40204910540027766
MERGED,9,216,0.3383320715220271
MERGED,9,232,0.21769700602226294
MERGED,9,240,0.21769700602226294
MERGED,9,256,0.21769700602226294
MERGED,9,264,0.21769700602226294
MERGED,9,280,0.21769700602226294
MERGED,9,288,0.21769700602226294
MERGED,9,304,0.21769700602226294
MERGED,9,320,0.21769700602226294
MERGED,9,336,0.1637212132797955
MERGED,9,352,0.1469127999247896
MERGED,9,368,0.1469127999247896
MERGED,9,384,0.13252144134973556
MERGED,9,408,0.09578840064683203
MERGED,9,424,0.09578840064683203
MERGED,9,448,0.09428061079297963
MERGED,9,464,0.08334892533930564
MERGED,9,488,0.07342906983120774
MERGED,9,512,0.06912481508766727
MERGED,9,536,0.05982445445274987
MERGED,9,568,0.05982445445274987
MERGED,9,592,0.05982445445274987
MERGED,9,624,0.05982445445274987
MERGED,9,648,0.05982445445274987
MERGED,9,680,0.05982445445274987
MERGED,9,712,0.059380419883859364
MERGED,9,752,0.059380419883859364
MERGED,9,784,0.059043376778948296
MERGED,9,824,0.059043376778948296
MERGED,9,864,0.059034865962190854
MERGED,9,904,0.05887400303806493
MERGED,9,952,0.05877370569718055
MERGED,9,992,0.05830236123134972
MERGED,9,1040,0.05811773944527715
MERGED,9,1096,0.05788591808755525
MERGED,9,1144,0.057622864811738554
MERGED,9,1200,0.05749770234793231
MERGED,9,1264,0.057444380081259884
MERGED,9,1320,0.057309040004180224
MERGED,9,1384,0.057221078645581784
MERGED,9,1456,0.05717093544678522
MERGED,9,1520,0.057140697700338694
MERGED,9,1600,0.05711902013934738
MERGED,9,1672,0.05710825351888666
MERGED,9,1752,0.05708197849437552
MERGED,9,1840,0.057073439467741426
MERGED,9,1928,0.05706759102747851
MERGED,9,2024,0.057058566075332995
MERGED,9,2120,0.057040998880966726
MERGED,9,2224,0.05703992798092439
