temperature,day,biomass,asymptote
0,1,0.0,7505.624718764061
0,2,0.0,7505.624718764061
0,3,0.0,7505.624718764061
0,4,0.0,7505.624718764061
0,5,0.0,7505.624718764061
0,6,0.0,7505.624718764061
0,7,0.0,7505.624718764061
0,8,0.0,7505.624718764061
0,9,0.0,7505.624718764061
0,10,0.0,7505.624718764061
0,11,50.04000198841095,7505.624718764061
0,12,99.74638728356517,7505.624718764061
0,13,149.12138010795658,7505.624718764061
0,14,198.1671898551878,7505.624718764061
0,15,246.8860111888342,7505.624718764061
0,16,295.2800241406492,7505.624718764061
0,17,343.35139420811447,7505.624718764061
0,18,391.10227245133996,7505.624718764061
0,19,438.5347955893178,7505.624718764061
0,20,485.65108609553477,7505.624718764061
0,21,532.4532522929468,7505.624718764061
0,22,578.9433884483207,7505.624718764061
0,23,625.1235748659467,7505.624718764061
0,24,670.9958779807265,7505.624718764061
0,25,716.5623504506399,7505.624718764061
0,26,761.8250312485965,7505.624718764061
0,27,806.785945753673,7505.624718764061
0,28,851.4471058417442,7505.624718764061
0,29,895.8105099755082,7505.624718764061
0,30,939.8781432939126,7505.624718764061
0,31,983.651977700983,7505.624718764061
0,32,1027.1339719540615,7505.624718764061
0,33,1070.3260717514547,7505.624718764061
0,34,1113.2302098194987,7505.624718764061
0,35,1155.8483059990429,7505.624718764061
0,36,1198.182267331358,7505.624718764061
0,37,1240.2339881434707,7505.624718764061
0,38,1282.0053501329292,7505.624718764061
0,39,1323.4982224520038,7505.624718764061
0,40,1364.7144617913273,7505.624718764061
0,41,1405.6559124629753,7505.624718764061
0,42,1446.3244064829955,7505.624718764061
0,43,1486.721763653384,7505.624718764061
0,44,1526.8497916435178,7505.624718764061
0,45,1566.7102860710413,7505.624718764061
0,46,1606.3050305822167,7505.624718764061
0,47,1645.635796931736,7505.624718764061
0,48,1684.7043450620029,7505.624718764061
0,49,1723.5124231818854,7505.624718764061
0,50,1762.0617678449426,7505.624718764061
0,51,1800.3541040271311,7505.624718764061
0,52,1838.3911452039931,7505.624718764061
0,53,1876.174593427329,7505.624718764061
0,54,1913.70613940136,7505.624718764061
0,55,1950.9874625583818,7505.624718764061
0,56,1988.020231133916,7505.624718764061
0,57,2024.806102241357,7505.624718764061
0,58,2061.3467219461245,7505.624718764061
0,59,2097.6437253393206,7505.624718764061
0,60,2133.6987366108942,7505.624718764061
0,61,2169.5133691223205,7505.624718764061
0,62,2205.089225478793,7505.624718764061
0,63,2240.427897600937,7505.624718764061
0,64,2275.5309667960423,7505.624718764061
0,65,2310.400003828824,7505.624718764061
0,66,2345.036568991708,7505.624718764061
0,67,2379.4422121746506,7505.624718764061
0,68,2413.618472934493,7505.624718764061
0,69,2447.56688056385,7505.624718764061
0,70,2481.288954159542,7505.624718764061
0,71,2514.786202690571,7505.624718764061
0,72,2548.0601250656437,7505.624718764061
0,73,2581.112210200242,7505.624718764061
0,74,2613.9439370832474,7505.624718764061
0,75,2646.5567748431245,7505.624718764061
0,76,2678.952182813656,7505.624718764061
0,77,2711.1316105992482,7505.624718764061
0,78,2743.0964981397938,7505.624718764061
0,79,2774.8482757751067,7505.624718764061
0,80,2806.388364308925,7505.624718764061
0,81,2837.718175072488,7505.624718764061
0,82,2868.839109987691,7505.624718764061
0,83,2899.7525616298135,7505.624718764061
0,84,2930.4599132898384,7505.624718764061
0,85,2960.962539036346,7505.624718764061
0,86,2991.261803777001,7505.624718764061
0,87,3021.359063319631,7505.624718764061
0,88,3051.2556644328897,7505.624718764061
0,89,3080.9529449065267,7505.624718764061
0,90,3110.452233611246,7505.624718764061
0,91,3139.7548505581703,7505.624718764061
0,92,3168.86210695791,7505.624718764061
0,93,3197.7753052792327,7505.624718764061
0,94,3226.495739307347,7505.624718764061
0,95,3255.0246942017957,7505.624718764061
0,96,3283.363446553963,7505.624718764061
0,97,3311.5132644441987,7505.624718764061
0,98,3339.47540749856,7505.624718764061
0,99,3367.251126945178,7505.624718764061
0,100,3394.841665670245,7505.624718764061
0,101,3422.2482582736325,7505.624718764061
0,102,3449.472131124133,7505.624718764061
0,103,3476.5145024143394,7505.624718764061
0,104,3503.3765822151536,7505.624718764061
0,105,3530.059572529936,7505.624718764061
0,106,3556.5646673482897,7505.624718764061
0,107,3582.8930526994895,7505.624718764061
0,108,3609.045906705553,7505.624718764061
0,109,3635.024399633958,7505.624718764061
0,110,3660.829693950009,7505.624718764061
0,111,3686.4629443688555,7505.624718764061
0,112,3711.925297907159,7505.624718764061
0,113,3737.2178939344226,7505.624718764061
0,114,3762.341864223973,7505.624718764061
0,115,3787.2983330036027,7505.624718764061
0,116,3812.0884170058785,7505.624718764061
0,117,3836.713225518111,7505.624718764061
0,118,3861.173860431992,7505.624718764061
0,119,3885.471416292903,7505.624718764061
0,120,3909.6069803488895,7505.624718764061
0,121,3933.581632599314,7505.624718764061
0,122,3957.396445843185,7505.624718764061
0,123,3981.0524857271594,7505.624718764061
0,124,4004.5508107932274,7505.624718764061
0,125,4027.89247252608,7505.624718764061
0,126,4051.07851540016,7505.624718764061
0,127,4074.1099769263983,7505.624718764061
0,128,4096.987887698641,7505.624718764061
0,129,4119.713271439766,7505.624718764061
0,130,4142.287145047489,7505.624718764061
0,131,4164.7105186398685,7505.624718764061
0,132,4186.984395600508,7505.624718764061
0,133,4209.10977262345,7505.624718764061
0,134,4231.087639757781,7505.624718764061
0,135,4252.918980451928,7505.624718764061
0,136,4274.604771597666,7505.624718764061
0,137,4296.145983573836,7505.624718764061
0,138,4317.54358028976,7505.624718764061
0,139,4338.7985192283795,7505.624718764061
0,140,4359.911751489094,7505.624718764061
0,141,4380.884221830327,7505.624718764061
0,142,4401.716868711796,7505.624718764061
0,143,4422.410624336506,7505.624718764061
0,144,4442.966414692466,7505.624718764061
0,145,4463.385159594122,7505.624718764061
0,146,4483.667772723519,7505.624718764061
0,147,4503.815161671184,7505.624718764061
0,148,4523.828227976733,7505.624718764061
0,149,4543.707867169223,7505.624718764061
0,150,4563.454968807217,7505.624718764061
0,151,4583.070416518591,7505.624718764061
0,152,4602.555088040072,7505.624718764061
0,153,4621.909855256521,7505.624718764061
0,154,4641.135584239938,7505.624718764061
0,155,4660.233135288221,7505.624718764061
0,156,4679.203362963666,7505.624718764061
0,157,4698.047116131199,7505.624718764061
0,158,4716.765237996364,7505.624718764061
0,159,4735.358566143053,7505.624718764061
0,160,4753.827932570989,7505.624718764061
0,161,4772.17416373295,7505.624718764061
0,162,4790.398080571754,7505.624718764061
0,163,4808.500498556992,7505.624718764061
0,164,4826.482227721524,7505.624718764061
0,165,4844.344072697717,7505.624718764061
0,166,4862.086832753453,7505.624718764061
0,167,4879.711301827896,7505.624718764061
0,168,4897.2182685670205,7505.624718764061
0,169,4914.608516358896,7505.624718764061
0,170,4931.882823368742,7505.624718764061
0,171,4949.041962573754,7505.624718764061
0,172,4966.086701797686,7505.624718764061
0,173,4983.017803745213,7505.624718764061
0,174,4999.836026036055,7505.624718764061
0,175,5016.542121238884,7505.624718764061
0,176,5033.136836904996,7505.624718764061
0,177,5049.620915601761,7505.624718764061
0,178,5065.995094945855,7505.624718764061
0,179,5082.2601076362635,7505.624718764061
0,180,5098.416681487063,7505.624718764061
0,181,5114.46553946,7505.624718764061
0,182,5130.407399696832,7505.624718764061
0,183,5146.242975551464,7505.624718764061
0,184,5161.972975621874,7505.624718764061
0,185,5177.598103781815,7505.624718764061
0,186,5193.119059212313,7505.624718764061
0,187,5208.5365364329555,7505.624718764061
0,188,5223.851225332968,7505.624718764061
0,189,5239.063811202085,7505.624718764061
0,190,5254.174974761212,7505.624718764061
0,191,5269.18539219289,7505.624718764061
0,192,5284.095735171551,7505.624718764061
0,193,5298.906670893573,7505.624718764061
0,194,5313.618862107137,7505.624718764061
0,195,5328.232967141879,7505.624718764061
0,196,5342.749639938356,7505.624718764061
0,197,5357.169530077298,7505.624718764061
0,198,5371.493282808684,7505.624718764061
0,199,5385.72153908061,7505.624718764061
0,200,5399.85493556797,7505.624718764061
0,201,5413.89410470095,7505.624718764061
0,202,5427.83967469332,7505.624718764061
0,203,5441.692269570552,7505.624718764061
0,204,5455.452509197736,7505.624718764061
0,205,5469.121009307326,7505.624718764061
0,206,5482.698381526685,7505.624718764061
0,207,5496.185233405458,7505.624718764061
0,208,5509.582168442755,7505.624718764061
0,209,5522.889786114158,7505.624718764061
0,210,5536.108681898546,7505.624718764061
0,211,5549.23944730474,7505.624718764061
0,212,5562.282669897971,7505.624718764061
0,213,5575.238933326173,7505.624718764061
0,214,5588.1088173460985,7505.624718764061
0,215,5600.892897849263,7505.624718764061
0,216,5613.591746887714,7505.624718764061
0,217,5626.205932699625,7505.624718764061
0,218,5638.736019734727,7505.624718764061
0,219,5651.182568679567,7505.624718764061
0,220,5663.5461364825915,7505.624718764061
0,221,5675.827276379074,7505.624718764061
0,222,5688.026537915865,7505.624718764061
0,223,5700.144466975992,7505.624718764061
0,224,5712.1816058030745,7505.624718764061
0,225,5724.138493025597,7505.624718764061
0,226,5736.015663681007,7505.624718764061
0,227,5747.813649239657,7505.624718764061
0,228,5759.532977628588,7505.624718764061
0,229,5771.174173255149,7505.624718764061
0,230,5782.737757030469,7505.624718764061
0,231,5794.224246392758,7505.624718764061
0,232,5805.634155330468,7505.624718764061
0,233,5816.967994405291,7505.624718764061
0,234,5828.226270775002,7505.624718764061
0,235,5839.409488216157,7505.624718764061
0,236,5850.518147146631,7505.624718764061
0,237,5861.5527446480155,7505.624718764061
0,238,5872.513774487858,7505.624718764061
0,239,5883.40172714176,7505.624718764061
0,240,5894.217089815316,7505.624718764061
0,241,5904.9603464659285,7505.624718764061
0,242,5915.6319778244515,7505.624718764061
0,243,5926.232461416707,7505.624718764061
0,244,5936.762271584853,7505.624718764061
0,245,5947.221879508608,7505.624718764061
0,246,5957.611753226335,7505.624718764061
0,247,5967.932357655987,7505.624718764061
0,248,5978.184154615906,7505.624718764061
0,249,5988.367602845493,7505.624718764061
0,250,5998.483158025733,7505.624718764061
0,251,6008.531272799587,7505.624718764061
0,252,6018.512396792244,7505.624718764061
0,253,6028.426976631241,7505.624718764061
0,254,6038.275455966452,7505.624718764061
0,255,6048.058275489935,7505.624718764061
0,256,6057.775872955654,7505.624718764061
0,257,6067.428683199071,7505.624718764061
0,258,6077.017138156594,7505.624718764061
0,259,6086.541666884916,7505.624718764061
0,260,6096.002695580205,7505.624718764061
0,261,6105.400647597184,7505.624718764061
0,262,6114.735943468064,7505.624718764061
0,263,6124.0090009213745,7505.624718764061
0,264,6133.220234900643,7505.624718764061
0,265,6142.370057582971,7505.624718764061
0,266,6151.458878397477,7505.624718764061
0,267,6160.487104043612,7505.624718764061
0,268,6169.455138509364,7505.624718764061
0,269,6178.363383089334,7505.624718764061
0,270,6187.212236402688,7505.624718764061
0,271,6196.002094411003,7505.624718764061
0,272,6204.733350435976,7505.624718764061
0,273,6213.4063951770295,7505.624718764061
0,274,6222.021616728796,7505.624718764061
0,275,6230.579400598476,7505.624718764061
0,276,6239.080129723096,7505.624718764061
0,277,6247.524184486644,7505.624718764061
0,278,6255.911942737083,7505.624718764061
0,279,6264.243779803267,7505.624718764061
0,280,6272.52006851173,7505.624718764061
0,281,6280.741179203373,7505.624718764061
0,282,6288.907479750035,7505.624718764061
0,283,6297.0193355709525,7505.624718764061
0,284,6305.077109649113,7505.624718764061
0,285,6313.0811625474935,7505.624718764061
0,286,6321.031852425201,7505.624718764061
0,287,6328.929535053493,7505.624718764061
0,288,6336.774563831702,7505.624718764061
0,289,6344.567289803048,7505.624718764061
0,290,6352.308061670343,7505.624718764061
0,291,6359.997225811598,7505.624718764061
0,292,6367.635126295523,7505.624718764061
0,293,6375.222104896922,7505.624718764061
0,294,6382.758501111985,7505.624718764061
0,295,6390.244652173484,7505.624718764061
0,296,6397.6808930658535,7505.624718764061
0,297,6405.067556540195,7505.624718764061
0,298,6412.4049731291525,7505.624718764061
0,299,6419.693471161712,7505.624718764061
0,300,6426.933376777888,7505.624718764061
0,301,6434.125013943321,7505.624718764061
0,302,6441.268704463772,7505.624718764061
0,303,6448.364767999524,7505.624718764061
0,304,6455.4135220796825,7505.624718764061
0,305,6462.415282116389,7505.624718764061
0,306,6469.37036141893,7505.624718764061
0,307,6476.279071207761,7505.624718764061
0,308,6483.14172062843,7505.624718764061
0,309,6489.9586167654115,7505.624718764061
0,310,6496.730064655848,7505.624718764061
0,311,6503.456367303199,7505.624718764061
0,312,6510.1378256908,7505.624718764061
0,313,6516.774738795331,7505.624718764061
0,314,6523.367403600195,7505.624718764061
0,315,6529.916115108804,7505.624718764061
0,316,6536.421166357784,7505.624718764061
0,317,6542.882848430088,7505.624718764061
0,318,6549.301450468017,7505.624718764061
0,319,6555.677259686157,7505.624718764061
0,320,6562.010561384242,7505.624718764061
0,321,6568.301638959903,7505.624718764061
0,322,6574.550773921369,7505.624718764061
0,323,6580.758245900047,7505.624718764061
0,324,6586.924332663042,7505.624718764061
0,325,6593.049310125589,7505.624718764061
0,326,6599.133452363393,7505.624718764061
0,327,6605.177031624898,7505.624718764061
0,328,6611.180318343466,7505.624718764061
0,329,6617.143581149481,7505.624718764061
0,330,6623.067086882369,7505.624718764061
0,331,6628.951100602535,7505.624718764061
0,332,6634.795885603229,7505.624718764061
0,333,6640.601703422324,7505.624718764061
0,334,6646.368813854018,7505.624718764061
0,335,6652.097474960465,7505.624718764061
0,336,6657.787943083315,7505.624718764061
0,337,6663.44047285519,7505.624718764061
0,338,6669.055317211076,7505.624718764061
0,339,6674.632727399641,7505.624718764061
0,340,6680.172952994479,7505.624718764061
0,341,6685.676241905277,7505.624718764061
0,342,6691.142840388905,7505.624718764061
0,343,6696.572993060443,7505.624718764061
0,344,6701.9669429041205,7505.624718764061
0,345,6707.32493128419,7505.624718764061
0,346,6712.64719795573,7505.624718764061
0,347,6717.93398107537,7505.624718764061
0,348,6723.185517211951,7505.624718764061
0,349,6728.402041357111,7505.624718764061
0,350,6733.583786935794,7505.624718764061
0,351,6738.730985816705,7505.624718764061
0,352,6743.843868322675,7505.624718764061
0,353,6748.922663240979,7505.624718764061
0,354,6753.967597833563,7505.624718764061
0,355,6758.978897847218,7505.624718764061
0,356,6763.956787523683,7505.624718764061
0,357,6768.901489609673,7505.624718764061
0,358,6773.813225366857,7505.624718764061
0,359,6778.692214581747,7505.624718764061
0,360,6783.538675575543,7505.624718764061
0,361,6788.352825213891,7505.624718764061
0,362,6793.134878916602,7505.624718764061
0,363,6797.885050667276,7505.624718764061
0,364,6802.603553022889,7505.624718764061
0,365,6807.290597123297,7505.624718764061
0,366,6811.946392700687,7505.624718764061
0,367,6816.571148088963,7505.624718764061
0,368,6821.165070233065,7505.624718764061
0,369,6825.728364698232,7505.624718764061
0,370,6830.261235679201,7505.624718764061
0,371,6834.763886009338,7505.624718764061
0,372,6839.236517169726,7505.624718764061
0,373,6843.6793292981665,7505.624718764061
0,374,6848.092521198148,7505.624718764061
0,375,6852.47629034773,7505.624718764061
0,376,6856.830832908393,7505.624718764061
0,377,6861.1563437338045,7505.624718764061
0,378,6865.453016378543,7505.624718764061
0,379,6869.721043106759,7505.624718764061
0,380,6873.960614900777,7505.624718764061
0,381,6878.171921469645,7505.624718764061
0,382,6882.355151257618,7505.624718764061
0,383,6886.510491452595,7505.624718764061
0,384,6890.638127994492,7505.624718764061
0,385,6894.738245583563,7505.624718764061
0,386,6898.811027688669,7505.624718764061
0,387,6902.85665655548,7505.624718764061
0,388,6906.875313214636,7505.624718764061
0,389,6910.867177489846,7505.624718764061
0,390,6914.832428005931,7505.624718764061
0,391,6918.771242196827,7505.624718764061
0,392,6922.683796313512,7505.624718764061
0,393,6926.570265431901,7505.624718764061
0,394,6930.430823460678,7505.624718764061
0,395,6934.265643149077,7505.624718764061
0,396,6938.074896094613,7505.624718764061
0,397,6941.858752750761,7505.624718764061
0,398,6945.617382434583,7505.624718764061
0,399,6949.350953334303,7505.624718764061
0,400,6953.059632516834,7505.624718764061
0,401,6956.743585935255,7505.624718764061
0,402,6960.4029784362365,7505.624718764061
0,403,6964.037973767413,7505.624718764061
0,404,6967.648734584717,7505.624718764061
0,405,6971.235422459652,7505.624718764061
0,406,6974.798197886525,7505.624718764061
0,407,6978.337220289626,7505.624718764061
0,408,6981.852648030367,7505.624718764061
0,409,6985.34463841436,7505.624718764061
0,410,6988.813347698462,7505.624718764061
0,411,6992.258931097768,7505.624718764061
0,412,6995.68154279255,7505.624718764061
0,413,6999.081335935164,7505.624718764061
0,414,7002.458462656896,7505.624718764061
0,415,7005.813074074774,7505.624718764061
0,416,7009.145320298328,7505.624718764061
0,417,7012.455350436311,7505.624718764061
0,418,7015.743312603363,7505.624718764061
0,419,7019.009353926647,7505.624718764061
0,420,7022.25362055243,7505.624718764061
0,421,7025.476257652618,7505.624718764061
0,422,7028.67740943126,7505.624718764061
0,423,7031.857219130993,7505.624718764061
0,424,7035.015829039458,7505.624718764061
0,425,7038.1533804956625,7505.624718764061
0,426,7041.27001389631,7505.624718764061
0,427,7044.365868702074,7505.624718764061
0,428,7047.4410834438495,7505.624718764061
0,429,7050.49579572894,7505.624718764061
0,430,7053.530142247227,7505.624718764061
0,431,7056.544258777276,7505.624718764061
0,432,7059.53828019242,7505.624718764061
0,433,7062.512340466788,7505.624718764061
0,434,7065.466572681307,7505.624718764061
0,435,7068.401109029653,7505.624718764061
0,436,7071.316080824163,7505.624718764061
0,437,7074.211618501719,7505.624718764061
0,438,7077.08785162958,7505.624718764061
0,439,7079.944908911177,7505.624718764061
0,440,7082.782918191877,7505.624718764061
0,441,7085.602006464703,7505.624718764061
0,442,7088.402299876014,7505.624718764061
0,443,7091.183923731152,7505.624718764061
0,444,7093.947002500048,7505.624718764061
0,445,7096.691659822792,7505.624718764061
0,446,7099.4180185151645,7505.624718764061
0,447,7102.1262005741355,7505.624718764061
0,448,7104.816327183319,7505.624718764061
0,449,7107.488518718399,7505.624718764061
0,450,7110.142894752515,7505.624718764061
0,451,7112.77957406161,7505.624718764061
0,452,7115.398674629753,7505.624718764061
0,453,7118.000313654407,7505.624718764061
0,454,7120.584607551686,7505.624718764061
0,455,7123.151671961549,7505.624718764061
0,456,7125.701621752994,7505.624718764061
0,457,7128.2345710291775,7505.624718764061
0,458,7130.750633132538,7505.624718764061
0,459,7133.249920649854,7505.624718764061
0,460,7135.732545417292,7505.624718764061
0,461,7138.198618525407,7505.624718764061
0,462,7140.6482503241095,7505.624718764061
0,463,7143.08155042761,7505.624718764061
0,464,7145.49862771932,7505.624718764061
0,465,7147.899590356727,7505.624718764061
0,466,7150.28454577623,7505.624718764061
0,467,7152.65360069795,7505.624718764061
0,468,7155.00686113051,7505.624718764061
0,469,7157.344432375764,7505.624718764061
0,470,7159.666419033526,7505.624718764061
0,471,7161.972925006241,7505.624718764061
0,472,7164.264053503635,7505.624718764061
0,473,7166.539907047338,7505.624718764061
0,474,7168.800587475464,7505.624718764061
0,475,7171.046195947177,7505.624718764061
0,476,7173.276832947208,7505.624718764061
0,477,7175.492598290361,7505.624718764061
0,478,7177.69359112597,7505.624718764061
0,479,7179.879909942344,7505.624718764061
0,480,7182.05165257117,7505.624718764061
0,481,7184.208916191889,7505.624718764061
0,482,7186.3517973360495,7505.624718764061
0,483,7188.480391891621,7505.624718764061
0,484,7190.594795107291,7505.624718764061
0,485,7192.6951015967215,7505.624718764061
0,486,7194.781405342787,7505.624718764061
0,487,7196.853799701778,7505.624718764061
0,488,7198.912377407578,7505.624718764061
0,489,7200.957230575814,7505.624718764061
0,490,7202.988450707975,7505.624718764061
0,491,7205.006128695516,7505.624718764061
0,492,7207.010354823915,7505.624718764061
0,493,7209.001218776715,7505.624718764061
0,494,7210.978809639542,7505.624718764061
0,495,7212.943215904087,7505.624718764061
0,496,7214.894525472065,7505.624718764061
0,497,7216.832825659155,7505.624718764061
0,498,7218.758203198896,7505.624718764061
0,499,7220.67074424658,7505.624718764061
0,500,7222.5705343831,7505.624718764061
0,501,7224.4576586187795,7505.624718764061
0,502,7226.332201397179,7505.624718764061
0,503,7228.194246598876,7505.624718764061
0,504,7230.043877545213,7505.624718764061
0,505,7231.88117700203,7505.624718764061
0,506,7233.706227183368,7505.624718764061
0,507,7235.519109755148,7505.624718764061
0,508,7237.319905838822,7505.624718764061
0,509,7239.108696015005,7505.624718764061
0,510,7240.885560327085,7505.624718764061
0,511,7242.650578284795,7505.624718764061
0,512,7244.403828867782,7505.624718764061
0,513,7246.145390529131,7505.624718764061
0,514,7247.875341198885,7505.624718764061
0,515,7249.593758287523,7505.624718764061
0,516,7251.300718689432,7505.624718764061
0,517,7252.996298786341,7505.624718764061
0,518,7254.680574450744,7505.624718764061
0,519,7256.353621049292,7505.624718764061
0,520,7258.0155134461675,7505.624718764061
0,521,7259.666326006433,7505.624718764061
0,522,7261.30613259936,7505.624718764061
0,523,7262.935006601731,7505.624718764061
0,524,7264.5530209011295,7505.624718764061
0,525,7266.160247899193,7505.624718764061
0,526,7267.75675951486,7505.624718764061
0,527,7269.342627187586,7505.624718764061
0,528,7270.917921880538,7505.624718764061
0,529,7272.4827140837715,7505.624718764061
0,530,7274.037073817387,7505.624718764061
0,531,7275.581070634657,7505.624718764061
0,532,7277.114773625147,7505.624718764061
0,533,7278.638251417799,7505.624718764061
0,534,7280.151572184009,7505.624718764061
0,535,7281.654803640669,7505.624718764061
0,536,7283.148013053208,7505.624718764061
0,537,7284.631267238594,7505.624718764061
0,538,7286.1046325683255,7505.624718764061
0,539,7287.568174971404,7505.624718764061
0,540,7289.02195993728,7505.624718764061
0,541,7290.46605251879,7505.624718764061
0,542,7291.90051733506,7505.624718764061
0,543,7293.325418574397,7505.624718764061
0,544,7294.740819997173,7505.624718764061
0,545,7296.146784938664,7505.624718764061
0,546,7297.543376311888,7505.624718764061
0,547,7298.930656610429,7505.624718764061
0,548,7300.308687911218,7505.624718764061
0,549,7301.677531877325,7505.624718764061
0,550,7303.03724976071,7505.624718764061
0,551,7304.387902404967,7505.624718764061
0,552,7305.729550248044,7505.624718764061
0,553,7307.062253324952,7505.624718764061
0,554,7308.386071270445,7505.624718764061
0,555,7309.701063321697,7505.624718764061
0,556,7311.007288320942,7505.624718764061
0,557,7312.304804718118,7505.624718764061
0,558,7313.593670573474,7505.624718764061
0,559,7314.873943560172,7505.624718764061
0,560,7316.145680966867,7505.624718764061
0,561,7317.408939700273,7505.624718764061
0,562,7318.663776287703,7505.624718764061
0,563,7319.910246879604,7505.624718764061
0,564,7321.14840725207,7505.624718764061
0,565,7322.378312809331,7505.624718764061
0,566,7323.600018586243,7505.624718764061
0,567,7324.813579250739,7505.624718764061
0,568,7326.019049106287,7505.624718764061
0,569,7327.216482094306,7505.624718764061
0,570,7328.405931796596,7505.624718764061
0,571,7329.587451437719,7505.624718764061
0,572,7330.761093887396,7505.624718764061
0,573,7331.926911662859,7505.624718764061
0,574,7333.084956931214,7505.624718764061
0,575,7334.235281511765,7505.624718764061
0,576,7335.377936878337,7505.624718764061
0,577,7336.512974161581,7505.624718764061
0,578,7337.640444151257,7505.624718764061
0,579,7338.760397298511,7505.624718764061
0,580,7339.872883718133,7505.624718764061
0,581,7340.977953190795,7505.624718764061
0,582,7342.075655165283,7505.624718764061
0,583,7343.166038760708,7505.624718764061
0,584,7344.249152768702,7505.624718764061
0,585,7345.325045655603,7505.624718764061
0,586,7346.39376556463,7505.624718764061
0,587,7347.455360318022,7505.624718764061
0,588,7348.509877419192,7505.624718764061
0,589,7349.55736405485,7505.624718764061
0,590,7350.597867097107,7505.624718764061
0,591,7351.631433105583,7505.624718764061
0,592,7352.65810832948,7505.624718764061
0,593,7353.677938709658,7505.624718764061
0,594,7354.690969880692,7505.624718764061
0,595,7355.697247172909,7505.624718764061
0,596,7356.6968156144185,7505.624718764061
0,597,7357.689719933128,7505.624718764061
0,598,7358.676004558745,7505.624718764061
0,599,7359.655713624764,7505.624718764061
0,600,7360.628890970439,7505.624718764061
0,601,7361.59558014275,7505.624718764061
0,602,7362.55582439835,7505.624718764061
0,603,7363.509666705498,7505.624718764061
0,604,7364.457149745984,7505.624718764061
0,605,7365.398315917038,7505.624718764061
0,606,7366.33320733323,7505.624718764061
0,607,7367.261865828351,7505.624718764061
0,608,7368.184332957285,7505.624718764061
0,609,7369.10064999787,7505.624718764061
0,610,7370.010857952746,7505.624718764061
0,611,7370.914997551186,7505.624718764061
0,612,7371.813109250924,7505.624718764061
0,613,7372.70523323996,7505.624718764061
0,614,7373.59140943836,7505.624718764061
0,615,7374.471677500046,7505.624718764061
0,616,7375.346076814565,7505.624718764061
0,617,7376.214646508854,7505.624718764061
0,618,7377.077425448991,7505.624718764061
0,619,7377.934452241933,7505.624718764061
0,620,7378.785765237248,7505.624718764061
0,621,7379.631402528822,7505.624718764061
0,622,7380.471401956573,7505.624718764061
0,623,7381.30580110814,7505.624718764061
0,624,7382.134637320563,7505.624718764061
0,625,7382.957947681958,7505.624718764061
0,626,7383.775769033174,7505.624718764061
0,627,7384.588137969441,7505.624718764061
0,628,7385.39509084201,7505.624718764061
0,629,7386.196663759778,7505.624718764061
0,630,7386.992892590903,7505.624718764061
0,631,7387.783812964411,7505.624718764061
0,632,7388.569460271789,7505.624718764061
0,633,7389.349869668567,7505.624718764061
0,634,7390.1250760758985,7505.624718764061
0,635,7390.895114182113,7505.624718764061
0,636,7391.660018444271,7505.624718764061
0,637,7392.419823089715,7505.624718764061
0,638,7393.174562117587,7505.624718764061
0,639,7393.924269300361,7505.624718764061
0,640,7394.6689781853465,7505.624718764061
0,641,7395.408722096196,7505.624718764061
0,642,7396.143534134392,7505.624718764061
0,643,7396.873447180729,7505.624718764061
0,644,7397.598493896787,7505.624718764061
0,645,7398.318706726388,7505.624718764061
0,646,7399.034117897055,7505.624718764061
0,647,7399.744759421446,7505.624718764061
0,648,7400.450663098795,7505.624718764061
0,649,7401.151860516327,7505.624718764061
0,650,7401.848383050676,7505.624718764061
0,651,7402.540261869288,7505.624718764061
0,652,7403.227527931816,7505.624718764061
0,653,7403.910211991507,7505.624718764061
0,654,7404.58834459657,7505.624718764061
0,655,7405.261956091556,7505.624718764061
0,656,7405.9310766187045,7505.624718764061
0,657,7406.5957361192995,7505.624718764061
0,658,7407.255964335003,7505.624718764061
0,659,7407.911790809193,7505.624718764061
0,660,7408.56324488828,7505.624718764061
0,661,7409.21035572302,7505.624718764061
0,662,7409.853152269827,7505.624718764061
0,663,7410.491663292056,7505.624718764061
0,664,7411.125917361298,7505.624718764061
0,665,7411.755942858662,7505.624718764061
0,666,7412.381767976035,7505.624718764061
0,667,7413.003420717349,7505.624718764061
0,668,7413.620928899839,7505.624718764061
0,669,7414.234320155275,7505.624718764061
0,670,7414.843621931211,7505.624718764061
0,671,7415.448861492207,7505.624718764061
0,672,7416.050065921049,7505.624718764061
0,673,7416.6472621199655,7505.624718764061
0,674,7417.240476811822,7505.624718764061
0,675,7417.829736541329,7505.624718764061
0,676,7418.41506767622,7505.624718764061
0,677,7418.996496408434,7505.624718764061
0,678,7419.574048755289,7505.624718764061
0,679,7420.147750560649,7505.624718764061
0,680,7420.717627496073,7505.624718764061
0,681,7421.283705061967,7505.624718764061
0,682,7421.846008588731,7505.624718764061
0,683,7422.404563237881,7505.624718764061
0,684,7422.959394003186,7505.624718764061
0,685,7423.510525711778,7505.624718764061
0,686,7424.057983025269,7505.624718764061
0,687,7424.601790440852,7505.624718764061
0,688,7425.141972292393,7505.624718764061
0,689,7425.678552751531,7505.624718764061
0,690,7426.211555828748,7505.624718764061
0,691,7426.741005374449,7505.624718764061
0,692,7427.266925080029,7505.624718764061
0,693,7427.789338478931,7505.624718764061
0,694,7428.308268947703,7505.624718764061
0,695,7428.823739707041,7505.624718764061
0,696,7429.335773822825,7505.624718764061
0,697,7429.84439420716,7505.624718764061
0,698,7430.349623619391,7505.624718764061
0,699,7430.851484667131,7505.624718764061
0,700,7431.3499998072675,7505.624718764061
0,701,7431.8451913469635,7505.624718764061
0,702,7432.337081444663,7505.624718764061
0,703,7432.825692111083,7505.624718764061
0,704,7433.31104521019,7505.624718764061
0,705,7433.793162460185,7505.624718764061
0,706,7434.272065434475,7505.624718764061
0,707,7434.747775562634,7505.624718764061
0,708,7435.22031413137,7505.624718764061
0,709,7435.689702285467,7505.624718764061
0,710,7436.155961028741,7505.624718764061
0,711,7436.619111224974,7505.624718764061
0,712,7437.079173598849,7505.624718764061
0,713,7437.536168736877,7505.624718764061
0,714,7437.9901170883195,7505.624718764061
0,715,7438.441038966103,7505.624718764061
0,716,7438.888954547728,7505.624718764061
0,717,7439.333883876169,7505.624718764061
0,718,7439.775846860778,7505.624718764061
0,719,7440.214863278168,7505.624718764061
0,720,7440.650952773104,7505.624718764061
0,721,7441.084134859377,7505.624718764061
0,722,7441.514428920681,7505.624718764061
0,723,7441.941854211478,7505.624718764061
0,724,7442.366429857862,7505.624718764061
0,725,7442.7881748584105,7505.624718764061
0,726,7443.207108085041,7505.624718764061
0,727,7443.6232482838495,7505.624718764061
0,728,7444.0366140759525,7505.624718764061
0,729,7444.44722395832,7505.624718764061
0,730,7444.855096304601,7505.624718764061
0,731,7445.26024936595,7505.624718764061
0,732,7445.662701271838,7505.624718764061
0,733,7446.062470030871,7505.624718764061
0,734,7446.459573531586,7505.624718764061
0,735,7446.854029543262,7505.624718764061
0,736,7447.245855716708,7505.624718764061
0,737,7447.635069585057,7505.624718764061
0,738,7448.021688564545,7505.624718764061
0,739,7448.405729955296,7505.624718764061
0,740,7448.787210942096,7505.624718764061
0,741,7449.166148595156,7505.624718764061
0,742,7449.542559870884,7505.624718764061
0,743,7449.916461612636,7505.624718764061
0,744,7450.287870551476,7505.624718764061
0,745,7450.65680330692,7505.624718764061
0,746,7451.023276387685,7505.624718764061
0,747,7451.38730619242,7505.624718764061
0,748,7451.7489090104455,7505.624718764061
0,749,7452.108101022484,7505.624718764061
0,750,7452.464898301379,7505.624718764061
0,751,7452.819316812815,7505.624718764061
0,752,7453.171372416035,7505.624718764061
0,753,7453.521080864549,7505.624718764061
0,754,7453.868457806837,7505.624718764061
0,755,7454.21351878705,7505.624718764061
0,756,7454.556279245708,7505.624718764061
0,757,7454.896754520388,7505.624718764061
0,758,7455.2349598464125,7505.624718764061
0,759,7455.570910357527,7505.624718764061
0,760,7455.9046210865845,7505.624718764061
0,761,7456.236106966211,7505.624718764061
0,762,7456.565382829479,7505.624718764061
0,763,7456.892463410566,7505.624718764061
0,764,7457.217363345419,7505.624718764061
0,765,7457.540097172406,7505.624718764061
0,766,7457.860679332969,7505.624718764061
0,767,7458.179124172268,7505.624718764061
0,768,7458.495445939822,7505.624718764061
0,769,7458.809658790153,7505.624718764061
0,770,7459.12177678341,7505.624718764061
0,771,7459.431813886006,7505.624718764061
0,772,7459.739783971239,7505.624718764061
0,773,7460.045700819914,7505.624718764061
0,774,7460.349578120959,7505.624718764061
0,775,7460.651429472038,7505.624718764061
0,776,7460.951268380159,7505.624718764061
0,777,7461.24910826228,7505.624718764061
0,778,7461.544962445906,7505.624718764061
0,779,7461.838844169691,7505.624718764061
0,780,7462.130766584023,7505.624718764061
0,781,7462.4207427516185,7505.624718764061
0,782,7462.708785648105,7505.624718764061
0,783,7462.9949081626,7505.624718764061
0,784,7463.279123098291,7505.624718764061
0,785,7463.561443173006,7505.624718764061
0,786,7463.841881019783,7505.624718764061
0,787,7464.120449187435,7505.624718764061
0,788,7464.397160141114,7505.624718764061
0,789,7464.672026262864,7505.624718764061
0,790,7464.945059852181,7505.624718764061
0,791,7465.216273126558,7505.624718764061
0,792,7465.485678222034,7505.624718764061
0,793,7465.753287193739,7505.624718764061
0,794,7466.01911201643,7505.624718764061
0,795,7466.283164585028,7505.624718764061
0,796,7466.545456715151,7505.624718764061
0,797,7466.806000143642,7505.624718764061
0,798,7467.064806529096,7505.624718764061
0,799,7467.321887452378,7505.624718764061
0,800,7467.577254417145,7505.624718764061
0,801,7467.830918850357,7505.624718764061
0,802,7468.082892102792,7505.624718764061
0,803,7468.333185449555,7505.624718764061
0,804,7468.5818100905735,7505.624718764061
0,805,7468.82877715111,7505.624718764061
0,806,7469.074097682256,7505.624718764061
0,807,7469.317782661419,7505.624718764061
0,808,7469.559842992827,7505.624718764061
0,809,7469.800289508005,7505.624718764061
0,810,7470.039132966267,7505.624718764061
0,811,7470.2763840551925,7505.624718764061
0,812,7470.512053391108,7505.624718764061
0,813,7470.746151519561,7505.624718764061
0,814,7470.97868891579,7505.624718764061
0,815,7471.2096759852,7505.624718764061
0,816,7471.4391230638175,7505.624718764061
0,817,7471.667040418763,7505.624718764061
0,818,7471.893438248702,7505.624718764061
0,819,7472.118326684309,7505.624718764061
0,820,7472.341715788716,7505.624718764061
0,821,7472.563615557965,7505.624718764061
0,822,7472.784035921451,7505.624718764061
0,823,7473.002986742374,7505.624718764061
0,824,7473.220477818173,7505.624718764061
0,825,7473.436518880971,7505.624718764061
0,826,7473.651119598003,7505.624718764061
0,827,7473.864289572054,7505.624718764061
0,828,7474.076038341889,7505.624718764061
0,829,7474.286375382674,7505.624718764061
0,830,7474.495310106409,7505.624718764061
0,831,7474.702851862341,7505.624718764061
0,832,7474.909009937386,7505.624718764061
0,833,7475.113793556546,7505.624718764061
0,834,7475.3172118833145,7505.624718764061
0,835,7475.5192740201,7505.624718764061
0,836,7475.719989008619,7505.624718764061
0,837,7475.91936583031,7505.624718764061
0,838,7476.1174134067305,7505.624718764061
0,839,7476.3141405999595,7505.624718764061
0,840,7476.509556212991,7505.624718764061
0,841,7476.703668990131,7505.624718764061
0,842,7476.896487617385,7505.624718764061
0,843,7477.088020722851,7505.624718764061
0,844,7477.278276877104,7505.624718764061
0,845,7477.467264593575,7505.624718764061
0,846,7477.654992328941,7505.624718764061
0,847,7477.841468483495,7505.624718764061
0,848,7478.026701401527,7505.624718764061
0,849,7478.210699371694,7505.624718764061
0,850,7478.393470627395,7505.624718764061
0,851,7478.5750233471335,7505.624718764061
0,852,7478.755365654889,7505.624718764061
0,853,7478.934505620479,7505.624718764061
0,854,7479.112451259919,7505.624718764061
0,855,7479.2892105357805,7505.624718764061
0,856,7479.464791357549,7505.624718764061
0,857,7479.63920158198,7505.624718764061
0,858,7479.812449013444,7505.624718764061
0,859,7479.984541404283,7505.624718764061
0,860,7480.155486455153,7505.624718764061
0,861,7480.325291815367,7505.624718764061
0,862,7480.493965083246,7505.624718764061
0,863,7480.661513806447,7505.624718764061
0,864,7480.8279454823105,7505.624718764061
0,865,7480.993267558191,7505.624718764061
0,866,7481.157487431792,7505.624718764061
0,867,7481.320612451496,7505.624718764061
0,868,7481.482649916694,7505.624718764061
0,869,7481.64360707811,7505.624718764061
0,870,7481.803491138132,7505.624718764061
0,871,7481.962309251126,7505.624718764061
0,872,7482.120068523759,7505.624718764061
0,873,7482.276776015323,7505.624718764061
0,874,7482.43243873804,7505.624718764061
0,875,7482.5870636573845,7505.624718764061
0,876,7482.740657692393,7505.624718764061
0,877,7482.893227715968,7505.624718764061
0,878,7483.044780555198,7505.624718764061
0,879,7483.195322991648,7505.624718764061
0,880,7483.344861761674,7505.624718764061
0,881,7483.49340355672,7505.624718764061
0,882,7483.640955023619,7505.624718764061
0,883,7483.787522764888,7505.624718764061
0,884,7483.933113339027,7505.624718764061
0,885,7484.077733260807,7505.624718764061
0,886,7484.221389001568,7505.624718764061
0,887,7484.364086989506,7505.624718764061
0,888,7484.505833609958,7505.624718764061
0,889,7484.646635205692,7505.624718764061
0,890,7484.786498077187,7505.624718764061
0,891,7484.9254284829185,7505.624718764061
0,892,7485.063432639634,7505.624718764061
0,893,7485.200516722637,7505.624718764061
0,894,7485.336686866059,7505.624718764061
0,895,7485.471949163133,7505.624718764061
0,896,7485.606309666475,7505.624718764061
0,897,7485.739774388339,7505.624718764061
0,898,7485.872349300904,7505.624718764061
0,899,7486.004040336526,7505.624718764061
0,900,7486.134853388014,7505.624718764061
0,901,7486.264794308887,7505.624718764061
0,902,7486.39386891364,7505.624718764061
0,903,7486.522082978004,7505.624718764061
0,904,7486.649442239201,7505.624718764061
0,905,7486.775952396203,7505.624718764061
0,906,7486.90161910999,7505.624718764061
0,907,7487.026448003794,7505.624718764061
0,908,7487.150444663364,7505.624718764061
0,909,7487.273614637205,7505.624718764061
0,910,7487.39596343683,7505.624718764061
0,911,7487.517496537009,7505.624718764061
0,912,7487.638219376007,7505.624718764061
0,913,7487.758137355839,7505.624718764061
0,914,7487.877255842499,7505.624718764061
0,915,7487.995580166209,7505.624718764061
0,916,7488.1131156216525,7505.624718764061
0,917,7488.229867468214,7505.624718764061
0,918,7488.345840930215,7505.624718764061
0,919,7488.461041197144,7505.624718764061
0,920,7488.575473423894,7505.624718764061
0,921,7488.689142730988,7505.624718764061
0,922,7488.8020542048125,7505.624718764061
0,923,7488.914212897841,7505.624718764061
0,924,7489.025623828862,7505.624718764061
0,925,7489.136291983206,7505.624718764061
0,926,7489.246222312966,7505.624718764061
0,927,7489.355419737216,7505.624718764061
0,928,7489.463889142239,7505.624718764061
0,929,7489.57163538174,7505.624718764061
0,930,7489.678663277062,7505.624718764061
0,931,7489.784977617404,7505.624718764061
0,932,7489.8905831600405,7505.624718764061
0,933,7489.995484630524,7505.624718764061
0,934,7490.099686722903,7505.624718764061
0,935,7490.203194099933,7505.624718764061
0,936,7490.30601139328,7505.624718764061
0,937,7490.408143203732,7505.624718764061
0,938,7490.509594101404,7505.624718764061
0,939,7490.610368625941,7505.624718764061
0,940,7490.710471286723,7505.624718764061
0,941,7490.809906563066,7505.624718764061
0,942,7490.908678904421,7505.624718764061
0,943,7491.006792730577,7505.624718764061
0,944,7491.104252431853,7505.624718764061
0,945,7491.201062369301,7505.624718764061
0,946,7491.297226874896,7505.624718764061
0,947,7491.392750251732,7505.624718764061
0,948,7491.4876367742145,7505.624718764061
0,949,7491.581890688252,7505.624718764061
0,950,7491.675516211445,7505.624718764061
0,951,7491.7685175332745,7505.624718764061
0,952,7491.860898815292,7505.624718764061
0,953,7491.952664191302,7505.624718764061
0,954,7492.04381776755,7505.624718764061
0,955,7492.134363622904,7505.624718764061
0,956,7492.224305809042,7505.624718764061
0,957,7492.313648350624,7505.624718764061
0,958,7492.402395245482,7505.624718764061
0,959,7492.490550464791,7505.624718764061
0,960,7492.578117953253,7505.624718764061
0,961,7492.66510162927,7505.624718764061
0,962,7492.751505385118,7505.624718764061
0,963,7492.837333087127,7505.624718764061
0,964,7492.922588575847,7505.624718764061
0,965,7493.007275666223,7505.624718764061
0,966,7493.091398147767,7505.624718764061
0,967,7493.174959784727,7505.624718764061
0,968,7493.2579643162535,7505.624718764061
0,969,7493.340415456569,7505.624718764061
0,970,7493.422316895131,7505.624718764061
0,971,7493.5036722968025,7505.624718764061
0,972,7493.584485302012,7505.624718764061
0,973,7493.664759526914,7505.624718764061
0,974,7493.744498563559,7505.624718764061
0,975,7493.823705980048,7505.624718764061
0,976,7493.90238532069,7505.624718764061
0,977,7493.9805401061685,7505.624718764061
0,978,7494.058173833692,7505.624718764061
0,979,7494.135289977155,7505.624718764061
0,980,7494.211891987287,7505.624718764061
0,981,7494.28798329182,7505.624718764061
0,982,7494.363567295624,7505.624718764061
0,983,7494.438647380875,7505.624718764061
0,984,7494.513226907198,7505.624718764061
0,985,7494.587309211819,7505.624718764061
0,986,7494.660897609715,7505.624718764061
0,987,7494.733995393763,7505.624718764061
0,988,7494.806605834883,7505.624718764061
0,989,7494.878732182193,7505.624718764061
0,990,7494.950377663145,7505.624718764061
0,991,7495.021545483676,7505.624718764061
0,992,7495.092238828348,7505.624718764061
0,993,7495.162460860491,7505.624718764061
0,994,7495.232214722345,7505.624718764061
0,995,7495.301503535203,7505.624718764061
0,996,7495.370330399544,7505.624718764061
0,997,7495.438698395182,7505.624718764061
0,998,7495.506610581392,7505.624718764061
0,999,7495.574069997057,7505.624718764061
0,1000,7495.641079660798,7505.624718764061
0,1001,7495.70764257111,7505.624718764061
0,1002,7495.7737617065,7505.624718764061
0,1003,7495.839440025615,7505.624718764061
0,1004,7495.904680467375,7505.624718764061
0,1005,7495.96948595111,7505.624718764061
0,1006,7496.0338593766855,7505.624718764061
0,1007,7496.097803624632,7505.624718764061
0,1008,7496.161321556278,7505.624718764061
0,1009,7496.224416013873,7505.624718764061
0,1010,7496.28708982072,7505.624718764061
0,1011,7496.349345781297,7505.624718764061
0,1012,7496.411186681385,7505.624718764061
0,1013,7496.472615288191,7505.624718764061
0,1014,7496.533634350476,7505.624718764061
0,1015,7496.594246598672,7505.624718764061
0,1016,7496.65445474501,7505.624718764061
0,1017,7496.714261483637,7505.624718764061
0,1018,7496.773669490736,7505.624718764061
0,1019,7496.832681424652,7505.624718764061
0,1020,7496.891299926006,7505.624718764061
0,1021,7496.9495276178095,7505.624718764061
0,1022,7497.007367105593,7505.624718764061
0,1023,7497.064820977512,7505.624718764061
0,1024,7497.121891804466,7505.624718764061
0,1025,7497.178582140217,7505.624718764061
0,1026,7497.234894521499,7505.624718764061
0,1027,7497.290831468135,7505.624718764061
0,1028,7497.346395483149,7505.624718764061
0,1029,7497.401589052874,7505.624718764061
0,1030,7497.45641464707,7505.624718764061
0,1031,7497.51087471903,7505.624718764061
0,1032,7497.564971705689,7505.624718764061
0,1033,7497.618708027739,7505.624718764061
0,1034,7497.6720860897285,7505.624718764061
0,1035,7497.7251082801795,7505.624718764061
0,1036,7497.777776971687,7505.624718764061
0,1037,7497.830094521028,7505.624718764061
0,1038,7497.882063269268,7505.624718764061
0,1039,7497.933685541863,7505.624718764061
0,1040,7497.984963648767,7505.624718764061
0,1041,7498.035899884532,7505.624718764061
0,1042,7498.086496528413,7505.624718764061
0,1043,7498.136755844469,7505.624718764061
0,1044,7498.186680081665,7505.624718764061
0,1045,7498.236271473972,7505.624718764061
0,1046,7498.285532240466,7505.624718764061
0,1047,7498.33446458543,7505.624718764061
0,1048,7498.38307069845,7505.624718764061
0,1049,7498.431352754515,7505.624718764061
0,1050,7498.479312914111,7505.624718764061
0,1051,7498.526953323324,7505.624718764061
0,1052,7498.574276113929,7505.624718764061
0,1053,7498.621283403489,7505.624718764061
0,1054,7498.6679772954485,7505.624718764061
0,1055,7498.714359879231,7505.624718764061
0,1056,7498.760433230327,7505.624718764061
0,1057,7498.806199410391,7505.624718764061
0,1058,7498.851660467333,7505.624718764061
0,1059,7498.896818435409,7505.624718764061
0,1060,7498.941675335311,7505.624718764061
0,1061,7498.9862331742615,7505.624718764061
0,1062,7499.0304939461,7505.624718764061
0,1063,7499.074459631373,7505.624718764061
0,1064,7499.118132197422,7505.624718764061
0,1065,7499.161513598473,7505.624718764061
0,1066,7499.204605775723,7505.624718764061
0,1067,7499.247410657428,7505.624718764061
0,1068,7499.289930158986,7505.624718764061
0,1069,7499.332166183028,7505.624718764061
0,1070,7499.374120619497,7505.624718764061
0,1071,7499.415795345739,7505.624718764061
0,1072,7499.45719222658,7505.624718764061
0,1073,7499.498313114417,7505.624718764061
0,1074,7499.539159849294,7505.624718764061
0,1075,7499.57973425899,7505.624718764061
0,1076,7499.620038159096,7505.624718764061
0,1077,7499.660073353101,7505.624718764061
0,1078,7499.699841632468,7505.624718764061
0,1079,7499.7393447767145,7505.624718764061
0,1080,7499.7785845535,7505.624718764061
0,1081,7499.817562718693,7505.624718764061
0,1082,7499.856281016459,7505.624718764061
0,1083,7499.894741179334,7505.624718764061
0,1084,7499.932944928303,7505.624718764061
0,1085,7499.970893972877,7505.624718764061
0,1086,7500.008590011172,7505.624718764061
0,1087,7500.046034729979,7505.624718764061
0,1088,7500.083229804844,7505.624718764061
0,1089,7500.120176900147,7505.624718764061
0,1090,7500.156877669165,7505.624718764061
0,1091,7500.193333754155,7505.624718764061
0,1092,7500.229546786428,7505.624718764061
0,1093,7500.2655183864135,7505.624718764061
0,1094,7500.301250163742,7505.624718764061
0,1095,7500.336743717313,7505.624718764061
0,1096,7500.372000635361,7505.624718764061
0,1097,7500.407022495536,7505.624718764061
0,1098,7500.44181086497,7505.624718764061
0,1099,7500.476367300344,7505.624718764061
0,1100,7500.510693347964,7505.624718764061
0,1101,7500.544790543825,7505.624718764061
0,1102,7500.57866041368,7505.624718764061
0,1103,7500.612304473114,7505.624718764061
0,1104,7500.645724227603,7505.624718764061
0,1105,7500.678921172588,7505.624718764061
0,1106,7500.711896793542,7505.624718764061
0,1107,7500.744652566032,7505.624718764061
0,1108,7500.777189955785,7505.624718764061
0,1109,7500.8095104187605,7505.624718764061
0,1110,7500.84161540121,7505.624718764061
0,1111,7500.873506339742,7505.624718764061
0,1112,7500.905184661387,7505.624718764061
0,1113,7500.936651783661,7505.624718764061
0,1114,7500.96790911463,7505.624718764061
0,1115,7500.998958052974,7505.624718764061
0,1116,7501.029799988047,7505.624718764061
0,1117,7501.0604362999375,7505.624718764061
0,1118,7501.090868359537,7505.624718764061
0,1119,7501.121097528596,7505.624718764061
0,1120,7501.151125159783,7505.624718764061
0,1121,7501.180952596754,7505.624718764061
0,1122,7501.210581174202,7505.624718764061
0,1123,7501.240012217925,7505.624718764061
0,1124,7501.26924704488,7505.624718764061
0,1125,7501.298286963243,7505.624718764061
0,1126,7501.327133272471,7505.624718764061
0,1127,7501.3557872633555,7505.624718764061
0,1128,7501.384250218081,7505.624718764061
0,1129,7501.4125234102885,7505.624718764061
0,1130,7501.440608105123,7505.624718764061
0,1131,7501.468505559297,7505.624718764061
0,1132,7501.496217021146,7505.624718764061
0,1133,7501.523743730677,7505.624718764061
0,1134,7501.551086919636,7505.624718764061
0,1135,7501.578247811553,7505.624718764061
0,1136,7501.605227621805,7505.624718764061
0,1137,7501.632027557662,7505.624718764061
0,1138,7501.658648818347,7505.624718764061
0,1139,7501.685092595086,7505.624718764061
0,1140,7501.7113600711655,7505.624718764061
0,1141,7501.737452421982,7505.624718764061
0,1142,7501.763370815096,7505.624718764061
0,1143,7501.789116410284,7505.624718764061
0,1144,7501.814690359588,7505.624718764061
0,1145,7501.840093807371,7505.624718764061
0,1146,7501.8653278903685,7505.624718764061
0,1147,7501.890393737735,7505.624718764061
0,1148,7501.915292471097,7505.624718764061
0,1149,7501.940025204604,7505.624718764061
0,1150,7501.964593044976,7505.624718764061
0,1151,7501.9889970915565,7505.624718764061
0,1152,7502.013238436359,7505.624718764061
0,1153,7502.037318164114,7505.624718764061
0,1154,7502.061237352325,7505.624718764061
0,1155,7502.084997071309,7505.624718764061
0,1156,7502.108598384246,7505.624718764061
0,1157,7502.132042347229,7505.624718764061
0,1158,7502.155330009312,7505.624718764061
0,1159,7502.17846241255,7505.624718764061
0,1160,7502.201440592057,7505.624718764061
0,1161,7502.224265576041,7505.624718764061
0,1162,7502.246938385857,7505.624718764061
0,1163,7502.26946003605,7505.624718764061
0,1164,7502.291831534401,7505.624718764061
0,1165,7502.3140538819725,7505.624718764061
0,1166,7502.336128073152,7505.624718764061
0,1167,7502.3580550957,7505.624718764061
0,1168,7502.379835930789,7505.624718764061
0,1169,7502.40147155305,7505.624718764061
0,1170,7502.422962930617,7505.624718764061
0,1171,7502.44431102517,7505.624718764061
0,1172,7502.465516791976,7505.624718764061
0,1173,7502.4865811799355,7505.624718764061
0,1174,7502.507505131621,7505.624718764061
0,1175,7502.528289583319,7505.624718764061
0,1176,7502.548935465078,7505.624718764061
0,1177,7502.569443700743,7505.624718764061
0,1178,7502.589815208002,7505.624718764061
0,1179,7502.610050898421,7505.624718764061
0,1180,7502.630151677493,7505.624718764061
0,1181,7502.65011844467,7505.624718764061
0,1182,7502.669952093411,7505.624718764061
0,1183,7502.6896535112155,7505.624718764061
0,1184,7502.709223579667,7505.624718764061
0,1185,7502.728663174473,7505.624718764061
0,1186,7502.7479731655,7505.624718764061
0,1187,7502.767154416818,7505.624718764061
0,1188,7502.786207786732,7505.624718764061
0,1189,7502.80513412783,7505.624718764061
0,1190,7502.823934287011,7505.624718764061
0,1191,7502.842609105531,7505.624718764061
0,1192,7502.861159419035,7505.624718764061
0,1193,7502.8795860576,7505.624718764061
0,1194,7502.897889845765,7505.624718764061
0,1195,7502.916071602574,7505.624718764061
0,1196,7502.934132141611,7505.624718764061
0,1197,7502.952072271034,7505.624718764061
0,1198,7502.969892793614,7505.624718764061
0,1199,7502.987594506771,7505.624718764061
0,1200,7503.005178202606,7505.624718764061
0,1201,7503.02264466794,7505.624718764061
0,1202,7503.03999468435,7505.624718764061
0,1203,7503.057229028201,7505.624718764061
0,1204,7503.074348470682,7505.624718764061
0,1205,7503.091353777839,7505.624718764061
0,1206,7503.108245710613,7505.624718764061
0,1207,7503.125025024872,7505.624718764061
0,1208,7503.141692471442,7505.624718764061
0,1209,7503.158248796146,7505.624718764061
0,1210,7503.174694739834,7505.624718764061
0,1211,7503.191031038415,7505.624718764061
0,1212,7503.207258422893,7505.624718764061
0,1213,7503.223377619398,7505.624718764061
0,1214,7503.239389349221,7505.624718764061
0,1215,7503.255294328842,7505.624718764061
0,1216,7503.271093269962,7505.624718764061
0,1217,7503.286786879543,7505.624718764061
0,1218,7503.302375859828,7505.624718764061
0,1219,7503.317860908382,7505.624718764061
0,1220,7503.333242718118,7505.624718764061
0,1221,7503.348521977327,7505.624718764061
0,1222,7503.3636993697155,7505.624718764061
0,1223,7503.378775574428,7505.624718764061
0,1224,7503.393751266085,7505.624718764061
0,1225,7503.408627114804,7505.624718764061
0,1226,7503.423403786242,7505.624718764061
0,1227,7503.43808194161,7505.624718764061
0,1228,7503.452662237716,7505.624718764061
0,1229,7503.467145326989,7505.624718764061
0,1230,7503.481531857506,7505.624718764061
0,1231,7503.495822473023,7505.624718764061
0,1232,7503.510017813007,7505.624718764061
0,1233,7503.524118512659,7505.624718764061
0,1234,7503.5381252029465,7505.624718764061
0,1235,7503.552038510629,7505.624718764061
0,1236,7503.565859058291,7505.624718764061
0,1237,7503.57958746436,7505.624718764061
0,1238,7503.593224343146,7505.624718764061
0,1239,7503.606770304862,7505.624718764061
0,1240,7503.620225955651,7505.624718764061
0,1241,7503.633591897616,7505.624718764061
0,1242,7503.646868728846,7505.624718764061
0,1243,7503.660057043442,7505.624718764061
0,1244,7503.6731574315445,7505.624718764061
0,1245,7503.68617047936,7505.624718764061
0,1246,7503.6990967691845,7505.624718764061
0,1247,7503.7119368794365,7505.624718764061
0,1248,7503.724691384672,7505.624718764061
0,1249,7503.737360855622,7505.624718764061
0,1250,7503.749945859208,7505.624718764061
0,1251,7503.762446958577,7505.624718764061
0,1252,7503.774864713116,7505.624718764061
0,1253,7503.787199678484,7505.624718764061
0,1254,7503.799452406639,7505.624718764061
0,1255,7503.811623445856,7505.624718764061
0,1256,7503.823713340753,7505.624718764061
0,1257,7503.835722632321,7505.624718764061
0,1258,7503.847651857943,7505.624718764061
0,1259,7503.859501551417,7505.624718764061
0,1260,7503.8712722429855,7505.624718764061
0,1261,7503.882964459353,7505.624718764061
0,1262,7503.894578723714,7505.624718764061
0,1263,7503.906115555775,7505.624718764061
0,1264,7503.917575471775,7505.624718764061
0,1265,7503.928958984517,7505.624718764061
0,1266,7503.940266603378,7505.624718764061
0,1267,7503.951498834345,7505.624718764061
0,1268,7503.962656180028,7505.624718764061
0,1269,7503.9737391396875,7505.624718764061
0,1270,7503.984748209255,7505.624718764061
0,1271,7503.995683881355,7505.624718764061
0,1272,7504.00654664533,7505.624718764061
0,1273,7504.017336987256,7505.624718764061
0,1274,7504.028055389974,7505.624718764061
0,1275,7504.0387023330995,7505.624718764061
0,1276,7504.049278293056,7505.624718764061
0,1277,7504.059783743088,7505.624718764061
0,1278,7504.070219153285,7505.624718764061
0,1279,7504.080584990601,7505.624718764061
0,1280,7504.09088171888,7505.624718764061
0,1281,7504.101109798872,7505.624718764061
0,1282,7504.111269688254,7505.624718764061
0,1283,7504.121361841654,7505.624718764061
0,1284,7504.131386710667,7505.624718764061
0,1285,7504.141344743878,7505.624718764061
0,1286,7504.151236386882,7505.624718764061
0,1287,7504.161062082303,7505.624718764061
0,1288,7504.170822269812,7505.624718764061
0,1289,7504.180517386149,7505.624718764061
0,1290,7504.190147865148,7505.624718764061
0,1291,7504.199714137742,7505.624718764061
0,1292,7504.209216631997,7505.624718764061
0,1293,7504.218655773123,7505.624718764061
0,1294,7504.2280319834945,7505.624718764061
0,1295,7504.237345682672,7505.624718764061
0,1296,7504.246597287416,7505.624718764061
0,1297,7504.255787211712,7505.624718764061
0,1298,7504.264915866784,7505.624718764061
0,1299,7504.273983661111,7505.624718764061
0,1300,7504.282991000454,7505.624718764061
0,1301,7504.291938287865,7505.624718764061
0,1302,7504.300825923711,7505.624718764061
0,1303,7504.30965430569,7505.624718764061
0,1304,7504.318423828845,7505.624718764061
0,1305,7504.32713488559,7505.624718764061
0,1306,7504.335787865719,7505.624718764061
0,1307,7504.344383156429,7505.624718764061
0,1308,7504.3529211423365,7505.624718764061
0,1309,7504.361402205493,7505.624718764061
0,1310,7504.369826725399,7505.624718764061
0,1311,7504.378195079033,7505.624718764061
0,1312,7504.386507640852,7505.624718764061
0,1313,7504.394764782823,7505.624718764061
0,1314,7504.402966874427,7505.624718764061
0,1315,7504.411114282686,7505.624718764061
0,1316,7504.419207372174,7505.624718764061
0,1317,7504.427246505034,7505.624718764061
0,1318,7504.435232040997,7505.624718764061
0,1319,7504.443164337391,7505.624718764061
0,1320,7504.4510437491645,7505.624718764061
0,1321,7504.4588706289005,7505.624718764061
0,1322,7504.466645326828,7505.624718764061
0,1323,7504.474368190846,7505.624718764061
0,1324,7504.482039566529,7505.624718764061
0,1325,7504.489659797151,7505.624718764061
0,1326,7504.497229223694,7505.624718764061
0,1327,7504.5047481848715,7505.624718764061
0,1328,7504.512217017134,7505.624718764061
0,1329,7504.519636054692,7505.624718764061
0,1330,7504.527005629527,7505.624718764061
0,1331,7504.534326071406,7505.624718764061
0,1332,7504.541597707899,7505.624718764061
0,1333,7504.548820864391,7505.624718764061
0,1334,7504.5559958641,7505.624718764061
0,1335,7504.563123028085,7505.624718764061
0,1336,7504.570202675268,7505.624718764061
0,1337,7504.577235122443,7505.624718764061
0,1338,7504.5842206842935,7505.624718764061
0,1339,7504.591159673403,7505.624718764061
0,1340,7504.598052400272,7505.624718764061
0,1341,7504.60489917333,7505.624718764061
0,1342,7504.611700298953,7505.624718764061
0,1343,7504.618456081471,7505.624718764061
0,1344,7504.625166823187,7505.624718764061
0,1345,7504.631832824388,7505.624718764061
0,1346,7504.638454383359,7505.624718764061
0,1347,7504.645031796396,7505.624718764061
0,1348,7504.651565357821,7505.624718764061
0,1349,7504.6580553599915,7505.624718764061
0,1350,7504.664502093317,7505.624718764061
0,1351,7504.670905846273,7505.624718764061
0,1352,7504.677266905407,7505.624718764061
0,1353,7504.68358555536,7505.624718764061
0,1354,7504.689862078873,7505.624718764061
0,1355,7504.696096756805,7505.624718764061
0,1356,7504.702289868138,7505.624718764061
0,1357,7504.708441689999,7505.624718764061
0,1358,7504.714552497663,7505.624718764061
0,1359,7504.720622564573,7505.624718764061
0,1360,7504.726652162346,7505.624718764061
0,1361,7504.732641560791,7505.624718764061
0,1362,7504.738591027916,7505.624718764061
0,1363,7504.744500829945,7505.624718764061
0,1364,7504.750371231323,7505.624718764061
0,1365,7504.756202494735,7505.624718764061
0,1366,7504.7619948811125,7505.624718764061
0,1367,7504.767748649651,7505.624718764061
0,1368,7504.7734640578155,7505.624718764061
0,1369,7504.779141361353,7505.624718764061
0,1370,7504.784780814308,7505.624718764061
0,1371,7504.790382669031,7505.624718764061
0,1372,7504.795947176188,7505.624718764061
0,1373,7504.801474584776,7505.624718764061
0,1374,7504.80696514213,7505.624718764061
0,1375,7504.812419093939,7505.624718764061
0,1376,7504.817836684251,7505.624718764061
0,1377,7504.823218155489,7505.624718764061
0,1378,7504.828563748457,7505.624718764061
0,1379,7504.833873702357,7505.624718764061
0,1380,7504.839148254795,7505.624718764061
0,1381,7504.844387641791,7505.624718764061
0,1382,7504.849592097794,7505.624718764061
0,1383,7504.8547618556895,7505.624718764061
0,1384,7504.859897146809,7505.624718764061
0,1385,7504.864998200943,7505.624718764061
0,1386,7504.8700652463485,7505.624718764061
0,1387,7504.875098509762,7505.624718764061
0,1388,7504.880098216409,7505.624718764061
0,1389,7504.885064590011,7505.624718764061
0,1390,7504.889997852801,7505.624718764061
0,1391,7504.894898225527,7505.624718764061
0,1392,7504.899765927469,7505.624718764061
0,1393,7504.904601176442,7505.624718764061
0,1394,7504.90940418881,7505.624718764061
0,1395,7504.914175179494,7505.624718764061
0,1396,7504.918914361984,7505.624718764061
0,1397,7504.923621948345,7505.624718764061
0,1398,7504.928298149226,7505.624718764061
0,1399,7504.932943173876,7505.624718764061
0,1400,7504.937557230147,7505.624718764061
0,1401,7504.942140524506,7505.624718764061
0,1402,7504.94669326204,7505.624718764061
0,1403,7504.951215646473,7505.624718764061
0,1404,7504.955707880169,7505.624718764061
0,1405,7504.960170164144,7505.624718764061
0,1406,7504.96460269807,7505.624718764061
0,1407,7504.969005680294,7505.624718764061
0,1408,7504.973379307835,7505.624718764061
0,1409,7504.977723776401,7505.624718764061
0,1410,7504.982039280395,7505.624718764061
0,1411,7504.986326012924,7505.624718764061
0,1412,7504.9905841658065,7505.624718764061
0,1413,7504.994813929584,7505.624718764061
0,1414,7504.999015493527,7505.624718764061
0,1415,7505.003189045643,7505.624718764061
0,1416,7505.0073347726875,7505.624718764061
0,1417,7505.01145286017,7505.624718764061
0,1418,7505.015543492363,7505.624718764061
0,1419,7505.01960685231,7505.624718764061
0,1420,7505.023643121837,7505.624718764061
0,1421,7505.027652481555,7505.624718764061
0,1422,7505.031635110872,7505.624718764061
0,1423,7505.035591188,7505.624718764061
0,1424,7505.039520889961,7505.624718764061
0,1425,7505.043424392598,7505.624718764061
0,1426,7505.047301870584,7505.624718764061
0,1427,7505.051153497424,7505.624718764061
0,1428,7505.054979445467,7505.624718764061
0,1429,7505.058779885916,7505.624718764061
0,1430,7505.062554988828,7505.624718764061
0,1431,7505.066304923129,7505.624718764061
0,1432,7505.070029856617,7505.624718764061
0,1433,7505.073729955975,7505.624718764061
0,1434,7505.07740538677,7505.624718764061
0,1435,7505.081056313467,7505.624718764061
0,1436,7505.084682899436,7505.624718764061
0,1437,7505.088285306957,7505.624718764061
0,1438,7505.0918636972265,7505.624718764061
0,1439,7505.0954182303685,7505.624718764061
0,1440,7505.098949065438,7505.624718764061
0,1441,7505.102456360431,7505.624718764061
0,1442,7505.105940272286,7505.624718764061
0,1443,7505.109400956902,7505.624718764061
0,1444,7505.112838569134,7505.624718764061
0,1445,7505.116253262805,7505.624718764061
0,1446,7505.119645190713,7505.624718764061
0,1447,7505.1230145046375,7505.624718764061
0,1448,7505.1263613553465,7505.624718764061
0,1449,7505.129685892602,7505.624718764061
0,1450,7505.132988265167,7505.624718764061
0,1451,7505.136268620815,7505.624718764061
0,1452,7505.139527106331,7505.624718764061
0,1453,7505.142763867524,7505.624718764061
0,1454,7505.145979049231,7505.624718764061
0,1455,7505.149172795321,7505.624718764061
0,1456,7505.152345248706,7505.624718764061
0,1457,7505.155496551344,7505.624718764061
0,1458,7505.158626844247,7505.624718764061
0,1459,7505.161736267488,7505.624718764061
0,1460,7505.164824960204,7505.624718764061
0,1461,7505.167893060605,7505.624718764061
0,1462,7505.170940705982,7505.624718764061
0,1463,7505.1739680327055,7505.624718764061
0,1464,7505.176975176242,7505.624718764061
0,1465,7505.179962271153,7505.624718764061
0,1466,7505.1829294511035,7505.624718764061
0,1467,7505.185876848864,7505.624718764061
0,1468,7505.188804596323,7505.624718764061
0,1469,7505.191712824491,7505.624718764061
0,1470,7505.194601663502,7505.624718764061
0,1471,7505.197471242623,7505.624718764061
0,1472,7505.200321690259,7505.624718764061
0,1473,7505.203153133963,7505.624718764061
0,1474,7505.205965700429,7505.624718764061
0,1475,7505.208759515516,7505.624718764061
0,1476,7505.211534704237,7505.624718764061
0,1477,7505.2142913907755,7505.624718764061
0,1478,7505.217029698484,7505.624718764061
0,1479,7505.2197497498955,7505.624718764061
0,1480,7505.222451666725,7505.624718764061
0,1481,7505.225135569874,7505.624718764061
0,1482,7505.227801579441,7505.624718764061
0,1483,7505.230449814721,7505.624718764061
0,1484,7505.233080394218,7505.624718764061
0,1485,7505.235693435641,7505.624718764061
0,1486,7505.238289055917,7505.624718764061
0,1487,7505.2408673711925,7505.624718764061
0,1488,7505.24342849684,7505.624718764061
0,1489,7505.245972547463,7505.624718764061
0,1490,7505.248499636899,7505.624718764061
0,1491,7505.251009878232,7505.624718764061
0,1492,7505.253503383785,7505.624718764061
0,1493,7505.255980265137,7505.624718764061
0,1494,7505.258440633121,7505.624718764061
0,1495,7505.260884597831,7505.624718764061
0,1496,7505.263312268629,7505.624718764061
0,1497,7505.265723754145,7505.624718764061
0,1498,7505.268119162287,7505.624718764061
0,1499,7505.270498600244,7505.624718764061
0,1500,7505.272862174487,7505.624718764061
0,1501,7505.275209990781,7505.624718764061
0,1502,7505.277542154185,7505.624718764061
0,1503,7505.279858769054,7505.624718764061
0,1504,7505.282159939052,7505.624718764061
0,1505,7505.284445767149,7505.624718764061
0,1506,7505.286716355631,7505.624718764061
0,1507,7505.288971806099,7505.624718764061
0,1508,7505.291212219479,7505.624718764061
0,1509,7505.293437696024,7505.624718764061
0,1510,7505.2956483353155,7505.624718764061
0,1511,7505.2978442362755,7505.624718764061
0,1512,7505.300025497164,7505.624718764061
0,1513,7505.302192215585,7505.624718764061
0,1514,7505.304344488495,7505.624718764061
0,1515,7505.306482412202,7505.624718764061
0,1516,7505.308606082372,7505.624718764061
0,1517,7505.3107155940315,7505.624718764061
0,1518,7505.312811041578,7505.624718764061
0,1519,7505.314892518774,7505.624718764061
0,1520,7505.316960118764,7505.624718764061
0,1521,7505.319013934063,7505.624718764061
0,1522,7505.321054056575,7505.624718764061
0,1523,7505.323080577591,7505.624718764061
0,1524,7505.325093587791,7505.624718764061
0,1525,7505.327093177253,7505.624718764061
0,1526,7505.329079435452,7505.624718764061
0,1527,7505.331052451266,7505.624718764061
0,1528,7505.333012312985,7505.624718764061
0,1529,7505.334959108306,7505.624718764061
0,1530,7505.3368929243425,7505.624718764061
0,1531,7505.338813847627,7505.624718764061
0,1532,7505.340721964116,7505.624718764061
0,1533,7505.3426173591915,7505.624718764061
0,1534,7505.344500117669,7505.624718764061
0,1535,7505.346370323796,7505.624718764061
0,1536,7505.348228061259,7505.624718764061
0,1537,7505.350073413186,7505.624718764061
0,1538,7505.351906462151,7505.624718764061
0,1539,7505.353727290179,7505.624718764061
0,1540,7505.355535978747,7505.624718764061
0,1541,7505.357332608789,7505.624718764061
0,1542,7505.3591172606975,7505.624718764061
0,1543,7505.360890014332,7505.624718764061
0,1544,7505.362650949018,7505.624718764061
0,1545,7505.364400143552,7505.624718764061
0,1546,7505.366137676207,7505.624718764061
0,1547,7505.3678636247305,7505.624718764061
0,1548,7505.369578066356,7505.624718764061
0,1549,7505.371281077799,7505.624718764061
0,1550,7505.372972735264,7505.624718764061
0,1551,7505.37465311445,7505.624718764061
0,1552,7505.376322290546,7505.624718764061
0,1553,7505.377980338247,7505.624718764061
0,1554,7505.379627331743,7505.624718764061
0,1555,7505.381263344733,7505.624718764061
0,1556,7505.3828884504255,7505.624718764061
0,1557,7505.3845027215375,7505.624718764061
0,1558,7505.386106230304,7505.624718764061
0,1559,7505.387699048479,7505.624718764061
0,1560,7505.389281247334,7505.624718764061
0,1561,7505.390852897669,7505.624718764061
0,1562,7505.392414069812,7505.624718764061
0,1563,7505.39396483362,7505.624718764061
0,1564,7505.395505258486,7505.624718764061
0,1565,7505.397035413338,7505.624718764061
0,1566,7505.398555366649,7505.624718764061
0,1567,7505.400065186431,7505.624718764061
0,1568,7505.4015649402445,7505.624718764061
0,1569,7505.4030546952,7505.624718764061
0,1570,7505.404534517958,7505.624718764061
0,1571,7505.406004474738,7505.624718764061
0,1572,7505.4074646313165,7505.624718764061
0,1573,7505.408915053031,7505.624718764061
0,1574,7505.410355804784,7505.624718764061
0,1575,7505.411786951045,7505.624718764061
0,1576,7505.413208555853,7505.624718764061
0,1577,7505.414620682823,7505.624718764061
0,1578,7505.416023395142,7505.624718764061
0,1579,7505.4174167555775,7505.624718764061
0,1580,7505.418800826478,7505.624718764061
0,1581,7505.42017566978,7505.624718764061
0,1582,7505.421541347001,7505.624718764061
0,1583,7505.422897919252,7505.624718764061
0,1584,7505.424245447235,7505.624718764061
0,1585,7505.425583991249,7505.624718764061
0,1586,7505.426913611191,7505.624718764061
0,1587,7505.428234366556,7505.624718764061
0,1588,7505.429546316445,7505.624718764061
0,1589,7505.4308495195655,7505.624718764061
0,1590,7505.43214403423,7505.624718764061
0,1591,7505.433429918365,7505.624718764061
0,1592,7505.43470722951,7505.624718764061
0,1593,7505.435976024823,7505.624718764061
0,1594,7505.437236361077,7505.624718764061
0,1595,7505.43848829467,7505.624718764061
0,1596,7505.43973188162,7505.624718764061
0,1597,7505.440967177577,7505.624718764061
0,1598,7505.442194237815,7505.624718764061
0,1599,7505.443413117242,7505.624718764061
0,1600,7505.444623870401,7505.624718764061
0,1601,7505.445826551469,7505.624718764061
0,1602,7505.447021214261,7505.624718764061
0,1603,7505.448207912237,7505.624718764061
0,1604,7505.449386698498,7505.624718764061
0,1605,7505.45055762579,7505.624718764061
0,1606,7505.45172074651,7505.624718764061
0,1607,7505.452876112704,7505.624718764061
0,1608,7505.454023776072,7505.624718764061
0,1609,7505.455163787969,7505.624718764061
0,1610,7505.456296199405,7505.624718764061
0,1611,7505.457421061055,7505.624718764061
0,1612,7505.458538423252,7505.624718764061
0,1613,7505.459648335996,7505.624718764061
0,1614,7505.460750848952,7505.624718764061
0,1615,7505.4618460114525,7505.624718764061
0,1616,7505.462933872505,7505.624718764061
0,1617,7505.464014480789,7505.624718764061
0,1618,7505.465087884657,7505.624718764061
0,1619,7505.466154132141,7505.624718764061
0,1620,7505.467213270953,7505.624718764061
0,1621,7505.468265348487,7505.624718764061
0,1622,7505.46931041182,7505.624718764061
0,1623,7505.470348507715,7505.624718764061
0,1624,7505.471379682625,7505.624718764061
0,1625,7505.472403982692,7505.624718764061
0,1626,7505.473421453751,7505.624718764061
0,1627,7505.47443214133,7505.624718764061
0,1628,7505.475436090655,7505.624718764061
0,1629,7505.476433346651,7505.624718764061
0,1630,7505.47742395394,7505.624718764061
0,1631,7505.478407956851,7505.624718764061
0,1632,7505.479385399414,7505.624718764061
0,1633,7505.480356325367,7505.624718764061
0,1634,7505.481320778157,7505.624718764061
0,1635,7505.482278800941,7505.624718764061
0,1636,7505.483230436586,7505.624718764061
0,1637,7505.484175727677,7505.624718764061
0,1638,7505.485114716512,7505.624718764061
0,1639,7505.486047445109,7505.624718764061
0,1640,7505.486973955203,7505.624718764061
0,1641,7505.487894288254,7505.624718764061
0,1642,7505.4888084854465,7505.624718764061
0,1643,7505.489716587685,7505.624718764061
0,1644,7505.490618635606,7505.624718764061
0,1645,7505.491514669574,7505.624718764061
0,1646,7505.492404729683,7505.624718764061
0,1647,7505.493288855761,7505.624718764061
0,1648,7505.494167087371,7505.624718764061
0,1649,7505.495039463811,7505.624718764061
0,1650,7505.495906024117,7505.624718764061
0,1651,7505.496766807066,7505.624718764061
0,1652,7505.497621851174,7505.624718764061
0,1653,7505.498471194704,7505.624718764061
0,1654,7505.49931487566,7505.624718764061
0,1655,7505.500152931796,7505.624718764061
0,1656,7505.50098540061,7505.624718764061
0,1657,7505.501812319356,7505.624718764061
0,1658,7505.502633725034,7505.624718764061
0,1659,7505.503449654401,7505.624718764061
0,1660,7505.504260143966,7505.624718764061
0,1661,7505.505065229998,7505.624718764061
0,1662,7505.50586494852,7505.624718764061
0,1663,7505.50665933532,7505.624718764061
0,1664,7505.507448425943,7505.624718764061
0,1665,7505.508232255699,7505.624718764061
0,1666,7505.509010859661,7505.624718764061
0,1667,7505.509784272672,7505.624718764061
0,1668,7505.5105525293375,7505.624718764061
0,1669,7505.5113156640355,7505.624718764061
0,1670,7505.5120737109155,7505.624718764061
0,1671,7505.512826703896,7505.624718764061
0,1672,7505.513574676672,7505.624718764061
0,1673,7505.514317662713,7505.624718764061
0,1674,7505.515055695268,7505.624718764061
0,1675,7505.515788807359,7505.624718764061
0,1676,7505.516517031791,7505.624718764061
0,1677,7505.517240401152,7505.624718764061
0,1678,7505.517958947808,7505.624718764061
0,1679,7505.518672703915,7505.624718764061
0,1680,7505.51938170141,7505.624718764061
0,1681,7505.520085972018,7505.624718764061
0,1682,7505.520785547254,7505.624718764061
0,1683,7505.521480458421,7505.624718764061
0,1684,7505.522170736616,7505.624718764061
0,1685,7505.5228564127265,7505.624718764061
0,1686,7505.523537517434,7505.624718764061
0,1687,7505.524214081217,7505.624718764061
0,1688,7505.524886134349,7505.624718764061
0,1689,7505.525553706903,7505.624718764061
0,1690,7505.52621682875,7505.624718764061
0,1691,7505.526875529564,7505.624718764061
0,1692,7505.52752983882,7505.624718764061
0,1693,7505.528179785796,7505.624718764061
0,1694,7505.528825399575,7505.624718764061
0,1695,7505.5294667090475,7505.624718764061
0,1696,7505.53010374291,7505.624718764061
0,1697,7505.530736529667,7505.624718764061
0,1698,7505.531365097635,7505.624718764061
0,1699,7505.531989474941,7505.624718764061
0,1700,7505.532609689522,7505.624718764061
0,1701,7505.533225769133,7505.624718764061
0,1702,7505.533837741343,7505.624718764061
0,1703,7505.534445633532,7505.624718764061
0,1704,7505.535049472905,7505.624718764061
0,1705,7505.53564928648,7505.624718764061
0,1706,7505.536245101099,7505.624718764061
0,1707,7505.536836943422,7505.624718764061
0,1708,7505.53742483993,7505.624718764061
0,1709,7505.538008816934,7505.624718764061
0,1710,7505.538588900564,7505.624718764061
0,1711,7505.539165116775,7505.624718764061
0,1712,7505.539737491353,7505.624718764061
0,1713,7505.540306049909,7505.624718764061
0,1714,7505.540870817887,7505.624718764061
0,1715,7505.541431820555,7505.624718764061
0,1716,7505.541989083018,7505.624718764061
0,1717,7505.542542630213,7505.624718764061
0,1718,7505.543092486908,7505.624718764061
0,1719,7505.543638677709,7505.624718764061
0,1720,7505.5441812270565,7505.624718764061
0,1721,7505.544720159227,7505.624718764061
0,1722,7505.545255498337,7505.624718764061
0,1723,7505.545787268341,7505.624718764061
0,1724,7505.546315493034,7505.624718764061
0,1725,7505.546840196053,7505.624718764061
0,1726,7505.547361400877,7505.624718764061
0,1727,7505.547879130829,7505.624718764061
0,1728,7505.548393409074,7505.624718764061
0,1729,7505.548904258627,7505.624718764061
0,1730,7505.549411702346,7505.624718764061
0,1731,7505.549915762937,7505.624718764061
0,1732,7505.550416462957,7505.624718764061
0,1733,7505.550913824811,7505.624718764061
0,1734,7505.551407870752,7505.624718764061
0,1735,7505.551898622889,7505.624718764061
0,1736,7505.552386103182,7505.624718764061
0,1737,7505.552870333442,7505.624718764061
0,1738,7505.55335133534,7505.624718764061
0,1739,7505.553829130399,7505.624718764061
0,1740,7505.5543037399975,7505.624718764061
0,1741,7505.554775185375,7505.624718764061
0,1742,7505.555243487625,7505.624718764061
0,1743,7505.5557086677045,7505.624718764061
0,1744,7505.556170746428,7505.624718764061
0,1745,7505.556629744473,7505.624718764061
0,1746,7505.557085682378,7505.624718764061
0,1747,7505.557538580545,7505.624718764061
0,1748,7505.55798845924,7505.624718764061
0,1749,7505.558435338594,7505.624718764061
0,1750,7505.558879238603,7505.624718764061
0,1751,7505.559320179131,7505.624718764061
0,1752,7505.559758179908,7505.624718764061
0,1753,7505.560193260534,7505.624718764061
0,1754,7505.560625440477,7505.624718764061
0,1755,7505.561054739076,7505.624718764061
0,1756,7505.561481175542,7505.624718764061
0,1757,7505.561904768956,7505.624718764061
0,1758,7505.5623255382725,7505.624718764061
0,1759,7505.56274350232,7505.624718764061
0,1760,7505.563158679801,7505.624718764061
0,1761,7505.563571089295,7505.624718764061
0,1762,7505.5639807492535,7505.624718764061
0,1763,7505.5643876780105,7505.624718764061
0,1764,7505.564791893772,7505.624718764061
0,1765,7505.565193414628,7505.624718764061
0,1766,7505.565592258544,7505.624718764061
0,1767,7505.565988443368,7505.624718764061
0,1768,7505.566381986827,7505.624718764061
0,1769,7505.566772906533,7505.624718764061
0,1770,7505.567161219976,7505.624718764061
0,1771,7505.567546944534,7505.624718764061
0,1772,7505.567930097467,7505.624718764061
0,1773,7505.568310695918,7505.624718764061
0,1774,7505.568688756919,7505.624718764061
0,1775,7505.569064297389,7505.624718764061
0,1776,7505.569437334129,7505.624718764061
0,1777,7505.569807883834,7505.624718764061
0,1778,7505.570175963084,7505.624718764061
0,1779,7505.5705415883485,7505.624718764061
0,1780,7505.570904775991,7505.624718764061
0,1781,7505.571265542261,7505.624718764061
0,1782,7505.571623903302,7505.624718764061
0,1783,7505.57197987515,7505.624718764061
0,1784,7505.572333473733,7505.624718764061
0,1785,7505.572684714875,7505.624718764061
0,1786,7505.5730336142915,7505.624718764061
0,1787,7505.573380187597,7505.624718764061
0,1788,7505.573724450298,7505.624718764061
0,1789,7505.574066417799,7505.624718764061
0,1790,7505.574406105404,7505.624718764061
0,1791,7505.57474352831,7505.624718764061
0,1792,7505.575078701618,7505.624718764061
0,1793,7505.575411640326,7505.624718764061
0,1794,7505.57574235933,7505.624718764061
0,1795,7505.576070873432,7505.624718764061
0,1796,7505.57639719733,7505.624718764061
0,1797,7505.576721345627,7505.624718764061
0,1798,7505.577043332827,7505.624718764061
0,1799,7505.577363173338,7505.624718764061
0,1800,7505.577680881473,7505.624718764061
0,1801,7505.5779964714475,7505.624718764061
0,1802,7505.578309957383,7505.624718764061
0,1803,7505.578621353308,7505.624718764061
0,1804,7505.578930673157,7505.624718764061
0,1805,7505.57923793077,7505.624718764061
0,1806,7505.5795431398965,7505.624718764061
0,1807,7505.579846314194,7505.624718764061
0,1808,7505.580147467229,7505.624718764061
0,1809,7505.580446612476,7505.624718764061
0,1810,7505.580743763322,7505.624718764061
0,1811,7505.581038933064,7505.624718764061
0,1812,7505.581332134908,7505.624718764061
0,1813,7505.581623381976,7505.624718764061
0,1814,7505.581912687299,7505.624718764061
0,1815,7505.5822000638245,7505.624718764061
0,1816,7505.58248552441,7505.624718764061
0,1817,7505.5827690818305,7505.624718764061
0,1818,7505.5830507487735,7505.624718764061
0,1819,7505.583330537843,7505.624718764061
0,1820,7505.5836084615585,7505.624718764061
0,1821,7505.583884532356,7505.624718764061
0,1822,7505.58415876259,7505.624718764061
0,1823,7505.584431164531,7505.624718764061
0,1824,7505.584701750368,7505.624718764061
0,1825,7505.58497053221,7505.624718764061
0,1826,7505.585237522083,7505.624718764061
0,1827,7505.585502731934,7505.624718764061
0,1828,7505.585766173632,7505.624718764061
0,1829,7505.586027858964,7505.624718764061
0,1830,7505.58628779964,7505.624718764061
0,1831,7505.58654600729,7505.624718764061
0,1832,7505.586802493471,7505.624718764061
0,1833,7505.5870572696585,7505.624718764061
0,1834,7505.587310347253,7505.624718764061
0,1835,7505.58756173758,7505.624718764061
0,1836,7505.587811451886,7505.624718764061
0,1837,7505.588059501349,7505.624718764061
0,1838,7505.588305897064,7505.624718764061
0,1839,7505.588550650059,7505.624718764061
0,1840,7505.588793771286,7505.624718764061
0,1841,7505.589035271624,7505.624718764061
0,1842,7505.589275161879,7505.624718764061
0,1843,7505.589513452786,7505.624718764061
0,1844,7505.589750155008,7505.624718764061
0,1845,7505.589985279136,7505.624718764061
0,1846,7505.590218835691,7505.624718764061
0,1847,7505.590450835125,7505.624718764061
0,1848,7505.590681287818,7505.624718764061
0,1849,7505.590910204084,7505.624718764061
0,1850,7505.591137594165,7505.624718764061
0,1851,7505.591363468236,7505.624718764061
0,1852,7505.591587836404,7505.624718764061
0,1853,7505.591810708711,7505.624718764061
0,1854,7505.592032095127,7505.624718764061
0,1855,7505.59225200556,7505.624718764061
0,1856,7505.59247044985,7505.624718764061
0,1857,7505.592687437773,7505.624718764061
0,1858,7505.592902979037,7505.624718764061
0,1859,7505.593117083286,7505.624718764061
0,1860,7505.593329760103,7505.624718764061
0,1861,7505.593541019004,7505.624718764061
0,1862,7505.5937508694415,7505.624718764061
0,1863,7505.593959320806,7505.624718764061
0,1864,7505.594166382425,7505.624718764061
0,1865,7505.594372063565,7505.624718764061
0,1866,7505.594576373428,7505.624718764061
0,1867,7505.594779321158,7505.624718764061
0,1868,7505.594980915836,7505.624718764061
0,1869,7505.595181166481,7505.624718764061
0,1870,7505.595380082055,7505.624718764061
0,1871,7505.59557767146,7505.624718764061
0,1872,7505.595773943535,7505.624718764061
0,1873,7505.595968907065,7505.624718764061
0,1874,7505.596162570773,7505.624718764061
0,1875,7505.596354943325,7505.624718764061
0,1876,7505.596546033329,7505.624718764061
0,1877,7505.596735849337,7505.624718764061
0,1878,7505.596924399841,7505.624718764061
0,1879,7505.597111693279,7505.624718764061
0,1880,7505.597297738031,7505.624718764061
0,1881,7505.597482542423,7505.624718764061
0,1882,7505.597666114724,7505.624718764061
0,1883,7505.597848463149,7505.624718764061
0,1884,7505.598029595855,7505.624718764061
0,1885,7505.598209520952,7505.624718764061
0,1886,7505.598388246486,7505.624718764061
0,1887,7505.598565780458,7505.624718764061
0,1888,7505.598742130811,7505.624718764061
0,1889,7505.598917305436,7505.624718764061
0,1890,7505.599091312172,7505.624718764061
0,1891,7505.599264158805,7505.624718764061
0,1892,7505.59943585307,7505.624718764061
0,1893,7505.5996064026485,7505.624718764061
0,1894,7505.599775815173,7505.624718764061
0,1895,7505.599944098225,7505.624718764061
0,1896,7505.600111259333,7505.624718764061
0,1897,7505.600277305978,7505.624718764061
0,1898,7505.600442245591,7505.624718764061
0,1899,7505.600606085551,7505.624718764061
0,1900,7505.60076883319,7505.624718764061
0,1901,7505.600930495791,7505.624718764061
0,1902,7505.601091080587,7505.624718764061
0,1903,7505.601250594764,7505.624718764061
0,1904,7505.60140904546,7505.624718764061
0,1905,7505.6015664397655,7505.624718764061
0,1906,7505.601722784723,7505.624718764061
0,1907,7505.601878087328,7505.624718764061
0,1908,7505.602032354532,7505.624718764061
0,1909,7505.602185593236,7505.624718764061
0,1910,7505.602337810296,7505.624718764061
0,1911,7505.602489012527,7505.624718764061
0,1912,7505.6026392066915,7505.624718764061
0,1913,7505.602788399511,7505.624718764061
0,1914,7505.602936597663,7505.624718764061
0,1915,7505.603083807778,7505.624718764061
0,1916,7505.603230036442,7505.624718764061
0,1917,7505.6033752902,7505.624718764061
0,1918,7505.603519575552,7505.624718764061
0,1919,7505.603662898953,7505.624718764061
0,1920,7505.603805266817,7505.624718764061
0,1921,7505.6039466855145,7505.624718764061
0,1922,7505.604087161374,7505.624718764061
0,1923,7505.604226700681,7505.624718764061
0,1924,7505.6043653096785,7505.624718764061
0,1925,7505.604502994571,7505.624718764061
0,1926,7505.604639761516,7505.624718764061
0,1927,7505.604775616637,7505.624718764061
0,1928,7505.604910566013,7505.624718764061
0,1929,7505.6050446156805,7505.624718764061
0,1930,7505.605177771638,7505.624718764061
0,1931,7505.605310039847,7505.624718764061
0,1932,7505.605441426222,7505.624718764061
0,1933,7505.605571936645,7505.624718764061
0,1934,7505.605701576955,7505.624718764061
0,1935,7505.605830352953,7505.624718764061
0,1936,7505.605958270401,7505.624718764061
0,1937,7505.606085335024,7505.624718764061
0,1938,7505.6062115525065,7505.624718764061
0,1939,7505.606336928497,7505.624718764061
0,1940,7505.606461468606,7505.624718764061
0,1941,7505.606585178405,7505.624718764061
0,1942,7505.606708063432,7505.624718764061
0,1943,7505.606830129184,7505.624718764061
0,1944,7505.606951381124,7505.624718764061
0,1945,7505.607071824677,7505.624718764061
0,1946,7505.607191465233,7505.624718764061
0,1947,7505.607310308145,7505.624718764061
0,1948,7505.607428358733,7505.624718764061
0,1949,7505.607545622277,7505.624718764061
0,1950,7505.607662104025,7505.624718764061
0,1951,7505.6077778091885,7505.624718764061
0,1952,7505.607892742945,7505.624718764061
0,1953,7505.60800691044,7505.624718764061
0,1954,7505.60812031678,7505.624718764061
0,1955,7505.608232967038,7505.624718764061
0,1956,7505.6083448662575,7505.624718764061
0,1957,7505.608456019446,7505.624718764061
0,1958,7505.608566431575,7505.624718764061
0,1959,7505.608676107588,7505.624718764061
0,1960,7505.608785052389,7505.624718764061
0,1961,7505.608893270856,7505.624718764061
0,1962,7505.609000767831,7505.624718764061
0,1963,7505.609107548123,7505.624718764061
0,1964,7505.609213616511,7505.624718764061
0,1965,7505.609318977741,7505.624718764061
0,1966,7505.609423636527,7505.624718764061
0,1967,7505.609527597554,7505.624718764061
0,1968,7505.609630865472,7505.624718764061
0,1969,7505.609733444904,7505.624718764061
0,1970,7505.609835340438,7505.624718764061
0,1971,7505.609936556633,7505.624718764061
0,1972,7505.610037098022,7505.624718764061
0,1973,7505.6101369691005,7505.624718764061
0,1974,7505.61023617434,7505.624718764061
0,1975,7505.610334718177,7505.624718764061
0,1976,7505.610432605022,7505.624718764061
0,1977,7505.610529839256,7505.624718764061
0,1978,7505.6106264252285,7505.624718764061
0,1979,7505.6107223672625,7505.624718764061
0,1980,7505.610817669652,7505.624718764061
0,1981,7505.61091233666,7505.624718764061
0,1982,7505.611006372522,7505.624718764061
0,1983,7505.611099781448,7505.624718764061
0,1984,7505.611192567616,7505.624718764061
0,1985,7505.61128473518,7505.624718764061
0,1986,7505.611376288261,7505.624718764061
0,1987,7505.611467230959,7505.624718764061
0,1988,7505.611557567342,7505.624718764061
0,1989,7505.611647301452,7505.624718764061
0,1990,7505.611736437304,7505.624718764061
0,1991,7505.611824978888,7505.624718764061
0,1992,7505.611912930165,7505.624718764061
0,1993,7505.612000295071,7505.624718764061
0,1994,7505.612087077515,7505.624718764061
0,1995,7505.612173281381,7505.624718764061
0,1996,7505.612258910525,7505.624718764061
0,1997,7505.61234396878,7505.624718764061
0,1998,7505.612428459951,7505.624718764061
0,1999,7505.61251238782,7505.624718764061
0,2000,7505.612595756143,7505.624718764061
0,2001,7505.612678568647,7505.624718764061
0,2002,7505.612760829042,7505.624718764061
0,2003,7505.612842541006,7505.624718764061
0,2004,7505.612923708196,7505.624718764061
0,2005,7505.6130043342455,7505.624718764061
0,2006,7505.61308442276,7505.624718764061
0,2007,7505.613163977325,7505.624718764061
0,2008,7505.6132430014995,7505.624718764061
0,2009,7505.6133214988195,7505.624718764061
0,2010,7505.613399472798,7505.624718764061
0,2011,7505.613476926924,7505.624718764061
0,2012,7505.613553864664,7505.624718764061
0,2013,7505.613630289459,7505.624718764061
0,2014,7505.613706204731,7505.624718764061
0,2015,7505.613781613875,7505.624718764061
0,2016,7505.613856520266,7505.624718764061
0,2017,7505.613930927258,7505.624718764061
0,2018,7505.614004838177,7505.624718764061
0,2019,7505.614078256332,7505.624718764061
0,2020,7505.614151185008,7505.624718764061
0,2021,7505.614223627469,7505.624718764061
0,2022,7505.614295586956,7505.624718764061
0,2023,7505.61436706669,7505.624718764061
0,2024,7505.614438069867,7505.624718764061
0,2025,7505.614508599667,7505.624718764061
0,2026,7505.614578659244,7505.624718764061
0,2027,7505.614648251734,7505.624718764061
0,2028,7505.614717380252,7505.624718764061
0,2029,7505.614786047889,7505.624718764061
0,2030,7505.614854257718,7505.624718764061
0,2031,7505.614922012794,7505.624718764061
0,2032,7505.6149893161455,7505.624718764061
0,2033,7505.615056170787,7505.624718764061
0,2034,7505.6151225797075,7505.624718764061
0,2035,7505.61518854588,7505.624718764061
0,2036,7505.615254072256,7505.624718764061
0,2037,7505.615319161768,7505.624718764061
0,2038,7505.615383817328,7505.624718764061
0,2039,7505.615448041829,7505.624718764061
0,2040,7505.615511838146,7505.624718764061
0,2041,7505.615575209133,7505.624718764061
0,2042,7505.615638157624,7505.624718764061
0,2043,7505.615700686439,7505.624718764061
0,2044,7505.615762798374,7505.624718764061
0,2045,7505.615824496208,7505.624718764061
0,2046,7505.615885782703,7505.624718764061
0,2047,7505.615946660601,7505.624718764061
0,2048,7505.616007132626,7505.624718764061
0,2049,7505.616067201484,7505.624718764061
0,2050,7505.6161268698625,7505.624718764061
0,2051,7505.616186140433,7505.624718764061
0,2052,7505.616245015845,7505.624718764061
0,2053,7505.616303498736,7505.624718764061
0,2054,7505.616361591722,7505.624718764061
0,2055,7505.616419297401,7505.624718764061
0,2056,7505.6164766183565,7505.624718764061
0,2057,7505.616533557153,7505.624718764061
0,2058,7505.616590116339,7505.624718764061
0,2059,7505.616646298445,7505.624718764061
0,2060,7505.616702105985,7505.624718764061
0,2061,7505.616757541456,7505.624718764061
0,2062,7505.616812607338,7505.624718764061
0,2063,7505.6168673060965,7505.624718764061
0,2064,7505.616921640178,7505.624718764061
0,2065,7505.616975612013,7505.624718764061
0,2066,7505.6170292240195,7505.624718764061
0,2067,7505.617082478595,7505.624718764061
0,2068,7505.617135378121,7505.624718764061
0,2069,7505.617187924966,7505.624718764061
0,2070,7505.617240121482,7505.624718764061
0,2071,7505.617291970003,7505.624718764061
0,2072,7505.61734347285,7505.624718764061
0,2073,7505.617394632328,7505.624718764061
0,2074,7505.617445450725,7505.624718764061
0,2075,7505.617495930316,7505.624718764061
0,2076,7505.61754607336,7505.624718764061
0,2077,7505.6175958821,7505.624718764061
0,2078,7505.617645358766,7505.624718764061
0,2079,7505.61769450557,7505.624718764061
0,2080,7505.617743324713,7505.624718764061
0,2081,7505.617791818378,7505.624718764061
0,2082,7505.617839988737,7505.624718764061
0,2083,7505.617887837942,7505.624718764061
0,2084,7505.617935368138,7505.624718764061
0,2085,7505.61798258145,7505.624718764061
0,2086,7505.618029479991,7505.624718764061
0,2087,7505.61807606586,7505.624718764061
0,2088,7505.61812234114,7505.624718764061
0,2089,7505.618168307903,7505.624718764061
0,2090,7505.618213968205,7505.624718764061
0,2091,7505.61825932409,7505.624718764061
0,2092,7505.618304377588,7505.624718764061
0,2093,7505.618349130714,7505.624718764061
0,2094,7505.618393585471,7505.624718764061
0,2095,7505.6184377438485,7505.624718764061
0,2096,7505.618481607821,7505.624718764061
0,2097,7505.618525179353,7505.624718764061
0,2098,7505.618568460394,7505.624718764061
0,2099,7505.61861145288,7505.624718764061
0,2100,7505.618654158735,7505.624718764061
0,2101,7505.618696579871,7505.624718764061
0,2102,7505.6187387181835,7505.624718764061
0,2103,7505.618780575561,7505.624718764061
0,2104,7505.618822153875,7505.624718764061
0,2105,7505.618863454986,7505.624718764061
0,2106,7505.6189044807425,7505.624718764061
0,2107,7505.618945232981,7505.624718764061
0,2108,7505.618985713524,7505.624718764061
0,2109,7505.619025924183,7505.624718764061
0,2110,7505.619065866757,7505.624718764061
0,2111,7505.619105543035,7505.624718764061
0,2112,7505.6191449547905,7505.624718764061
0,2113,7505.619184103788,7505.624718764061
0,2114,7505.61922299178,7505.624718764061
0,2115,7505.619261620505,7505.624718764061
0,2116,7505.619299991692,7505.624718764061
0,2117,7505.619338107059,7505.624718764061
0,2118,7505.619375968311,7505.624718764061
0,2119,7505.619413577142,7505.624718764061
0,2120,7505.619450935234,7505.624718764061
0,2121,7505.61948804426,7505.624718764061
0,2122,7505.619524905881,7505.624718764061
0,2123,7505.619561521745,7505.624718764061
0,2124,7505.61959789349,7505.624718764061
0,2125,7505.619634022745,7505.624718764061
0,2126,7505.619669911128,7505.624718764061
0,2127,7505.6197055602415,7505.624718764061
0,2128,7505.619740971682,7505.624718764061
0,2129,7505.619776147036,7505.624718764061
0,2130,7505.619811087874,7505.624718764061
0,2131,7505.619845795763,7505.624718764061
0,2132,7505.619880272254,7505.624718764061
0,2133,7505.619914518889,7505.624718764061
0,2134,7505.619948537203,7505.624718764061
0,2135,7505.619982328716,7505.624718764061
0,2136,7505.620015894941,7505.624718764061
0,2137,7505.620049237382,7505.624718764061
0,2138,7505.620082357527,7505.624718764061
0,2139,7505.620115256861,7505.624718764061
0,2140,7505.620147936856,7505.624718764061
0,2141,7505.620180398972,7505.624718764061
0,2142,7505.620212644663,7505.624718764061
0,2143,7505.620244675373,7505.624718764061
0,2144,7505.620276492533,7505.624718764061
0,2145,7505.620308097569,7505.624718764061
0,2146,7505.620339491894,7505.624718764061
0,2147,7505.620370676913,7505.624718764061
0,2148,7505.6204016540205,7505.624718764061
0,2149,7505.620432424605,7505.624718764061
0,2150,7505.620462990041,7505.624718764061
0,2151,7505.620493351697,7505.624718764061
0,2152,7505.620523510933,7505.624718764061
0,2153,7505.620553469097,7505.624718764061
0,2154,7505.62058322753,7505.624718764061
0,2155,7505.620612787563,7505.624718764061
0,2156,7505.620642150519,7505.624718764061
0,2157,7505.6206713177135,7505.624718764061
0,2158,7505.62070029045,7505.624718764061
0,2159,7505.620729070025,7505.624718764061
0,2160,7505.620757657726,7505.624718764061
0,2161,7505.620786054833,7505.624718764061
0,2162,7505.6208142626165,7505.624718764061
0,2163,7505.620842282339,7505.624718764061
0,2164,7505.620870115254,7505.624718764061
0,2165,7505.620897762607,7505.624718764061
0,2166,7505.620925225635,7505.624718764061
0,2167,7505.620952505567,7505.624718764061
0,2168,7505.620979603624,7505.624718764061
0,2169,7505.621006521017,7505.624718764061
0,2170,7505.621033258953,7505.624718764061
0,2171,7505.621059818626,7505.624718764061
0,2172,7505.621086201226,7505.624718764061
0,2173,7505.621112407935,7505.624718764061
0,2174,7505.621138439921,7505.624718764061
0,2175,7505.621164298354,7505.624718764061
0,2176,7505.6211899843875,7505.624718764061
0,2177,7505.621215499173,7505.624718764061
0,2178,7505.621240843851,7505.624718764061
0,2179,7505.621266019556,7505.624718764061
0,2180,7505.621291027415,7505.624718764061
0,2181,7505.621315868547,7505.624718764061
0,2182,7505.621340544063,7505.624718764061
0,2183,7505.621365055067,7505.624718764061
0,2184,7505.621389402656,7505.624718764061
0,2185,7505.621413587919,7505.624718764061
0,2186,7505.621437611941,7505.624718764061
0,2187,7505.621461475793,7505.624718764061
0,2188,7505.621485180544,7505.624718764061
0,2189,7505.621508727258,7505.624718764061
0,2190,7505.621532116984,7505.624718764061
0,2191,7505.621555350771,7505.624718764061
0,2192,7505.621578429659,7505.624718764061
0,2193,7505.62160135468,7505.624718764061
0,2194,7505.62162412686,7505.624718764061
0,2195,7505.621646747217,7505.624718764061
0,2196,7505.621669216765,7505.624718764061
0,2197,7505.6216915365085,7505.624718764061
0,2198,7505.621713707445,7505.624718764061
0,2199,7505.6217357305695,7505.624718764061
0,2200,7505.621757606865,7505.624718764061
0,2201,7505.621779337311,7505.624718764061
0,2202,7505.6218009228805,7505.624718764061
0,2203,7505.621822364539,7505.624718764061
0,2204,7505.621843663245,7505.624718764061
0,2205,7505.621864819954,7505.624718764061
0,2206,7505.621885835611,7505.624718764061
0,2207,7505.621906711156,7505.624718764061
0,2208,7505.621927447523,7505.624718764061
0,2209,7505.621948045643,7505.624718764061
0,2210,7505.621968506433,7505.624718764061
0,2211,7505.621988830812,7505.624718764061
0,2212,7505.622009019688,7505.624718764061
0,2213,7505.622029073967,7505.624718764061
0,2214,7505.622048994542,7505.624718764061
0,2215,7505.622068782306,7505.624718764061
0,2216,7505.6220884381455,7505.624718764061
0,2217,7505.6221079629395,7505.624718764061
0,2218,7505.622127357563,7505.624718764061
0,2219,7505.622146622881,7505.624718764061
0,2220,7505.622165759758,7505.624718764061
0,2221,7505.6221847690485,7505.624718764061
0,2222,7505.622203651605,7505.624718764061
0,2223,7505.622222408271,7505.624718764061
0,2224,7505.622241039887,7505.624718764061
0,2225,7505.622259547285,7505.624718764061
0,2226,7505.622277931295,7505.624718764061
0,2227,7505.622296192738,7505.624718764061
0,2228,7505.622314332432,7505.624718764061
0,2229,7505.6223323511895,7505.624718764061
0,2230,7505.622350249815,7505.624718764061
0,2231,7505.6223680291105,7505.624718764061
0,2232,7505.6223856898705,7505.624718764061
0,2233,7505.622403232887,7505.624718764061
0,2234,7505.622420658946,7505.624718764061
0,2235,7505.622437968824,7505.624718764061
0,2236,7505.622455163297,7505.624718764061
0,2237,7505.622472243135,7505.624718764061
0,2238,7505.622489209101,7505.624718764061
0,2239,7505.622506061955,7505.624718764061
0,2240,7505.622522802451,7505.624718764061
0,2241,7505.62253943134,7505.624718764061
0,2242,7505.622555949362,7505.624718764061
0,2243,7505.622572357259,7505.624718764061
0,2244,7505.622588655765,7505.624718764061
0,2245,7505.622604845608,7505.624718764061
0,2246,7505.622620927514,7505.624718764061
0,2247,7505.622636902201,7505.624718764061
0,2248,7505.622652770385,7505.624718764061
0,2249,7505.6226685327765,7505.624718764061
0,2250,7505.62268419008,7505.624718764061
0,2251,7505.622699742996,7505.624718764061
0,2252,7505.622715192221,7505.624718764061
0,2253,7505.6227305384455,7505.624718764061
0,2254,7505.622745782357,7505.624718764061
0,2255,7505.622760924638,7505.624718764061
0,2256,7505.622775965964,7505.624718764061
0,2257,7505.622790907011,7505.624718764061
0,2258,7505.622805748445,7505.624718764061
0,2259,7505.622820490931,7505.624718764061
0,2260,7505.622835135129,7505.624718764061
0,2261,7505.622849681695,7505.624718764061
0,2262,7505.622864131278,7505.624718764061
0,2263,7505.622878484527,7505.624718764061
0,2264,7505.622892742082,7505.624718764061
0,2265,7505.622906904581,7505.624718764061
0,2266,7505.62292097266,7505.624718764061
0,2267,7505.622934946947,7505.624718764061
0,2268,7505.622948828067,7505.624718764061
0,2269,7505.622962616641,7505.624718764061
0,2270,7505.622976313288,7505.624718764061
0,2271,7505.622989918618,7505.624718764061
0,2272,7505.623003433242,7505.624718764061
0,2273,7505.623016857764,7505.624718764061
0,2274,7505.623030192784,7505.624718764061
0,2275,7505.623043438901,7505.624718764061
0,2276,7505.623056596704,7505.624718764061
0,2277,7505.623069666785,7505.624718764061
0,2278,7505.623082649728,7505.624718764061
0,2279,7505.623095546113,7505.624718764061
0,2280,7505.623108356518,7505.624718764061
0,2281,7505.623121081517,7505.624718764061
0,2282,7505.623133721677,7505.624718764061
0,2283,7505.623146277566,7505.624718764061
0,2284,7505.623158749745,7505.624718764061
0,2285,7505.623171138772,7505.624718764061
0,2286,7505.6231834452,7505.624718764061
0,2287,7505.623195669583,7505.624718764061
0,2288,7505.623207812465,7505.624718764061
0,2289,7505.623219874391,7505.624718764061
0,2290,7505.6232318559,7505.624718764061
0,2291,7505.623243757528,7505.624718764061
0,2292,7505.623255579808,7505.624718764061
0,2293,7505.623267323268,7505.624718764061
0,2294,7505.623278988436,7505.624718764061
0,2295,7505.623290575831,7505.624718764061
0,2296,7505.623302085973,7505.624718764061
0,2297,7505.623313519378,7505.624718764061
0,2298,7505.623324876555,7505.624718764061
0,2299,7505.623336158014,7505.624718764061
0,2300,7505.62334736426,7505.624718764061
0,2301,7505.623358495794,7505.624718764061
0,2302,7505.623369553114,7505.624718764061
0,2303,7505.623380536714,7505.624718764061
0,2304,7505.623391447087,7505.624718764061
0,2305,7505.623402284721,7505.624718764061
0,2306,7505.6234130501,7505.624718764061
0,2307,7505.623423743706,7505.624718764061
0,2308,7505.623434366018,7505.624718764061
0,2309,7505.623444917511,7505.624718764061
0,2310,7505.623455398658,7505.624718764061
0,2311,7505.623465809926,7505.624718764061
0,2312,7505.623476151782,7505.624718764061
0,2313,7505.623486424689,7505.624718764061
0,2314,7505.623496629107,7505.624718764061
0,2315,7505.623506765492,7505.624718764061
0,2316,7505.623516834297,7505.624718764061
0,2317,7505.623526835974,7505.624718764061
0,2318,7505.62353677097,7505.624718764061
0,2319,7505.623546639729,7505.624718764061
0,2320,7505.623556442693,7505.624718764061
0,2321,7505.623566180302,7505.624718764061
0,2322,7505.623575852989,7505.624718764061
0,2323,7505.623585461189,7505.624718764061
0,2324,7505.623595005331,7505.624718764061
0,2325,7505.623604485841,7505.624718764061
0,2326,7505.623613903145,7505.624718764061
0,2327,7505.623623257664,7505.624718764061
0,2328,7505.623632549817,7505.624718764061
0,2329,7505.623641780018,7505.624718764061
0,2330,7505.623650948683,7505.624718764061
0,2331,7505.623660056219,7505.624718764061
0,2332,7505.623669103035,7505.624718764061
0,2333,7505.623678089536,7505.624718764061
0,2334,7505.623687016125,7505.624718764061
0,2335,7505.6236958832,7505.624718764061
0,2336,7505.623704691157,7505.624718764061
0,2337,7505.623713440393,7505.624718764061
0,2338,7505.623722131297,7505.624718764061
0,2339,7505.623730764259,7505.624718764061
0,2340,7505.623739339665,7505.624718764061
0,2341,7505.623747857899,7505.624718764061
0,2342,7505.623756319343,7505.624718764061
0,2343,7505.623764724372,7505.624718764061
0,2344,7505.6237730733665,7505.624718764061
0,2345,7505.623781366698,7505.624718764061
0,2346,7505.623789604737,7505.624718764061
0,2347,7505.623797787854,7505.624718764061
0,2348,7505.623805916413,7505.624718764061
0,2349,7505.62381399078,7505.624718764061
0,2350,7505.623822011315,7505.624718764061
0,2351,7505.623829978376,7505.624718764061
0,2352,7505.623837892322,7505.624718764061
0,2353,7505.623845753505,7505.624718764061
0,2354,7505.623853562277,7505.624718764061
0,2355,7505.623861318989,7505.624718764061
0,2356,7505.623869023986,7505.624718764061
0,2357,7505.623876677614,7505.624718764061
0,2358,7505.623884280215,7505.624718764061
0,2359,7505.6238918321305,7505.624718764061
0,2360,7505.623899333697,7505.624718764061
0,2361,7505.62390678525,7505.624718764061
0,2362,7505.623914187124,7505.624718764061
0,2363,7505.62392153965,7505.624718764061
0,2364,7505.623928843156,7505.624718764061
0,2365,7505.62393609797,7505.624718764061
0,2366,7505.623943304416,7505.624718764061
0,2367,7505.6239504628165,7505.624718764061
0,2368,7505.623957573493,7505.624718764061
0,2369,7505.623964636761,7505.624718764061
0,2370,7505.623971652939,7505.624718764061
0,2371,7505.6239786223405,7505.624718764061
0,2372,7505.623985545277,7505.624718764061
0,2373,7505.623992422057,7505.624718764061
0,2374,7505.623999252991,7505.624718764061
0,2375,7505.6240060383825,7505.624718764061
0,2376,7505.624012778536,7505.624718764061
0,2377,7505.624019473752,7505.624718764061
0,2378,7505.624026124332,7505.624718764061
0,2379,7505.624032730572,7505.624718764061
0,2380,7505.624039292769,7505.624718764061
0,2381,7505.624045811215,7505.624718764061
0,2382,7505.624052286203,7505.624718764061
0,2383,7505.624058718023,7505.624718764061
0,2384,7505.624065106961,7505.624718764061
0,2385,7505.624071453304,7505.624718764061
0,2386,7505.624077757336,7505.624718764061
0,2387,7505.6240840193395,7505.624718764061
0,2388,7505.624090239594,7505.624718764061
0,2389,7505.624096418377,7505.624718764061
0,2390,7505.6241025559675,7505.624718764061
0,2391,7505.624108652638,7505.624718764061
0,2392,7505.624114708662,7505.624718764061
0,2393,7505.624120724311,7505.624718764061
0,2394,7505.624126699853,7505.624718764061
0,2395,7505.624132635557,7505.624718764061
0,2396,7505.624138531686,7505.624718764061
0,2397,7505.624144388507,7505.624718764061
0,2398,7505.62415020628,7505.624718764061
0,2399,7505.624155985267,7505.624718764061
0,2400,7505.624161725725,7505.624718764061
0,2401,7505.624167427911,7505.624718764061
0,2402,7505.62417309208,7505.624718764061
0,2403,7505.624178718486,7505.624718764061
0,2404,7505.624184307382,7505.624718764061
0,2405,7505.624189859016,7505.624718764061
0,2406,7505.624195373637,7505.624718764061
0,2407,7505.624200851493,7505.624718764061
0,2408,7505.624206292828,7505.624718764061
0,2409,7505.624211697884,7505.624718764061
0,2410,7505.624217066906,7505.624718764061
0,2411,7505.624222400133,7505.624718764061
0,2412,7505.624227697802,7505.624718764061
0,2413,7505.624232960152,7505.624718764061
0,2414,7505.624238187417,7505.624718764061
0,2415,7505.6242433798325,7505.624718764061
0,2416,7505.624248537631,7505.624718764061
0,2417,7505.624253661042,7505.624718764061
0,2418,7505.624258750295,7505.624718764061
0,2419,7505.624263805618,7505.624718764061
0,2420,7505.624268827238,7505.624718764061
0,2421,7505.624273815378,7505.624718764061
0,2422,7505.624278770262,7505.624718764061
0,2423,7505.624283692112,7505.624718764061
0,2424,7505.624288581147,7505.624718764061
0,2425,7505.624293437588,7505.624718764061
0,2426,7505.624298261651,7505.624718764061
0,2427,7505.6243030535525,7505.624718764061
0,2428,7505.624307813506,7505.624718764061
0,2429,7505.624312541724,7505.624718764061
0,2430,7505.624317238419,7505.624718764061
0,2431,7505.624321903802,7505.624718764061
0,2432,7505.624326538081,7505.624718764061
0,2433,7505.624331141463,7505.624718764061
0,2434,7505.624335714155,7505.624718764061
0,2435,7505.62434025636,7505.624718764061
0,2436,7505.624344768282,7505.624718764061
0,2437,7505.6243492501235,7505.624718764061
0,2438,7505.624353702084,7505.624718764061
0,2439,7505.624358124363,7505.624718764061
0,2440,7505.624362517159,7505.624718764061
0,2441,7505.624366880669,7505.624718764061
0,2442,7505.624371215087,7505.624718764061
0,2443,7505.624375520608,7505.624718764061
0,2444,7505.624379797423,7505.624718764061
0,2445,7505.6243840457255,7505.624718764061
0,2446,7505.624388265704,7505.624718764061
0,2447,7505.624392457547,7505.624718764061
0,2448,7505.624396621444,7505.624718764061
0,2449,7505.62440075758,7505.624718764061
0,2450,7505.624404866141,7505.624718764061
0,2451,7505.624408947309,7505.624718764061
0,2452,7505.624413001269,7505.624718764061
0,2453,7505.624417028201,7505.624718764061
0,2454,7505.624421028285,7505.624718764061
0,2455,7505.624425001701,7505.624718764061
0,2456,7505.624428948625,7505.624718764061
0,2457,7505.6244328692355,7505.624718764061
0,2458,7505.624436763708,7505.624718764061
0,2459,7505.624440632215,7505.624718764061
0,2460,7505.624444474932,7505.624718764061
0,2461,7505.624448292028,7505.624718764061
0,2462,7505.624452083677,7505.624718764061
0,2463,7505.624455850047,7505.624718764061
0,2464,7505.624459591306,7505.624718764061
0,2465,7505.624463307621,7505.624718764061
0,2466,7505.624466999161,7505.624718764061
0,2467,7505.624470666089,7505.624718764061
0,2468,7505.624474308569,7505.624718764061
0,2469,7505.624477926765,7505.624718764061
0,2470,7505.624481520839,7505.624718764061
0,2471,7505.624485090952,7505.624718764061
0,2472,7505.6244886372615,7505.624718764061
0,2473,7505.624492159928,7505.624718764061
0,2474,7505.624495659109,7505.624718764061
0,2475,7505.624499134961,7505.624718764061
0,2476,7505.624502587639,7505.624718764061
0,2477,7505.624506017299,7505.624718764061
0,2478,7505.624509424092,7505.624718764061
0,2479,7505.624512808173,7505.624718764061
0,2480,7505.624516169692,7505.624718764061
0,2481,7505.6245195087995,7505.624718764061
0,2482,7505.624522825646,7505.624718764061
0,2483,7505.6245261203785,7505.624718764061
0,2484,7505.624529393145,7505.624718764061
0,2485,7505.624532644092,7505.624718764061
0,2486,7505.624535873365,7505.624718764061
0,2487,7505.624539081109,7505.624718764061
0,2488,7505.6245422674665,7505.624718764061
0,2489,7505.624545432581,7505.624718764061
0,2490,7505.624548576593,7505.624718764061
0,2491,7505.624551699644,7505.624718764061
0,2492,7505.624554801874,7505.624718764061
0,2493,7505.624557883421,7505.624718764061
0,2494,7505.624560944423,7505.624718764061
0,2495,7505.624563985018,7505.624718764061
0,2496,7505.624567005341,7505.624718764061
0,2497,7505.624570005528,7505.624718764061
0,2498,7505.624572985712,7505.624718764061
0,2499,7505.624575946028,7505.624718764061
0,2500,7505.624578886607,7505.624718764061
0,2501,7505.624581807581,7505.624718764061
0,2502,7505.624584709082,7505.624718764061
0,2503,7505.624587591238,7505.624718764061
0,2504,7505.624590454178,7505.624718764061
0,2505,7505.624593298031,7505.624718764061
0,2506,7505.624596122924,7505.624718764061
0,2507,7505.624598928984,7505.624718764061
0,2508,7505.624601716336,7505.624718764061
0,2509,7505.624604485104,7505.624718764061
0,2510,7505.624607235413,7505.624718764061
0,2511,7505.624609967386,7505.624718764061
0,2512,7505.624612681145,7505.624718764061
0,2513,7505.624615376811,7505.624718764061
0,2514,7505.624618054506,7505.624718764061
0,2515,7505.624620714348,7505.624718764061
0,2516,7505.624623356456,7505.624718764061
0,2517,7505.6246259809495,7505.624718764061
0,2518,7505.624628587946,7505.624718764061
0,2519,7505.624631177562,7505.624718764061
0,2520,7505.624633749912,7505.624718764061
0,2521,7505.624636305112,7505.624718764061
0,2522,7505.624638843278,7505.624718764061
0,2523,7505.62464136452,7505.624718764061
0,2524,7505.624643868955,7505.624718764061
0,2525,7505.624646356692,7505.624718764061
0,2526,7505.624648827843,7505.624718764061
0,2527,7505.624651282519,7505.624718764061
0,2528,7505.624653720831,7505.624718764061
0,2529,7505.624656142885,7505.624718764061
0,2530,7505.624658548792,7505.624718764061
0,2531,7505.624660938658,7505.624718764061
0,2532,7505.624663312591,7505.624718764061
0,2533,7505.624665670697,7505.624718764061
0,2534,7505.624668013083,7505.624718764061
0,2535,7505.62467033985,7505.624718764061
0,2536,7505.624672651105,7505.624718764061
0,2537,7505.624674946952,7505.624718764061
0,2538,7505.624677227492,7505.624718764061
0,2539,7505.624679492827,7505.624718764061
0,2540,7505.62468174306,7505.624718764061
0,2541,7505.624683978291,7505.624718764061
0,2542,7505.624686198619,7505.624718764061
0,2543,7505.624688404145,7505.624718764061
0,2544,7505.624690594966,7505.624718764061
0,2545,7505.62469277118,7505.624718764061
0,2546,7505.624694932885,7505.624718764061
0,2547,7505.624697080179,7505.624718764061
0,2548,7505.624699213156,7505.624718764061
0,2549,7505.624701331914,7505.624718764061
0,2550,7505.624703436545,7505.624718764061
0,2551,7505.624705527145,7505.624718764061
0,2552,7505.624707603807,7505.624718764061
0,2553,7505.624709666623,7505.624718764061
0,2554,7505.624711715687,7505.624718764061
0,2555,7505.62471375109,7505.624718764061
10,1,0.0,1765.8925127671926
10,2,0.0,1765.8925127671926
10,3,0.0,1765.8925127671926
10,4,50.04000198841095,1765.8925127671926
10,5,98.66202325494045,1765.8925127671926
10,6,145.90624503955115,1765.8925127671926
10,7,191.81170996866882,1765.8925127671926
10,8,236.41635432001016,1765.8925127671926
10,9,279.75703937312386,1765.8925127671926
10,10,321.86958187155335,1765.8925127671926
10,11,362.78878362179466,1765.8925127671926
10,12,402.5484602535107,1765.8925127671926
10,13,441.18146916476843,1765.8925127671926
10,14,478.71973667539373,1765.8925127671926
10,15,515.1942844108835,1765.8925127671926
10,16,550.6352549386775,1765.8925127671926
10,17,585.0719366779775,1765.8925127671926
10,18,618.5327881036976,1765.8925127671926
10,19,651.0454612645486,1765.8925127671926
10,20,682.6368246346927,1765.8925127671926
10,21,713.3329853178507,1765.8925127671926
10,22,743.1593106222138,1765.8925127671926
10,23,772.1404490239873,1765.8925127671926
10,24,800.3003505368933,1765.8925127671926
10,25,827.6622865044616,1765.8925127671926
10,26,854.2488688314694,1765.8925127671926
10,27,880.0820686704202,1765.8925127671926
10,28,905.1832345785043,1765.8925127671926
10,29,929.5731101600483,1765.8925127671926
10,30,953.2718512090291,1765.8925127671926
10,31,976.2990423658238,1765.8925127671926
10,32,998.6737133019562,1765.8925127671926
10,33,1020.414354446219,1765.8925127671926
10,34,1041.5389322651633,1765.8925127671926
10,35,1062.0649041105892,1765.8925127671926
10,36,1082.0092326462998,1765.8925127671926
10,37,1101.3883998660483,1765.8925127671926
10,38,1120.2184207142582,1765.8925127671926
10,39,1138.5148563207736,1765.8925127671926
10,40,1156.2928268605772,1765.8925127671926
10,41,1173.5670240491036,1765.8925127671926
10,42,1190.3517232834736,1765.8925127671926
10,43,1206.6607954396825,1765.8925127671926
10,44,1222.507718335493,1765.8925127671926
10,45,1237.905587868504,1765.8925127671926
10,46,1252.8671288386,1765.8925127671926
10,47,1267.4047054637276,1765.8925127671926
10,48,1281.5303315976846,1765.8925127671926
10,49,1295.2556806583696,1765.8925127671926
10,50,1308.5920952746942,1765.8925127671926
10,51,1321.5505966601331,1765.8925127671926
10,52,1334.1418937206547,1765.8925127671926
10,53,1346.3763919045607,1765.8925127671926
10,54,1358.26420180155,1765.8925127671926
10,55,1369.8151474981096,1765.8925127671926
10,56,1381.0387746961403,1765.8925127671926
10,57,1391.9443586015254,1765.8925127671926
10,58,1402.5409115891605,1765.8925127671926
10,59,1412.8371906507805,1765.8925127671926
10,60,1422.8417046317381,1765.8925127671926
10,61,1432.5627212627141,1765.8925127671926
10,62,1442.0082739921697,1765.8925127671926
10,63,1451.1861686251893,1765.8925127671926
10,64,1460.103989774197,1765.8925127671926
10,65,1468.7691071268819,1765.8925127671926
10,66,1477.188681536507,1765.8925127671926
10,67,1485.3696709396395,1765.8925127671926
10,68,1493.3188361061893,1765.8925127671926
10,69,1501.0427462265097,1765.8925127671926
10,70,1508.5477843401763,1765.8925127671926
10,71,1515.8401526109317,1765.8925127671926
10,72,1522.9258774521527,1765.8925127671926
10,73,1529.8108145070792,1765.8925127671926
10,74,1536.500653487919,1765.8925127671926
10,75,1543.0009228778235,1765.8925127671926
10,76,1549.3169944996296,1765.8925127671926
10,77,1555.4540879551316,1765.8925127671926
10,78,1561.4172749385614,1765.8925127671926
10,79,1567.2114834278368,1765.8925127671926
10,80,1572.8415017570428,1765.8925127671926
10,81,1578.3119825735102,1765.8925127671926
10,82,1583.6274466827651,1765.8925127671926
10,83,1588.7922867845202,1765.8925127671926
10,84,1593.810771102805,1765.8925127671926
10,85,1598.6870469132232,1765.8925127671926
10,86,1603.4251439702646,1765.8925127671926
10,87,1608.0289778374913,1765.8925127671926
10,88,1612.5023531233617,1765.8925127671926
10,89,1616.8489666253583,1765.8925127671926
10,90,1621.072410385021,1765.8925127671926
10,91,1625.1761746564107,1765.8925127671926
10,92,1629.1636507904552,1765.8925127671926
10,93,1633.0381340375623,1765.8925127671926
10,94,1636.8028262708135,1765.8925127671926
10,95,1640.4608386319935,1765.8925127671926
10,96,1644.0151941026368,1765.8925127671926
10,97,1647.4688300022208,1765.8925127671926
10,98,1650.8246004155658,1765.8925127671926
10,99,1654.0852785514505,1765.8925127671926
10,100,1657.2535590343932,1765.8925127671926
10,101,1660.3320601314886,1765.8925127671926
10,102,1663.3233259161434,1765.8925127671926
10,103,1666.2298283705004,1765.8925127671926
10,104,1669.0539694282822,1765.8925127671926
10,105,1671.7980829597514,1765.8925127671926
10,106,1674.4644367004203,1765.8925127671926
10,107,1677.0552341251068,1765.8925127671926
10,108,1679.5726162688875,1765.8925127671926
10,109,1682.0186634964482,1765.8925127671926
10,110,1684.395397221298,1765.8925127671926
10,111,1686.7047815762642,1765.8925127671926
10,112,1688.9487250366533,1765.8925127671926
10,113,1691.1290819974145,1765.8925127671926
10,114,1693.2476543056111,1765.8925127671926
10,115,1695.3061927494682,1765.8925127671926
10,116,1697.3063985052227,1765.8925127671926
10,117,1699.2499245429763,1765.8925127671926
10,118,1701.1383769927102,1765.8925127671926
10,119,1702.9733164715908,1765.8925127671926
10,120,1704.7562593736632,1765.8925127671926
10,121,1706.4886791229999,1765.8925127671926
10,122,1708.1720073913384,1765.8925127671926
10,123,1709.8076352812145,1765.8925127671926
10,124,1711.3969144755702,1765.8925127671926
10,125,1712.941158354783,1765.8925127671926
10,126,1714.4416430820456,1765.8925127671926
10,127,1715.8996086579857,1765.8925127671926
10,128,1717.3162599454024,1765.8925127671926
10,129,1718.6927676649661,1765.8925127671926
10,130,1720.0302693627011,1765.8925127671926
10,131,1721.3298703500543,1765.8925127671926
10,132,1722.5926446173241,1765.8925127671926
10,133,1723.819635721206,1765.8925127671926
10,134,1725.0118576471882,1765.8925127671926
10,135,1726.1702956475099,1765.8925127671926
10,136,1727.2959070553718,1765.8925127671926
10,137,1728.3896220760785,1765.8925127671926
10,138,1729.4523445557584,1765.8925127671926
10,139,1730.4849527283038,1765.8925127671926
10,140,1731.488299941142,1765.8925127671926
10,141,1732.4632153604427,1765.8925127671926
10,142,1733.41050465634,1765.8925127671926
10,143,1734.330950668739,1765.8925127671926
10,144,1735.2253140542546,1765.8925127671926
10,145,1736.0943339148175,1765.8925127671926
10,146,1736.9387284084692,1765.8925127671926
10,147,1737.7591953428466,1765.8925127671926
10,148,1738.5564127518512,1765.8925127671926
10,149,1739.3310394559758,1765.8925127671926
10,150,1740.083715606754,1765.8925127671926
10,151,1740.815063215781,1765.8925127671926
10,152,1741.5256866687455,1765.8925127671926
10,153,1742.2161732248915,1765.8925127671926
10,154,1742.8870935023322,1765.8925127671926
10,155,1743.5390019496065,1765.8925127671926
10,156,1744.1724373038762,1765.8925127671926
10,157,1744.7879230361393,1765.8925127671926
10,158,1745.3859677838248,1765.8925127671926
10,159,1745.9670657711317,1765.8925127671926
10,160,1746.5316972174558,1765.8925127671926
10,161,1747.0803287342426,1765.8925127671926
10,162,1747.613413710596,1765.8925127671926
10,163,1748.131392687957,1765.8925127671926
10,164,1748.63469372417,1765.8925127671926
10,165,1749.1237327472275,1765.8925127671926
10,166,1749.5989138989944,1765.8925127671926
10,167,1750.06062986919,1765.8925127671926
10,168,1750.509262219907,1765.8925127671926
10,169,1750.9451817009347,1765.8925127671926
10,170,1751.3687485561463,1765.8925127671926
10,171,1751.7803128212054,1765.8925127671926
10,172,1752.1802146128334,1765.8925127671926
10,173,1752.5687844098843,1765.8925127671926
10,174,1752.946343326451,1765.8925127671926
10,175,1753.3132033772345,1765.8925127671926
10,176,1753.6696677353927,1765.8925127671926
10,177,1754.0160309830828,1765.8925127671926
10,178,1754.3525793549043,1765.8925127671926
10,179,1754.6795909744421,1765.8925127671926
10,180,1754.9973360841097,1765.8925127671926
10,181,1755.3060772684762,1765.8925127671926
10,182,1755.606069671266,1765.8925127671926
10,183,1755.8975612062106,1765.8925127671926
10,184,1756.1807927619243,1765.8925127671926
10,185,1756.4559984009743,1765.8925127671926
10,186,1756.723405553309,1765.8925127671926
10,187,1756.983235204208,1765.8925127671926
10,188,1757.2357020769036,1765.8925127671926
10,189,1757.4810148100275,1765.8925127671926
10,190,1757.7193761300302,1765.8925127671926
10,191,1757.9509830187146,1765.8925127671926
10,192,1758.1760268760206,1765.8925127671926
10,193,1758.3946936781997,1765.8925127671926
10,194,1758.6071641315043,1765.8925127671926
10,195,1758.8136138215239,1765.8925127671926
10,196,1759.014213358289,1765.8925127671926
10,197,1759.209128517263,1765.8925127671926
10,198,1759.3985203763405,1765.8925127671926
10,199,1759.5825454489593,1765.8925127671926
10,200,1759.7613558134458,1765.8925127671926
10,201,1759.9350992386906,1765.8925127671926
10,202,1760.1039193062666,1765.8925127671926
10,203,1760.2679555290829,1765.8925127671926
10,204,1760.427343466679,1765.8925127671926
10,205,1760.5822148372522,1765.8925127671926
10,206,1760.7326976265083,1765.8925127671926
10,207,1760.8789161934292,1765.8925127671926
10,208,1761.0209913730428,1765.8925127671926
10,209,1761.1590405762827,1765.8925127671926
10,210,1761.293177887015,1765.8925127671926
10,211,1761.4235141563174,1765.8925127671926
10,212,1761.5501570940874,1765.8925127671926
10,213,1761.6732113580529,1765.8925127671926
10,214,1761.7927786402613,1765.8925127671926
10,215,1761.9089577511188,1765.8925127671926
10,216,1762.0218447010463,1765.8925127671926
10,217,1762.1315327798231,1765.8925127671926
10,218,1762.2381126336809,1765.8925127671926
10,219,1762.3416723402142,1765.8925127671926
10,220,1762.4422974811685,1765.8925127671926
10,221,1762.540071213163,1765.8925127671926
10,222,1762.635074336413,1765.8925127671926
10,223,1762.727385361503,1765.8925127671926
10,224,1762.8170805742668,1765.8925127671926
10,225,1762.9042340988315,1765.8925127671926
10,226,1762.9889179588724,1765.8925127671926
10,227,1763.0712021371344,1765.8925127671926
10,228,1763.151154633265,1765.8925127671926
10,229,1763.2288415200096,1765.8925127671926
10,230,1763.304326997814,1765.8925127671926
10,231,1763.3776734478797,1765.8925127671926
10,232,1763.4489414837149,1765.8925127671926
10,233,1763.5181900012271,1765.8925127671926
10,234,1763.5854762273934,1765.8925127671926
10,235,1763.6508557675534,1765.8925127671926
10,236,1763.7143826513611,1765.8925127671926
10,237,1763.7761093774352,1765.8925127671926
10,238,1763.836086956744,1765.8925127671926
10,239,1763.8943649547618,1765.8925127671926
10,240,1763.9509915324275,1765.8925127671926
10,241,1764.0060134859468,1765.8925127671926
10,242,1764.0594762854637,1765.8925127671926
10,243,1764.111424112638,1765.8925127671926
10,244,1764.161899897155,1765.8925127671926
10,245,1764.2109453522055,1765.8925127671926
10,246,1764.2586010089547,1765.8925127671926
10,247,1764.3049062500388,1765.8925127671926
10,248,1764.349899342111,1765.8925127671926
10,249,1764.3936174674634,1765.8925127671926
10,250,1764.4360967547568,1765.8925127671926
10,251,1764.4773723088754,1765.8925127671926
10,252,1764.5174782399383,1765.8925127671926
10,253,1764.5564476914885,1765.8925127671926
10,254,1764.594312867882,1765.8925127671926
10,255,1764.6311050609015,1765.8925127671926
10,256,1764.666854675617,1765.8925127671926
10,257,1764.701591255511,1765.8925127671926
10,258,1764.735343506894,1765.8925127671926
10,259,1764.7681393226283,1765.8925127671926
10,260,1764.8000058051764,1765.8925127671926
10,261,1764.8309692890011,1765.8925127671926
10,262,1764.8610553623262,1765.8925127671926
10,263,1764.8902888882833,1765.8925127671926
10,264,1764.91869402546,1765.8925127671926
10,265,1764.946294247862,1765.8925127671926
10,266,1764.973112364314,1765.8925127671926
10,267,1764.9991705373084,1765.8925127671926
10,268,1765.0244903013206,1765.8925127671926
10,269,1765.0490925806039,1765.8925127671926
10,270,1765.072997706483,1765.8925127671926
10,271,1765.0962254341543,1765.8925127671926
10,272,1765.1187949590135,1765.8925127671926
10,273,1765.140724932516,1765.8925127671926
10,274,1765.1620334775926,1765.8925127671926
10,275,1765.182738203626,1765.8925127671926
10,276,1765.2028562210023,1765.8925127671926
10,277,1765.2224041552515,1765.8925127671926
10,278,1765.2413981607874,1765.8925127671926
10,279,1765.259853934257,1765.8925127671926
10,280,1765.2777867275115,1765.8925127671926
10,281,1765.2952113602125,1765.8925127671926
10,282,1765.3121422320764,1765.8925127671926
10,283,1765.3285933347768,1765.8925127671926
10,284,1765.3445782635051,1765.8925127671926
10,285,1765.360110228207,1765.8925127671926
10,286,1765.3752020644988,1765.8925127671926
10,287,1765.3898662442743,1765.8925127671926
10,288,1765.4041148860124,1765.8925127671926
10,289,1765.417959764791,1765.8925127671926
10,290,1765.4314123220183,1765.8925127671926
10,291,1765.4444836748883,1765.8925127671926
10,292,1765.457184625567,1765.8925127671926
10,293,1765.4695256701207,1765.8925127671926
10,294,1765.481517007189,1765.8925127671926
10,295,1765.4931685464135,1765.8925127671926
10,296,1765.5044899166262,1765.8925127671926
10,297,1765.5154904738076,1765.8925127671926
10,298,1765.5261793088193,1765.8925127671926
10,299,1765.5365652549142,1765.8925127671926
10,300,1765.546656895039,1765.8925127671926
10,301,1765.5564625689249,1765.8925127671926
10,302,1765.5659903799815,1765.8925127671926
10,303,1765.575248201992,1765.8925127671926
10,304,1765.584243685621,1765.8925127671926
10,305,1765.5929842647365,1765.8925127671926
10,306,1765.601477162553,1765.8925127671926
10,307,1765.6097293976018,1765.8925127671926
10,308,1765.6177477895303,1765.8925127671926
10,309,1765.6255389647374,1765.8925127671926
10,310,1765.6331093618512,1765.8925127671926
10,311,1765.6404652370477,1765.8925127671926
10,312,1765.6476126692223,1765.8925127671926
10,313,1765.6545575650136,1765.8925127671926
10,314,1765.6613056636834,1765.8925127671926
10,315,1765.6678625418608,1765.8925127671926
10,316,1765.6742336181499,1765.8925127671926
10,317,1765.6804241576085,1765.8925127671926
10,318,1765.6864392760988,1765.8925127671926
10,319,1765.6922839445147,1765.8925127671926
10,320,1765.6979629928903,1765.8925127671926
10,321,1765.7034811143917,1765.8925127671926
10,322,1765.7088428691943,1765.8925127671926
10,323,1765.7140526882527,1765.8925127671926
10,324,1765.7191148769616,1765.8925127671926
10,325,1765.7240336187137,1765.8925127671926
10,326,1765.7288129783572,1765.8925127671926
10,327,1765.7334569055556,1765.8925127671926
10,328,1765.7379692380503,1765.8925127671926
10,329,1765.7423537048326,1765.8925127671926
10,330,1765.7466139292262,1765.8925127671926
10,331,1765.7507534318809,1765.8925127671926
10,332,1765.7547756336814,1765.8925127671926
10,333,1765.7586838585762,1765.8925127671926
10,334,1765.7624813363218,1765.8925127671926
10,335,1765.766171205154,1765.8925127671926
10,336,1765.7697565143806,1765.8925127671926
10,337,1765.7732402269014,1765.8925127671926
10,338,1765.7766252216566,1765.8925127671926
10,339,1765.7799142960055,1765.8925127671926
10,340,1765.7831101680397,1765.8925127671926
10,341,1765.7862154788277,1765.8925127671926
10,342,1765.7892327945988,1765.8925127671926
10,343,1765.7921646088625,1765.8925127671926
10,344,1765.7950133444704,1765.8925127671926
10,345,1765.7977813556176,1765.8925127671926
10,346,1765.8004709297886,1765.8925127671926
10,347,1765.8030842896476,1765.8925127671926
10,348,1765.8056235948752,1765.8925127671926
10,349,1765.8080909439534,1765.8925127671926
10,350,1765.8104883758995,1765.8925127671926
10,351,1765.8128178719512,1765.8925127671926
10,352,1765.8150813572045,1765.8925127671926
10,353,1765.8172807022036,1765.8925127671926
10,354,1765.8194177244868,1765.8925127671926
10,355,1765.82149419009,1765.8925127671926
10,356,1765.8235118150044,1765.8925127671926
10,357,1765.8254722665947,1765.8925127671926
10,358,1765.8273771649785,1765.8925127671926
10,359,1765.8292280843643,1765.8925127671926
10,360,1765.8310265543516,1765.8925127671926
10,361,1765.8327740611958,1765.8925127671926
10,362,1765.8344720490368,1765.8925127671926
10,363,1765.8361219210922,1765.8925127671926
10,364,1765.8377250408155,1765.8925127671926
10,365,1765.8392827330256,1765.8925127671926
10,366,1765.8407962849992,1765.8925127671926
10,367,1765.8422669475356,1765.8925127671926
10,368,1765.8436959359904,1765.8925127671926
10,369,1765.84508443128,1765.8925127671926
10,370,1765.8464335808565,1765.8925127671926
10,371,1765.847744499657,1765.8925127671926
10,372,1765.8490182710254,1765.8925127671926
10,373,1765.8502559476062,1765.8925127671926
10,374,1765.8514585522153,1765.8925127671926
10,375,1765.8526270786854,1765.8925127671926
10,376,1765.8537624926864,1765.8925127671926
10,377,1765.8548657325248,1765.8925127671926
10,378,1765.855937709918,1765.8925127671926
10,379,1765.8569793107479,1765.8925127671926
10,380,1765.857991395794,1765.8925127671926
10,381,1765.8589748014429,1765.8925127671926
10,382,1765.8599303403812,1765.8925127671926
10,383,1765.8608588022664,1765.8925127671926
10,384,1765.8617609543794,1765.8925127671926
10,385,1765.8626375422589,1765.8925127671926
10,386,1765.8634892903167,1765.8925127671926
10,387,1765.8643169024376,1765.8925127671926
10,388,1765.8651210625608,1765.8925127671926
10,389,1765.8659024352435,1765.8925127671926
10,390,1765.8666616662124,1765.8925127671926
10,391,1765.867399382896,1765.8925127671926
10,392,1765.8681161949437,1765.8925127671926
10,393,1765.8688126947286,1765.8925127671926
10,394,1765.8694894578382,1765.8925127671926
10,395,1765.8701470435497,1765.8925127671926
10,396,1765.8707859952917,1765.8925127671926
10,397,1765.8714068410943,1765.8925127671926
10,398,1765.8720100940243,1765.8925127671926
10,399,1765.87259625261,1765.8925127671926
10,400,1765.8731658012528,1765.8925127671926
10,401,1765.8737192106278,1765.8925127671926
10,402,1765.8742569380722,1765.8925127671926
10,403,1765.8747794279645,1765.8925127671926
10,404,1765.8752871120903,1765.8925127671926
10,405,1765.8757804099992,1765.8925127671926
10,406,1765.876259729353,1765.8925127671926
10,407,1765.8767254662614,1765.8925127671926
10,408,1765.8771780056093,1765.8925127671926
10,409,1765.8776177213751,1765.8925127671926
10,410,1765.8780449769397,1765.8925127671926
10,411,1765.8784601253876,1765.8925127671926
10,412,1765.8788635097974,1765.8925127671926
10,413,1765.8792554635256,1765.8925127671926
10,414,1765.8796363104832,1765.8925127671926
10,415,1765.8800063654019,1765.8925127671926
10,416,1765.8803659340952,1765.8925127671926
10,417,1765.8807153137107,1765.8925127671926
10,418,1765.8810547929754,1765.8925127671926
10,419,1765.8813846524358,1765.8925127671926
10,420,1765.881705164687,1765.8925127671926
10,421,1765.8820165946006,1765.8925127671926
10,422,1765.882319199542,1765.8925127671926
10,423,1765.8826132295844,1765.8925127671926
10,424,1765.882898927714,1765.8925127671926
10,425,1765.8831765300317,1765.8925127671926
10,426,1765.8834462659484,1765.8925127671926
10,427,1765.8837083583735,1765.8925127671926
10,428,1765.8839630239002,1765.8925127671926
10,429,1765.8842104729843,1765.8925127671926
10,430,1765.8844509101175,1765.8925127671926
10,431,1765.8846845339972,1765.8925127671926
10,432,1765.8849115376902,1765.8925127671926
10,433,1765.8851321087923,1765.8925127671926
10,434,1765.8853464295835,1765.8925127671926
10,435,1765.8855546771783,1765.8925127671926
10,436,1765.885757023673,1765.8925127671926
10,437,1765.8859536362863,1765.8925127671926
10,438,1765.8861446774993,1765.8925127671926
10,439,1765.886330305188,1765.8925127671926
10,440,1765.8865106727553,1765.8925127671926
10,441,1765.886685929257,1765.8925127671926
10,442,1765.886856219525,1765.8925127671926
10,443,1765.8870216842874,1765.8925127671926
10,444,1765.8871824602843,1765.8925127671926
10,445,1765.8873386803805,1765.8925127671926
10,446,1765.8874904736765,1765.8925127671926
10,447,1765.8876379656147,1765.8925127671926
10,448,1765.8877812780822,1765.8925127671926
10,449,1765.8879205295123,1765.8925127671926
10,450,1765.8880558349824,1765.8925127671926
10,451,1765.8881873063087,1765.8925127671926
10,452,1765.88831505214,1765.8925127671926
10,453,1765.8884391780446,1765.8925127671926
10,454,1765.8885597866004,1765.8925127671926
10,455,1765.888676977478,1765.8925127671926
10,456,1765.8887908475247,1765.8925127671926
10,457,1765.8889014908423,1765.8925127671926
10,458,1765.8890089988663,1765.8925127671926
10,459,1765.8891134604414,1765.8925127671926
10,460,1765.889214961895,1765.8925127671926
10,461,1765.8893135871074,1765.8925127671926
10,462,1765.8894094175828,1765.8925127671926
10,463,1765.8895025325155,1765.8925127671926
10,464,1765.8895930088554,1765.8925127671926
10,465,1765.8896809213725,1765.8925127671926
10,466,1765.8897663427174,1765.8925127671926
10,467,1765.8898493434824,1765.8925127671926
10,468,1765.8899299922596,1765.8925127671926
10,469,1765.8900083556969,1765.8925127671926
10,470,1765.8900844985537,1765.8925127671926
10,471,1765.8901584837547,1765.8925127671926
10,472,1765.8902303724412,1765.8925127671926
10,473,1765.8903002240222,1765.8925127671926
10,474,1765.8903680962228,1765.8925127671926
10,475,1765.8904340451327,1765.8925127671926
10,476,1765.890498125252,1765.8925127671926
10,477,1765.8905603895364,1765.8925127671926
10,478,1765.8906208894416,1765.8925127671926
10,479,1765.8906796749643,1765.8925127671926
10,480,1765.8907367946847,1765.8925127671926
10,481,1765.8907922958072,1765.8925127671926
10,482,1765.8908462241973,1765.8925127671926
10,483,1765.8908986244217,1765.8925127671926
10,484,1765.8909495397838,1765.8925127671926
10,485,1765.8909990123605,1765.8925127671926
10,486,1765.8910470830351,1765.8925127671926
10,487,1765.8910937915339,1765.8925127671926
10,488,1765.8911391764566,1765.8925127671926
10,489,1765.8911832753092,1765.8925127671926
10,490,1765.8912261245353,1765.8925127671926
10,491,1765.8912677595451,1765.8925127671926
10,492,1765.891308214746,1765.8925127671926
10,493,1765.8913475235702,1765.8925127671926
10,494,1765.8913857185023,1765.8925127671926
10,495,1765.8914228311069,1765.8925127671926
10,496,1765.8914588920536,1765.8925127671926
10,497,1765.8914939311435,1765.8925127671926
10,498,1765.8915279773323,1765.8925127671926
10,499,1765.8915610587565,1765.8925127671926
10,500,1765.8915932027542,1765.8925127671926
10,501,1765.891624435889,1765.8925127671926
10,502,1765.8916547839724,1765.8925127671926
10,503,1765.891684272084,1765.8925127671926
10,504,1765.8917129245926,1765.8925127671926
10,505,1765.8917407651766,1765.8925127671926
10,506,1765.8917678168436,1765.8925127671926
10,507,1765.891794101949,1765.8925127671926
10,508,1765.8918196422148,1765.8925127671926
10,509,1765.8918444587478,1765.8925127671926
10,510,1765.8918685720557,1765.8925127671926
10,511,1765.8918920020662,1765.8925127671926
10,512,1765.891914768142,1765.8925127671926
10,513,1765.8919368890965,1765.8925127671926
10,514,1765.8919583832112,1765.8925127671926
10,515,1765.891979268248,1765.8925127671926
10,516,1765.8919995614667,1765.8925127671926
10,517,1765.892019279638,1765.8925127671926
10,518,1765.8920384390563,1765.8925127671926
10,519,1765.8920570555551,1765.8925127671926
10,520,1765.8920751445196,1765.8925127671926
10,521,1765.8920927208978,1765.8925127671926
10,522,1765.8921097992154,1765.8925127671926
10,523,1765.8921263935854,1765.8925127671926
10,524,1765.8921425177218,1765.8925127671926
10,525,1765.8921581849495,1765.8925127671926
10,526,1765.8921734082157,1765.8925127671926
10,527,1765.8921882001014,1765.8925127671926
10,528,1765.8922025728298,1765.8925127671926
10,529,1765.8922165382794,1765.8925127671926
10,530,1765.8922301079906,1765.8925127671926
10,531,1765.892243293178,1765.8925127671926
10,532,1765.892256104737,1765.8925127671926
10,533,1765.892268553256,1765.8925127671926
10,534,1765.8922806490216,1765.8925127671926
10,535,1765.8922924020303,1765.8925127671926
10,536,1765.8923038219948,1765.8925127671926
10,537,1765.8923149183524,1765.8925127671926
10,538,1765.8923257002732,1765.8925127671926
10,539,1765.8923361766672,1765.8925127671926
10,540,1765.892346356192,1765.8925127671926
10,541,1765.8923562472605,1765.8925127671926
10,542,1765.8923658580463,1765.8925127671926
10,543,1765.8923751964917,1765.8925127671926
10,544,1765.892384270314,1765.8925127671926
10,545,1765.8923930870121,1765.8925127671926
10,546,1765.8924016538717,1765.8925127671926
10,547,1765.8924099779729,1765.8925127671926
10,548,1765.8924180661945,1765.8925127671926
10,549,1765.8924259252208,1765.8925127671926
10,550,1765.892433561546,1765.8925127671926
10,551,1765.892440981481,1765.8925127671926
10,552,1765.8924481911579,1765.8925127671926
10,553,1765.8924551965347,1765.8925127671926
10,554,1765.8924620034004,1765.8925127671926
10,555,1765.8924686173805,1765.8925127671926
10,556,1765.8924750439405,1765.8925127671926
10,557,1765.8924812883913,1765.8925127671926
10,558,1765.8924873558938,1765.8925127671926
10,559,1765.8924932514615,1765.8925127671926
10,560,1765.8924989799668,1765.8925127671926
10,561,1765.892504546144,1765.8925127671926
10,562,1765.8925099545925,1765.8925127671926
10,563,1765.8925152097822,1765.8925127671926
10,564,1765.8925203160559,1765.8925127671926
10,565,1765.8925252776335,1765.8925127671926
10,566,1765.892530098615,1765.8925127671926
10,567,1765.8925347829847,1765.8925127671926
10,568,1765.8925393346137,1765.8925127671926
10,569,1765.8925437572634,1765.8925127671926
10,570,1765.8925480545888,1765.8925127671926
10,571,1765.8925522301413,1765.8925127671926
10,572,1765.892556287371,1765.8925127671926
10,573,1765.8925602296313,1765.8925127671926
10,574,1765.8925640601801,1765.8925127671926
10,575,1765.8925677821828,1765.8925127671926
10,576,1765.8925713987155,1765.8925127671926
10,577,1765.8925749127666,1765.8925127671926
10,578,1765.89257832724,1765.8925127671926
10,579,1765.892581644958,1765.8925127671926
10,580,1765.8925848686617,1765.8925127671926
10,581,1765.8925880010156,1765.8925127671926
10,582,1765.8925910446085,1765.8925127671926
10,583,1765.8925940019549,1765.8925127671926
10,584,1765.8925968754993,1765.8925127671926
10,585,1765.892599667616,1765.8925127671926
10,586,1765.8926023806127,1765.8925127671926
10,587,1765.8926050167313,1765.8925127671926
10,588,1765.8926075781508,1765.8925127671926
10,589,1765.8926100669871,1765.8925127671926
10,590,1765.8926124852976,1765.8925127671926
10,591,1765.8926148350804,1765.8925127671926
10,592,1765.8926171182777,1765.8925127671926
10,593,1765.892619336776,1765.8925127671926
10,594,1765.892621492409,1765.8925127671926
10,595,1765.892623586958,1765.8925127671926
10,596,1765.892625622154,1765.8925127671926
10,597,1765.8926275996785,1765.8925127671926
10,598,1765.8926295211659,1765.8925127671926
10,599,1765.8926313882043,1765.8925127671926
10,600,1765.8926332023366,1765.8925127671926
10,601,1765.892634965062,1765.8925127671926
10,602,1765.892636677837,1765.8925127671926
10,603,1765.8926383420771,1765.8925127671926
10,604,1765.8926399591578,1765.8925127671926
10,605,1765.8926415304154,1765.8925127671926
10,606,1765.8926430571485,1765.8925127671926
10,607,1765.8926445406184,1765.8925127671926
10,608,1765.8926459820514,1765.8925127671926
10,609,1765.8926473826386,1765.8925127671926
10,610,1765.8926487435376,1765.8925127671926
10,611,1765.8926500658727,1765.8925127671926
10,612,1765.892651350737,1765.8925127671926
10,613,1765.892652599192,1765.8925127671926
10,614,1765.8926538122696,1765.8925127671926
10,615,1765.8926549909727,1765.8925127671926
10,616,1765.8926561362746,1765.8925127671926
10,617,1765.8926572491223,1765.8925127671926
10,618,1765.892658330435,1765.8925127671926
10,619,1765.8926593811068,1765.8925127671926
10,620,1765.8926604020057,1765.8925127671926
10,621,1765.8926613939757,1765.8925127671926
10,622,1765.892662357836,1765.8925127671926
10,623,1765.8926632943835,1765.8925127671926
10,624,1765.892664204392,1765.8925127671926
10,625,1765.892665088614,1765.8925127671926
10,626,1765.8926659477795,1765.8925127671926
10,627,1765.8926667825992,1765.8925127671926
10,628,1765.8926675937626,1765.8925127671926
10,629,1765.89266838194,1765.8925127671926
10,630,1765.892669147783,1765.8925127671926
10,631,1765.8926698919242,1765.8925127671926
10,632,1765.8926706149787,1765.8925127671926
10,633,1765.892671317544,1765.8925127671926
10,634,1765.892672000201,1765.8925127671926
10,635,1765.8926726635134,1765.8925127671926
10,636,1765.8926733080295,1765.8925127671926
10,637,1765.8926739342821,1765.8925127671926
10,638,1765.8926745427884,1765.8925127671926
10,639,1765.8926751340518,1765.8925127671926
10,640,1765.8926757085605,1765.8925127671926
10,641,1765.8926762667893,1765.8925127671926
10,642,1765.8926768091997,1765.8925127671926
10,643,1765.8926773362398,1765.8925127671926
10,644,1765.8926778483453,1765.8925127671926
10,645,1765.8926783459392,1765.8925127671926
10,646,1765.892678829433,1765.8925127671926
10,647,1765.8926792992258,1765.8925127671926
10,648,1765.8926797557062,1765.8925127671926
10,649,1765.8926801992513,1765.8925127671926
10,650,1765.8926806302277,1765.8925127671926
10,651,1765.8926810489916,1765.8925127671926
10,652,1765.892681455889,1765.8925127671926
10,653,1765.8926818512562,1765.8925127671926
10,654,1765.8926822354197,1765.8925127671926
10,655,1765.8926826086974,1765.8925127671926
10,656,1765.8926829713976,1765.8925127671926
10,657,1765.8926833238197,1765.8925127671926
10,658,1765.8926836662554,1765.8925127671926
10,659,1765.8926839989874,1765.8925127671926
10,660,1765.892684322291,1765.8925127671926
10,661,1765.892684636433,1765.8925127671926
10,662,1765.8926849416732,1765.8925127671926
10,663,1765.892685238264,1765.8925127671926
10,664,1765.8926855264501,1765.8925127671926
10,665,1765.89268580647,1765.8925127671926
10,666,1765.8926860785548,1765.8925127671926
10,667,1765.89268634293,1765.8925127671926
10,668,1765.8926865998133,1765.8925127671926
10,669,1765.8926868494173,1765.8925127671926
10,670,1765.8926870919486,1765.8925127671926
10,671,1765.8926873276068,1765.8925127671926
10,672,1765.8926875565874,1765.8925127671926
10,673,1765.8926877790796,1765.8925127671926
10,674,1765.8926879952667,1765.8925127671926
10,675,1765.8926882053279,1765.8925127671926
10,676,1765.8926884094367,1765.8925127671926
10,677,1765.8926886077616,1765.8925127671926
10,678,1765.8926888004664,1765.8925127671926
10,679,1765.8926889877107,1765.8925127671926
10,680,1765.892689169649,1765.8925127671926
10,681,1765.8926893464318,1765.8925127671926
10,682,1765.892689518205,1765.8925127671926
10,683,1765.8926896851108,1765.8925127671926
10,684,1765.8926898472869,1765.8925127671926
10,685,1765.8926900048675,1765.8925127671926
10,686,1765.8926901579828,1765.8925127671926
10,687,1765.892690306759,1765.8925127671926
10,688,1765.8926904513196,1765.8925127671926
10,689,1765.8926905917838,1765.8925127671926
10,690,1765.8926907282676,1765.8925127671926
10,691,1765.8926908608837,1765.8925127671926
10,692,1765.8926909897418,1765.8925127671926
10,693,1765.8926911149488,1765.8925127671926
10,694,1765.8926912366078,1765.8925127671926
10,695,1765.8926913548191,1765.8925127671926
10,696,1765.8926914696808,1765.8925127671926
10,697,1765.8926915812879,1765.8925127671926
10,698,1765.8926916897321,1765.8925127671926
10,699,1765.8926917951035,1765.8925127671926
10,700,1765.892691897489,1765.8925127671926
10,701,1765.892691996973,1765.8925127671926
10,702,1765.892692093638,1765.8925127671926
10,703,1765.8926921875636,1765.8925127671926
10,704,1765.892692278828,1765.8925127671926
10,705,1765.8926923675062,1765.8925127671926
10,706,1765.8926924536715,1765.8925127671926
10,707,1765.892692537395,1765.8925127671926
10,708,1765.8926926187462,1765.8925127671926
10,709,1765.892692697792,1765.8925127671926
10,710,1765.892692774598,1765.8925127671926
10,711,1765.8926928492274,1765.8925127671926
10,712,1765.892692921742,1765.8925127671926
10,713,1765.8926929922018,1765.8925127671926
10,714,1765.8926930606651,1765.8925127671926
10,715,1765.8926931271883,1765.8925127671926
10,716,1765.8926931918263,1765.8925127671926
10,717,1765.8926932546328,1765.8925127671926
10,718,1765.8926933156595,1765.8925127671926
10,719,1765.892693374957,1765.8925127671926
10,720,1765.8926934325743,1765.8925127671926
10,721,1765.8926934885587,1765.8925127671926
10,722,1765.8926935429567,1765.8925127671926
10,723,1765.8926935958134,1765.8925127671926
10,724,1765.892693647172,1765.8925127671926
10,725,1765.8926936970756,1765.8925127671926
10,726,1765.8926937455649,1765.8925127671926
10,727,1765.89269379268,1765.8925127671926
10,728,1765.8926938384602,1765.8925127671926
10,729,1765.8926938829431,1765.8925127671926
10,730,1765.8926939261655,1765.8925127671926
10,731,1765.892693968163,1765.8925127671926
10,732,1765.8926940089705,1765.8925127671926
10,733,1765.8926940486217,1765.8925127671926
10,734,1765.8926940871493,1765.8925127671926
10,735,1765.8926941245852,1765.8925127671926
10,736,1765.89269416096,1765.8925127671926
10,737,1765.8926941963043,1765.8925127671926
10,738,1765.892694230647,1765.8925127671926
10,739,1765.8926942640164,1765.8925127671926
10,740,1765.8926942964404,1765.8925127671926
10,741,1765.8926943279453,1765.8925127671926
10,742,1765.8926943585577,1765.8925127671926
10,743,1765.8926943883027,1765.8925127671926
10,744,1765.8926944172047,1765.8925127671926
10,745,1765.8926944452878,1765.8925127671926
10,746,1765.892694472575,1765.8925127671926
10,747,1765.892694499089,1765.8925127671926
10,748,1765.8926945248515,1765.8925127671926
10,749,1765.8926945498843,1765.8925127671926
10,750,1765.8926945742076,1765.8925127671926
10,751,1765.8926945978415,1765.8925127671926
10,752,1765.8926946208057,1765.8925127671926
10,753,1765.8926946431195,1765.8925127671926
10,754,1765.8926946648007,1765.8925127671926
10,755,1765.8926946858678,1765.8925127671926
10,756,1765.8926947063376,1765.8925127671926
10,757,1765.8926947262275,1765.8925127671926
10,758,1765.8926947455539,1765.8925127671926
10,759,1765.8926947643322,1765.8925127671926
10,760,1765.892694782579,1765.8925127671926
10,761,1765.8926948003082,1765.8925127671926
10,762,1765.8926948175354,1765.8925127671926
10,763,1765.8926948342742,1765.8925127671926
10,764,1765.8926948505386,1765.8925127671926
10,765,1765.8926948663423,1765.8925127671926
10,766,1765.8926948816982,1765.8925127671926
10,767,1765.8926948966189,1765.8925127671926
10,768,1765.892694911117,1765.8925127671926
10,769,1765.892694925204,1765.8925127671926
10,770,1765.892694938892,1765.8925127671926
10,771,1765.892694952192,1765.8925127671926
10,772,1765.8926949651152,1765.8925127671926
10,773,1765.8926949776721,1765.8925127671926
10,774,1765.8926949898732,1765.8925127671926
10,775,1765.8926950017287,1765.8925127671926
10,776,1765.8926950132482,1765.8925127671926
10,777,1765.892695024441,1765.8925127671926
10,778,1765.8926950353168,1765.8925127671926
10,779,1765.8926950458845,1765.8925127671926
10,780,1765.8926950561527,1765.8925127671926
10,781,1765.8926950661298,1765.8925127671926
10,782,1765.8926950758243,1765.8925127671926
10,783,1765.892695085244,1765.8925127671926
10,784,1765.892695094397,1765.8925127671926
10,785,1765.8926951032904,1765.8925127671926
10,786,1765.892695111932,1765.8925127671926
10,787,1765.8926951203287,1765.8925127671926
10,788,1765.8926951284873,1765.8925127671926
10,789,1765.8926951364147,1765.8925127671926
10,790,1765.8926951441174,1765.8925127671926
10,791,1765.8926951516019,1765.8925127671926
10,792,1765.8926951588742,1765.8925127671926
10,793,1765.8926951659405,1765.8925127671926
10,794,1765.8926951728067,1765.8925127671926
10,795,1765.8926951794783,1765.8925127671926
10,796,1765.8926951859607,1765.8925127671926
10,797,1765.8926951922595,1765.8925127671926
10,798,1765.89269519838,1765.8925127671926
10,799,1765.892695204327,1765.8925127671926
10,800,1765.8926952101056,1765.8925127671926
10,801,1765.89269521572,1765.8925127671926
10,802,1765.8926952211757,1765.8925127671926
10,803,1765.8926952264767,1765.8925127671926
10,804,1765.8926952316274,1765.8925127671926
10,805,1765.8926952366323,1765.8925127671926
10,806,1765.8926952414952,1765.8925127671926
10,807,1765.8926952462205,1765.8925127671926
10,808,1765.8926952508116,1765.8925127671926
10,809,1765.8926952552727,1765.8925127671926
10,810,1765.8926952596075,1765.8925127671926
10,811,1765.8926952638194,1765.8925127671926
10,812,1765.892695267912,1765.8925127671926
10,813,1765.8926952718884,1765.8925127671926
10,814,1765.8926952757524,1765.8925127671926
10,815,1765.8926952795068,1765.8925127671926
10,816,1765.8926952831548,1765.8925127671926
10,817,1765.8926952866996,1765.8925127671926
10,818,1765.8926952901436,1765.8925127671926
10,819,1765.8926952934903,1765.8925127671926
10,820,1765.8926952967422,1765.8925127671926
10,821,1765.8926952999018,1765.8925127671926
10,822,1765.892695302972,1765.8925127671926
10,823,1765.8926953059554,1765.8925127671926
10,824,1765.892695308854,1765.8925127671926
10,825,1765.8926953116702,1765.8925127671926
10,826,1765.8926953144069,1765.8925127671926
10,827,1765.892695317066,1765.8925127671926
10,828,1765.8926953196496,1765.8925127671926
10,829,1765.89269532216,1765.8925127671926
10,830,1765.8926953245996,1765.8925127671926
10,831,1765.8926953269697,1765.8925127671926
10,832,1765.8926953292728,1765.8925127671926
10,833,1765.8926953315106,1765.8925127671926
10,834,1765.8926953336852,1765.8925127671926
10,835,1765.892695335798,1765.8925127671926
10,836,1765.892695337851,1765.8925127671926
10,837,1765.8926953398457,1765.8925127671926
10,838,1765.892695341784,1765.8925127671926
10,839,1765.8926953436674,1765.8925127671926
10,840,1765.8926953454973,1765.8925127671926
10,841,1765.8926953472753,1765.8925127671926
10,842,1765.8926953490031,1765.8925127671926
10,843,1765.8926953506816,1765.8925127671926
10,844,1765.8926953523128,1765.8925127671926
10,845,1765.8926953538978,1765.8925127671926
10,846,1765.8926953554378,1765.8925127671926
10,847,1765.8926953569344,1765.8925127671926
10,848,1765.8926953583882,1765.8925127671926
10,849,1765.892695359801,1765.8925127671926
10,850,1765.8926953611738,1765.8925127671926
10,851,1765.8926953625075,1765.8925127671926
10,852,1765.8926953638036,1765.8925127671926
10,853,1765.892695365063,1765.8925127671926
10,854,1765.8926953662865,1765.8925127671926
10,855,1765.8926953674757,1765.8925127671926
10,856,1765.892695368631,1765.8925127671926
10,857,1765.8926953697533,1765.8925127671926
10,858,1765.892695370844,1765.8925127671926
10,859,1765.8926953719038,1765.8925127671926
10,860,1765.8926953729338,1765.8925127671926
10,861,1765.8926953739342,1765.8925127671926
10,862,1765.8926953749065,1765.8925127671926
10,863,1765.8926953758514,1765.8925127671926
10,864,1765.8926953767693,1765.8925127671926
10,865,1765.8926953776613,1765.8925127671926
10,866,1765.8926953785278,1765.8925127671926
10,867,1765.8926953793698,1765.8925127671926
10,868,1765.8926953801881,1765.8925127671926
10,869,1765.892695380983,1765.8925127671926
10,870,1765.8926953817556,1765.8925127671926
10,871,1765.892695382506,1765.8925127671926
10,872,1765.8926953832354,1765.8925127671926
10,873,1765.8926953839443,1765.8925127671926
10,874,1765.8926953846328,1765.8925127671926
10,875,1765.8926953853017,1765.8925127671926
10,876,1765.892695385952,1765.8925127671926
10,877,1765.8926953865837,1765.8925127671926
10,878,1765.8926953871974,1765.8925127671926
10,879,1765.8926953877938,1765.8925127671926
10,880,1765.8926953883733,1765.8925127671926
10,881,1765.8926953889365,1765.8925127671926
10,882,1765.8926953894836,1765.8925127671926
10,883,1765.8926953900152,1765.8925127671926
10,884,1765.8926953905316,1765.8925127671926
10,885,1765.8926953910336,1765.8925127671926
10,886,1765.8926953915213,1765.8925127671926
10,887,1765.8926953919952,1765.8925127671926
10,888,1765.8926953924556,1765.8925127671926
10,889,1765.892695392903,1765.8925127671926
10,890,1765.8926953933378,1765.8925127671926
10,891,1765.89269539376,1765.8925127671926
10,892,1765.8926953941705,1765.8925127671926
10,893,1765.8926953945693,1765.8925127671926
10,894,1765.8926953949567,1765.8925127671926
10,895,1765.8926953953332,1765.8925127671926
10,896,1765.8926953956993,1765.8925127671926
10,897,1765.8926953960547,1765.8925127671926
10,898,1765.8926953964003,1765.8925127671926
10,899,1765.892695396736,1765.8925127671926
10,900,1765.8926953970622,1765.8925127671926
10,901,1765.892695397379,1765.8925127671926
10,902,1765.892695397687,1765.8925127671926
10,903,1765.892695397986,1765.8925127671926
10,904,1765.8926953982768,1765.8925127671926
10,905,1765.8926953985592,1765.8925127671926
10,906,1765.8926953988337,1765.8925127671926
10,907,1765.8926953991004,1765.8925127671926
10,908,1765.8926953993594,1765.8925127671926
10,909,1765.8926953996113,1765.8925127671926
10,910,1765.892695399856,1765.8925127671926
10,911,1765.8926954000938,1765.8925127671926
10,912,1765.8926954003248,1765.8925127671926
10,913,1765.8926954005492,1765.8925127671926
10,914,1765.8926954007673,1765.8925127671926
10,915,1765.892695400979,1765.8925127671926
10,916,1765.892695401185,1765.8925127671926
10,917,1765.892695401385,1765.8925127671926
10,918,1765.8926954015792,1765.8925127671926
10,919,1765.8926954017682,1765.8925127671926
10,920,1765.8926954019516,1765.8925127671926
10,921,1765.89269540213,1765.8925127671926
10,922,1765.8926954023032,1765.8925127671926
10,923,1765.8926954024714,1765.8925127671926
10,924,1765.8926954026351,1765.8925127671926
10,925,1765.892695402794,1765.8925127671926
10,926,1765.8926954029487,1765.8925127671926
10,927,1765.8926954030987,1765.8925127671926
10,928,1765.8926954032445,1765.8925127671926
10,929,1765.8926954033861,1765.8925127671926
10,930,1765.892695403524,1765.8925127671926
10,931,1765.8926954036576,1765.8925127671926
10,932,1765.8926954037875,1765.8925127671926
10,933,1765.8926954039139,1765.8925127671926
10,934,1765.8926954040367,1765.8925127671926
10,935,1765.8926954041558,1765.8925127671926
10,936,1765.8926954042718,1765.8925127671926
10,937,1765.8926954043843,1765.8925127671926
10,938,1765.8926954044937,1765.8925127671926
10,939,1765.8926954046,1765.8925127671926
10,940,1765.8926954047033,1765.8925127671926
10,941,1765.8926954048038,1765.8925127671926
10,942,1765.8926954049011,1765.8925127671926
10,943,1765.892695404996,1765.8925127671926
10,944,1765.8926954050883,1765.8925127671926
10,945,1765.8926954051776,1765.8925127671926
10,946,1765.8926954052645,1765.8925127671926
10,947,1765.8926954053488,1765.8925127671926
10,948,1765.8926954054311,1765.8925127671926
10,949,1765.8926954055107,1765.8925127671926
10,950,1765.8926954055883,1765.8925127671926
10,951,1765.8926954056635,1765.8925127671926
10,952,1765.8926954057365,1765.8925127671926
10,953,1765.8926954058077,1765.8925127671926
10,954,1765.8926954058766,1765.8925127671926
10,955,1765.8926954059436,1765.8925127671926
10,956,1765.8926954060091,1765.8925127671926
10,957,1765.8926954060723,1765.8925127671926
10,958,1765.8926954061337,1765.8925127671926
10,959,1765.8926954061935,1765.8925127671926
10,960,1765.8926954062517,1765.8925127671926
10,961,1765.8926954063081,1765.8925127671926
10,962,1765.892695406363,1765.8925127671926
10,963,1765.8926954064164,1765.8925127671926
10,964,1765.892695406468,1765.8925127671926
10,965,1765.8926954065184,1765.8925127671926
10,966,1765.8926954065673,1765.8925127671926
10,967,1765.8926954066148,1765.8925127671926
10,968,1765.892695406661,1765.8925127671926
10,969,1765.8926954067058,1765.8925127671926
10,970,1765.8926954067492,1765.8925127671926
10,971,1765.8926954067917,1765.8925127671926
10,972,1765.892695406833,1765.8925127671926
10,973,1765.8926954068727,1765.8925127671926
10,974,1765.8926954069116,1765.8925127671926
10,975,1765.8926954069493,1765.8925127671926
10,976,1765.892695406986,1765.8925127671926
10,977,1765.8926954070218,1765.8925127671926
10,978,1765.8926954070564,1765.8925127671926
10,979,1765.89269540709,1765.8925127671926
10,980,1765.8926954071228,1765.8925127671926
10,981,1765.8926954071546,1765.8925127671926
10,982,1765.8926954071853,1765.8925127671926
10,983,1765.8926954072153,1765.8925127671926
10,984,1765.8926954072444,1765.8925127671926
10,985,1765.8926954072729,1765.8925127671926
10,986,1765.8926954073004,1765.8925127671926
10,987,1765.8926954073272,1765.8925127671926
10,988,1765.8926954073534,1765.8925127671926
10,989,1765.8926954073786,1765.8925127671926
10,990,1765.8926954074032,1765.8925127671926
10,991,1765.892695407427,1765.8925127671926
10,992,1765.89269540745,1765.8925127671926
10,993,1765.8926954074725,1765.8925127671926
10,994,1765.8926954074946,1765.8925127671926
10,995,1765.8926954075157,1765.8925127671926
10,996,1765.8926954075364,1765.8925127671926
10,997,1765.8926954075564,1765.8925127671926
10,998,1765.892695407576,1765.8925127671926
10,999,1765.8926954075948,1765.8925127671926
10,1000,1765.8926954076132,1765.8925127671926
10,1001,1765.8926954076312,1765.8925127671926
10,1002,1765.8926954076485,1765.8925127671926
10,1003,1765.8926954076655,1765.8925127671926
10,1004,1765.892695407682,1765.8925127671926
10,1005,1765.8926954076978,1765.8925127671926
10,1006,1765.8926954077135,1765.8925127671926
10,1007,1765.8926954077285,1765.8925127671926
10,1008,1765.892695407743,1765.8925127671926
10,1009,1765.8926954077574,1765.8925127671926
10,1010,1765.8926954077713,1765.8925127671926
10,1011,1765.8926954077845,1765.8925127671926
10,1012,1765.8926954077976,1765.8925127671926
10,1013,1765.8926954078102,1765.8925127671926
10,1014,1765.8926954078224,1765.8925127671926
10,1015,1765.8926954078345,1765.8925127671926
10,1016,1765.892695407846,1765.8925127671926
10,1017,1765.8926954078572,1765.8925127671926
10,1018,1765.8926954078681,1765.8925127671926
10,1019,1765.8926954078788,1765.8925127671926
10,1020,1765.8926954078893,1765.8925127671926
10,1021,1765.8926954078993,1765.8925127671926
10,1022,1765.892695407909,1765.8925127671926
10,1023,1765.8926954079186,1765.8925127671926
10,1024,1765.892695407928,1765.8925127671926
10,1025,1765.8926954079368,1765.8925127671926
10,1026,1765.8926954079454,1765.8925127671926
10,1027,1765.8926954079539,1765.8925127671926
10,1028,1765.892695407962,1765.8925127671926
10,1029,1765.8926954079702,1765.8925127671926
10,1030,1765.892695407978,1765.8925127671926
10,1031,1765.8926954079855,1765.8925127671926
10,1032,1765.8926954079927,1765.8925127671926
10,1033,1765.8926954079998,1765.8925127671926
10,1034,1765.8926954080068,1765.8925127671926
10,1035,1765.8926954080134,1765.8925127671926
10,1036,1765.89269540802,1765.8925127671926
10,1037,1765.8926954080266,1765.8925127671926
10,1038,1765.8926954080328,1765.8925127671926
10,1039,1765.8926954080387,1765.8925127671926
10,1040,1765.8926954080446,1765.8925127671926
10,1041,1765.8926954080503,1765.8925127671926
10,1042,1765.8926954080557,1765.8925127671926
10,1043,1765.8926954080612,1765.8925127671926
10,1044,1765.8926954080662,1765.8925127671926
10,1045,1765.8926954080714,1765.8925127671926
10,1046,1765.8926954080762,1765.8925127671926
10,1047,1765.892695408081,1765.8925127671926
10,1048,1765.8926954080855,1765.8925127671926
10,1049,1765.89269540809,1765.8925127671926
10,1050,1765.8926954080944,1765.8925127671926
10,1051,1765.8926954080987,1765.8925127671926
10,1052,1765.892695408103,1765.8925127671926
10,1053,1765.8926954081069,1765.8925127671926
10,1054,1765.892695408111,1765.8925127671926
10,1055,1765.8926954081146,1765.8925127671926
10,1056,1765.8926954081185,1765.8925127671926
10,1057,1765.8926954081219,1765.8925127671926
10,1058,1765.8926954081255,1765.8925127671926
10,1059,1765.892695408129,1765.8925127671926
10,1060,1765.892695408132,1765.8925127671926
10,1061,1765.8926954081353,1765.8925127671926
10,1062,1765.8926954081385,1765.8925127671926
10,1063,1765.8926954081414,1765.8925127671926
10,1064,1765.8926954081444,1765.8925127671926
10,1065,1765.8926954081473,1765.8925127671926
10,1066,1765.89269540815,1765.8925127671926
10,1067,1765.8926954081526,1765.8925127671926
10,1068,1765.8926954081553,1765.8925127671926
10,1069,1765.8926954081578,1765.8925127671926
10,1070,1765.89269540816,1765.8925127671926
10,1071,1765.8926954081626,1765.8925127671926
10,1072,1765.8926954081649,1765.8925127671926
10,1073,1765.8926954081671,1765.8925127671926
10,1074,1765.8926954081694,1765.8925127671926
10,1075,1765.8926954081714,1765.8925127671926
10,1076,1765.8926954081735,1765.8925127671926
10,1077,1765.8926954081755,1765.8925127671926
10,1078,1765.8926954081776,1765.8925127671926
10,1079,1765.8926954081794,1765.8925127671926
10,1080,1765.8926954081812,1765.8925127671926
10,1081,1765.892695408183,1765.8925127671926
10,1082,1765.8926954081849,1765.8925127671926
10,1083,1765.8926954081867,1765.8925127671926
10,1084,1765.8926954081883,1765.8925127671926
10,1085,1765.8926954081896,1765.8925127671926
10,1086,1765.8926954081912,1765.8925127671926
10,1087,1765.8926954081928,1765.8925127671926
10,1088,1765.8926954081944,1765.8925127671926
10,1089,1765.8926954081958,1765.8925127671926
10,1090,1765.8926954081971,1765.8925127671926
10,1091,1765.8926954081983,1765.8925127671926
10,1092,1765.8926954081996,1765.8925127671926
10,1093,1765.892695408201,1765.8925127671926
10,1094,1765.8926954082024,1765.8925127671926
10,1095,1765.8926954082035,1765.8925127671926
10,1096,1765.8926954082046,1765.8925127671926
10,1097,1765.8926954082058,1765.8925127671926
10,1098,1765.892695408207,1765.8925127671926
10,1099,1765.8926954082078,1765.8925127671926
10,1100,1765.892695408209,1765.8925127671926
10,1101,1765.89269540821,1765.8925127671926
10,1102,1765.892695408211,1765.8925127671926
10,1103,1765.892695408212,1765.8925127671926
10,1104,1765.8926954082128,1765.8925127671926
10,1105,1765.8926954082137,1765.8925127671926
10,1106,1765.8926954082146,1765.8925127671926
10,1107,1765.8926954082156,1765.8925127671926
10,1108,1765.8926954082165,1765.8925127671926
10,1109,1765.8926954082172,1765.8925127671926
10,1110,1765.8926954082178,1765.8925127671926
10,1111,1765.8926954082185,1765.8925127671926
10,1112,1765.8926954082192,1765.8925127671926
10,1113,1765.8926954082199,1765.8925127671926
10,1114,1765.8926954082206,1765.8925127671926
10,1115,1765.8926954082212,1765.8925127671926
10,1116,1765.892695408222,1765.8925127671926
10,1117,1765.8926954082226,1765.8925127671926
10,1118,1765.8926954082233,1765.8925127671926
10,1119,1765.892695408224,1765.8925127671926
10,1120,1765.8926954082247,1765.8925127671926
10,1121,1765.8926954082253,1765.8925127671926
10,1122,1765.8926954082258,1765.8925127671926
10,1123,1765.8926954082262,1765.8925127671926
10,1124,1765.8926954082265,1765.8925127671926
10,1125,1765.892695408227,1765.8925127671926
10,1126,1765.8926954082274,1765.8925127671926
10,1127,1765.8926954082278,1765.8925127671926
10,1128,1765.8926954082283,1765.8925127671926
10,1129,1765.8926954082287,1765.8925127671926
10,1130,1765.8926954082292,1765.8925127671926
10,1131,1765.8926954082297,1765.8925127671926
10,1132,1765.89269540823,1765.8925127671926
10,1133,1765.8926954082306,1765.8925127671926
10,1134,1765.892695408231,1765.8925127671926
10,1135,1765.8926954082315,1765.8925127671926
10,1136,1765.892695408232,1765.8925127671926
10,1137,1765.8926954082324,1765.8925127671926
10,1138,1765.8926954082328,1765.8925127671926
10,1139,1765.8926954082333,1765.8925127671926
10,1140,1765.8926954082335,1765.8925127671926
10,1141,1765.8926954082337,1765.8925127671926
10,1142,1765.892695408234,1765.8925127671926
10,1143,1765.8926954082342,1765.8925127671926
10,1144,1765.8926954082344,1765.8925127671926
10,1145,1765.8926954082347,1765.8925127671926
10,1146,1765.8926954082349,1765.8925127671926
10,1147,1765.892695408235,1765.8925127671926
10,1148,1765.8926954082353,1765.8925127671926
10,1149,1765.8926954082356,1765.8925127671926
10,1150,1765.8926954082356,1765.8925127671926
10,1151,1765.8926954082358,1765.8925127671926
10,1152,1765.892695408236,1765.8925127671926
10,1153,1765.8926954082362,1765.8925127671926
10,1154,1765.8926954082365,1765.8925127671926
10,1155,1765.8926954082367,1765.8925127671926
10,1156,1765.892695408237,1765.8925127671926
10,1157,1765.8926954082372,1765.8925127671926
10,1158,1765.8926954082374,1765.8925127671926
10,1159,1765.8926954082376,1765.8925127671926
10,1160,1765.8926954082378,1765.8925127671926
10,1161,1765.892695408238,1765.8925127671926
10,1162,1765.8926954082383,1765.8925127671926
10,1163,1765.8926954082385,1765.8925127671926
10,1164,1765.8926954082388,1765.8925127671926
10,1165,1765.892695408239,1765.8925127671926
10,1166,1765.8926954082392,1765.8925127671926
10,1167,1765.8926954082394,1765.8925127671926
10,1168,1765.8926954082397,1765.8925127671926
10,1169,1765.89269540824,1765.8925127671926
10,1170,1765.8926954082401,1765.8925127671926
10,1171,1765.8926954082403,1765.8925127671926
10,1172,1765.8926954082406,1765.8925127671926
10,1173,1765.8926954082408,1765.8925127671926
10,1174,1765.8926954082408,1765.8925127671926
10,1175,1765.8926954082408,1765.8925127671926
10,1176,1765.8926954082408,1765.8925127671926
10,1177,1765.8926954082408,1765.8925127671926
10,1178,1765.8926954082408,1765.8925127671926
10,1179,1765.8926954082408,1765.8925127671926
10,1180,1765.8926954082408,1765.8925127671926
10,1181,1765.8926954082408,1765.8925127671926
10,1182,1765.8926954082408,1765.8925127671926
10,1183,1765.8926954082408,1765.8925127671926
10,1184,1765.8926954082408,1765.8925127671926
10,1185,1765.8926954082408,1765.8925127671926
10,1186,1765.8926954082408,1765.8925127671926
10,1187,1765.8926954082408,1765.8925127671926
10,1188,1765.8926954082408,1765.8925127671926
10,1189,1765.8926954082408,1765.8925127671926
10,1190,1765.8926954082408,1765.8925127671926
10,1191,1765.8926954082408,1765.8925127671926
10,1192,1765.8926954082408,1765.8925127671926
10,1193,1765.8926954082408,1765.8925127671926
10,1194,1765.8926954082408,1765.8925127671926
10,1195,1765.8926954082408,1765.8925127671926
10,1196,1765.8926954082408,1765.8925127671926
10,1197,1765.8926954082408,1765.8925127671926
10,1198,1765.8926954082408,1765.8925127671926
10,1199,1765.8926954082408,1765.8925127671926
10,1200,1765.8926954082408,1765.8925127671926
10,1201,1765.8926954082408,1765.8925127671926
10,1202,1765.8926954082408,1765.8925127671926
10,1203,1765.8926954082408,1765.8925127671926
10,1204,1765.8926954082408,1765.8925127671926
10,1205,1765.8926954082408,1765.8925127671926
10,1206,1765.8926954082408,1765.8925127671926
10,1207,1765.8926954082408,1765.8925127671926
10,1208,1765.8926954082408,1765.8925127671926
10,1209,1765.8926954082408,1765.8925127671926
10,1210,1765.8926954082408,1765.8925127671926
10,1211,1765.8926954082408,1765.8925127671926
10,1212,1765.8926954082408,1765.8925127671926
10,1213,1765.8926954082408,1765.8925127671926
10,1214,1765.8926954082408,1765.8925127671926
10,1215,1765.8926954082408,1765.8925127671926
10,1216,1765.8926954082408,1765.8925127671926
10,1217,1765.8926954082408,1765.8925127671926
10,1218,1765.8926954082408,1765.8925127671926
10,1219,1765.8926954082408,1765.8925127671926
10,1220,1765.8926954082408,1765.8925127671926
10,1221,1765.8926954082408,1765.8925127671926
10,1222,1765.8926954082408,1765.8925127671926
10,1223,1765.8926954082408,1765.8925127671926
10,1224,1765.8926954082408,1765.8925127671926
10,1225,1765.8926954082408,1765.8925127671926
10,1226,1765.8926954082408,1765.8925127671926
10,1227,1765.8926954082408,1765.8925127671926
10,1228,1765.8926954082408,1765.8925127671926
10,1229,1765.8926954082408,1765.8925127671926
10,1230,1765.8926954082408,1765.8925127671926
10,1231,1765.8926954082408,1765.8925127671926
10,1232,1765.8926954082408,1765.8925127671926
10,1233,1765.8926954082408,1765.8925127671926
10,1234,1765.8926954082408,1765.8925127671926
10,1235,1765.8926954082408,1765.8925127671926
10,1236,1765.8926954082408,1765.8925127671926
10,1237,1765.8926954082408,1765.8925127671926
10,1238,1765.8926954082408,1765.8925127671926
10,1239,1765.8926954082408,1765.8925127671926
10,1240,1765.8926954082408,1765.8925127671926
10,1241,1765.8926954082408,1765.8925127671926
10,1242,1765.8926954082408,1765.8925127671926
10,1243,1765.8926954082408,1765.8925127671926
10,1244,1765.8926954082408,1765.8925127671926
10,1245,1765.8926954082408,1765.8925127671926
10,1246,1765.8926954082408,1765.8925127671926
10,1247,1765.8926954082408,1765.8925127671926
10,1248,1765.8926954082408,1765.8925127671926
10,1249,1765.8926954082408,1765.8925127671926
10,1250,1765.8926954082408,1765.8925127671926
10,1251,1765.8926954082408,1765.8925127671926
10,1252,1765.8926954082408,1765.8925127671926
10,1253,1765.8926954082408,1765.8925127671926
10,1254,1765.8926954082408,1765.8925127671926
10,1255,1765.8926954082408,1765.8925127671926
10,1256,1765.8926954082408,1765.8925127671926
10,1257,1765.8926954082408,1765.8925127671926
10,1258,1765.8926954082408,1765.8925127671926
10,1259,1765.8926954082408,1765.8925127671926
10,1260,1765.8926954082408,1765.8925127671926
10,1261,1765.8926954082408,1765.8925127671926
10,1262,1765.8926954082408,1765.8925127671926
10,1263,1765.8926954082408,1765.8925127671926
10,1264,1765.8926954082408,1765.8925127671926
10,1265,1765.8926954082408,1765.8925127671926
10,1266,1765.8926954082408,1765.8925127671926
10,1267,1765.8926954082408,1765.8925127671926
10,1268,1765.8926954082408,1765.8925127671926
10,1269,1765.8926954082408,1765.8925127671926
10,1270,1765.8926954082408,1765.8925127671926
10,1271,1765.8926954082408,1765.8925127671926
10,1272,1765.8926954082408,1765.8925127671926
10,1273,1765.8926954082408,1765.8925127671926
10,1274,1765.8926954082408,1765.8925127671926
10,1275,1765.8926954082408,1765.8925127671926
10,1276,1765.8926954082408,1765.8925127671926
10,1277,1765.8926954082408,1765.8925127671926
10,1278,1765.8926954082408,1765.8925127671926
10,1279,1765.8926954082408,1765.8925127671926
10,1280,1765.8926954082408,1765.8925127671926
10,1281,1765.8926954082408,1765.8925127671926
10,1282,1765.8926954082408,1765.8925127671926
10,1283,1765.8926954082408,1765.8925127671926
10,1284,1765.8926954082408,1765.8925127671926
10,1285,1765.8926954082408,1765.8925127671926
10,1286,1765.8926954082408,1765.8925127671926
10,1287,1765.8926954082408,1765.8925127671926
10,1288,1765.8926954082408,1765.8925127671926
10,1289,1765.8926954082408,1765.8925127671926
10,1290,1765.8926954082408,1765.8925127671926
10,1291,1765.8926954082408,1765.8925127671926
10,1292,1765.8926954082408,1765.8925127671926
10,1293,1765.8926954082408,1765.8925127671926
10,1294,1765.8926954082408,1765.8925127671926
10,1295,1765.8926954082408,1765.8925127671926
10,1296,1765.8926954082408,1765.8925127671926
10,1297,1765.8926954082408,1765.8925127671926
10,1298,1765.8926954082408,1765.8925127671926
10,1299,1765.8926954082408,1765.8925127671926
10,1300,1765.8926954082408,1765.8925127671926
10,1301,1765.8926954082408,1765.8925127671926
10,1302,1765.8926954082408,1765.8925127671926
10,1303,1765.8926954082408,1765.8925127671926
10,1304,1765.8926954082408,1765.8925127671926
10,1305,1765.8926954082408,1765.8925127671926
10,1306,1765.8926954082408,1765.8925127671926
10,1307,1765.8926954082408,1765.8925127671926
10,1308,1765.8926954082408,1765.8925127671926
10,1309,1765.8926954082408,1765.8925127671926
10,1310,1765.8926954082408,1765.8925127671926
10,1311,1765.8926954082408,1765.8925127671926
10,1312,1765.8926954082408,1765.8925127671926
10,1313,1765.8926954082408,1765.8925127671926
10,1314,1765.8926954082408,1765.8925127671926
10,1315,1765.8926954082408,1765.8925127671926
10,1316,1765.8926954082408,1765.8925127671926
10,1317,1765.8926954082408,1765.8925127671926
10,1318,1765.8926954082408,1765.8925127671926
10,1319,1765.8926954082408,1765.8925127671926
10,1320,1765.8926954082408,1765.8925127671926
10,1321,1765.8926954082408,1765.8925127671926
10,1322,1765.8926954082408,1765.8925127671926
10,1323,1765.8926954082408,1765.8925127671926
10,1324,1765.8926954082408,1765.8925127671926
10,1325,1765.8926954082408,1765.8925127671926
10,1326,1765.8926954082408,1765.8925127671926
10,1327,1765.8926954082408,1765.8925127671926
10,1328,1765.8926954082408,1765.8925127671926
10,1329,1765.8926954082408,1765.8925127671926
10,1330,1765.8926954082408,1765.8925127671926
10,1331,1765.8926954082408,1765.8925127671926
10,1332,1765.8926954082408,1765.8925127671926
10,1333,1765.8926954082408,1765.8925127671926
10,1334,1765.8926954082408,1765.8925127671926
10,1335,1765.8926954082408,1765.8925127671926
10,1336,1765.8926954082408,1765.8925127671926
10,1337,1765.8926954082408,1765.8925127671926
10,1338,1765.8926954082408,1765.8925127671926
10,1339,1765.8926954082408,1765.8925127671926
10,1340,1765.8926954082408,1765.8925127671926
10,1341,1765.8926954082408,1765.8925127671926
10,1342,1765.8926954082408,1765.8925127671926
10,1343,1765.8926954082408,1765.8925127671926
10,1344,1765.8926954082408,1765.8925127671926
10,1345,1765.8926954082408,1765.8925127671926
10,1346,1765.8926954082408,1765.8925127671926
10,1347,1765.8926954082408,1765.8925127671926
10,1348,1765.8926954082408,1765.8925127671926
10,1349,1765.8926954082408,1765.8925127671926
10,1350,1765.8926954082408,1765.8925127671926
10,1351,1765.8926954082408,1765.8925127671926
10,1352,1765.8926954082408,1765.8925127671926
10,1353,1765.8926954082408,1765.8925127671926
10,1354,1765.8926954082408,1765.8925127671926
10,1355,1765.8926954082408,1765.8925127671926
10,1356,1765.8926954082408,1765.8925127671926
10,1357,1765.8926954082408,1765.8925127671926
10,1358,1765.8926954082408,1765.8925127671926
10,1359,1765.8926954082408,1765.8925127671926
10,1360,1765.8926954082408,1765.8925127671926
10,1361,1765.8926954082408,1765.8925127671926
10,1362,1765.8926954082408,1765.8925127671926
10,1363,1765.8926954082408,1765.8925127671926
10,1364,1765.8926954082408,1765.8925127671926
10,1365,1765.8926954082408,1765.8925127671926
10,1366,1765.8926954082408,1765.8925127671926
10,1367,1765.8926954082408,1765.8925127671926
10,1368,1765.8926954082408,1765.8925127671926
10,1369,1765.8926954082408,1765.8925127671926
10,1370,1765.8926954082408,1765.8925127671926
10,1371,1765.8926954082408,1765.8925127671926
10,1372,1765.8926954082408,1765.8925127671926
10,1373,1765.8926954082408,1765.8925127671926
10,1374,1765.8926954082408,1765.8925127671926
10,1375,1765.8926954082408,1765.8925127671926
10,1376,1765.8926954082408,1765.8925127671926
10,1377,1765.8926954082408,1765.8925127671926
10,1378,1765.8926954082408,1765.8925127671926
10,1379,1765.8926954082408,1765.8925127671926
10,1380,1765.8926954082408,1765.8925127671926
10,1381,1765.8926954082408,1765.8925127671926
10,1382,1765.8926954082408,1765.8925127671926
10,1383,1765.8926954082408,1765.8925127671926
10,1384,1765.8926954082408,1765.8925127671926
10,1385,1765.8926954082408,1765.8925127671926
10,1386,1765.8926954082408,1765.8925127671926
10,1387,1765.8926954082408,1765.8925127671926
10,1388,1765.8926954082408,1765.8925127671926
10,1389,1765.8926954082408,1765.8925127671926
10,1390,1765.8926954082408,1765.8925127671926
10,1391,1765.8926954082408,1765.8925127671926
10,1392,1765.8926954082408,1765.8925127671926
10,1393,1765.8926954082408,1765.8925127671926
10,1394,1765.8926954082408,1765.8925127671926
10,1395,1765.8926954082408,1765.8925127671926
10,1396,1765.8926954082408,1765.8925127671926
10,1397,1765.8926954082408,1765.8925127671926
10,1398,1765.8926954082408,1765.8925127671926
10,1399,1765.8926954082408,1765.8925127671926
10,1400,1765.8926954082408,1765.8925127671926
10,1401,1765.8926954082408,1765.8925127671926
10,1402,1765.8926954082408,1765.8925127671926
10,1403,1765.8926954082408,1765.8925127671926
10,1404,1765.8926954082408,1765.8925127671926
10,1405,1765.8926954082408,1765.8925127671926
10,1406,1765.8926954082408,1765.8925127671926
10,1407,1765.8926954082408,1765.8925127671926
10,1408,1765.8926954082408,1765.8925127671926
10,1409,1765.8926954082408,1765.8925127671926
10,1410,1765.8926954082408,1765.8925127671926
10,1411,1765.8926954082408,1765.8925127671926
10,1412,1765.8926954082408,1765.8925127671926
10,1413,1765.8926954082408,1765.8925127671926
10,1414,1765.8926954082408,1765.8925127671926
10,1415,1765.8926954082408,1765.8925127671926
10,1416,1765.8926954082408,1765.8925127671926
10,1417,1765.8926954082408,1765.8925127671926
10,1418,1765.8926954082408,1765.8925127671926
10,1419,1765.8926954082408,1765.8925127671926
10,1420,1765.8926954082408,1765.8925127671926
10,1421,1765.8926954082408,1765.8925127671926
10,1422,1765.8926954082408,1765.8925127671926
10,1423,1765.8926954082408,1765.8925127671926
10,1424,1765.8926954082408,1765.8925127671926
10,1425,1765.8926954082408,1765.8925127671926
10,1426,1765.8926954082408,1765.8925127671926
10,1427,1765.8926954082408,1765.8925127671926
10,1428,1765.8926954082408,1765.8925127671926
10,1429,1765.8926954082408,1765.8925127671926
10,1430,1765.8926954082408,1765.8925127671926
10,1431,1765.8926954082408,1765.8925127671926
10,1432,1765.8926954082408,1765.8925127671926
10,1433,1765.8926954082408,1765.8925127671926
10,1434,1765.8926954082408,1765.8925127671926
10,1435,1765.8926954082408,1765.8925127671926
10,1436,1765.8926954082408,1765.8925127671926
10,1437,1765.8926954082408,1765.8925127671926
10,1438,1765.8926954082408,1765.8925127671926
10,1439,1765.8926954082408,1765.8925127671926
10,1440,1765.8926954082408,1765.8925127671926
10,1441,1765.8926954082408,1765.8925127671926
10,1442,1765.8926954082408,1765.8925127671926
10,1443,1765.8926954082408,1765.8925127671926
10,1444,1765.8926954082408,1765.8925127671926
10,1445,1765.8926954082408,1765.8925127671926
10,1446,1765.8926954082408,1765.8925127671926
10,1447,1765.8926954082408,1765.8925127671926
10,1448,1765.8926954082408,1765.8925127671926
10,1449,1765.8926954082408,1765.8925127671926
10,1450,1765.8926954082408,1765.8925127671926
10,1451,1765.8926954082408,1765.8925127671926
10,1452,1765.8926954082408,1765.8925127671926
10,1453,1765.8926954082408,1765.8925127671926
10,1454,1765.8926954082408,1765.8925127671926
10,1455,1765.8926954082408,1765.8925127671926
10,1456,1765.8926954082408,1765.8925127671926
10,1457,1765.8926954082408,1765.8925127671926
10,1458,1765.8926954082408,1765.8925127671926
10,1459,1765.8926954082408,1765.8925127671926
10,1460,1765.8926954082408,1765.8925127671926
10,1461,1765.8926954082408,1765.8925127671926
10,1462,1765.8926954082408,1765.8925127671926
10,1463,1765.8926954082408,1765.8925127671926
10,1464,1765.8926954082408,1765.8925127671926
10,1465,1765.8926954082408,1765.8925127671926
10,1466,1765.8926954082408,1765.8925127671926
10,1467,1765.8926954082408,1765.8925127671926
10,1468,1765.8926954082408,1765.8925127671926
10,1469,1765.8926954082408,1765.8925127671926
10,1470,1765.8926954082408,1765.8925127671926
10,1471,1765.8926954082408,1765.8925127671926
10,1472,1765.8926954082408,1765.8925127671926
10,1473,1765.8926954082408,1765.8925127671926
10,1474,1765.8926954082408,1765.8925127671926
10,1475,1765.8926954082408,1765.8925127671926
10,1476,1765.8926954082408,1765.8925127671926
10,1477,1765.8926954082408,1765.8925127671926
10,1478,1765.8926954082408,1765.8925127671926
10,1479,1765.8926954082408,1765.8925127671926
10,1480,1765.8926954082408,1765.8925127671926
10,1481,1765.8926954082408,1765.8925127671926
10,1482,1765.8926954082408,1765.8925127671926
10,1483,1765.8926954082408,1765.8925127671926
10,1484,1765.8926954082408,1765.8925127671926
10,1485,1765.8926954082408,1765.8925127671926
10,1486,1765.8926954082408,1765.8925127671926
10,1487,1765.8926954082408,1765.8925127671926
10,1488,1765.8926954082408,1765.8925127671926
10,1489,1765.8926954082408,1765.8925127671926
10,1490,1765.8926954082408,1765.8925127671926
10,1491,1765.8926954082408,1765.8925127671926
10,1492,1765.8926954082408,1765.8925127671926
10,1493,1765.8926954082408,1765.8925127671926
10,1494,1765.8926954082408,1765.8925127671926
10,1495,1765.8926954082408,1765.8925127671926
10,1496,1765.8926954082408,1765.8925127671926
10,1497,1765.8926954082408,1765.8925127671926
10,1498,1765.8926954082408,1765.8925127671926
10,1499,1765.8926954082408,1765.8925127671926
10,1500,1765.8926954082408,1765.8925127671926
10,1501,1765.8926954082408,1765.8925127671926
10,1502,1765.8926954082408,1765.8925127671926
10,1503,1765.8926954082408,1765.8925127671926
10,1504,1765.8926954082408,1765.8925127671926
10,1505,1765.8926954082408,1765.8925127671926
10,1506,1765.8926954082408,1765.8925127671926
10,1507,1765.8926954082408,1765.8925127671926
10,1508,1765.8926954082408,1765.8925127671926
10,1509,1765.8926954082408,1765.8925127671926
10,1510,1765.8926954082408,1765.8925127671926
10,1511,1765.8926954082408,1765.8925127671926
10,1512,1765.8926954082408,1765.8925127671926
10,1513,1765.8926954082408,1765.8925127671926
10,1514,1765.8926954082408,1765.8925127671926
10,1515,1765.8926954082408,1765.8925127671926
10,1516,1765.8926954082408,1765.8925127671926
10,1517,1765.8926954082408,1765.8925127671926
10,1518,1765.8926954082408,1765.8925127671926
10,1519,1765.8926954082408,1765.8925127671926
10,1520,1765.8926954082408,1765.8925127671926
10,1521,1765.8926954082408,1765.8925127671926
10,1522,1765.8926954082408,1765.8925127671926
10,1523,1765.8926954082408,1765.8925127671926
10,1524,1765.8926954082408,1765.8925127671926
10,1525,1765.8926954082408,1765.8925127671926
10,1526,1765.8926954082408,1765.8925127671926
10,1527,1765.8926954082408,1765.8925127671926
10,1528,1765.8926954082408,1765.8925127671926
10,1529,1765.8926954082408,1765.8925127671926
10,1530,1765.8926954082408,1765.8925127671926
10,1531,1765.8926954082408,1765.8925127671926
10,1532,1765.8926954082408,1765.8925127671926
10,1533,1765.8926954082408,1765.8925127671926
10,1534,1765.8926954082408,1765.8925127671926
10,1535,1765.8926954082408,1765.8925127671926
10,1536,1765.8926954082408,1765.8925127671926
10,1537,1765.8926954082408,1765.8925127671926
10,1538,1765.8926954082408,1765.8925127671926
10,1539,1765.8926954082408,1765.8925127671926
10,1540,1765.8926954082408,1765.8925127671926
10,1541,1765.8926954082408,1765.8925127671926
10,1542,1765.8926954082408,1765.8925127671926
10,1543,1765.8926954082408,1765.8925127671926
10,1544,1765.8926954082408,1765.8925127671926
10,1545,1765.8926954082408,1765.8925127671926
10,1546,1765.8926954082408,1765.8925127671926
10,1547,1765.8926954082408,1765.8925127671926
10,1548,1765.8926954082408,1765.8925127671926
10,1549,1765.8926954082408,1765.8925127671926
10,1550,1765.8926954082408,1765.8925127671926
10,1551,1765.8926954082408,1765.8925127671926
10,1552,1765.8926954082408,1765.8925127671926
10,1553,1765.8926954082408,1765.8925127671926
10,1554,1765.8926954082408,1765.8925127671926
10,1555,1765.8926954082408,1765.8925127671926
10,1556,1765.8926954082408,1765.8925127671926
10,1557,1765.8926954082408,1765.8925127671926
10,1558,1765.8926954082408,1765.8925127671926
10,1559,1765.8926954082408,1765.8925127671926
10,1560,1765.8926954082408,1765.8925127671926
10,1561,1765.8926954082408,1765.8925127671926
10,1562,1765.8926954082408,1765.8925127671926
10,1563,1765.8926954082408,1765.8925127671926
10,1564,1765.8926954082408,1765.8925127671926
10,1565,1765.8926954082408,1765.8925127671926
10,1566,1765.8926954082408,1765.8925127671926
10,1567,1765.8926954082408,1765.8925127671926
10,1568,1765.8926954082408,1765.8925127671926
10,1569,1765.8926954082408,1765.8925127671926
10,1570,1765.8926954082408,1765.8925127671926
10,1571,1765.8926954082408,1765.8925127671926
10,1572,1765.8926954082408,1765.8925127671926
10,1573,1765.8926954082408,1765.8925127671926
10,1574,1765.8926954082408,1765.8925127671926
10,1575,1765.8926954082408,1765.8925127671926
10,1576,1765.8926954082408,1765.8925127671926
10,1577,1765.8926954082408,1765.8925127671926
10,1578,1765.8926954082408,1765.8925127671926
10,1579,1765.8926954082408,1765.8925127671926
10,1580,1765.8926954082408,1765.8925127671926
10,1581,1765.8926954082408,1765.8925127671926
10,1582,1765.8926954082408,1765.8925127671926
10,1583,1765.8926954082408,1765.8925127671926
10,1584,1765.8926954082408,1765.8925127671926
10,1585,1765.8926954082408,1765.8925127671926
10,1586,1765.8926954082408,1765.8925127671926
10,1587,1765.8926954082408,1765.8925127671926
10,1588,1765.8926954082408,1765.8925127671926
10,1589,1765.8926954082408,1765.8925127671926
10,1590,1765.8926954082408,1765.8925127671926
10,1591,1765.8926954082408,1765.8925127671926
10,1592,1765.8926954082408,1765.8925127671926
10,1593,1765.8926954082408,1765.8925127671926
10,1594,1765.8926954082408,1765.8925127671926
10,1595,1765.8926954082408,1765.8925127671926
10,1596,1765.8926954082408,1765.8925127671926
10,1597,1765.8926954082408,1765.8925127671926
10,1598,1765.8926954082408,1765.8925127671926
10,1599,1765.8926954082408,1765.8925127671926
10,1600,1765.8926954082408,1765.8925127671926
10,1601,1765.8926954082408,1765.8925127671926
10,1602,1765.8926954082408,1765.8925127671926
10,1603,1765.8926954082408,1765.8925127671926
10,1604,1765.8926954082408,1765.8925127671926
10,1605,1765.8926954082408,1765.8925127671926
10,1606,1765.8926954082408,1765.8925127671926
10,1607,1765.8926954082408,1765.8925127671926
10,1608,1765.8926954082408,1765.8925127671926
10,1609,1765.8926954082408,1765.8925127671926
10,1610,1765.8926954082408,1765.8925127671926
10,1611,1765.8926954082408,1765.8925127671926
10,1612,1765.8926954082408,1765.8925127671926
10,1613,1765.8926954082408,1765.8925127671926
10,1614,1765.8926954082408,1765.8925127671926
10,1615,1765.8926954082408,1765.8925127671926
10,1616,1765.8926954082408,1765.8925127671926
10,1617,1765.8926954082408,1765.8925127671926
10,1618,1765.8926954082408,1765.8925127671926
10,1619,1765.8926954082408,1765.8925127671926
10,1620,1765.8926954082408,1765.8925127671926
10,1621,1765.8926954082408,1765.8925127671926
10,1622,1765.8926954082408,1765.8925127671926
10,1623,1765.8926954082408,1765.8925127671926
10,1624,1765.8926954082408,1765.8925127671926
10,1625,1765.8926954082408,1765.8925127671926
10,1626,1765.8926954082408,1765.8925127671926
10,1627,1765.8926954082408,1765.8925127671926
10,1628,1765.8926954082408,1765.8925127671926
10,1629,1765.8926954082408,1765.8925127671926
10,1630,1765.8926954082408,1765.8925127671926
10,1631,1765.8926954082408,1765.8925127671926
10,1632,1765.8926954082408,1765.8925127671926
10,1633,1765.8926954082408,1765.8925127671926
10,1634,1765.8926954082408,1765.8925127671926
10,1635,1765.8926954082408,1765.8925127671926
10,1636,1765.8926954082408,1765.8925127671926
10,1637,1765.8926954082408,1765.8925127671926
10,1638,1765.8926954082408,1765.8925127671926
10,1639,1765.8926954082408,1765.8925127671926
10,1640,1765.8926954082408,1765.8925127671926
10,1641,1765.8926954082408,1765.8925127671926
10,1642,1765.8926954082408,1765.8925127671926
10,1643,1765.8926954082408,1765.8925127671926
10,1644,1765.8926954082408,1765.8925127671926
10,1645,1765.8926954082408,1765.8925127671926
10,1646,1765.8926954082408,1765.8925127671926
10,1647,1765.8926954082408,1765.8925127671926
10,1648,1765.8926954082408,1765.8925127671926
10,1649,1765.8926954082408,1765.8925127671926
10,1650,1765.8926954082408,1765.8925127671926
10,1651,1765.8926954082408,1765.8925127671926
10,1652,1765.8926954082408,1765.8925127671926
10,1653,1765.8926954082408,1765.8925127671926
10,1654,1765.8926954082408,1765.8925127671926
10,1655,1765.8926954082408,1765.8925127671926
10,1656,1765.8926954082408,1765.8925127671926
10,1657,1765.8926954082408,1765.8925127671926
10,1658,1765.8926954082408,1765.8925127671926
10,1659,1765.8926954082408,1765.8925127671926
10,1660,1765.8926954082408,1765.8925127671926
10,1661,1765.8926954082408,1765.8925127671926
10,1662,1765.8926954082408,1765.8925127671926
10,1663,1765.8926954082408,1765.8925127671926
10,1664,1765.8926954082408,1765.8925127671926
10,1665,1765.8926954082408,1765.8925127671926
10,1666,1765.8926954082408,1765.8925127671926
10,1667,1765.8926954082408,1765.8925127671926
10,1668,1765.8926954082408,1765.8925127671926
10,1669,1765.8926954082408,1765.8925127671926
10,1670,1765.8926954082408,1765.8925127671926
10,1671,1765.8926954082408,1765.8925127671926
10,1672,1765.8926954082408,1765.8925127671926
10,1673,1765.8926954082408,1765.8925127671926
10,1674,1765.8926954082408,1765.8925127671926
10,1675,1765.8926954082408,1765.8925127671926
10,1676,1765.8926954082408,1765.8925127671926
10,1677,1765.8926954082408,1765.8925127671926
10,1678,1765.8926954082408,1765.8925127671926
10,1679,1765.8926954082408,1765.8925127671926
10,1680,1765.8926954082408,1765.8925127671926
10,1681,1765.8926954082408,1765.8925127671926
10,1682,1765.8926954082408,1765.8925127671926
10,1683,1765.8926954082408,1765.8925127671926
10,1684,1765.8926954082408,1765.8925127671926
10,1685,1765.8926954082408,1765.8925127671926
10,1686,1765.8926954082408,1765.8925127671926
10,1687,1765.8926954082408,1765.8925127671926
10,1688,1765.8926954082408,1765.8925127671926
10,1689,1765.8926954082408,1765.8925127671926
10,1690,1765.8926954082408,1765.8925127671926
10,1691,1765.8926954082408,1765.8925127671926
10,1692,1765.8926954082408,1765.8925127671926
10,1693,1765.8926954082408,1765.8925127671926
10,1694,1765.8926954082408,1765.8925127671926
10,1695,1765.8926954082408,1765.8925127671926
10,1696,1765.8926954082408,1765.8925127671926
10,1697,1765.8926954082408,1765.8925127671926
10,1698,1765.8926954082408,1765.8925127671926
10,1699,1765.8926954082408,1765.8925127671926
10,1700,1765.8926954082408,1765.8925127671926
10,1701,1765.8926954082408,1765.8925127671926
10,1702,1765.8926954082408,1765.8925127671926
10,1703,1765.8926954082408,1765.8925127671926
10,1704,1765.8926954082408,1765.8925127671926
10,1705,1765.8926954082408,1765.8925127671926
10,1706,1765.8926954082408,1765.8925127671926
10,1707,1765.8926954082408,1765.8925127671926
10,1708,1765.8926954082408,1765.8925127671926
10,1709,1765.8926954082408,1765.8925127671926
10,1710,1765.8926954082408,1765.8925127671926
10,1711,1765.8926954082408,1765.8925127671926
10,1712,1765.8926954082408,1765.8925127671926
10,1713,1765.8926954082408,1765.8925127671926
10,1714,1765.8926954082408,1765.8925127671926
10,1715,1765.8926954082408,1765.8925127671926
10,1716,1765.8926954082408,1765.8925127671926
10,1717,1765.8926954082408,1765.8925127671926
10,1718,1765.8926954082408,1765.8925127671926
10,1719,1765.8926954082408,1765.8925127671926
10,1720,1765.8926954082408,1765.8925127671926
10,1721,1765.8926954082408,1765.8925127671926
10,1722,1765.8926954082408,1765.8925127671926
10,1723,1765.8926954082408,1765.8925127671926
10,1724,1765.8926954082408,1765.8925127671926
10,1725,1765.8926954082408,1765.8925127671926
10,1726,1765.8926954082408,1765.8925127671926
10,1727,1765.8926954082408,1765.8925127671926
10,1728,1765.8926954082408,1765.8925127671926
10,1729,1765.8926954082408,1765.8925127671926
10,1730,1765.8926954082408,1765.8925127671926
10,1731,1765.8926954082408,1765.8925127671926
10,1732,1765.8926954082408,1765.8925127671926
10,1733,1765.8926954082408,1765.8925127671926
10,1734,1765.8926954082408,1765.8925127671926
10,1735,1765.8926954082408,1765.8925127671926
10,1736,1765.8926954082408,1765.8925127671926
10,1737,1765.8926954082408,1765.8925127671926
10,1738,1765.8926954082408,1765.8925127671926
10,1739,1765.8926954082408,1765.8925127671926
10,1740,1765.8926954082408,1765.8925127671926
10,1741,1765.8926954082408,1765.8925127671926
10,1742,1765.8926954082408,1765.8925127671926
10,1743,1765.8926954082408,1765.8925127671926
10,1744,1765.8926954082408,1765.8925127671926
10,1745,1765.8926954082408,1765.8925127671926
10,1746,1765.8926954082408,1765.8925127671926
10,1747,1765.8926954082408,1765.8925127671926
10,1748,1765.8926954082408,1765.8925127671926
10,1749,1765.8926954082408,1765.8925127671926
10,1750,1765.8926954082408,1765.8925127671926
10,1751,1765.8926954082408,1765.8925127671926
10,1752,1765.8926954082408,1765.8925127671926
10,1753,1765.8926954082408,1765.8925127671926
10,1754,1765.8926954082408,1765.8925127671926
10,1755,1765.8926954082408,1765.8925127671926
10,1756,1765.8926954082408,1765.8925127671926
10,1757,1765.8926954082408,1765.8925127671926
10,1758,1765.8926954082408,1765.8925127671926
10,1759,1765.8926954082408,1765.8925127671926
10,1760,1765.8926954082408,1765.8925127671926
10,1761,1765.8926954082408,1765.8925127671926
10,1762,1765.8926954082408,1765.8925127671926
10,1763,1765.8926954082408,1765.8925127671926
10,1764,1765.8926954082408,1765.8925127671926
10,1765,1765.8926954082408,1765.8925127671926
10,1766,1765.8926954082408,1765.8925127671926
10,1767,1765.8926954082408,1765.8925127671926
10,1768,1765.8926954082408,1765.8925127671926
10,1769,1765.8926954082408,1765.8925127671926
10,1770,1765.8926954082408,1765.8925127671926
10,1771,1765.8926954082408,1765.8925127671926
10,1772,1765.8926954082408,1765.8925127671926
10,1773,1765.8926954082408,1765.8925127671926
10,1774,1765.8926954082408,1765.8925127671926
10,1775,1765.8926954082408,1765.8925127671926
10,1776,1765.8926954082408,1765.8925127671926
10,1777,1765.8926954082408,1765.8925127671926
10,1778,1765.8926954082408,1765.8925127671926
10,1779,1765.8926954082408,1765.8925127671926
10,1780,1765.8926954082408,1765.8925127671926
10,1781,1765.8926954082408,1765.8925127671926
10,1782,1765.8926954082408,1765.8925127671926
10,1783,1765.8926954082408,1765.8925127671926
10,1784,1765.8926954082408,1765.8925127671926
10,1785,1765.8926954082408,1765.8925127671926
10,1786,1765.8926954082408,1765.8925127671926
10,1787,1765.8926954082408,1765.8925127671926
10,1788,1765.8926954082408,1765.8925127671926
10,1789,1765.8926954082408,1765.8925127671926
10,1790,1765.8926954082408,1765.8925127671926
10,1791,1765.8926954082408,1765.8925127671926
10,1792,1765.8926954082408,1765.8925127671926
10,1793,1765.8926954082408,1765.8925127671926
10,1794,1765.8926954082408,1765.8925127671926
10,1795,1765.8926954082408,1765.8925127671926
10,1796,1765.8926954082408,1765.8925127671926
10,1797,1765.8926954082408,1765.8925127671926
10,1798,1765.8926954082408,1765.8925127671926
10,1799,1765.8926954082408,1765.8925127671926
10,1800,1765.8926954082408,1765.8925127671926
10,1801,1765.8926954082408,1765.8925127671926
10,1802,1765.8926954082408,1765.8925127671926
10,1803,1765.8926954082408,1765.8925127671926
10,1804,1765.8926954082408,1765.8925127671926
10,1805,1765.8926954082408,1765.8925127671926
10,1806,1765.8926954082408,1765.8925127671926
10,1807,1765.8926954082408,1765.8925127671926
10,1808,1765.8926954082408,1765.8925127671926
10,1809,1765.8926954082408,1765.8925127671926
10,1810,1765.8926954082408,1765.8925127671926
10,1811,1765.8926954082408,1765.8925127671926
10,1812,1765.8926954082408,1765.8925127671926
10,1813,1765.8926954082408,1765.8925127671926
10,1814,1765.8926954082408,1765.8925127671926
10,1815,1765.8926954082408,1765.8925127671926
10,1816,1765.8926954082408,1765.8925127671926
10,1817,1765.8926954082408,1765.8925127671926
10,1818,1765.8926954082408,1765.8925127671926
10,1819,1765.8926954082408,1765.8925127671926
10,1820,1765.8926954082408,1765.8925127671926
10,1821,1765.8926954082408,1765.8925127671926
10,1822,1765.8926954082408,1765.8925127671926
10,1823,1765.8926954082408,1765.8925127671926
10,1824,1765.8926954082408,1765.8925127671926
10,1825,1765.8926954082408,1765.8925127671926
10,1826,1765.8926954082408,1765.8925127671926
10,1827,1765.8926954082408,1765.8925127671926
10,1828,1765.8926954082408,1765.8925127671926
10,1829,1765.8926954082408,1765.8925127671926
10,1830,1765.8926954082408,1765.8925127671926
10,1831,1765.8926954082408,1765.8925127671926
10,1832,1765.8926954082408,1765.8925127671926
10,1833,1765.8926954082408,1765.8925127671926
10,1834,1765.8926954082408,1765.8925127671926
10,1835,1765.8926954082408,1765.8925127671926
10,1836,1765.8926954082408,1765.8925127671926
10,1837,1765.8926954082408,1765.8925127671926
10,1838,1765.8926954082408,1765.8925127671926
10,1839,1765.8926954082408,1765.8925127671926
10,1840,1765.8926954082408,1765.8925127671926
10,1841,1765.8926954082408,1765.8925127671926
10,1842,1765.8926954082408,1765.8925127671926
10,1843,1765.8926954082408,1765.8925127671926
10,1844,1765.8926954082408,1765.8925127671926
10,1845,1765.8926954082408,1765.8925127671926
10,1846,1765.8926954082408,1765.8925127671926
10,1847,1765.8926954082408,1765.8925127671926
10,1848,1765.8926954082408,1765.8925127671926
10,1849,1765.8926954082408,1765.8925127671926
10,1850,1765.8926954082408,1765.8925127671926
10,1851,1765.8926954082408,1765.8925127671926
10,1852,1765.8926954082408,1765.8925127671926
10,1853,1765.8926954082408,1765.8925127671926
10,1854,1765.8926954082408,1765.8925127671926
10,1855,1765.8926954082408,1765.8925127671926
10,1856,1765.8926954082408,1765.8925127671926
10,1857,1765.8926954082408,1765.8925127671926
10,1858,1765.8926954082408,1765.8925127671926
10,1859,1765.8926954082408,1765.8925127671926
10,1860,1765.8926954082408,1765.8925127671926
10,1861,1765.8926954082408,1765.8925127671926
10,1862,1765.8926954082408,1765.8925127671926
10,1863,1765.8926954082408,1765.8925127671926
10,1864,1765.8926954082408,1765.8925127671926
10,1865,1765.8926954082408,1765.8925127671926
10,1866,1765.8926954082408,1765.8925127671926
10,1867,1765.8926954082408,1765.8925127671926
10,1868,1765.8926954082408,1765.8925127671926
10,1869,1765.8926954082408,1765.8925127671926
10,1870,1765.8926954082408,1765.8925127671926
10,1871,1765.8926954082408,1765.8925127671926
10,1872,1765.8926954082408,1765.8925127671926
10,1873,1765.8926954082408,1765.8925127671926
10,1874,1765.8926954082408,1765.8925127671926
10,1875,1765.8926954082408,1765.8925127671926
10,1876,1765.8926954082408,1765.8925127671926
10,1877,1765.8926954082408,1765.8925127671926
10,1878,1765.8926954082408,1765.8925127671926
10,1879,1765.8926954082408,1765.8925127671926
10,1880,1765.8926954082408,1765.8925127671926
10,1881,1765.8926954082408,1765.8925127671926
10,1882,1765.8926954082408,1765.8925127671926
10,1883,1765.8926954082408,1765.8925127671926
10,1884,1765.8926954082408,1765.8925127671926
10,1885,1765.8926954082408,1765.8925127671926
10,1886,1765.8926954082408,1765.8925127671926
10,1887,1765.8926954082408,1765.8925127671926
10,1888,1765.8926954082408,1765.8925127671926
10,1889,1765.8926954082408,1765.8925127671926
10,1890,1765.8926954082408,1765.8925127671926
10,1891,1765.8926954082408,1765.8925127671926
10,1892,1765.8926954082408,1765.8925127671926
10,1893,1765.8926954082408,1765.8925127671926
10,1894,1765.8926954082408,1765.8925127671926
10,1895,1765.8926954082408,1765.8925127671926
10,1896,1765.8926954082408,1765.8925127671926
10,1897,1765.8926954082408,1765.8925127671926
10,1898,1765.8926954082408,1765.8925127671926
10,1899,1765.8926954082408,1765.8925127671926
10,1900,1765.8926954082408,1765.8925127671926
10,1901,1765.8926954082408,1765.8925127671926
10,1902,1765.8926954082408,1765.8925127671926
10,1903,1765.8926954082408,1765.8925127671926
10,1904,1765.8926954082408,1765.8925127671926
10,1905,1765.8926954082408,1765.8925127671926
10,1906,1765.8926954082408,1765.8925127671926
10,1907,1765.8926954082408,1765.8925127671926
10,1908,1765.8926954082408,1765.8925127671926
10,1909,1765.8926954082408,1765.8925127671926
10,1910,1765.8926954082408,1765.8925127671926
10,1911,1765.8926954082408,1765.8925127671926
10,1912,1765.8926954082408,1765.8925127671926
10,1913,1765.8926954082408,1765.8925127671926
10,1914,1765.8926954082408,1765.8925127671926
10,1915,1765.8926954082408,1765.8925127671926
10,1916,1765.8926954082408,1765.8925127671926
10,1917,1765.8926954082408,1765.8925127671926
10,1918,1765.8926954082408,1765.8925127671926
10,1919,1765.8926954082408,1765.8925127671926
10,1920,1765.8926954082408,1765.8925127671926
10,1921,1765.8926954082408,1765.8925127671926
10,1922,1765.8926954082408,1765.8925127671926
10,1923,1765.8926954082408,1765.8925127671926
10,1924,1765.8926954082408,1765.8925127671926
10,1925,1765.8926954082408,1765.8925127671926
10,1926,1765.8926954082408,1765.8925127671926
10,1927,1765.8926954082408,1765.8925127671926
10,1928,1765.8926954082408,1765.8925127671926
10,1929,1765.8926954082408,1765.8925127671926
10,1930,1765.8926954082408,1765.8925127671926
10,1931,1765.8926954082408,1765.8925127671926
10,1932,1765.8926954082408,1765.8925127671926
10,1933,1765.8926954082408,1765.8925127671926
10,1934,1765.8926954082408,1765.8925127671926
10,1935,1765.8926954082408,1765.8925127671926
10,1936,1765.8926954082408,1765.8925127671926
10,1937,1765.8926954082408,1765.8925127671926
10,1938,1765.8926954082408,1765.8925127671926
10,1939,1765.8926954082408,1765.8925127671926
10,1940,1765.8926954082408,1765.8925127671926
10,1941,1765.8926954082408,1765.8925127671926
10,1942,1765.8926954082408,1765.8925127671926
10,1943,1765.8926954082408,1765.8925127671926
10,1944,1765.8926954082408,1765.8925127671926
10,1945,1765.8926954082408,1765.8925127671926
10,1946,1765.8926954082408,1765.8925127671926
10,1947,1765.8926954082408,1765.8925127671926
10,1948,1765.8926954082408,1765.8925127671926
10,1949,1765.8926954082408,1765.8925127671926
10,1950,1765.8926954082408,1765.8925127671926
10,1951,1765.8926954082408,1765.8925127671926
10,1952,1765.8926954082408,1765.8925127671926
10,1953,1765.8926954082408,1765.8925127671926
10,1954,1765.8926954082408,1765.8925127671926
10,1955,1765.8926954082408,1765.8925127671926
10,1956,1765.8926954082408,1765.8925127671926
10,1957,1765.8926954082408,1765.8925127671926
10,1958,1765.8926954082408,1765.8925127671926
10,1959,1765.8926954082408,1765.8925127671926
10,1960,1765.8926954082408,1765.8925127671926
10,1961,1765.8926954082408,1765.8925127671926
10,1962,1765.8926954082408,1765.8925127671926
10,1963,1765.8926954082408,1765.8925127671926
10,1964,1765.8926954082408,1765.8925127671926
10,1965,1765.8926954082408,1765.8925127671926
10,1966,1765.8926954082408,1765.8925127671926
10,1967,1765.8926954082408,1765.8925127671926
10,1968,1765.8926954082408,1765.8925127671926
10,1969,1765.8926954082408,1765.8925127671926
10,1970,1765.8926954082408,1765.8925127671926
10,1971,1765.8926954082408,1765.8925127671926
10,1972,1765.8926954082408,1765.8925127671926
10,1973,1765.8926954082408,1765.8925127671926
10,1974,1765.8926954082408,1765.8925127671926
10,1975,1765.8926954082408,1765.8925127671926
10,1976,1765.8926954082408,1765.8925127671926
10,1977,1765.8926954082408,1765.8925127671926
10,1978,1765.8926954082408,1765.8925127671926
10,1979,1765.8926954082408,1765.8925127671926
10,1980,1765.8926954082408,1765.8925127671926
10,1981,1765.8926954082408,1765.8925127671926
10,1982,1765.8926954082408,1765.8925127671926
10,1983,1765.8926954082408,1765.8925127671926
10,1984,1765.8926954082408,1765.8925127671926
10,1985,1765.8926954082408,1765.8925127671926
10,1986,1765.8926954082408,1765.8925127671926
10,1987,1765.8926954082408,1765.8925127671926
10,1988,1765.8926954082408,1765.8925127671926
10,1989,1765.8926954082408,1765.8925127671926
10,1990,1765.8926954082408,1765.8925127671926
10,1991,1765.8926954082408,1765.8925127671926
10,1992,1765.8926954082408,1765.8925127671926
10,1993,1765.8926954082408,1765.8925127671926
10,1994,1765.8926954082408,1765.8925127671926
10,1995,1765.8926954082408,1765.8925127671926
10,1996,1765.8926954082408,1765.8925127671926
10,1997,1765.8926954082408,1765.8925127671926
10,1998,1765.8926954082408,1765.8925127671926
10,1999,1765.8926954082408,1765.8925127671926
10,2000,1765.8926954082408,1765.8925127671926
10,2001,1765.8926954082408,1765.8925127671926
10,2002,1765.8926954082408,1765.8925127671926
10,2003,1765.8926954082408,1765.8925127671926
10,2004,1765.8926954082408,1765.8925127671926
10,2005,1765.8926954082408,1765.8925127671926
10,2006,1765.8926954082408,1765.8925127671926
10,2007,1765.8926954082408,1765.8925127671926
10,2008,1765.8926954082408,1765.8925127671926
10,2009,1765.8926954082408,1765.8925127671926
10,2010,1765.8926954082408,1765.8925127671926
10,2011,1765.8926954082408,1765.8925127671926
10,2012,1765.8926954082408,1765.8925127671926
10,2013,1765.8926954082408,1765.8925127671926
10,2014,1765.8926954082408,1765.8925127671926
10,2015,1765.8926954082408,1765.8925127671926
10,2016,1765.8926954082408,1765.8925127671926
10,2017,1765.8926954082408,1765.8925127671926
10,2018,1765.8926954082408,1765.8925127671926
10,2019,1765.8926954082408,1765.8925127671926
10,2020,1765.8926954082408,1765.8925127671926
10,2021,1765.8926954082408,1765.8925127671926
10,2022,1765.8926954082408,1765.8925127671926
10,2023,1765.8926954082408,1765.8925127671926
10,2024,1765.8926954082408,1765.8925127671926
10,2025,1765.8926954082408,1765.8925127671926
10,2026,1765.8926954082408,1765.8925127671926
10,2027,1765.8926954082408,1765.8925127671926
10,2028,1765.8926954082408,1765.8925127671926
10,2029,1765.8926954082408,1765.8925127671926
10,2030,1765.8926954082408,1765.8925127671926
10,2031,1765.8926954082408,1765.8925127671926
10,2032,1765.8926954082408,1765.8925127671926
10,2033,1765.8926954082408,1765.8925127671926
10,2034,1765.8926954082408,1765.8925127671926
10,2035,1765.8926954082408,1765.8925127671926
10,2036,1765.8926954082408,1765.8925127671926
10,2037,1765.8926954082408,1765.8925127671926
10,2038,1765.8926954082408,1765.8925127671926
10,2039,1765.8926954082408,1765.8925127671926
10,2040,1765.8926954082408,1765.8925127671926
10,2041,1765.8926954082408,1765.8925127671926
10,2042,1765.8926954082408,1765.8925127671926
10,2043,1765.8926954082408,1765.8925127671926
10,2044,1765.8926954082408,1765.8925127671926
10,2045,1765.8926954082408,1765.8925127671926
10,2046,1765.8926954082408,1765.8925127671926
10,2047,1765.8926954082408,1765.8925127671926
10,2048,1765.8926954082408,1765.8925127671926
10,2049,1765.8926954082408,1765.8925127671926
10,2050,1765.8926954082408,1765.8925127671926
10,2051,1765.8926954082408,1765.8925127671926
10,2052,1765.8926954082408,1765.8925127671926
10,2053,1765.8926954082408,1765.8925127671926
10,2054,1765.8926954082408,1765.8925127671926
10,2055,1765.8926954082408,1765.8925127671926
10,2056,1765.8926954082408,1765.8925127671926
10,2057,1765.8926954082408,1765.8925127671926
10,2058,1765.8926954082408,1765.8925127671926
10,2059,1765.8926954082408,1765.8925127671926
10,2060,1765.8926954082408,1765.8925127671926
10,2061,1765.8926954082408,1765.8925127671926
10,2062,1765.8926954082408,1765.8925127671926
10,2063,1765.8926954082408,1765.8925127671926
10,2064,1765.8926954082408,1765.8925127671926
10,2065,1765.8926954082408,1765.8925127671926
10,2066,1765.8926954082408,1765.8925127671926
10,2067,1765.8926954082408,1765.8925127671926
10,2068,1765.8926954082408,1765.8925127671926
10,2069,1765.8926954082408,1765.8925127671926
10,2070,1765.8926954082408,1765.8925127671926
10,2071,1765.8926954082408,1765.8925127671926
10,2072,1765.8926954082408,1765.8925127671926
10,2073,1765.8926954082408,1765.8925127671926
10,2074,1765.8926954082408,1765.8925127671926
10,2075,1765.8926954082408,1765.8925127671926
10,2076,1765.8926954082408,1765.8925127671926
10,2077,1765.8926954082408,1765.8925127671926
10,2078,1765.8926954082408,1765.8925127671926
10,2079,1765.8926954082408,1765.8925127671926
10,2080,1765.8926954082408,1765.8925127671926
10,2081,1765.8926954082408,1765.8925127671926
10,2082,1765.8926954082408,1765.8925127671926
10,2083,1765.8926954082408,1765.8925127671926
10,2084,1765.8926954082408,1765.8925127671926
10,2085,1765.8926954082408,1765.8925127671926
10,2086,1765.8926954082408,1765.8925127671926
10,2087,1765.8926954082408,1765.8925127671926
10,2088,1765.8926954082408,1765.8925127671926
10,2089,1765.8926954082408,1765.8925127671926
10,2090,1765.8926954082408,1765.8925127671926
10,2091,1765.8926954082408,1765.8925127671926
10,2092,1765.8926954082408,1765.8925127671926
10,2093,1765.8926954082408,1765.8925127671926
10,2094,1765.8926954082408,1765.8925127671926
10,2095,1765.8926954082408,1765.8925127671926
10,2096,1765.8926954082408,1765.8925127671926
10,2097,1765.8926954082408,1765.8925127671926
10,2098,1765.8926954082408,1765.8925127671926
10,2099,1765.8926954082408,1765.8925127671926
10,2100,1765.8926954082408,1765.8925127671926
10,2101,1765.8926954082408,1765.8925127671926
10,2102,1765.8926954082408,1765.8925127671926
10,2103,1765.8926954082408,1765.8925127671926
10,2104,1765.8926954082408,1765.8925127671926
10,2105,1765.8926954082408,1765.8925127671926
10,2106,1765.8926954082408,1765.8925127671926
10,2107,1765.8926954082408,1765.8925127671926
10,2108,1765.8926954082408,1765.8925127671926
10,2109,1765.8926954082408,1765.8925127671926
10,2110,1765.8926954082408,1765.8925127671926
10,2111,1765.8926954082408,1765.8925127671926
10,2112,1765.8926954082408,1765.8925127671926
10,2113,1765.8926954082408,1765.8925127671926
10,2114,1765.8926954082408,1765.8925127671926
10,2115,1765.8926954082408,1765.8925127671926
10,2116,1765.8926954082408,1765.8925127671926
10,2117,1765.8926954082408,1765.8925127671926
10,2118,1765.8926954082408,1765.8925127671926
10,2119,1765.8926954082408,1765.8925127671926
10,2120,1765.8926954082408,1765.8925127671926
10,2121,1765.8926954082408,1765.8925127671926
10,2122,1765.8926954082408,1765.8925127671926
10,2123,1765.8926954082408,1765.8925127671926
10,2124,1765.8926954082408,1765.8925127671926
10,2125,1765.8926954082408,1765.8925127671926
10,2126,1765.8926954082408,1765.8925127671926
10,2127,1765.8926954082408,1765.8925127671926
10,2128,1765.8926954082408,1765.8925127671926
10,2129,1765.8926954082408,1765.8925127671926
10,2130,1765.8926954082408,1765.8925127671926
10,2131,1765.8926954082408,1765.8925127671926
10,2132,1765.8926954082408,1765.8925127671926
10,2133,1765.8926954082408,1765.8925127671926
10,2134,1765.8926954082408,1765.8925127671926
10,2135,1765.8926954082408,1765.8925127671926
10,2136,1765.8926954082408,1765.8925127671926
10,2137,1765.8926954082408,1765.8925127671926
10,2138,1765.8926954082408,1765.8925127671926
10,2139,1765.8926954082408,1765.8925127671926
10,2140,1765.8926954082408,1765.8925127671926
10,2141,1765.8926954082408,1765.8925127671926
10,2142,1765.8926954082408,1765.8925127671926
10,2143,1765.8926954082408,1765.8925127671926
10,2144,1765.8926954082408,1765.8925127671926
10,2145,1765.8926954082408,1765.8925127671926
10,2146,1765.8926954082408,1765.8925127671926
10,2147,1765.8926954082408,1765.8925127671926
10,2148,1765.8926954082408,1765.8925127671926
10,2149,1765.8926954082408,1765.8925127671926
10,2150,1765.8926954082408,1765.8925127671926
10,2151,1765.8926954082408,1765.8925127671926
10,2152,1765.8926954082408,1765.8925127671926
10,2153,1765.8926954082408,1765.8925127671926
10,2154,1765.8926954082408,1765.8925127671926
10,2155,1765.8926954082408,1765.8925127671926
10,2156,1765.8926954082408,1765.8925127671926
10,2157,1765.8926954082408,1765.8925127671926
10,2158,1765.8926954082408,1765.8925127671926
10,2159,1765.8926954082408,1765.8925127671926
10,2160,1765.8926954082408,1765.8925127671926
10,2161,1765.8926954082408,1765.8925127671926
10,2162,1765.8926954082408,1765.8925127671926
10,2163,1765.8926954082408,1765.8925127671926
10,2164,1765.8926954082408,1765.8925127671926
10,2165,1765.8926954082408,1765.8925127671926
10,2166,1765.8926954082408,1765.8925127671926
10,2167,1765.8926954082408,1765.8925127671926
10,2168,1765.8926954082408,1765.8925127671926
10,2169,1765.8926954082408,1765.8925127671926
10,2170,1765.8926954082408,1765.8925127671926
10,2171,1765.8926954082408,1765.8925127671926
10,2172,1765.8926954082408,1765.8925127671926
10,2173,1765.8926954082408,1765.8925127671926
10,2174,1765.8926954082408,1765.8925127671926
10,2175,1765.8926954082408,1765.8925127671926
10,2176,1765.8926954082408,1765.8925127671926
10,2177,1765.8926954082408,1765.8925127671926
10,2178,1765.8926954082408,1765.8925127671926
10,2179,1765.8926954082408,1765.8925127671926
10,2180,1765.8926954082408,1765.8925127671926
10,2181,1765.8926954082408,1765.8925127671926
10,2182,1765.8926954082408,1765.8925127671926
10,2183,1765.8926954082408,1765.8925127671926
10,2184,1765.8926954082408,1765.8925127671926
10,2185,1765.8926954082408,1765.8925127671926
10,2186,1765.8926954082408,1765.8925127671926
10,2187,1765.8926954082408,1765.8925127671926
10,2188,1765.8926954082408,1765.8925127671926
10,2189,1765.8926954082408,1765.8925127671926
10,2190,1765.8926954082408,1765.8925127671926
10,2191,1765.8926954082408,1765.8925127671926
10,2192,1765.8926954082408,1765.8925127671926
10,2193,1765.8926954082408,1765.8925127671926
10,2194,1765.8926954082408,1765.8925127671926
10,2195,1765.8926954082408,1765.8925127671926
10,2196,1765.8926954082408,1765.8925127671926
10,2197,1765.8926954082408,1765.8925127671926
10,2198,1765.8926954082408,1765.8925127671926
10,2199,1765.8926954082408,1765.8925127671926
10,2200,1765.8926954082408,1765.8925127671926
10,2201,1765.8926954082408,1765.8925127671926
10,2202,1765.8926954082408,1765.8925127671926
10,2203,1765.8926954082408,1765.8925127671926
10,2204,1765.8926954082408,1765.8925127671926
10,2205,1765.8926954082408,1765.8925127671926
10,2206,1765.8926954082408,1765.8925127671926
10,2207,1765.8926954082408,1765.8925127671926
10,2208,1765.8926954082408,1765.8925127671926
10,2209,1765.8926954082408,1765.8925127671926
10,2210,1765.8926954082408,1765.8925127671926
10,2211,1765.8926954082408,1765.8925127671926
10,2212,1765.8926954082408,1765.8925127671926
10,2213,1765.8926954082408,1765.8925127671926
10,2214,1765.8926954082408,1765.8925127671926
10,2215,1765.8926954082408,1765.8925127671926
10,2216,1765.8926954082408,1765.8925127671926
10,2217,1765.8926954082408,1765.8925127671926
10,2218,1765.8926954082408,1765.8925127671926
10,2219,1765.8926954082408,1765.8925127671926
10,2220,1765.8926954082408,1765.8925127671926
10,2221,1765.8926954082408,1765.8925127671926
10,2222,1765.8926954082408,1765.8925127671926
10,2223,1765.8926954082408,1765.8925127671926
10,2224,1765.8926954082408,1765.8925127671926
10,2225,1765.8926954082408,1765.8925127671926
10,2226,1765.8926954082408,1765.8925127671926
10,2227,1765.8926954082408,1765.8925127671926
10,2228,1765.8926954082408,1765.8925127671926
10,2229,1765.8926954082408,1765.8925127671926
10,2230,1765.8926954082408,1765.8925127671926
10,2231,1765.8926954082408,1765.8925127671926
10,2232,1765.8926954082408,1765.8925127671926
10,2233,1765.8926954082408,1765.8925127671926
10,2234,1765.8926954082408,1765.8925127671926
10,2235,1765.8926954082408,1765.8925127671926
10,2236,1765.8926954082408,1765.8925127671926
10,2237,1765.8926954082408,1765.8925127671926
10,2238,1765.8926954082408,1765.8925127671926
10,2239,1765.8926954082408,1765.8925127671926
10,2240,1765.8926954082408,1765.8925127671926
10,2241,1765.8926954082408,1765.8925127671926
10,2242,1765.8926954082408,1765.8925127671926
10,2243,1765.8926954082408,1765.8925127671926
10,2244,1765.8926954082408,1765.8925127671926
10,2245,1765.8926954082408,1765.8925127671926
10,2246,1765.8926954082408,1765.8925127671926
10,2247,1765.8926954082408,1765.8925127671926
10,2248,1765.8926954082408,1765.8925127671926
10,2249,1765.8926954082408,1765.8925127671926
10,2250,1765.8926954082408,1765.8925127671926
10,2251,1765.8926954082408,1765.8925127671926
10,2252,1765.8926954082408,1765.8925127671926
10,2253,1765.8926954082408,1765.8925127671926
10,2254,1765.8926954082408,1765.8925127671926
10,2255,1765.8926954082408,1765.8925127671926
10,2256,1765.8926954082408,1765.8925127671926
10,2257,1765.8926954082408,1765.8925127671926
10,2258,1765.8926954082408,1765.8925127671926
10,2259,1765.8926954082408,1765.8925127671926
10,2260,1765.8926954082408,1765.8925127671926
10,2261,1765.8926954082408,1765.8925127671926
10,2262,1765.8926954082408,1765.8925127671926
10,2263,1765.8926954082408,1765.8925127671926
10,2264,1765.8926954082408,1765.8925127671926
10,2265,1765.8926954082408,1765.8925127671926
10,2266,1765.8926954082408,1765.8925127671926
10,2267,1765.8926954082408,1765.8925127671926
10,2268,1765.8926954082408,1765.8925127671926
10,2269,1765.8926954082408,1765.8925127671926
10,2270,1765.8926954082408,1765.8925127671926
10,2271,1765.8926954082408,1765.8925127671926
10,2272,1765.8926954082408,1765.8925127671926
10,2273,1765.8926954082408,1765.8925127671926
10,2274,1765.8926954082408,1765.8925127671926
10,2275,1765.8926954082408,1765.8925127671926
10,2276,1765.8926954082408,1765.8925127671926
10,2277,1765.8926954082408,1765.8925127671926
10,2278,1765.8926954082408,1765.8925127671926
10,2279,1765.8926954082408,1765.8925127671926
10,2280,1765.8926954082408,1765.8925127671926
10,2281,1765.8926954082408,1765.8925127671926
10,2282,1765.8926954082408,1765.8925127671926
10,2283,1765.8926954082408,1765.8925127671926
10,2284,1765.8926954082408,1765.8925127671926
10,2285,1765.8926954082408,1765.8925127671926
10,2286,1765.8926954082408,1765.8925127671926
10,2287,1765.8926954082408,1765.8925127671926
10,2288,1765.8926954082408,1765.8925127671926
10,2289,1765.8926954082408,1765.8925127671926
10,2290,1765.8926954082408,1765.8925127671926
10,2291,1765.8926954082408,1765.8925127671926
10,2292,1765.8926954082408,1765.8925127671926
10,2293,1765.8926954082408,1765.8925127671926
10,2294,1765.8926954082408,1765.8925127671926
10,2295,1765.8926954082408,1765.8925127671926
10,2296,1765.8926954082408,1765.8925127671926
10,2297,1765.8926954082408,1765.8925127671926
10,2298,1765.8926954082408,1765.8925127671926
10,2299,1765.8926954082408,1765.8925127671926
10,2300,1765.8926954082408,1765.8925127671926
10,2301,1765.8926954082408,1765.8925127671926
10,2302,1765.8926954082408,1765.8925127671926
10,2303,1765.8926954082408,1765.8925127671926
10,2304,1765.8926954082408,1765.8925127671926
10,2305,1765.8926954082408,1765.8925127671926
10,2306,1765.8926954082408,1765.8925127671926
10,2307,1765.8926954082408,1765.8925127671926
10,2308,1765.8926954082408,1765.8925127671926
10,2309,1765.8926954082408,1765.8925127671926
10,2310,1765.8926954082408,1765.8925127671926
10,2311,1765.8926954082408,1765.8925127671926
10,2312,1765.8926954082408,1765.8925127671926
10,2313,1765.8926954082408,1765.8925127671926
10,2314,1765.8926954082408,1765.8925127671926
10,2315,1765.8926954082408,1765.8925127671926
10,2316,1765.8926954082408,1765.8925127671926
10,2317,1765.8926954082408,1765.8925127671926
10,2318,1765.8926954082408,1765.8925127671926
10,2319,1765.8926954082408,1765.8925127671926
10,2320,1765.8926954082408,1765.8925127671926
10,2321,1765.8926954082408,1765.8925127671926
10,2322,1765.8926954082408,1765.8925127671926
10,2323,1765.8926954082408,1765.8925127671926
10,2324,1765.8926954082408,1765.8925127671926
10,2325,1765.8926954082408,1765.8925127671926
10,2326,1765.8926954082408,1765.8925127671926
10,2327,1765.8926954082408,1765.8925127671926
10,2328,1765.8926954082408,1765.8925127671926
10,2329,1765.8926954082408,1765.8925127671926
10,2330,1765.8926954082408,1765.8925127671926
10,2331,1765.8926954082408,1765.8925127671926
10,2332,1765.8926954082408,1765.8925127671926
10,2333,1765.8926954082408,1765.8925127671926
10,2334,1765.8926954082408,1765.8925127671926
10,2335,1765.8926954082408,1765.8925127671926
10,2336,1765.8926954082408,1765.8925127671926
10,2337,1765.8926954082408,1765.8925127671926
10,2338,1765.8926954082408,1765.8925127671926
10,2339,1765.8926954082408,1765.8925127671926
10,2340,1765.8926954082408,1765.8925127671926
10,2341,1765.8926954082408,1765.8925127671926
10,2342,1765.8926954082408,1765.8925127671926
10,2343,1765.8926954082408,1765.8925127671926
10,2344,1765.8926954082408,1765.8925127671926
10,2345,1765.8926954082408,1765.8925127671926
10,2346,1765.8926954082408,1765.8925127671926
10,2347,1765.8926954082408,1765.8925127671926
10,2348,1765.8926954082408,1765.8925127671926
10,2349,1765.8926954082408,1765.8925127671926
10,2350,1765.8926954082408,1765.8925127671926
10,2351,1765.8926954082408,1765.8925127671926
10,2352,1765.8926954082408,1765.8925127671926
10,2353,1765.8926954082408,1765.8925127671926
10,2354,1765.8926954082408,1765.8925127671926
10,2355,1765.8926954082408,1765.8925127671926
10,2356,1765.8926954082408,1765.8925127671926
10,2357,1765.8926954082408,1765.8925127671926
10,2358,1765.8926954082408,1765.8925127671926
10,2359,1765.8926954082408,1765.8925127671926
10,2360,1765.8926954082408,1765.8925127671926
10,2361,1765.8926954082408,1765.8925127671926
10,2362,1765.8926954082408,1765.8925127671926
10,2363,1765.8926954082408,1765.8925127671926
10,2364,1765.8926954082408,1765.8925127671926
10,2365,1765.8926954082408,1765.8925127671926
10,2366,1765.8926954082408,1765.8925127671926
10,2367,1765.8926954082408,1765.8925127671926
10,2368,1765.8926954082408,1765.8925127671926
10,2369,1765.8926954082408,1765.8925127671926
10,2370,1765.8926954082408,1765.8925127671926
10,2371,1765.8926954082408,1765.8925127671926
10,2372,1765.8926954082408,1765.8925127671926
10,2373,1765.8926954082408,1765.8925127671926
10,2374,1765.8926954082408,1765.8925127671926
10,2375,1765.8926954082408,1765.8925127671926
10,2376,1765.8926954082408,1765.8925127671926
10,2377,1765.8926954082408,1765.8925127671926
10,2378,1765.8926954082408,1765.8925127671926
10,2379,1765.8926954082408,1765.8925127671926
10,2380,1765.8926954082408,1765.8925127671926
10,2381,1765.8926954082408,1765.8925127671926
10,2382,1765.8926954082408,1765.8925127671926
10,2383,1765.8926954082408,1765.8925127671926
10,2384,1765.8926954082408,1765.8925127671926
10,2385,1765.8926954082408,1765.8925127671926
10,2386,1765.8926954082408,1765.8925127671926
10,2387,1765.8926954082408,1765.8925127671926
10,2388,1765.8926954082408,1765.8925127671926
10,2389,1765.8926954082408,1765.8925127671926
10,2390,1765.8926954082408,1765.8925127671926
10,2391,1765.8926954082408,1765.8925127671926
10,2392,1765.8926954082408,1765.8925127671926
10,2393,1765.8926954082408,1765.8925127671926
10,2394,1765.8926954082408,1765.8925127671926
10,2395,1765.8926954082408,1765.8925127671926
10,2396,1765.8926954082408,1765.8925127671926
10,2397,1765.8926954082408,1765.8925127671926
10,2398,1765.8926954082408,1765.8925127671926
10,2399,1765.8926954082408,1765.8925127671926
10,2400,1765.8926954082408,1765.8925127671926
10,2401,1765.8926954082408,1765.8925127671926
10,2402,1765.8926954082408,1765.8925127671926
10,2403,1765.8926954082408,1765.8925127671926
10,2404,1765.8926954082408,1765.8925127671926
10,2405,1765.8926954082408,1765.8925127671926
10,2406,1765.8926954082408,1765.8925127671926
10,2407,1765.8926954082408,1765.8925127671926
10,2408,1765.8926954082408,1765.8925127671926
10,2409,1765.8926954082408,1765.8925127671926
10,2410,1765.8926954082408,1765.8925127671926
10,2411,1765.8926954082408,1765.8925127671926
10,2412,1765.8926954082408,1765.8925127671926
10,2413,1765.8926954082408,1765.8925127671926
10,2414,1765.8926954082408,1765.8925127671926
10,2415,1765.8926954082408,1765.8925127671926
10,2416,1765.8926954082408,1765.8925127671926
10,2417,1765.8926954082408,1765.8925127671926
10,2418,1765.8926954082408,1765.8925127671926
10,2419,1765.8926954082408,1765.8925127671926
10,2420,1765.8926954082408,1765.8925127671926
10,2421,1765.8926954082408,1765.8925127671926
10,2422,1765.8926954082408,1765.8925127671926
10,2423,1765.8926954082408,1765.8925127671926
10,2424,1765.8926954082408,1765.8925127671926
10,2425,1765.8926954082408,1765.8925127671926
10,2426,1765.8926954082408,1765.8925127671926
10,2427,1765.8926954082408,1765.8925127671926
10,2428,1765.8926954082408,1765.8925127671926
10,2429,1765.8926954082408,1765.8925127671926
10,2430,1765.8926954082408,1765.8925127671926
10,2431,1765.8926954082408,1765.8925127671926
10,2432,1765.8926954082408,1765.8925127671926
10,2433,1765.8926954082408,1765.8925127671926
10,2434,1765.8926954082408,1765.8925127671926
10,2435,1765.8926954082408,1765.8925127671926
10,2436,1765.8926954082408,1765.8925127671926
10,2437,1765.8926954082408,1765.8925127671926
10,2438,1765.8926954082408,1765.8925127671926
10,2439,1765.8926954082408,1765.8925127671926
10,2440,1765.8926954082408,1765.8925127671926
10,2441,1765.8926954082408,1765.8925127671926
10,2442,1765.8926954082408,1765.8925127671926
10,2443,1765.8926954082408,1765.8925127671926
10,2444,1765.8926954082408,1765.8925127671926
10,2445,1765.8926954082408,1765.8925127671926
10,2446,1765.8926954082408,1765.8925127671926
10,2447,1765.8926954082408,1765.8925127671926
10,2448,1765.8926954082408,1765.8925127671926
10,2449,1765.8926954082408,1765.8925127671926
10,2450,1765.8926954082408,1765.8925127671926
10,2451,1765.8926954082408,1765.8925127671926
10,2452,1765.8926954082408,1765.8925127671926
10,2453,1765.8926954082408,1765.8925127671926
10,2454,1765.8926954082408,1765.8925127671926
10,2455,1765.8926954082408,1765.8925127671926
10,2456,1765.8926954082408,1765.8925127671926
10,2457,1765.8926954082408,1765.8925127671926
10,2458,1765.8926954082408,1765.8925127671926
10,2459,1765.8926954082408,1765.8925127671926
10,2460,1765.8926954082408,1765.8925127671926
10,2461,1765.8926954082408,1765.8925127671926
10,2462,1765.8926954082408,1765.8925127671926
10,2463,1765.8926954082408,1765.8925127671926
10,2464,1765.8926954082408,1765.8925127671926
10,2465,1765.8926954082408,1765.8925127671926
10,2466,1765.8926954082408,1765.8925127671926
10,2467,1765.8926954082408,1765.8925127671926
10,2468,1765.8926954082408,1765.8925127671926
10,2469,1765.8926954082408,1765.8925127671926
10,2470,1765.8926954082408,1765.8925127671926
10,2471,1765.8926954082408,1765.8925127671926
10,2472,1765.8926954082408,1765.8925127671926
10,2473,1765.8926954082408,1765.8925127671926
10,2474,1765.8926954082408,1765.8925127671926
10,2475,1765.8926954082408,1765.8925127671926
10,2476,1765.8926954082408,1765.8925127671926
10,2477,1765.8926954082408,1765.8925127671926
10,2478,1765.8926954082408,1765.8925127671926
10,2479,1765.8926954082408,1765.8925127671926
10,2480,1765.8926954082408,1765.8925127671926
10,2481,1765.8926954082408,1765.8925127671926
10,2482,1765.8926954082408,1765.8925127671926
10,2483,1765.8926954082408,1765.8925127671926
10,2484,1765.8926954082408,1765.8925127671926
10,2485,1765.8926954082408,1765.8925127671926
10,2486,1765.8926954082408,1765.8925127671926
10,2487,1765.8926954082408,1765.8925127671926
10,2488,1765.8926954082408,1765.8925127671926
10,2489,1765.8926954082408,1765.8925127671926
10,2490,1765.8926954082408,1765.8925127671926
10,2491,1765.8926954082408,1765.8925127671926
10,2492,1765.8926954082408,1765.8925127671926
10,2493,1765.8926954082408,1765.8925127671926
10,2494,1765.8926954082408,1765.8925127671926
10,2495,1765.8926954082408,1765.8925127671926
10,2496,1765.8926954082408,1765.8925127671926
10,2497,1765.8926954082408,1765.8925127671926
10,2498,1765.8926954082408,1765.8925127671926
10,2499,1765.8926954082408,1765.8925127671926
10,2500,1765.8926954082408,1765.8925127671926
10,2501,1765.8926954082408,1765.8925127671926
10,2502,1765.8926954082408,1765.8925127671926
10,2503,1765.8926954082408,1765.8925127671926
10,2504,1765.8926954082408,1765.8925127671926
10,2505,1765.8926954082408,1765.8925127671926
10,2506,1765.8926954082408,1765.8925127671926
10,2507,1765.8926954082408,1765.8925127671926
10,2508,1765.8926954082408,1765.8925127671926
10,2509,1765.8926954082408,1765.8925127671926
10,2510,1765.8926954082408,1765.8925127671926
10,2511,1765.8926954082408,1765.8925127671926
10,2512,1765.8926954082408,1765.8925127671926
10,2513,1765.8926954082408,1765.8925127671926
10,2514,1765.8926954082408,1765.8925127671926
10,2515,1765.8926954082408,1765.8925127671926
10,2516,1765.8926954082408,1765.8925127671926
10,2517,1765.8926954082408,1765.8925127671926
10,2518,1765.8926954082408,1765.8925127671926
10,2519,1765.8926954082408,1765.8925127671926
10,2520,1765.8926954082408,1765.8925127671926
10,2521,1765.8926954082408,1765.8925127671926
10,2522,1765.8926954082408,1765.8925127671926
10,2523,1765.8926954082408,1765.8925127671926
10,2524,1765.8926954082408,1765.8925127671926
10,2525,1765.8926954082408,1765.8925127671926
10,2526,1765.8926954082408,1765.8925127671926
10,2527,1765.8926954082408,1765.8925127671926
10,2528,1765.8926954082408,1765.8925127671926
10,2529,1765.8926954082408,1765.8925127671926
10,2530,1765.8926954082408,1765.8925127671926
10,2531,1765.8926954082408,1765.8925127671926
10,2532,1765.8926954082408,1765.8925127671926
10,2533,1765.8926954082408,1765.8925127671926
10,2534,1765.8926954082408,1765.8925127671926
10,2535,1765.8926954082408,1765.8925127671926
10,2536,1765.8926954082408,1765.8925127671926
10,2537,1765.8926954082408,1765.8925127671926
10,2538,1765.8926954082408,1765.8925127671926
10,2539,1765.8926954082408,1765.8925127671926
10,2540,1765.8926954082408,1765.8925127671926
10,2541,1765.8926954082408,1765.8925127671926
10,2542,1765.8926954082408,1765.8925127671926
10,2543,1765.8926954082408,1765.8925127671926
10,2544,1765.8926954082408,1765.8925127671926
10,2545,1765.8926954082408,1765.8925127671926
10,2546,1765.8926954082408,1765.8925127671926
10,2547,1765.8926954082408,1765.8925127671926
10,2548,1765.8926954082408,1765.8925127671926
10,2549,1765.8926954082408,1765.8925127671926
10,2550,1765.8926954082408,1765.8925127671926
10,2551,1765.8926954082408,1765.8925127671926
10,2552,1765.8926954082408,1765.8925127671926
10,2553,1765.8926954082408,1765.8925127671926
10,2554,1765.8926954082408,1765.8925127671926
10,2555,1765.8926954082408,1765.8925127671926
20,1,0.0,458.6035621974553
20,2,50.04000198841095,458.6035621974553
20,3,94.61994590100745,458.6035621974553
20,4,134.33559978348566,458.6035621974553
20,5,169.71772512678638,458.6035621974553
20,6,201.2391699836053,458.6035621974553
20,7,229.32118812753816,458.6035621974553
20,8,254.33906870434103,458.6035621974553
20,9,276.6271516101772,458.6035621974553
20,10,296.4832956225534,458.6035621974553
20,11,314.1728589962154,458.6035621974553
20,12,329.9322457208364,458.6035621974553
20,13,343.97206483281866,458.6035621974553
20,14,356.4799450023703,458.6035621974553
20,15,367.62304201010477,458.6035621974553
20,16,377.5502726231745,458.6035621974553
20,17,386.3943047245433,458.6035621974553
20,18,394.2733302915593,458.6035621974553
20,19,401.2926449179823,458.6035621974553
20,20,407.54605498825515,458.6035621974553
20,21,413.117131309551,458.6035621974553
20,22,418.0803259551803,458.6035621974553
20,23,422.5019672448968,458.6035621974553
20,24,426.441146159055,458.6035621974553
20,25,429.9505060326922,458.6035621974553
20,26,433.0769460830362,458.6035621974553
20,27,435.86224817240685,458.6035621974553
20,28,438.343635182594,458.6035621974553
20,29,440.5542684628486,458.6035621974553
20,30,442.52369099940034,458.6035621974553
20,31,444.2782222290357,458.6035621974553
20,32,445.8413097730401,458.6035621974553
20,33,447.2338427920902,458.6035621974553
20,34,448.4744311497819,458.6035621974553
20,35,449.5796541155468,458.6035621974553
20,36,450.56428193063215,458.6035621974553
20,37,451.44147319815954,458.6035621974553
20,38,452.2229507351918,458.6035621974553
20,39,452.9191582369004,458.6035621974553
20,40,453.5393998465008,458.6035621974553
20,41,454.0919644961715,458.6035621974553
20,42,454.58423668065524,458.6035621974553
20,43,455.0227951439242,458.6035621974553
20,44,455.41350079776197,458.6035621974553
20,45,455.7615750472086,458.6035621974553
20,46,456.07166956961373,458.6035621974553
20,47,456.3479284798278,458.6035621974553
20,48,456.5940437123081,458.6035621974553
20,49,456.8133043602703,458.6035621974553
20,50,457.0086406312532,458.6035621974553
20,51,457.18266300652266,458.6035621974553
20,52,457.3376971276414,458.6035621974553
20,53,457.4758148764299,458.6035621974553
20,54,457.5988620636732,458.6035621974553
20,55,457.7084830966056,458.6035621974553
20,56,457.8061429548307,458.6035621974553
20,57,457.8931467683636,458.6035621974553
20,58,457.97065725943787,458.6035621974553
20,59,458.03971028116894,458.6035621974553
20,60,458.101228660734,458.6035621974553
20,61,458.1560345320696,458.6035621974553
20,62,458.20486032289966,458.6035621974553
20,63,458.2483585429277,458.6035621974553
20,64,458.2871105040006,458.6035621974553
20,65,458.32163408878256,458.6035621974553
20,66,458.35239067175786,458.6035621974553
20,67,458.37979128505714,458.6035621974553
20,68,458.40420211150627,458.6035621974553
20,69,458.4259493783072,458.6035621974553
20,70,458.44532371675075,458.6035621974553
20,71,458.4625840462239,458.6035621974553
20,72,458.47796103441834,458.6035621974553
20,73,458.49166017998215,458.6035621974553
20,74,458.5038645588114,458.6035621974553
20,75,458.51473727068355,458.6035621974553
20,76,458.52442361892844,458.6035621974553
20,77,458.5330530522681,458.6035621974553
20,78,458.540740894774,458.6035621974553
20,79,458.5475898870622,458.6035621974553
20,80,458.553691559323,458.6035621974553
20,81,458.5591274545339,458.6035621974553
20,82,458.5639702182027,458.6035621974553
20,83,458.5682845692051,458.6035621974553
20,84,458.57212816468996,458.6035621974553
20,85,458.57555237061183,458.6035621974553
20,86,458.57860294818727,458.6035621974553
20,87,458.5813206654496,458.6035621974553
20,88,458.5837418420746,458.6035621974553
20,89,458.5858988347575,458.6035621974553
20,90,458.58782046962966,458.6035621974553
20,91,458.5895324274918,458.6035621974553
20,92,458.59105758701304,458.6035621974553
20,93,458.5924163304825,458.6035621974553
20,94,458.59362681619893,458.6035621974553
20,95,458.594705221139,458.6035621974553
20,96,458.5956659571469,458.6035621974553
20,97,458.5965218635347,458.6035621974553
20,98,458.59728437866744,458.6035621974553
20,99,458.59796369282617,458.6035621974553
20,100,458.5985688843907,458.6035621974553
20,101,458.59910804116396,458.6035621974553
20,102,458.5995883684572,458.6035621974553
20,103,458.6000162853825,458.6035621974553
20,104,458.6003975106378,458.6035621974553
20,105,458.60073713893155,458.6035621974553
20,106,458.60103970906925,458.6035621974553
20,107,458.60130926460937,458.6035621974553
20,108,458.6015494079024,458.6035621974553
20,109,458.6017633482323,458.6035621974553
20,110,458.60195394470566,458.6035621974553
20,111,458.602123744461,458.6035621974553
20,112,458.6022750167086,458.6035621974553
20,113,458.60240978305643,458.6035621974553
20,114,458.60252984452706,458.6035621974553
20,115,458.6026368056264,458.6035621974553
20,116,458.60273209578673,458.6035621974553
20,117,458.60281698846927,458.6035621974553
20,118,458.602892618183,458.6035621974553
20,119,458.60295999564624,458.6035621974553
20,120,458.60302002129407,458.6035621974553
20,121,458.60307349731136,458.6035621974553
20,122,458.60312113835363,458.6035621974553
20,123,458.60316358109753,458.6035621974553
20,124,458.6032013927496,458.6035621974553
20,125,458.60323507862614,458.6035621974553
20,126,458.6032650889065,458.6035621974553
20,127,458.6032918246491,458.6035621974553
20,128,458.60331564315146,458.6035621974553
20,129,458.60333686272503,458.6035621974553
20,130,458.6033557669488,458.6035621974553
20,131,458.6033726084596,458.6035621974553
20,132,458.60338761232816,458.6035621974553
20,133,458.60340097906646,458.6035621974553
20,134,458.6034128873084,458.6035621974553
20,135,458.60342349619606,458.6035621974553
20,136,458.6034329475068,458.6035621974553
20,137,458.6034413675486,458.6035621974553
20,138,458.60344886884707,458.6035621974553
20,139,458.60345555164986,458.6035621974553
20,140,458.6034615052662,458.6035621974553
20,141,458.60346680926045,458.6035621974553
20,142,458.6034715345154,458.6035621974553
20,143,458.60347574417955,458.6035621974553
20,144,458.60347949451085,458.6035621974553
20,145,458.60348283562905,458.6035621974553
20,146,458.6034858121849,458.6035621974553
20,147,458.6034884639573,458.6035621974553
20,148,458.60349082638453,458.6035621974553
20,149,458.6034929310382,458.6035621974553
20,150,458.60349480604503,458.6035621974553
20,151,458.6034964764625,458.6035621974553
20,152,458.6034979646143,458.6035621974553
20,153,458.60349929038813,458.6035621974553
20,154,458.60350047150166,458.6035621974553
20,155,458.60350152373934,458.6035621974553
20,156,458.6035024611632,458.6035621974553
20,157,458.60350329630126,458.6035621974553
20,158,458.603504040314,458.6035621974553
20,159,458.6035047031448,458.6035621974553
20,160,458.60350529365144,458.6035621974553
20,161,458.6035058197257,458.6035621974553
20,162,458.6035062883979,458.6035621974553
20,163,458.60350670593147,458.6035621974553
20,164,458.6035070779064,458.6035621974553
20,165,458.6035074092936,458.6035621974553
20,166,458.603507704522,458.6035621974553
20,167,458.6035079675368,458.6035621974553
20,168,458.60350820185306,458.6035621974553
20,169,458.60350841060216,458.6035621974553
20,170,458.6035085965739,458.6035621974553
20,171,458.60350876225345,458.6035621974553
20,172,458.6035089098551,458.6035621974553
20,173,458.60350904135146,458.6035621974553
20,174,458.6035091584996,458.6035621974553
20,175,458.6035092628653,458.6035621974553
20,176,458.6035093558433,458.6035621974553
20,177,458.60350943867604,458.6035621974553
20,178,458.60350951247057,458.6035621974553
20,179,458.6035095782131,458.6035621974553
20,180,458.6035096367822,458.6035621974553
20,181,458.6035096889607,458.6035621974553
20,182,458.60350973544575,458.6035621974553
20,183,458.60350977685863,458.6035621974553
20,184,458.6035098137528,458.6035621974553
20,185,458.6035098466213,458.6035621974553
20,186,458.60350987590334,458.6035621974553
20,187,458.6035099019904,458.6035621974553
20,188,458.603509925231,458.6035621974553
20,189,458.6035099459356,458.6035621974553
20,190,458.60350996438115,458.6035621974553
20,191,458.60350998081407,458.6035621974553
20,192,458.60350999545386,458.6035621974553
20,193,458.6035100084963,458.6035621974553
20,194,458.6035100201156,458.6035621974553
20,195,458.6035100304671,458.6035621974553
20,196,458.60351003968907,458.6035621974553
20,197,458.60351004790476,458.6035621974553
20,198,458.6035100552241,458.6035621974553
20,199,458.6035100617447,458.6035621974553
20,200,458.6035100675539,458.6035621974553
20,201,458.60351007272914,458.6035621974553
20,202,458.6035100773398,458.6035621974553
20,203,458.6035100814473,458.6035621974553
20,204,458.6035100851066,458.6035621974553
20,205,458.60351008836665,458.6035621974553
20,206,458.603510091271,458.6035621974553
20,207,458.6035100938584,458.6035621974553
20,208,458.60351009616346,458.6035621974553
20,209,458.60351009821704,458.6035621974553
20,210,458.6035101000465,458.6035621974553
20,211,458.6035101016764,458.6035621974553
20,212,458.6035101031285,458.6035621974553
20,213,458.6035101044221,458.6035621974553
20,214,458.60351010557457,458.6035621974553
20,215,458.6035101066013,458.6035621974553
20,216,458.603510107516,458.6035621974553
20,217,458.6035101083309,458.6035621974553
20,218,458.60351010905686,458.6035621974553
20,219,458.6035101097036,458.6035621974553
20,220,458.6035101102798,458.6035621974553
20,221,458.6035101107931,458.6035621974553
20,222,458.60351011125033,458.6035621974553
20,223,458.6035101116578,458.6035621974553
20,224,458.6035101120208,458.6035621974553
20,225,458.60351011234405,458.6035621974553
20,226,458.60351011263214,458.6035621974553
20,227,458.6035101128887,458.6035621974553
20,228,458.60351011311735,458.6035621974553
20,229,458.603510113321,458.6035621974553
20,230,458.60351011350247,458.6035621974553
20,231,458.60351011366413,458.6035621974553
20,232,458.6035101138081,458.6035621974553
20,233,458.6035101139364,458.6035621974553
20,234,458.6035101140508,458.6035621974553
20,235,458.60351011415264,458.6035621974553
20,236,458.6035101142433,458.6035621974553
20,237,458.6035101143241,458.6035621974553
20,238,458.60351011439616,458.6035621974553
20,239,458.60351011446033,458.6035621974553
20,240,458.6035101145175,458.6035621974553
20,241,458.60351011456845,458.6035621974553
20,242,458.6035101146138,458.6035621974553
20,243,458.60351011465417,458.6035621974553
20,244,458.6035101146902,458.6035621974553
20,245,458.6035101147222,458.6035621974553
20,246,458.6035101147508,458.6035621974553
20,247,458.6035101147762,458.6035621974553
20,248,458.6035101147989,458.6035621974553
20,249,458.603510114819,458.6035621974553
20,250,458.6035101148371,458.6035621974553
20,251,458.60351011485307,458.6035621974553
20,252,458.60351011486733,458.6035621974553
20,253,458.6035101148801,458.6035621974553
20,254,458.6035101148915,458.6035621974553
20,255,458.6035101149015,458.6035621974553
20,256,458.6035101149106,458.6035621974553
20,257,458.60351011491855,458.6035621974553
20,258,458.60351011492565,458.6035621974553
20,259,458.603510114932,458.6035621974553
20,260,458.60351011493765,458.6035621974553
20,261,458.6035101149427,458.6035621974553
20,262,458.60351011494726,458.6035621974553
20,263,458.6035101149513,458.6035621974553
20,264,458.6035101149549,458.6035621974553
20,265,458.60351011495806,458.6035621974553
20,266,458.6035101149609,458.6035621974553
20,267,458.60351011496346,458.6035621974553
20,268,458.60351011496573,458.6035621974553
20,269,458.6035101149677,458.6035621974553
20,270,458.60351011496954,458.6035621974553
20,271,458.6035101149711,458.6035621974553
20,272,458.6035101149725,458.6035621974553
20,273,458.60351011497374,458.6035621974553
20,274,458.6035101149749,458.6035621974553
20,275,458.6035101149758,458.6035621974553
20,276,458.60351011497676,458.6035621974553
20,277,458.6035101149775,458.6035621974553
20,278,458.6035101149782,458.6035621974553
20,279,458.6035101149788,458.6035621974553
20,280,458.60351011497943,458.6035621974553
20,281,458.6035101149799,458.6035621974553
20,282,458.6035101149804,458.6035621974553
20,283,458.6035101149808,458.6035621974553
20,284,458.6035101149812,458.6035621974553
20,285,458.6035101149815,458.6035621974553
20,286,458.6035101149818,458.6035621974553
20,287,458.60351011498204,458.6035621974553
20,288,458.6035101149822,458.6035621974553
20,289,458.60351011498244,458.6035621974553
20,290,458.60351011498267,458.6035621974553
20,291,458.60351011498284,458.6035621974553
20,292,458.60351011498295,458.6035621974553
20,293,458.60351011498307,458.6035621974553
20,294,458.6035101149831,458.6035621974553
20,295,458.60351011498324,458.6035621974553
20,296,458.60351011498335,458.6035621974553
20,297,458.60351011498346,458.6035621974553
20,298,458.6035101149836,458.6035621974553
20,299,458.60351011498364,458.6035621974553
20,300,458.60351011498364,458.6035621974553
20,301,458.60351011498364,458.6035621974553
20,302,458.60351011498364,458.6035621974553
20,303,458.60351011498364,458.6035621974553
20,304,458.60351011498364,458.6035621974553
20,305,458.60351011498364,458.6035621974553
20,306,458.60351011498364,458.6035621974553
20,307,458.60351011498364,458.6035621974553
20,308,458.60351011498364,458.6035621974553
20,309,458.60351011498364,458.6035621974553
20,310,458.60351011498364,458.6035621974553
20,311,458.60351011498364,458.6035621974553
20,312,458.60351011498364,458.6035621974553
20,313,458.60351011498364,458.6035621974553
20,314,458.60351011498364,458.6035621974553
20,315,458.60351011498364,458.6035621974553
20,316,458.60351011498364,458.6035621974553
20,317,458.60351011498364,458.6035621974553
20,318,458.60351011498364,458.6035621974553
20,319,458.60351011498364,458.6035621974553
20,320,458.60351011498364,458.6035621974553
20,321,458.60351011498364,458.6035621974553
20,322,458.60351011498364,458.6035621974553
20,323,458.60351011498364,458.6035621974553
20,324,458.60351011498364,458.6035621974553
20,325,458.60351011498364,458.6035621974553
20,326,458.60351011498364,458.6035621974553
20,327,458.60351011498364,458.6035621974553
20,328,458.60351011498364,458.6035621974553
20,329,458.60351011498364,458.6035621974553
20,330,458.60351011498364,458.6035621974553
20,331,458.60351011498364,458.6035621974553
20,332,458.60351011498364,458.6035621974553
20,333,458.60351011498364,458.6035621974553
20,334,458.60351011498364,458.6035621974553
20,335,458.60351011498364,458.6035621974553
20,336,458.60351011498364,458.6035621974553
20,337,458.60351011498364,458.6035621974553
20,338,458.60351011498364,458.6035621974553
20,339,458.60351011498364,458.6035621974553
20,340,458.60351011498364,458.6035621974553
20,341,458.60351011498364,458.6035621974553
20,342,458.60351011498364,458.6035621974553
20,343,458.60351011498364,458.6035621974553
20,344,458.60351011498364,458.6035621974553
20,345,458.60351011498364,458.6035621974553
20,346,458.60351011498364,458.6035621974553
20,347,458.60351011498364,458.6035621974553
20,348,458.60351011498364,458.6035621974553
20,349,458.60351011498364,458.6035621974553
20,350,458.60351011498364,458.6035621974553
20,351,458.60351011498364,458.6035621974553
20,352,458.60351011498364,458.6035621974553
20,353,458.60351011498364,458.6035621974553
20,354,458.60351011498364,458.6035621974553
20,355,458.60351011498364,458.6035621974553
20,356,458.60351011498364,458.6035621974553
20,357,458.60351011498364,458.6035621974553
20,358,458.60351011498364,458.6035621974553
20,359,458.60351011498364,458.6035621974553
20,360,458.60351011498364,458.6035621974553
20,361,458.60351011498364,458.6035621974553
20,362,458.60351011498364,458.6035621974553
20,363,458.60351011498364,458.6035621974553
20,364,458.60351011498364,458.6035621974553
20,365,458.60351011498364,458.6035621974553
20,366,458.60351011498364,458.6035621974553
20,367,458.60351011498364,458.6035621974553
20,368,458.60351011498364,458.6035621974553
20,369,458.60351011498364,458.6035621974553
20,370,458.60351011498364,458.6035621974553
20,371,458.60351011498364,458.6035621974553
20,372,458.60351011498364,458.6035621974553
20,373,458.60351011498364,458.6035621974553
20,374,458.60351011498364,458.6035621974553
20,375,458.60351011498364,458.6035621974553
20,376,458.60351011498364,458.6035621974553
20,377,458.60351011498364,458.6035621974553
20,378,458.60351011498364,458.6035621974553
20,379,458.60351011498364,458.6035621974553
20,380,458.60351011498364,458.6035621974553
20,381,458.60351011498364,458.6035621974553
20,382,458.60351011498364,458.6035621974553
20,383,458.60351011498364,458.6035621974553
20,384,458.60351011498364,458.6035621974553
20,385,458.60351011498364,458.6035621974553
20,386,458.60351011498364,458.6035621974553
20,387,458.60351011498364,458.6035621974553
20,388,458.60351011498364,458.6035621974553
20,389,458.60351011498364,458.6035621974553
20,390,458.60351011498364,458.6035621974553
20,391,458.60351011498364,458.6035621974553
20,392,458.60351011498364,458.6035621974553
20,393,458.60351011498364,458.6035621974553
20,394,458.60351011498364,458.6035621974553
20,395,458.60351011498364,458.6035621974553
20,396,458.60351011498364,458.6035621974553
20,397,458.60351011498364,458.6035621974553
20,398,458.60351011498364,458.6035621974553
20,399,458.60351011498364,458.6035621974553
20,400,458.60351011498364,458.6035621974553
20,401,458.60351011498364,458.6035621974553
20,402,458.60351011498364,458.6035621974553
20,403,458.60351011498364,458.6035621974553
20,404,458.60351011498364,458.6035621974553
20,405,458.60351011498364,458.6035621974553
20,406,458.60351011498364,458.6035621974553
20,407,458.60351011498364,458.6035621974553
20,408,458.60351011498364,458.6035621974553
20,409,458.60351011498364,458.6035621974553
20,410,458.60351011498364,458.6035621974553
20,411,458.60351011498364,458.6035621974553
20,412,458.60351011498364,458.6035621974553
20,413,458.60351011498364,458.6035621974553
20,414,458.60351011498364,458.6035621974553
20,415,458.60351011498364,458.6035621974553
20,416,458.60351011498364,458.6035621974553
20,417,458.60351011498364,458.6035621974553
20,418,458.60351011498364,458.6035621974553
20,419,458.60351011498364,458.6035621974553
20,420,458.60351011498364,458.6035621974553
20,421,458.60351011498364,458.6035621974553
20,422,458.60351011498364,458.6035621974553
20,423,458.60351011498364,458.6035621974553
20,424,458.60351011498364,458.6035621974553
20,425,458.60351011498364,458.6035621974553
20,426,458.60351011498364,458.6035621974553
20,427,458.60351011498364,458.6035621974553
20,428,458.60351011498364,458.6035621974553
20,429,458.60351011498364,458.6035621974553
20,430,458.60351011498364,458.6035621974553
20,431,458.60351011498364,458.6035621974553
20,432,458.60351011498364,458.6035621974553
20,433,458.60351011498364,458.6035621974553
20,434,458.60351011498364,458.6035621974553
20,435,458.60351011498364,458.6035621974553
20,436,458.60351011498364,458.6035621974553
20,437,458.60351011498364,458.6035621974553
20,438,458.60351011498364,458.6035621974553
20,439,458.60351011498364,458.6035621974553
20,440,458.60351011498364,458.6035621974553
20,441,458.60351011498364,458.6035621974553
20,442,458.60351011498364,458.6035621974553
20,443,458.60351011498364,458.6035621974553
20,444,458.60351011498364,458.6035621974553
20,445,458.60351011498364,458.6035621974553
20,446,458.60351011498364,458.6035621974553
20,447,458.60351011498364,458.6035621974553
20,448,458.60351011498364,458.6035621974553
20,449,458.60351011498364,458.6035621974553
20,450,458.60351011498364,458.6035621974553
20,451,458.60351011498364,458.6035621974553
20,452,458.60351011498364,458.6035621974553
20,453,458.60351011498364,458.6035621974553
20,454,458.60351011498364,458.6035621974553
20,455,458.60351011498364,458.6035621974553
20,456,458.60351011498364,458.6035621974553
20,457,458.60351011498364,458.6035621974553
20,458,458.60351011498364,458.6035621974553
20,459,458.60351011498364,458.6035621974553
20,460,458.60351011498364,458.6035621974553
20,461,458.60351011498364,458.6035621974553
20,462,458.60351011498364,458.6035621974553
20,463,458.60351011498364,458.6035621974553
20,464,458.60351011498364,458.6035621974553
20,465,458.60351011498364,458.6035621974553
20,466,458.60351011498364,458.6035621974553
20,467,458.60351011498364,458.6035621974553
20,468,458.60351011498364,458.6035621974553
20,469,458.60351011498364,458.6035621974553
20,470,458.60351011498364,458.6035621974553
20,471,458.60351011498364,458.6035621974553
20,472,458.60351011498364,458.6035621974553
20,473,458.60351011498364,458.6035621974553
20,474,458.60351011498364,458.6035621974553
20,475,458.60351011498364,458.6035621974553
20,476,458.60351011498364,458.6035621974553
20,477,458.60351011498364,458.6035621974553
20,478,458.60351011498364,458.6035621974553
20,479,458.60351011498364,458.6035621974553
20,480,458.60351011498364,458.6035621974553
20,481,458.60351011498364,458.6035621974553
20,482,458.60351011498364,458.6035621974553
20,483,458.60351011498364,458.6035621974553
20,484,458.60351011498364,458.6035621974553
20,485,458.60351011498364,458.6035621974553
20,486,458.60351011498364,458.6035621974553
20,487,458.60351011498364,458.6035621974553
20,488,458.60351011498364,458.6035621974553
20,489,458.60351011498364,458.6035621974553
20,490,458.60351011498364,458.6035621974553
20,491,458.60351011498364,458.6035621974553
20,492,458.60351011498364,458.6035621974553
20,493,458.60351011498364,458.6035621974553
20,494,458.60351011498364,458.6035621974553
20,495,458.60351011498364,458.6035621974553
20,496,458.60351011498364,458.6035621974553
20,497,458.60351011498364,458.6035621974553
20,498,458.60351011498364,458.6035621974553
20,499,458.60351011498364,458.6035621974553
20,500,458.60351011498364,458.6035621974553
20,501,458.60351011498364,458.6035621974553
20,502,458.60351011498364,458.6035621974553
20,503,458.60351011498364,458.6035621974553
20,504,458.60351011498364,458.6035621974553
20,505,458.60351011498364,458.6035621974553
20,506,458.60351011498364,458.6035621974553
20,507,458.60351011498364,458.6035621974553
20,508,458.60351011498364,458.6035621974553
20,509,458.60351011498364,458.6035621974553
20,510,458.60351011498364,458.6035621974553
20,511,458.60351011498364,458.6035621974553
20,512,458.60351011498364,458.6035621974553
20,513,458.60351011498364,458.6035621974553
20,514,458.60351011498364,458.6035621974553
20,515,458.60351011498364,458.6035621974553
20,516,458.60351011498364,458.6035621974553
20,517,458.60351011498364,458.6035621974553
20,518,458.60351011498364,458.6035621974553
20,519,458.60351011498364,458.6035621974553
20,520,458.60351011498364,458.6035621974553
20,521,458.60351011498364,458.6035621974553
20,522,458.60351011498364,458.6035621974553
20,523,458.60351011498364,458.6035621974553
20,524,458.60351011498364,458.6035621974553
20,525,458.60351011498364,458.6035621974553
20,526,458.60351011498364,458.6035621974553
20,527,458.60351011498364,458.6035621974553
20,528,458.60351011498364,458.6035621974553
20,529,458.60351011498364,458.6035621974553
20,530,458.60351011498364,458.6035621974553
20,531,458.60351011498364,458.6035621974553
20,532,458.60351011498364,458.6035621974553
20,533,458.60351011498364,458.6035621974553
20,534,458.60351011498364,458.6035621974553
20,535,458.60351011498364,458.6035621974553
20,536,458.60351011498364,458.6035621974553
20,537,458.60351011498364,458.6035621974553
20,538,458.60351011498364,458.6035621974553
20,539,458.60351011498364,458.6035621974553
20,540,458.60351011498364,458.6035621974553
20,541,458.60351011498364,458.6035621974553
20,542,458.60351011498364,458.6035621974553
20,543,458.60351011498364,458.6035621974553
20,544,458.60351011498364,458.6035621974553
20,545,458.60351011498364,458.6035621974553
20,546,458.60351011498364,458.6035621974553
20,547,458.60351011498364,458.6035621974553
20,548,458.60351011498364,458.6035621974553
20,549,458.60351011498364,458.6035621974553
20,550,458.60351011498364,458.6035621974553
20,551,458.60351011498364,458.6035621974553
20,552,458.60351011498364,458.6035621974553
20,553,458.60351011498364,458.6035621974553
20,554,458.60351011498364,458.6035621974553
20,555,458.60351011498364,458.6035621974553
20,556,458.60351011498364,458.6035621974553
20,557,458.60351011498364,458.6035621974553
20,558,458.60351011498364,458.6035621974553
20,559,458.60351011498364,458.6035621974553
20,560,458.60351011498364,458.6035621974553
20,561,458.60351011498364,458.6035621974553
20,562,458.60351011498364,458.6035621974553
20,563,458.60351011498364,458.6035621974553
20,564,458.60351011498364,458.6035621974553
20,565,458.60351011498364,458.6035621974553
20,566,458.60351011498364,458.6035621974553
20,567,458.60351011498364,458.6035621974553
20,568,458.60351011498364,458.6035621974553
20,569,458.60351011498364,458.6035621974553
20,570,458.60351011498364,458.6035621974553
20,571,458.60351011498364,458.6035621974553
20,572,458.60351011498364,458.6035621974553
20,573,458.60351011498364,458.6035621974553
20,574,458.60351011498364,458.6035621974553
20,575,458.60351011498364,458.6035621974553
20,576,458.60351011498364,458.6035621974553
20,577,458.60351011498364,458.6035621974553
20,578,458.60351011498364,458.6035621974553
20,579,458.60351011498364,458.6035621974553
20,580,458.60351011498364,458.6035621974553
20,581,458.60351011498364,458.6035621974553
20,582,458.60351011498364,458.6035621974553
20,583,458.60351011498364,458.6035621974553
20,584,458.60351011498364,458.6035621974553
20,585,458.60351011498364,458.6035621974553
20,586,458.60351011498364,458.6035621974553
20,587,458.60351011498364,458.6035621974553
20,588,458.60351011498364,458.6035621974553
20,589,458.60351011498364,458.6035621974553
20,590,458.60351011498364,458.6035621974553
20,591,458.60351011498364,458.6035621974553
20,592,458.60351011498364,458.6035621974553
20,593,458.60351011498364,458.6035621974553
20,594,458.60351011498364,458.6035621974553
20,595,458.60351011498364,458.6035621974553
20,596,458.60351011498364,458.6035621974553
20,597,458.60351011498364,458.6035621974553
20,598,458.60351011498364,458.6035621974553
20,599,458.60351011498364,458.6035621974553
20,600,458.60351011498364,458.6035621974553
20,601,458.60351011498364,458.6035621974553
20,602,458.60351011498364,458.6035621974553
20,603,458.60351011498364,458.6035621974553
20,604,458.60351011498364,458.6035621974553
20,605,458.60351011498364,458.6035621974553
20,606,458.60351011498364,458.6035621974553
20,607,458.60351011498364,458.6035621974553
20,608,458.60351011498364,458.6035621974553
20,609,458.60351011498364,458.6035621974553
20,610,458.60351011498364,458.6035621974553
20,611,458.60351011498364,458.6035621974553
20,612,458.60351011498364,458.6035621974553
20,613,458.60351011498364,458.6035621974553
20,614,458.60351011498364,458.6035621974553
20,615,458.60351011498364,458.6035621974553
20,616,458.60351011498364,458.6035621974553
20,617,458.60351011498364,458.6035621974553
20,618,458.60351011498364,458.6035621974553
20,619,458.60351011498364,458.6035621974553
20,620,458.60351011498364,458.6035621974553
20,621,458.60351011498364,458.6035621974553
20,622,458.60351011498364,458.6035621974553
20,623,458.60351011498364,458.6035621974553
20,624,458.60351011498364,458.6035621974553
20,625,458.60351011498364,458.6035621974553
20,626,458.60351011498364,458.6035621974553
20,627,458.60351011498364,458.6035621974553
20,628,458.60351011498364,458.6035621974553
20,629,458.60351011498364,458.6035621974553
20,630,458.60351011498364,458.6035621974553
20,631,458.60351011498364,458.6035621974553
20,632,458.60351011498364,458.6035621974553
20,633,458.60351011498364,458.6035621974553
20,634,458.60351011498364,458.6035621974553
20,635,458.60351011498364,458.6035621974553
20,636,458.60351011498364,458.6035621974553
20,637,458.60351011498364,458.6035621974553
20,638,458.60351011498364,458.6035621974553
20,639,458.60351011498364,458.6035621974553
20,640,458.60351011498364,458.6035621974553
20,641,458.60351011498364,458.6035621974553
20,642,458.60351011498364,458.6035621974553
20,643,458.60351011498364,458.6035621974553
20,644,458.60351011498364,458.6035621974553
20,645,458.60351011498364,458.6035621974553
20,646,458.60351011498364,458.6035621974553
20,647,458.60351011498364,458.6035621974553
20,648,458.60351011498364,458.6035621974553
20,649,458.60351011498364,458.6035621974553
20,650,458.60351011498364,458.6035621974553
20,651,458.60351011498364,458.6035621974553
20,652,458.60351011498364,458.6035621974553
20,653,458.60351011498364,458.6035621974553
20,654,458.60351011498364,458.6035621974553
20,655,458.60351011498364,458.6035621974553
20,656,458.60351011498364,458.6035621974553
20,657,458.60351011498364,458.6035621974553
20,658,458.60351011498364,458.6035621974553
20,659,458.60351011498364,458.6035621974553
20,660,458.60351011498364,458.6035621974553
20,661,458.60351011498364,458.6035621974553
20,662,458.60351011498364,458.6035621974553
20,663,458.60351011498364,458.6035621974553
20,664,458.60351011498364,458.6035621974553
20,665,458.60351011498364,458.6035621974553
20,666,458.60351011498364,458.6035621974553
20,667,458.60351011498364,458.6035621974553
20,668,458.60351011498364,458.6035621974553
20,669,458.60351011498364,458.6035621974553
20,670,458.60351011498364,458.6035621974553
20,671,458.60351011498364,458.6035621974553
20,672,458.60351011498364,458.6035621974553
20,673,458.60351011498364,458.6035621974553
20,674,458.60351011498364,458.6035621974553
20,675,458.60351011498364,458.6035621974553
20,676,458.60351011498364,458.6035621974553
20,677,458.60351011498364,458.6035621974553
20,678,458.60351011498364,458.6035621974553
20,679,458.60351011498364,458.6035621974553
20,680,458.60351011498364,458.6035621974553
20,681,458.60351011498364,458.6035621974553
20,682,458.60351011498364,458.6035621974553
20,683,458.60351011498364,458.6035621974553
20,684,458.60351011498364,458.6035621974553
20,685,458.60351011498364,458.6035621974553
20,686,458.60351011498364,458.6035621974553
20,687,458.60351011498364,458.6035621974553
20,688,458.60351011498364,458.6035621974553
20,689,458.60351011498364,458.6035621974553
20,690,458.60351011498364,458.6035621974553
20,691,458.60351011498364,458.6035621974553
20,692,458.60351011498364,458.6035621974553
20,693,458.60351011498364,458.6035621974553
20,694,458.60351011498364,458.6035621974553
20,695,458.60351011498364,458.6035621974553
20,696,458.60351011498364,458.6035621974553
20,697,458.60351011498364,458.6035621974553
20,698,458.60351011498364,458.6035621974553
20,699,458.60351011498364,458.6035621974553
20,700,458.60351011498364,458.6035621974553
20,701,458.60351011498364,458.6035621974553
20,702,458.60351011498364,458.6035621974553
20,703,458.60351011498364,458.6035621974553
20,704,458.60351011498364,458.6035621974553
20,705,458.60351011498364,458.6035621974553
20,706,458.60351011498364,458.6035621974553
20,707,458.60351011498364,458.6035621974553
20,708,458.60351011498364,458.6035621974553
20,709,458.60351011498364,458.6035621974553
20,710,458.60351011498364,458.6035621974553
20,711,458.60351011498364,458.6035621974553
20,712,458.60351011498364,458.6035621974553
20,713,458.60351011498364,458.6035621974553
20,714,458.60351011498364,458.6035621974553
20,715,458.60351011498364,458.6035621974553
20,716,458.60351011498364,458.6035621974553
20,717,458.60351011498364,458.6035621974553
20,718,458.60351011498364,458.6035621974553
20,719,458.60351011498364,458.6035621974553
20,720,458.60351011498364,458.6035621974553
20,721,458.60351011498364,458.6035621974553
20,722,458.60351011498364,458.6035621974553
20,723,458.60351011498364,458.6035621974553
20,724,458.60351011498364,458.6035621974553
20,725,458.60351011498364,458.6035621974553
20,726,458.60351011498364,458.6035621974553
20,727,458.60351011498364,458.6035621974553
20,728,458.60351011498364,458.6035621974553
20,729,458.60351011498364,458.6035621974553
20,730,458.60351011498364,458.6035621974553
20,731,458.60351011498364,458.6035621974553
20,732,458.60351011498364,458.6035621974553
20,733,458.60351011498364,458.6035621974553
20,734,458.60351011498364,458.6035621974553
20,735,458.60351011498364,458.6035621974553
20,736,458.60351011498364,458.6035621974553
20,737,458.60351011498364,458.6035621974553
20,738,458.60351011498364,458.6035621974553
20,739,458.60351011498364,458.6035621974553
20,740,458.60351011498364,458.6035621974553
20,741,458.60351011498364,458.6035621974553
20,742,458.60351011498364,458.6035621974553
20,743,458.60351011498364,458.6035621974553
20,744,458.60351011498364,458.6035621974553
20,745,458.60351011498364,458.6035621974553
20,746,458.60351011498364,458.6035621974553
20,747,458.60351011498364,458.6035621974553
20,748,458.60351011498364,458.6035621974553
20,749,458.60351011498364,458.6035621974553
20,750,458.60351011498364,458.6035621974553
20,751,458.60351011498364,458.6035621974553
20,752,458.60351011498364,458.6035621974553
20,753,458.60351011498364,458.6035621974553
20,754,458.60351011498364,458.6035621974553
20,755,458.60351011498364,458.6035621974553
20,756,458.60351011498364,458.6035621974553
20,757,458.60351011498364,458.6035621974553
20,758,458.60351011498364,458.6035621974553
20,759,458.60351011498364,458.6035621974553
20,760,458.60351011498364,458.6035621974553
20,761,458.60351011498364,458.6035621974553
20,762,458.60351011498364,458.6035621974553
20,763,458.60351011498364,458.6035621974553
20,764,458.60351011498364,458.6035621974553
20,765,458.60351011498364,458.6035621974553
20,766,458.60351011498364,458.6035621974553
20,767,458.60351011498364,458.6035621974553
20,768,458.60351011498364,458.6035621974553
20,769,458.60351011498364,458.6035621974553
20,770,458.60351011498364,458.6035621974553
20,771,458.60351011498364,458.6035621974553
20,772,458.60351011498364,458.6035621974553
20,773,458.60351011498364,458.6035621974553
20,774,458.60351011498364,458.6035621974553
20,775,458.60351011498364,458.6035621974553
20,776,458.60351011498364,458.6035621974553
20,777,458.60351011498364,458.6035621974553
20,778,458.60351011498364,458.6035621974553
20,779,458.60351011498364,458.6035621974553
20,780,458.60351011498364,458.6035621974553
20,781,458.60351011498364,458.6035621974553
20,782,458.60351011498364,458.6035621974553
20,783,458.60351011498364,458.6035621974553
20,784,458.60351011498364,458.6035621974553
20,785,458.60351011498364,458.6035621974553
20,786,458.60351011498364,458.6035621974553
20,787,458.60351011498364,458.6035621974553
20,788,458.60351011498364,458.6035621974553
20,789,458.60351011498364,458.6035621974553
20,790,458.60351011498364,458.6035621974553
20,791,458.60351011498364,458.6035621974553
20,792,458.60351011498364,458.6035621974553
20,793,458.60351011498364,458.6035621974553
20,794,458.60351011498364,458.6035621974553
20,795,458.60351011498364,458.6035621974553
20,796,458.60351011498364,458.6035621974553
20,797,458.60351011498364,458.6035621974553
20,798,458.60351011498364,458.6035621974553
20,799,458.60351011498364,458.6035621974553
20,800,458.60351011498364,458.6035621974553
20,801,458.60351011498364,458.6035621974553
20,802,458.60351011498364,458.6035621974553
20,803,458.60351011498364,458.6035621974553
20,804,458.60351011498364,458.6035621974553
20,805,458.60351011498364,458.6035621974553
20,806,458.60351011498364,458.6035621974553
20,807,458.60351011498364,458.6035621974553
20,808,458.60351011498364,458.6035621974553
20,809,458.60351011498364,458.6035621974553
20,810,458.60351011498364,458.6035621974553
20,811,458.60351011498364,458.6035621974553
20,812,458.60351011498364,458.6035621974553
20,813,458.60351011498364,458.6035621974553
20,814,458.60351011498364,458.6035621974553
20,815,458.60351011498364,458.6035621974553
20,816,458.60351011498364,458.6035621974553
20,817,458.60351011498364,458.6035621974553
20,818,458.60351011498364,458.6035621974553
20,819,458.60351011498364,458.6035621974553
20,820,458.60351011498364,458.6035621974553
20,821,458.60351011498364,458.6035621974553
20,822,458.60351011498364,458.6035621974553
20,823,458.60351011498364,458.6035621974553
20,824,458.60351011498364,458.6035621974553
20,825,458.60351011498364,458.6035621974553
20,826,458.60351011498364,458.6035621974553
20,827,458.60351011498364,458.6035621974553
20,828,458.60351011498364,458.6035621974553
20,829,458.60351011498364,458.6035621974553
20,830,458.60351011498364,458.6035621974553
20,831,458.60351011498364,458.6035621974553
20,832,458.60351011498364,458.6035621974553
20,833,458.60351011498364,458.6035621974553
20,834,458.60351011498364,458.6035621974553
20,835,458.60351011498364,458.6035621974553
20,836,458.60351011498364,458.6035621974553
20,837,458.60351011498364,458.6035621974553
20,838,458.60351011498364,458.6035621974553
20,839,458.60351011498364,458.6035621974553
20,840,458.60351011498364,458.6035621974553
20,841,458.60351011498364,458.6035621974553
20,842,458.60351011498364,458.6035621974553
20,843,458.60351011498364,458.6035621974553
20,844,458.60351011498364,458.6035621974553
20,845,458.60351011498364,458.6035621974553
20,846,458.60351011498364,458.6035621974553
20,847,458.60351011498364,458.6035621974553
20,848,458.60351011498364,458.6035621974553
20,849,458.60351011498364,458.6035621974553
20,850,458.60351011498364,458.6035621974553
20,851,458.60351011498364,458.6035621974553
20,852,458.60351011498364,458.6035621974553
20,853,458.60351011498364,458.6035621974553
20,854,458.60351011498364,458.6035621974553
20,855,458.60351011498364,458.6035621974553
20,856,458.60351011498364,458.6035621974553
20,857,458.60351011498364,458.6035621974553
20,858,458.60351011498364,458.6035621974553
20,859,458.60351011498364,458.6035621974553
20,860,458.60351011498364,458.6035621974553
20,861,458.60351011498364,458.6035621974553
20,862,458.60351011498364,458.6035621974553
20,863,458.60351011498364,458.6035621974553
20,864,458.60351011498364,458.6035621974553
20,865,458.60351011498364,458.6035621974553
20,866,458.60351011498364,458.6035621974553
20,867,458.60351011498364,458.6035621974553
20,868,458.60351011498364,458.6035621974553
20,869,458.60351011498364,458.6035621974553
20,870,458.60351011498364,458.6035621974553
20,871,458.60351011498364,458.6035621974553
20,872,458.60351011498364,458.6035621974553
20,873,458.60351011498364,458.6035621974553
20,874,458.60351011498364,458.6035621974553
20,875,458.60351011498364,458.6035621974553
20,876,458.60351011498364,458.6035621974553
20,877,458.60351011498364,458.6035621974553
20,878,458.60351011498364,458.6035621974553
20,879,458.60351011498364,458.6035621974553
20,880,458.60351011498364,458.6035621974553
20,881,458.60351011498364,458.6035621974553
20,882,458.60351011498364,458.6035621974553
20,883,458.60351011498364,458.6035621974553
20,884,458.60351011498364,458.6035621974553
20,885,458.60351011498364,458.6035621974553
20,886,458.60351011498364,458.6035621974553
20,887,458.60351011498364,458.6035621974553
20,888,458.60351011498364,458.6035621974553
20,889,458.60351011498364,458.6035621974553
20,890,458.60351011498364,458.6035621974553
20,891,458.60351011498364,458.6035621974553
20,892,458.60351011498364,458.6035621974553
20,893,458.60351011498364,458.6035621974553
20,894,458.60351011498364,458.6035621974553
20,895,458.60351011498364,458.6035621974553
20,896,458.60351011498364,458.6035621974553
20,897,458.60351011498364,458.6035621974553
20,898,458.60351011498364,458.6035621974553
20,899,458.60351011498364,458.6035621974553
20,900,458.60351011498364,458.6035621974553
20,901,458.60351011498364,458.6035621974553
20,902,458.60351011498364,458.6035621974553
20,903,458.60351011498364,458.6035621974553
20,904,458.60351011498364,458.6035621974553
20,905,458.60351011498364,458.6035621974553
20,906,458.60351011498364,458.6035621974553
20,907,458.60351011498364,458.6035621974553
20,908,458.60351011498364,458.6035621974553
20,909,458.60351011498364,458.6035621974553
20,910,458.60351011498364,458.6035621974553
20,911,458.60351011498364,458.6035621974553
20,912,458.60351011498364,458.6035621974553
20,913,458.60351011498364,458.6035621974553
20,914,458.60351011498364,458.6035621974553
20,915,458.60351011498364,458.6035621974553
20,916,458.60351011498364,458.6035621974553
20,917,458.60351011498364,458.6035621974553
20,918,458.60351011498364,458.6035621974553
20,919,458.60351011498364,458.6035621974553
20,920,458.60351011498364,458.6035621974553
20,921,458.60351011498364,458.6035621974553
20,922,458.60351011498364,458.6035621974553
20,923,458.60351011498364,458.6035621974553
20,924,458.60351011498364,458.6035621974553
20,925,458.60351011498364,458.6035621974553
20,926,458.60351011498364,458.6035621974553
20,927,458.60351011498364,458.6035621974553
20,928,458.60351011498364,458.6035621974553
20,929,458.60351011498364,458.6035621974553
20,930,458.60351011498364,458.6035621974553
20,931,458.60351011498364,458.6035621974553
20,932,458.60351011498364,458.6035621974553
20,933,458.60351011498364,458.6035621974553
20,934,458.60351011498364,458.6035621974553
20,935,458.60351011498364,458.6035621974553
20,936,458.60351011498364,458.6035621974553
20,937,458.60351011498364,458.6035621974553
20,938,458.60351011498364,458.6035621974553
20,939,458.60351011498364,458.6035621974553
20,940,458.60351011498364,458.6035621974553
20,941,458.60351011498364,458.6035621974553
20,942,458.60351011498364,458.6035621974553
20,943,458.60351011498364,458.6035621974553
20,944,458.60351011498364,458.6035621974553
20,945,458.60351011498364,458.6035621974553
20,946,458.60351011498364,458.6035621974553
20,947,458.60351011498364,458.6035621974553
20,948,458.60351011498364,458.6035621974553
20,949,458.60351011498364,458.6035621974553
20,950,458.60351011498364,458.6035621974553
20,951,458.60351011498364,458.6035621974553
20,952,458.60351011498364,458.6035621974553
20,953,458.60351011498364,458.6035621974553
20,954,458.60351011498364,458.6035621974553
20,955,458.60351011498364,458.6035621974553
20,956,458.60351011498364,458.6035621974553
20,957,458.60351011498364,458.6035621974553
20,958,458.60351011498364,458.6035621974553
20,959,458.60351011498364,458.6035621974553
20,960,458.60351011498364,458.6035621974553
20,961,458.60351011498364,458.6035621974553
20,962,458.60351011498364,458.6035621974553
20,963,458.60351011498364,458.6035621974553
20,964,458.60351011498364,458.6035621974553
20,965,458.60351011498364,458.6035621974553
20,966,458.60351011498364,458.6035621974553
20,967,458.60351011498364,458.6035621974553
20,968,458.60351011498364,458.6035621974553
20,969,458.60351011498364,458.6035621974553
20,970,458.60351011498364,458.6035621974553
20,971,458.60351011498364,458.6035621974553
20,972,458.60351011498364,458.6035621974553
20,973,458.60351011498364,458.6035621974553
20,974,458.60351011498364,458.6035621974553
20,975,458.60351011498364,458.6035621974553
20,976,458.60351011498364,458.6035621974553
20,977,458.60351011498364,458.6035621974553
20,978,458.60351011498364,458.6035621974553
20,979,458.60351011498364,458.6035621974553
20,980,458.60351011498364,458.6035621974553
20,981,458.60351011498364,458.6035621974553
20,982,458.60351011498364,458.6035621974553
20,983,458.60351011498364,458.6035621974553
20,984,458.60351011498364,458.6035621974553
20,985,458.60351011498364,458.6035621974553
20,986,458.60351011498364,458.6035621974553
20,987,458.60351011498364,458.6035621974553
20,988,458.60351011498364,458.6035621974553
20,989,458.60351011498364,458.6035621974553
20,990,458.60351011498364,458.6035621974553
20,991,458.60351011498364,458.6035621974553
20,992,458.60351011498364,458.6035621974553
20,993,458.60351011498364,458.6035621974553
20,994,458.60351011498364,458.6035621974553
20,995,458.60351011498364,458.6035621974553
20,996,458.60351011498364,458.6035621974553
20,997,458.60351011498364,458.6035621974553
20,998,458.60351011498364,458.6035621974553
20,999,458.60351011498364,458.6035621974553
20,1000,458.60351011498364,458.6035621974553
20,1001,458.60351011498364,458.6035621974553
20,1002,458.60351011498364,458.6035621974553
20,1003,458.60351011498364,458.6035621974553
20,1004,458.60351011498364,458.6035621974553
20,1005,458.60351011498364,458.6035621974553
20,1006,458.60351011498364,458.6035621974553
20,1007,458.60351011498364,458.6035621974553
20,1008,458.60351011498364,458.6035621974553
20,1009,458.60351011498364,458.6035621974553
20,1010,458.60351011498364,458.6035621974553
20,1011,458.60351011498364,458.6035621974553
20,1012,458.60351011498364,458.6035621974553
20,1013,458.60351011498364,458.6035621974553
20,1014,458.60351011498364,458.6035621974553
20,1015,458.60351011498364,458.6035621974553
20,1016,458.60351011498364,458.6035621974553
20,1017,458.60351011498364,458.6035621974553
20,1018,458.60351011498364,458.6035621974553
20,1019,458.60351011498364,458.6035621974553
20,1020,458.60351011498364,458.6035621974553
20,1021,458.60351011498364,458.6035621974553
20,1022,458.60351011498364,458.6035621974553
20,1023,458.60351011498364,458.6035621974553
20,1024,458.60351011498364,458.6035621974553
20,1025,458.60351011498364,458.6035621974553
20,1026,458.60351011498364,458.6035621974553
20,1027,458.60351011498364,458.6035621974553
20,1028,458.60351011498364,458.6035621974553
20,1029,458.60351011498364,458.6035621974553
20,1030,458.60351011498364,458.6035621974553
20,1031,458.60351011498364,458.6035621974553
20,1032,458.60351011498364,458.6035621974553
20,1033,458.60351011498364,458.6035621974553
20,1034,458.60351011498364,458.6035621974553
20,1035,458.60351011498364,458.6035621974553
20,1036,458.60351011498364,458.6035621974553
20,1037,458.60351011498364,458.6035621974553
20,1038,458.60351011498364,458.6035621974553
20,1039,458.60351011498364,458.6035621974553
20,1040,458.60351011498364,458.6035621974553
20,1041,458.60351011498364,458.6035621974553
20,1042,458.60351011498364,458.6035621974553
20,1043,458.60351011498364,458.6035621974553
20,1044,458.60351011498364,458.6035621974553
20,1045,458.60351011498364,458.6035621974553
20,1046,458.60351011498364,458.6035621974553
20,1047,458.60351011498364,458.6035621974553
20,1048,458.60351011498364,458.6035621974553
20,1049,458.60351011498364,458.6035621974553
20,1050,458.60351011498364,458.6035621974553
20,1051,458.60351011498364,458.6035621974553
20,1052,458.60351011498364,458.6035621974553
20,1053,458.60351011498364,458.6035621974553
20,1054,458.60351011498364,458.6035621974553
20,1055,458.60351011498364,458.6035621974553
20,1056,458.60351011498364,458.6035621974553
20,1057,458.60351011498364,458.6035621974553
20,1058,458.60351011498364,458.6035621974553
20,1059,458.60351011498364,458.6035621974553
20,1060,458.60351011498364,458.6035621974553
20,1061,458.60351011498364,458.6035621974553
20,1062,458.60351011498364,458.6035621974553
20,1063,458.60351011498364,458.6035621974553
20,1064,458.60351011498364,458.6035621974553
20,1065,458.60351011498364,458.6035621974553
20,1066,458.60351011498364,458.6035621974553
20,1067,458.60351011498364,458.6035621974553
20,1068,458.60351011498364,458.6035621974553
20,1069,458.60351011498364,458.6035621974553
20,1070,458.60351011498364,458.6035621974553
20,1071,458.60351011498364,458.6035621974553
20,1072,458.60351011498364,458.6035621974553
20,1073,458.60351011498364,458.6035621974553
20,1074,458.60351011498364,458.6035621974553
20,1075,458.60351011498364,458.6035621974553
20,1076,458.60351011498364,458.6035621974553
20,1077,458.60351011498364,458.6035621974553
20,1078,458.60351011498364,458.6035621974553
20,1079,458.60351011498364,458.6035621974553
20,1080,458.60351011498364,458.6035621974553
20,1081,458.60351011498364,458.6035621974553
20,1082,458.60351011498364,458.6035621974553
20,1083,458.60351011498364,458.6035621974553
20,1084,458.60351011498364,458.6035621974553
20,1085,458.60351011498364,458.6035621974553
20,1086,458.60351011498364,458.6035621974553
20,1087,458.60351011498364,458.6035621974553
20,1088,458.60351011498364,458.6035621974553
20,1089,458.60351011498364,458.6035621974553
20,1090,458.60351011498364,458.6035621974553
20,1091,458.60351011498364,458.6035621974553
20,1092,458.60351011498364,458.6035621974553
20,1093,458.60351011498364,458.6035621974553
20,1094,458.60351011498364,458.6035621974553
20,1095,458.60351011498364,458.6035621974553
20,1096,458.60351011498364,458.6035621974553
20,1097,458.60351011498364,458.6035621974553
20,1098,458.60351011498364,458.6035621974553
20,1099,458.60351011498364,458.6035621974553
20,1100,458.60351011498364,458.6035621974553
20,1101,458.60351011498364,458.6035621974553
20,1102,458.60351011498364,458.6035621974553
20,1103,458.60351011498364,458.6035621974553
20,1104,458.60351011498364,458.6035621974553
20,1105,458.60351011498364,458.6035621974553
20,1106,458.60351011498364,458.6035621974553
20,1107,458.60351011498364,458.6035621974553
20,1108,458.60351011498364,458.6035621974553
20,1109,458.60351011498364,458.6035621974553
20,1110,458.60351011498364,458.6035621974553
20,1111,458.60351011498364,458.6035621974553
20,1112,458.60351011498364,458.6035621974553
20,1113,458.60351011498364,458.6035621974553
20,1114,458.60351011498364,458.6035621974553
20,1115,458.60351011498364,458.6035621974553
20,1116,458.60351011498364,458.6035621974553
20,1117,458.60351011498364,458.6035621974553
20,1118,458.60351011498364,458.6035621974553
20,1119,458.60351011498364,458.6035621974553
20,1120,458.60351011498364,458.6035621974553
20,1121,458.60351011498364,458.6035621974553
20,1122,458.60351011498364,458.6035621974553
20,1123,458.60351011498364,458.6035621974553
20,1124,458.60351011498364,458.6035621974553
20,1125,458.60351011498364,458.6035621974553
20,1126,458.60351011498364,458.6035621974553
20,1127,458.60351011498364,458.6035621974553
20,1128,458.60351011498364,458.6035621974553
20,1129,458.60351011498364,458.6035621974553
20,1130,458.60351011498364,458.6035621974553
20,1131,458.60351011498364,458.6035621974553
20,1132,458.60351011498364,458.6035621974553
20,1133,458.60351011498364,458.6035621974553
20,1134,458.60351011498364,458.6035621974553
20,1135,458.60351011498364,458.6035621974553
20,1136,458.60351011498364,458.6035621974553
20,1137,458.60351011498364,458.6035621974553
20,1138,458.60351011498364,458.6035621974553
20,1139,458.60351011498364,458.6035621974553
20,1140,458.60351011498364,458.6035621974553
20,1141,458.60351011498364,458.6035621974553
20,1142,458.60351011498364,458.6035621974553
20,1143,458.60351011498364,458.6035621974553
20,1144,458.60351011498364,458.6035621974553
20,1145,458.60351011498364,458.6035621974553
20,1146,458.60351011498364,458.6035621974553
20,1147,458.60351011498364,458.6035621974553
20,1148,458.60351011498364,458.6035621974553
20,1149,458.60351011498364,458.6035621974553
20,1150,458.60351011498364,458.6035621974553
20,1151,458.60351011498364,458.6035621974553
20,1152,458.60351011498364,458.6035621974553
20,1153,458.60351011498364,458.6035621974553
20,1154,458.60351011498364,458.6035621974553
20,1155,458.60351011498364,458.6035621974553
20,1156,458.60351011498364,458.6035621974553
20,1157,458.60351011498364,458.6035621974553
20,1158,458.60351011498364,458.6035621974553
20,1159,458.60351011498364,458.6035621974553
20,1160,458.60351011498364,458.6035621974553
20,1161,458.60351011498364,458.6035621974553
20,1162,458.60351011498364,458.6035621974553
20,1163,458.60351011498364,458.6035621974553
20,1164,458.60351011498364,458.6035621974553
20,1165,458.60351011498364,458.6035621974553
20,1166,458.60351011498364,458.6035621974553
20,1167,458.60351011498364,458.6035621974553
20,1168,458.60351011498364,458.6035621974553
20,1169,458.60351011498364,458.6035621974553
20,1170,458.60351011498364,458.6035621974553
20,1171,458.60351011498364,458.6035621974553
20,1172,458.60351011498364,458.6035621974553
20,1173,458.60351011498364,458.6035621974553
20,1174,458.60351011498364,458.6035621974553
20,1175,458.60351011498364,458.6035621974553
20,1176,458.60351011498364,458.6035621974553
20,1177,458.60351011498364,458.6035621974553
20,1178,458.60351011498364,458.6035621974553
20,1179,458.60351011498364,458.6035621974553
20,1180,458.60351011498364,458.6035621974553
20,1181,458.60351011498364,458.6035621974553
20,1182,458.60351011498364,458.6035621974553
20,1183,458.60351011498364,458.6035621974553
20,1184,458.60351011498364,458.6035621974553
20,1185,458.60351011498364,458.6035621974553
20,1186,458.60351011498364,458.6035621974553
20,1187,458.60351011498364,458.6035621974553
20,1188,458.60351011498364,458.6035621974553
20,1189,458.60351011498364,458.6035621974553
20,1190,458.60351011498364,458.6035621974553
20,1191,458.60351011498364,458.6035621974553
20,1192,458.60351011498364,458.6035621974553
20,1193,458.60351011498364,458.6035621974553
20,1194,458.60351011498364,458.6035621974553
20,1195,458.60351011498364,458.6035621974553
20,1196,458.60351011498364,458.6035621974553
20,1197,458.60351011498364,458.6035621974553
20,1198,458.60351011498364,458.6035621974553
20,1199,458.60351011498364,458.6035621974553
20,1200,458.60351011498364,458.6035621974553
20,1201,458.60351011498364,458.6035621974553
20,1202,458.60351011498364,458.6035621974553
20,1203,458.60351011498364,458.6035621974553
20,1204,458.60351011498364,458.6035621974553
20,1205,458.60351011498364,458.6035621974553
20,1206,458.60351011498364,458.6035621974553
20,1207,458.60351011498364,458.6035621974553
20,1208,458.60351011498364,458.6035621974553
20,1209,458.60351011498364,458.6035621974553
20,1210,458.60351011498364,458.6035621974553
20,1211,458.60351011498364,458.6035621974553
20,1212,458.60351011498364,458.6035621974553
20,1213,458.60351011498364,458.6035621974553
20,1214,458.60351011498364,458.6035621974553
20,1215,458.60351011498364,458.6035621974553
20,1216,458.60351011498364,458.6035621974553
20,1217,458.60351011498364,458.6035621974553
20,1218,458.60351011498364,458.6035621974553
20,1219,458.60351011498364,458.6035621974553
20,1220,458.60351011498364,458.6035621974553
20,1221,458.60351011498364,458.6035621974553
20,1222,458.60351011498364,458.6035621974553
20,1223,458.60351011498364,458.6035621974553
20,1224,458.60351011498364,458.6035621974553
20,1225,458.60351011498364,458.6035621974553
20,1226,458.60351011498364,458.6035621974553
20,1227,458.60351011498364,458.6035621974553
20,1228,458.60351011498364,458.6035621974553
20,1229,458.60351011498364,458.6035621974553
20,1230,458.60351011498364,458.6035621974553
20,1231,458.60351011498364,458.6035621974553
20,1232,458.60351011498364,458.6035621974553
20,1233,458.60351011498364,458.6035621974553
20,1234,458.60351011498364,458.6035621974553
20,1235,458.60351011498364,458.6035621974553
20,1236,458.60351011498364,458.6035621974553
20,1237,458.60351011498364,458.6035621974553
20,1238,458.60351011498364,458.6035621974553
20,1239,458.60351011498364,458.6035621974553
20,1240,458.60351011498364,458.6035621974553
20,1241,458.60351011498364,458.6035621974553
20,1242,458.60351011498364,458.6035621974553
20,1243,458.60351011498364,458.6035621974553
20,1244,458.60351011498364,458.6035621974553
20,1245,458.60351011498364,458.6035621974553
20,1246,458.60351011498364,458.6035621974553
20,1247,458.60351011498364,458.6035621974553
20,1248,458.60351011498364,458.6035621974553
20,1249,458.60351011498364,458.6035621974553
20,1250,458.60351011498364,458.6035621974553
20,1251,458.60351011498364,458.6035621974553
20,1252,458.60351011498364,458.6035621974553
20,1253,458.60351011498364,458.6035621974553
20,1254,458.60351011498364,458.6035621974553
20,1255,458.60351011498364,458.6035621974553
20,1256,458.60351011498364,458.6035621974553
20,1257,458.60351011498364,458.6035621974553
20,1258,458.60351011498364,458.6035621974553
20,1259,458.60351011498364,458.6035621974553
20,1260,458.60351011498364,458.6035621974553
20,1261,458.60351011498364,458.6035621974553
20,1262,458.60351011498364,458.6035621974553
20,1263,458.60351011498364,458.6035621974553
20,1264,458.60351011498364,458.6035621974553
20,1265,458.60351011498364,458.6035621974553
20,1266,458.60351011498364,458.6035621974553
20,1267,458.60351011498364,458.6035621974553
20,1268,458.60351011498364,458.6035621974553
20,1269,458.60351011498364,458.6035621974553
20,1270,458.60351011498364,458.6035621974553
20,1271,458.60351011498364,458.6035621974553
20,1272,458.60351011498364,458.6035621974553
20,1273,458.60351011498364,458.6035621974553
20,1274,458.60351011498364,458.6035621974553
20,1275,458.60351011498364,458.6035621974553
20,1276,458.60351011498364,458.6035621974553
20,1277,458.60351011498364,458.6035621974553
20,1278,458.60351011498364,458.6035621974553
20,1279,458.60351011498364,458.6035621974553
20,1280,458.60351011498364,458.6035621974553
20,1281,458.60351011498364,458.6035621974553
20,1282,458.60351011498364,458.6035621974553
20,1283,458.60351011498364,458.6035621974553
20,1284,458.60351011498364,458.6035621974553
20,1285,458.60351011498364,458.6035621974553
20,1286,458.60351011498364,458.6035621974553
20,1287,458.60351011498364,458.6035621974553
20,1288,458.60351011498364,458.6035621974553
20,1289,458.60351011498364,458.6035621974553
20,1290,458.60351011498364,458.6035621974553
20,1291,458.60351011498364,458.6035621974553
20,1292,458.60351011498364,458.6035621974553
20,1293,458.60351011498364,458.6035621974553
20,1294,458.60351011498364,458.6035621974553
20,1295,458.60351011498364,458.6035621974553
20,1296,458.60351011498364,458.6035621974553
20,1297,458.60351011498364,458.6035621974553
20,1298,458.60351011498364,458.6035621974553
20,1299,458.60351011498364,458.6035621974553
20,1300,458.60351011498364,458.6035621974553
20,1301,458.60351011498364,458.6035621974553
20,1302,458.60351011498364,458.6035621974553
20,1303,458.60351011498364,458.6035621974553
20,1304,458.60351011498364,458.6035621974553
20,1305,458.60351011498364,458.6035621974553
20,1306,458.60351011498364,458.6035621974553
20,1307,458.60351011498364,458.6035621974553
20,1308,458.60351011498364,458.6035621974553
20,1309,458.60351011498364,458.6035621974553
20,1310,458.60351011498364,458.6035621974553
20,1311,458.60351011498364,458.6035621974553
20,1312,458.60351011498364,458.6035621974553
20,1313,458.60351011498364,458.6035621974553
20,1314,458.60351011498364,458.6035621974553
20,1315,458.60351011498364,458.6035621974553
20,1316,458.60351011498364,458.6035621974553
20,1317,458.60351011498364,458.6035621974553
20,1318,458.60351011498364,458.6035621974553
20,1319,458.60351011498364,458.6035621974553
20,1320,458.60351011498364,458.6035621974553
20,1321,458.60351011498364,458.6035621974553
20,1322,458.60351011498364,458.6035621974553
20,1323,458.60351011498364,458.6035621974553
20,1324,458.60351011498364,458.6035621974553
20,1325,458.60351011498364,458.6035621974553
20,1326,458.60351011498364,458.6035621974553
20,1327,458.60351011498364,458.6035621974553
20,1328,458.60351011498364,458.6035621974553
20,1329,458.60351011498364,458.6035621974553
20,1330,458.60351011498364,458.6035621974553
20,1331,458.60351011498364,458.6035621974553
20,1332,458.60351011498364,458.6035621974553
20,1333,458.60351011498364,458.6035621974553
20,1334,458.60351011498364,458.6035621974553
20,1335,458.60351011498364,458.6035621974553
20,1336,458.60351011498364,458.6035621974553
20,1337,458.60351011498364,458.6035621974553
20,1338,458.60351011498364,458.6035621974553
20,1339,458.60351011498364,458.6035621974553
20,1340,458.60351011498364,458.6035621974553
20,1341,458.60351011498364,458.6035621974553
20,1342,458.60351011498364,458.6035621974553
20,1343,458.60351011498364,458.6035621974553
20,1344,458.60351011498364,458.6035621974553
20,1345,458.60351011498364,458.6035621974553
20,1346,458.60351011498364,458.6035621974553
20,1347,458.60351011498364,458.6035621974553
20,1348,458.60351011498364,458.6035621974553
20,1349,458.60351011498364,458.6035621974553
20,1350,458.60351011498364,458.6035621974553
20,1351,458.60351011498364,458.6035621974553
20,1352,458.60351011498364,458.6035621974553
20,1353,458.60351011498364,458.6035621974553
20,1354,458.60351011498364,458.6035621974553
20,1355,458.60351011498364,458.6035621974553
20,1356,458.60351011498364,458.6035621974553
20,1357,458.60351011498364,458.6035621974553
20,1358,458.60351011498364,458.6035621974553
20,1359,458.60351011498364,458.6035621974553
20,1360,458.60351011498364,458.6035621974553
20,1361,458.60351011498364,458.6035621974553
20,1362,458.60351011498364,458.6035621974553
20,1363,458.60351011498364,458.6035621974553
20,1364,458.60351011498364,458.6035621974553
20,1365,458.60351011498364,458.6035621974553
20,1366,458.60351011498364,458.6035621974553
20,1367,458.60351011498364,458.6035621974553
20,1368,458.60351011498364,458.6035621974553
20,1369,458.60351011498364,458.6035621974553
20,1370,458.60351011498364,458.6035621974553
20,1371,458.60351011498364,458.6035621974553
20,1372,458.60351011498364,458.6035621974553
20,1373,458.60351011498364,458.6035621974553
20,1374,458.60351011498364,458.6035621974553
20,1375,458.60351011498364,458.6035621974553
20,1376,458.60351011498364,458.6035621974553
20,1377,458.60351011498364,458.6035621974553
20,1378,458.60351011498364,458.6035621974553
20,1379,458.60351011498364,458.6035621974553
20,1380,458.60351011498364,458.6035621974553
20,1381,458.60351011498364,458.6035621974553
20,1382,458.60351011498364,458.6035621974553
20,1383,458.60351011498364,458.6035621974553
20,1384,458.60351011498364,458.6035621974553
20,1385,458.60351011498364,458.6035621974553
20,1386,458.60351011498364,458.6035621974553
20,1387,458.60351011498364,458.6035621974553
20,1388,458.60351011498364,458.6035621974553
20,1389,458.60351011498364,458.6035621974553
20,1390,458.60351011498364,458.6035621974553
20,1391,458.60351011498364,458.6035621974553
20,1392,458.60351011498364,458.6035621974553
20,1393,458.60351011498364,458.6035621974553
20,1394,458.60351011498364,458.6035621974553
20,1395,458.60351011498364,458.6035621974553
20,1396,458.60351011498364,458.6035621974553
20,1397,458.60351011498364,458.6035621974553
20,1398,458.60351011498364,458.6035621974553
20,1399,458.60351011498364,458.6035621974553
20,1400,458.60351011498364,458.6035621974553
20,1401,458.60351011498364,458.6035621974553
20,1402,458.60351011498364,458.6035621974553
20,1403,458.60351011498364,458.6035621974553
20,1404,458.60351011498364,458.6035621974553
20,1405,458.60351011498364,458.6035621974553
20,1406,458.60351011498364,458.6035621974553
20,1407,458.60351011498364,458.6035621974553
20,1408,458.60351011498364,458.6035621974553
20,1409,458.60351011498364,458.6035621974553
20,1410,458.60351011498364,458.6035621974553
20,1411,458.60351011498364,458.6035621974553
20,1412,458.60351011498364,458.6035621974553
20,1413,458.60351011498364,458.6035621974553
20,1414,458.60351011498364,458.6035621974553
20,1415,458.60351011498364,458.6035621974553
20,1416,458.60351011498364,458.6035621974553
20,1417,458.60351011498364,458.6035621974553
20,1418,458.60351011498364,458.6035621974553
20,1419,458.60351011498364,458.6035621974553
20,1420,458.60351011498364,458.6035621974553
20,1421,458.60351011498364,458.6035621974553
20,1422,458.60351011498364,458.6035621974553
20,1423,458.60351011498364,458.6035621974553
20,1424,458.60351011498364,458.6035621974553
20,1425,458.60351011498364,458.6035621974553
20,1426,458.60351011498364,458.6035621974553
20,1427,458.60351011498364,458.6035621974553
20,1428,458.60351011498364,458.6035621974553
20,1429,458.60351011498364,458.6035621974553
20,1430,458.60351011498364,458.6035621974553
20,1431,458.60351011498364,458.6035621974553
20,1432,458.60351011498364,458.6035621974553
20,1433,458.60351011498364,458.6035621974553
20,1434,458.60351011498364,458.6035621974553
20,1435,458.60351011498364,458.6035621974553
20,1436,458.60351011498364,458.6035621974553
20,1437,458.60351011498364,458.6035621974553
20,1438,458.60351011498364,458.6035621974553
20,1439,458.60351011498364,458.6035621974553
20,1440,458.60351011498364,458.6035621974553
20,1441,458.60351011498364,458.6035621974553
20,1442,458.60351011498364,458.6035621974553
20,1443,458.60351011498364,458.6035621974553
20,1444,458.60351011498364,458.6035621974553
20,1445,458.60351011498364,458.6035621974553
20,1446,458.60351011498364,458.6035621974553
20,1447,458.60351011498364,458.6035621974553
20,1448,458.60351011498364,458.6035621974553
20,1449,458.60351011498364,458.6035621974553
20,1450,458.60351011498364,458.6035621974553
20,1451,458.60351011498364,458.6035621974553
20,1452,458.60351011498364,458.6035621974553
20,1453,458.60351011498364,458.6035621974553
20,1454,458.60351011498364,458.6035621974553
20,1455,458.60351011498364,458.6035621974553
20,1456,458.60351011498364,458.6035621974553
20,1457,458.60351011498364,458.6035621974553
20,1458,458.60351011498364,458.6035621974553
20,1459,458.60351011498364,458.6035621974553
20,1460,458.60351011498364,458.6035621974553
20,1461,458.60351011498364,458.6035621974553
20,1462,458.60351011498364,458.6035621974553
20,1463,458.60351011498364,458.6035621974553
20,1464,458.60351011498364,458.6035621974553
20,1465,458.60351011498364,458.6035621974553
20,1466,458.60351011498364,458.6035621974553
20,1467,458.60351011498364,458.6035621974553
20,1468,458.60351011498364,458.6035621974553
20,1469,458.60351011498364,458.6035621974553
20,1470,458.60351011498364,458.6035621974553
20,1471,458.60351011498364,458.6035621974553
20,1472,458.60351011498364,458.6035621974553
20,1473,458.60351011498364,458.6035621974553
20,1474,458.60351011498364,458.6035621974553
20,1475,458.60351011498364,458.6035621974553
20,1476,458.60351011498364,458.6035621974553
20,1477,458.60351011498364,458.6035621974553
20,1478,458.60351011498364,458.6035621974553
20,1479,458.60351011498364,458.6035621974553
20,1480,458.60351011498364,458.6035621974553
20,1481,458.60351011498364,458.6035621974553
20,1482,458.60351011498364,458.6035621974553
20,1483,458.60351011498364,458.6035621974553
20,1484,458.60351011498364,458.6035621974553
20,1485,458.60351011498364,458.6035621974553
20,1486,458.60351011498364,458.6035621974553
20,1487,458.60351011498364,458.6035621974553
20,1488,458.60351011498364,458.6035621974553
20,1489,458.60351011498364,458.6035621974553
20,1490,458.60351011498364,458.6035621974553
20,1491,458.60351011498364,458.6035621974553
20,1492,458.60351011498364,458.6035621974553
20,1493,458.60351011498364,458.6035621974553
20,1494,458.60351011498364,458.6035621974553
20,1495,458.60351011498364,458.6035621974553
20,1496,458.60351011498364,458.6035621974553
20,1497,458.60351011498364,458.6035621974553
20,1498,458.60351011498364,458.6035621974553
20,1499,458.60351011498364,458.6035621974553
20,1500,458.60351011498364,458.6035621974553
20,1501,458.60351011498364,458.6035621974553
20,1502,458.60351011498364,458.6035621974553
20,1503,458.60351011498364,458.6035621974553
20,1504,458.60351011498364,458.6035621974553
20,1505,458.60351011498364,458.6035621974553
20,1506,458.60351011498364,458.6035621974553
20,1507,458.60351011498364,458.6035621974553
20,1508,458.60351011498364,458.6035621974553
20,1509,458.60351011498364,458.6035621974553
20,1510,458.60351011498364,458.6035621974553
20,1511,458.60351011498364,458.6035621974553
20,1512,458.60351011498364,458.6035621974553
20,1513,458.60351011498364,458.6035621974553
20,1514,458.60351011498364,458.6035621974553
20,1515,458.60351011498364,458.6035621974553
20,1516,458.60351011498364,458.6035621974553
20,1517,458.60351011498364,458.6035621974553
20,1518,458.60351011498364,458.6035621974553
20,1519,458.60351011498364,458.6035621974553
20,1520,458.60351011498364,458.6035621974553
20,1521,458.60351011498364,458.6035621974553
20,1522,458.60351011498364,458.6035621974553
20,1523,458.60351011498364,458.6035621974553
20,1524,458.60351011498364,458.6035621974553
20,1525,458.60351011498364,458.6035621974553
20,1526,458.60351011498364,458.6035621974553
20,1527,458.60351011498364,458.6035621974553
20,1528,458.60351011498364,458.6035621974553
20,1529,458.60351011498364,458.6035621974553
20,1530,458.60351011498364,458.6035621974553
20,1531,458.60351011498364,458.6035621974553
20,1532,458.60351011498364,458.6035621974553
20,1533,458.60351011498364,458.6035621974553
20,1534,458.60351011498364,458.6035621974553
20,1535,458.60351011498364,458.6035621974553
20,1536,458.60351011498364,458.6035621974553
20,1537,458.60351011498364,458.6035621974553
20,1538,458.60351011498364,458.6035621974553
20,1539,458.60351011498364,458.6035621974553
20,1540,458.60351011498364,458.6035621974553
20,1541,458.60351011498364,458.6035621974553
20,1542,458.60351011498364,458.6035621974553
20,1543,458.60351011498364,458.6035621974553
20,1544,458.60351011498364,458.6035621974553
20,1545,458.60351011498364,458.6035621974553
20,1546,458.60351011498364,458.6035621974553
20,1547,458.60351011498364,458.6035621974553
20,1548,458.60351011498364,458.6035621974553
20,1549,458.60351011498364,458.6035621974553
20,1550,458.60351011498364,458.6035621974553
20,1551,458.60351011498364,458.6035621974553
20,1552,458.60351011498364,458.6035621974553
20,1553,458.60351011498364,458.6035621974553
20,1554,458.60351011498364,458.6035621974553
20,1555,458.60351011498364,458.6035621974553
20,1556,458.60351011498364,458.6035621974553
20,1557,458.60351011498364,458.6035621974553
20,1558,458.60351011498364,458.6035621974553
20,1559,458.60351011498364,458.6035621974553
20,1560,458.60351011498364,458.6035621974553
20,1561,458.60351011498364,458.6035621974553
20,1562,458.60351011498364,458.6035621974553
20,1563,458.60351011498364,458.6035621974553
20,1564,458.60351011498364,458.6035621974553
20,1565,458.60351011498364,458.6035621974553
20,1566,458.60351011498364,458.6035621974553
20,1567,458.60351011498364,458.6035621974553
20,1568,458.60351011498364,458.6035621974553
20,1569,458.60351011498364,458.6035621974553
20,1570,458.60351011498364,458.6035621974553
20,1571,458.60351011498364,458.6035621974553
20,1572,458.60351011498364,458.6035621974553
20,1573,458.60351011498364,458.6035621974553
20,1574,458.60351011498364,458.6035621974553
20,1575,458.60351011498364,458.6035621974553
20,1576,458.60351011498364,458.6035621974553
20,1577,458.60351011498364,458.6035621974553
20,1578,458.60351011498364,458.6035621974553
20,1579,458.60351011498364,458.6035621974553
20,1580,458.60351011498364,458.6035621974553
20,1581,458.60351011498364,458.6035621974553
20,1582,458.60351011498364,458.6035621974553
20,1583,458.60351011498364,458.6035621974553
20,1584,458.60351011498364,458.6035621974553
20,1585,458.60351011498364,458.6035621974553
20,1586,458.60351011498364,458.6035621974553
20,1587,458.60351011498364,458.6035621974553
20,1588,458.60351011498364,458.6035621974553
20,1589,458.60351011498364,458.6035621974553
20,1590,458.60351011498364,458.6035621974553
20,1591,458.60351011498364,458.6035621974553
20,1592,458.60351011498364,458.6035621974553
20,1593,458.60351011498364,458.6035621974553
20,1594,458.60351011498364,458.6035621974553
20,1595,458.60351011498364,458.6035621974553
20,1596,458.60351011498364,458.6035621974553
20,1597,458.60351011498364,458.6035621974553
20,1598,458.60351011498364,458.6035621974553
20,1599,458.60351011498364,458.6035621974553
20,1600,458.60351011498364,458.6035621974553
20,1601,458.60351011498364,458.6035621974553
20,1602,458.60351011498364,458.6035621974553
20,1603,458.60351011498364,458.6035621974553
20,1604,458.60351011498364,458.6035621974553
20,1605,458.60351011498364,458.6035621974553
20,1606,458.60351011498364,458.6035621974553
20,1607,458.60351011498364,458.6035621974553
20,1608,458.60351011498364,458.6035621974553
20,1609,458.60351011498364,458.6035621974553
20,1610,458.60351011498364,458.6035621974553
20,1611,458.60351011498364,458.6035621974553
20,1612,458.60351011498364,458.6035621974553
20,1613,458.60351011498364,458.6035621974553
20,1614,458.60351011498364,458.6035621974553
20,1615,458.60351011498364,458.6035621974553
20,1616,458.60351011498364,458.6035621974553
20,1617,458.60351011498364,458.6035621974553
20,1618,458.60351011498364,458.6035621974553
20,1619,458.60351011498364,458.6035621974553
20,1620,458.60351011498364,458.6035621974553
20,1621,458.60351011498364,458.6035621974553
20,1622,458.60351011498364,458.6035621974553
20,1623,458.60351011498364,458.6035621974553
20,1624,458.60351011498364,458.6035621974553
20,1625,458.60351011498364,458.6035621974553
20,1626,458.60351011498364,458.6035621974553
20,1627,458.60351011498364,458.6035621974553
20,1628,458.60351011498364,458.6035621974553
20,1629,458.60351011498364,458.6035621974553
20,1630,458.60351011498364,458.6035621974553
20,1631,458.60351011498364,458.6035621974553
20,1632,458.60351011498364,458.6035621974553
20,1633,458.60351011498364,458.6035621974553
20,1634,458.60351011498364,458.6035621974553
20,1635,458.60351011498364,458.6035621974553
20,1636,458.60351011498364,458.6035621974553
20,1637,458.60351011498364,458.6035621974553
20,1638,458.60351011498364,458.6035621974553
20,1639,458.60351011498364,458.6035621974553
20,1640,458.60351011498364,458.6035621974553
20,1641,458.60351011498364,458.6035621974553
20,1642,458.60351011498364,458.6035621974553
20,1643,458.60351011498364,458.6035621974553
20,1644,458.60351011498364,458.6035621974553
20,1645,458.60351011498364,458.6035621974553
20,1646,458.60351011498364,458.6035621974553
20,1647,458.60351011498364,458.6035621974553
20,1648,458.60351011498364,458.6035621974553
20,1649,458.60351011498364,458.6035621974553
20,1650,458.60351011498364,458.6035621974553
20,1651,458.60351011498364,458.6035621974553
20,1652,458.60351011498364,458.6035621974553
20,1653,458.60351011498364,458.6035621974553
20,1654,458.60351011498364,458.6035621974553
20,1655,458.60351011498364,458.6035621974553
20,1656,458.60351011498364,458.6035621974553
20,1657,458.60351011498364,458.6035621974553
20,1658,458.60351011498364,458.6035621974553
20,1659,458.60351011498364,458.6035621974553
20,1660,458.60351011498364,458.6035621974553
20,1661,458.60351011498364,458.6035621974553
20,1662,458.60351011498364,458.6035621974553
20,1663,458.60351011498364,458.6035621974553
20,1664,458.60351011498364,458.6035621974553
20,1665,458.60351011498364,458.6035621974553
20,1666,458.60351011498364,458.6035621974553
20,1667,458.60351011498364,458.6035621974553
20,1668,458.60351011498364,458.6035621974553
20,1669,458.60351011498364,458.6035621974553
20,1670,458.60351011498364,458.6035621974553
20,1671,458.60351011498364,458.6035621974553
20,1672,458.60351011498364,458.6035621974553
20,1673,458.60351011498364,458.6035621974553
20,1674,458.60351011498364,458.6035621974553
20,1675,458.60351011498364,458.6035621974553
20,1676,458.60351011498364,458.6035621974553
20,1677,458.60351011498364,458.6035621974553
20,1678,458.60351011498364,458.6035621974553
20,1679,458.60351011498364,458.6035621974553
20,1680,458.60351011498364,458.6035621974553
20,1681,458.60351011498364,458.6035621974553
20,1682,458.60351011498364,458.6035621974553
20,1683,458.60351011498364,458.6035621974553
20,1684,458.60351011498364,458.6035621974553
20,1685,458.60351011498364,458.6035621974553
20,1686,458.60351011498364,458.6035621974553
20,1687,458.60351011498364,458.6035621974553
20,1688,458.60351011498364,458.6035621974553
20,1689,458.60351011498364,458.6035621974553
20,1690,458.60351011498364,458.6035621974553
20,1691,458.60351011498364,458.6035621974553
20,1692,458.60351011498364,458.6035621974553
20,1693,458.60351011498364,458.6035621974553
20,1694,458.60351011498364,458.6035621974553
20,1695,458.60351011498364,458.6035621974553
20,1696,458.60351011498364,458.6035621974553
20,1697,458.60351011498364,458.6035621974553
20,1698,458.60351011498364,458.6035621974553
20,1699,458.60351011498364,458.6035621974553
20,1700,458.60351011498364,458.6035621974553
20,1701,458.60351011498364,458.6035621974553
20,1702,458.60351011498364,458.6035621974553
20,1703,458.60351011498364,458.6035621974553
20,1704,458.60351011498364,458.6035621974553
20,1705,458.60351011498364,458.6035621974553
20,1706,458.60351011498364,458.6035621974553
20,1707,458.60351011498364,458.6035621974553
20,1708,458.60351011498364,458.6035621974553
20,1709,458.60351011498364,458.6035621974553
20,1710,458.60351011498364,458.6035621974553
20,1711,458.60351011498364,458.6035621974553
20,1712,458.60351011498364,458.6035621974553
20,1713,458.60351011498364,458.6035621974553
20,1714,458.60351011498364,458.6035621974553
20,1715,458.60351011498364,458.6035621974553
20,1716,458.60351011498364,458.6035621974553
20,1717,458.60351011498364,458.6035621974553
20,1718,458.60351011498364,458.6035621974553
20,1719,458.60351011498364,458.6035621974553
20,1720,458.60351011498364,458.6035621974553
20,1721,458.60351011498364,458.6035621974553
20,1722,458.60351011498364,458.6035621974553
20,1723,458.60351011498364,458.6035621974553
20,1724,458.60351011498364,458.6035621974553
20,1725,458.60351011498364,458.6035621974553
20,1726,458.60351011498364,458.6035621974553
20,1727,458.60351011498364,458.6035621974553
20,1728,458.60351011498364,458.6035621974553
20,1729,458.60351011498364,458.6035621974553
20,1730,458.60351011498364,458.6035621974553
20,1731,458.60351011498364,458.6035621974553
20,1732,458.60351011498364,458.6035621974553
20,1733,458.60351011498364,458.6035621974553
20,1734,458.60351011498364,458.6035621974553
20,1735,458.60351011498364,458.6035621974553
20,1736,458.60351011498364,458.6035621974553
20,1737,458.60351011498364,458.6035621974553
20,1738,458.60351011498364,458.6035621974553
20,1739,458.60351011498364,458.6035621974553
20,1740,458.60351011498364,458.6035621974553
20,1741,458.60351011498364,458.6035621974553
20,1742,458.60351011498364,458.6035621974553
20,1743,458.60351011498364,458.6035621974553
20,1744,458.60351011498364,458.6035621974553
20,1745,458.60351011498364,458.6035621974553
20,1746,458.60351011498364,458.6035621974553
20,1747,458.60351011498364,458.6035621974553
20,1748,458.60351011498364,458.6035621974553
20,1749,458.60351011498364,458.6035621974553
20,1750,458.60351011498364,458.6035621974553
20,1751,458.60351011498364,458.6035621974553
20,1752,458.60351011498364,458.6035621974553
20,1753,458.60351011498364,458.6035621974553
20,1754,458.60351011498364,458.6035621974553
20,1755,458.60351011498364,458.6035621974553
20,1756,458.60351011498364,458.6035621974553
20,1757,458.60351011498364,458.6035621974553
20,1758,458.60351011498364,458.6035621974553
20,1759,458.60351011498364,458.6035621974553
20,1760,458.60351011498364,458.6035621974553
20,1761,458.60351011498364,458.6035621974553
20,1762,458.60351011498364,458.6035621974553
20,1763,458.60351011498364,458.6035621974553
20,1764,458.60351011498364,458.6035621974553
20,1765,458.60351011498364,458.6035621974553
20,1766,458.60351011498364,458.6035621974553
20,1767,458.60351011498364,458.6035621974553
20,1768,458.60351011498364,458.6035621974553
20,1769,458.60351011498364,458.6035621974553
20,1770,458.60351011498364,458.6035621974553
20,1771,458.60351011498364,458.6035621974553
20,1772,458.60351011498364,458.6035621974553
20,1773,458.60351011498364,458.6035621974553
20,1774,458.60351011498364,458.6035621974553
20,1775,458.60351011498364,458.6035621974553
20,1776,458.60351011498364,458.6035621974553
20,1777,458.60351011498364,458.6035621974553
20,1778,458.60351011498364,458.6035621974553
20,1779,458.60351011498364,458.6035621974553
20,1780,458.60351011498364,458.6035621974553
20,1781,458.60351011498364,458.6035621974553
20,1782,458.60351011498364,458.6035621974553
20,1783,458.60351011498364,458.6035621974553
20,1784,458.60351011498364,458.6035621974553
20,1785,458.60351011498364,458.6035621974553
20,1786,458.60351011498364,458.6035621974553
20,1787,458.60351011498364,458.6035621974553
20,1788,458.60351011498364,458.6035621974553
20,1789,458.60351011498364,458.6035621974553
20,1790,458.60351011498364,458.6035621974553
20,1791,458.60351011498364,458.6035621974553
20,1792,458.60351011498364,458.6035621974553
20,1793,458.60351011498364,458.6035621974553
20,1794,458.60351011498364,458.6035621974553
20,1795,458.60351011498364,458.6035621974553
20,1796,458.60351011498364,458.6035621974553
20,1797,458.60351011498364,458.6035621974553
20,1798,458.60351011498364,458.6035621974553
20,1799,458.60351011498364,458.6035621974553
20,1800,458.60351011498364,458.6035621974553
20,1801,458.60351011498364,458.6035621974553
20,1802,458.60351011498364,458.6035621974553
20,1803,458.60351011498364,458.6035621974553
20,1804,458.60351011498364,458.6035621974553
20,1805,458.60351011498364,458.6035621974553
20,1806,458.60351011498364,458.6035621974553
20,1807,458.60351011498364,458.6035621974553
20,1808,458.60351011498364,458.6035621974553
20,1809,458.60351011498364,458.6035621974553
20,1810,458.60351011498364,458.6035621974553
20,1811,458.60351011498364,458.6035621974553
20,1812,458.60351011498364,458.6035621974553
20,1813,458.60351011498364,458.6035621974553
20,1814,458.60351011498364,458.6035621974553
20,1815,458.60351011498364,458.6035621974553
20,1816,458.60351011498364,458.6035621974553
20,1817,458.60351011498364,458.6035621974553
20,1818,458.60351011498364,458.6035621974553
20,1819,458.60351011498364,458.6035621974553
20,1820,458.60351011498364,458.6035621974553
20,1821,458.60351011498364,458.6035621974553
20,1822,458.60351011498364,458.6035621974553
20,1823,458.60351011498364,458.6035621974553
20,1824,458.60351011498364,458.6035621974553
20,1825,458.60351011498364,458.6035621974553
20,1826,458.60351011498364,458.6035621974553
20,1827,458.60351011498364,458.6035621974553
20,1828,458.60351011498364,458.6035621974553
20,1829,458.60351011498364,458.6035621974553
20,1830,458.60351011498364,458.6035621974553
20,1831,458.60351011498364,458.6035621974553
20,1832,458.60351011498364,458.6035621974553
20,1833,458.60351011498364,458.6035621974553
20,1834,458.60351011498364,458.6035621974553
20,1835,458.60351011498364,458.6035621974553
20,1836,458.60351011498364,458.6035621974553
20,1837,458.60351011498364,458.6035621974553
20,1838,458.60351011498364,458.6035621974553
20,1839,458.60351011498364,458.6035621974553
20,1840,458.60351011498364,458.6035621974553
20,1841,458.60351011498364,458.6035621974553
20,1842,458.60351011498364,458.6035621974553
20,1843,458.60351011498364,458.6035621974553
20,1844,458.60351011498364,458.6035621974553
20,1845,458.60351011498364,458.6035621974553
20,1846,458.60351011498364,458.6035621974553
20,1847,458.60351011498364,458.6035621974553
20,1848,458.60351011498364,458.6035621974553
20,1849,458.60351011498364,458.6035621974553
20,1850,458.60351011498364,458.6035621974553
20,1851,458.60351011498364,458.6035621974553
20,1852,458.60351011498364,458.6035621974553
20,1853,458.60351011498364,458.6035621974553
20,1854,458.60351011498364,458.6035621974553
20,1855,458.60351011498364,458.6035621974553
20,1856,458.60351011498364,458.6035621974553
20,1857,458.60351011498364,458.6035621974553
20,1858,458.60351011498364,458.6035621974553
20,1859,458.60351011498364,458.6035621974553
20,1860,458.60351011498364,458.6035621974553
20,1861,458.60351011498364,458.6035621974553
20,1862,458.60351011498364,458.6035621974553
20,1863,458.60351011498364,458.6035621974553
20,1864,458.60351011498364,458.6035621974553
20,1865,458.60351011498364,458.6035621974553
20,1866,458.60351011498364,458.6035621974553
20,1867,458.60351011498364,458.6035621974553
20,1868,458.60351011498364,458.6035621974553
20,1869,458.60351011498364,458.6035621974553
20,1870,458.60351011498364,458.6035621974553
20,1871,458.60351011498364,458.6035621974553
20,1872,458.60351011498364,458.6035621974553
20,1873,458.60351011498364,458.6035621974553
20,1874,458.60351011498364,458.6035621974553
20,1875,458.60351011498364,458.6035621974553
20,1876,458.60351011498364,458.6035621974553
20,1877,458.60351011498364,458.6035621974553
20,1878,458.60351011498364,458.6035621974553
20,1879,458.60351011498364,458.6035621974553
20,1880,458.60351011498364,458.6035621974553
20,1881,458.60351011498364,458.6035621974553
20,1882,458.60351011498364,458.6035621974553
20,1883,458.60351011498364,458.6035621974553
20,1884,458.60351011498364,458.6035621974553
20,1885,458.60351011498364,458.6035621974553
20,1886,458.60351011498364,458.6035621974553
20,1887,458.60351011498364,458.6035621974553
20,1888,458.60351011498364,458.6035621974553
20,1889,458.60351011498364,458.6035621974553
20,1890,458.60351011498364,458.6035621974553
20,1891,458.60351011498364,458.6035621974553
20,1892,458.60351011498364,458.6035621974553
20,1893,458.60351011498364,458.6035621974553
20,1894,458.60351011498364,458.6035621974553
20,1895,458.60351011498364,458.6035621974553
20,1896,458.60351011498364,458.6035621974553
20,1897,458.60351011498364,458.6035621974553
20,1898,458.60351011498364,458.6035621974553
20,1899,458.60351011498364,458.6035621974553
20,1900,458.60351011498364,458.6035621974553
20,1901,458.60351011498364,458.6035621974553
20,1902,458.60351011498364,458.6035621974553
20,1903,458.60351011498364,458.6035621974553
20,1904,458.60351011498364,458.6035621974553
20,1905,458.60351011498364,458.6035621974553
20,1906,458.60351011498364,458.6035621974553
20,1907,458.60351011498364,458.6035621974553
20,1908,458.60351011498364,458.6035621974553
20,1909,458.60351011498364,458.6035621974553
20,1910,458.60351011498364,458.6035621974553
20,1911,458.60351011498364,458.6035621974553
20,1912,458.60351011498364,458.6035621974553
20,1913,458.60351011498364,458.6035621974553
20,1914,458.60351011498364,458.6035621974553
20,1915,458.60351011498364,458.6035621974553
20,1916,458.60351011498364,458.6035621974553
20,1917,458.60351011498364,458.6035621974553
20,1918,458.60351011498364,458.6035621974553
20,1919,458.60351011498364,458.6035621974553
20,1920,458.60351011498364,458.6035621974553
20,1921,458.60351011498364,458.6035621974553
20,1922,458.60351011498364,458.6035621974553
20,1923,458.60351011498364,458.6035621974553
20,1924,458.60351011498364,458.6035621974553
20,1925,458.60351011498364,458.6035621974553
20,1926,458.60351011498364,458.6035621974553
20,1927,458.60351011498364,458.6035621974553
20,1928,458.60351011498364,458.6035621974553
20,1929,458.60351011498364,458.6035621974553
20,1930,458.60351011498364,458.6035621974553
20,1931,458.60351011498364,458.6035621974553
20,1932,458.60351011498364,458.6035621974553
20,1933,458.60351011498364,458.6035621974553
20,1934,458.60351011498364,458.6035621974553
20,1935,458.60351011498364,458.6035621974553
20,1936,458.60351011498364,458.6035621974553
20,1937,458.60351011498364,458.6035621974553
20,1938,458.60351011498364,458.6035621974553
20,1939,458.60351011498364,458.6035621974553
20,1940,458.60351011498364,458.6035621974553
20,1941,458.60351011498364,458.6035621974553
20,1942,458.60351011498364,458.6035621974553
20,1943,458.60351011498364,458.6035621974553
20,1944,458.60351011498364,458.6035621974553
20,1945,458.60351011498364,458.6035621974553
20,1946,458.60351011498364,458.6035621974553
20,1947,458.60351011498364,458.6035621974553
20,1948,458.60351011498364,458.6035621974553
20,1949,458.60351011498364,458.6035621974553
20,1950,458.60351011498364,458.6035621974553
20,1951,458.60351011498364,458.6035621974553
20,1952,458.60351011498364,458.6035621974553
20,1953,458.60351011498364,458.6035621974553
20,1954,458.60351011498364,458.6035621974553
20,1955,458.60351011498364,458.6035621974553
20,1956,458.60351011498364,458.6035621974553
20,1957,458.60351011498364,458.6035621974553
20,1958,458.60351011498364,458.6035621974553
20,1959,458.60351011498364,458.6035621974553
20,1960,458.60351011498364,458.6035621974553
20,1961,458.60351011498364,458.6035621974553
20,1962,458.60351011498364,458.6035621974553
20,1963,458.60351011498364,458.6035621974553
20,1964,458.60351011498364,458.6035621974553
20,1965,458.60351011498364,458.6035621974553
20,1966,458.60351011498364,458.6035621974553
20,1967,458.60351011498364,458.6035621974553
20,1968,458.60351011498364,458.6035621974553
20,1969,458.60351011498364,458.6035621974553
20,1970,458.60351011498364,458.6035621974553
20,1971,458.60351011498364,458.6035621974553
20,1972,458.60351011498364,458.6035621974553
20,1973,458.60351011498364,458.6035621974553
20,1974,458.60351011498364,458.6035621974553
20,1975,458.60351011498364,458.6035621974553
20,1976,458.60351011498364,458.6035621974553
20,1977,458.60351011498364,458.6035621974553
20,1978,458.60351011498364,458.6035621974553
20,1979,458.60351011498364,458.6035621974553
20,1980,458.60351011498364,458.6035621974553
20,1981,458.60351011498364,458.6035621974553
20,1982,458.60351011498364,458.6035621974553
20,1983,458.60351011498364,458.6035621974553
20,1984,458.60351011498364,458.6035621974553
20,1985,458.60351011498364,458.6035621974553
20,1986,458.60351011498364,458.6035621974553
20,1987,458.60351011498364,458.6035621974553
20,1988,458.60351011498364,458.6035621974553
20,1989,458.60351011498364,458.6035621974553
20,1990,458.60351011498364,458.6035621974553
20,1991,458.60351011498364,458.6035621974553
20,1992,458.60351011498364,458.6035621974553
20,1993,458.60351011498364,458.6035621974553
20,1994,458.60351011498364,458.6035621974553
20,1995,458.60351011498364,458.6035621974553
20,1996,458.60351011498364,458.6035621974553
20,1997,458.60351011498364,458.6035621974553
20,1998,458.60351011498364,458.6035621974553
20,1999,458.60351011498364,458.6035621974553
20,2000,458.60351011498364,458.6035621974553
20,2001,458.60351011498364,458.6035621974553
20,2002,458.60351011498364,458.6035621974553
20,2003,458.60351011498364,458.6035621974553
20,2004,458.60351011498364,458.6035621974553
20,2005,458.60351011498364,458.6035621974553
20,2006,458.60351011498364,458.6035621974553
20,2007,458.60351011498364,458.6035621974553
20,2008,458.60351011498364,458.6035621974553
20,2009,458.60351011498364,458.6035621974553
20,2010,458.60351011498364,458.6035621974553
20,2011,458.60351011498364,458.6035621974553
20,2012,458.60351011498364,458.6035621974553
20,2013,458.60351011498364,458.6035621974553
20,2014,458.60351011498364,458.6035621974553
20,2015,458.60351011498364,458.6035621974553
20,2016,458.60351011498364,458.6035621974553
20,2017,458.60351011498364,458.6035621974553
20,2018,458.60351011498364,458.6035621974553
20,2019,458.60351011498364,458.6035621974553
20,2020,458.60351011498364,458.6035621974553
20,2021,458.60351011498364,458.6035621974553
20,2022,458.60351011498364,458.6035621974553
20,2023,458.60351011498364,458.6035621974553
20,2024,458.60351011498364,458.6035621974553
20,2025,458.60351011498364,458.6035621974553
20,2026,458.60351011498364,458.6035621974553
20,2027,458.60351011498364,458.6035621974553
20,2028,458.60351011498364,458.6035621974553
20,2029,458.60351011498364,458.6035621974553
20,2030,458.60351011498364,458.6035621974553
20,2031,458.60351011498364,458.6035621974553
20,2032,458.60351011498364,458.6035621974553
20,2033,458.60351011498364,458.6035621974553
20,2034,458.60351011498364,458.6035621974553
20,2035,458.60351011498364,458.6035621974553
20,2036,458.60351011498364,458.6035621974553
20,2037,458.60351011498364,458.6035621974553
20,2038,458.60351011498364,458.6035621974553
20,2039,458.60351011498364,458.6035621974553
20,2040,458.60351011498364,458.6035621974553
20,2041,458.60351011498364,458.6035621974553
20,2042,458.60351011498364,458.6035621974553
20,2043,458.60351011498364,458.6035621974553
20,2044,458.60351011498364,458.6035621974553
20,2045,458.60351011498364,458.6035621974553
20,2046,458.60351011498364,458.6035621974553
20,2047,458.60351011498364,458.6035621974553
20,2048,458.60351011498364,458.6035621974553
20,2049,458.60351011498364,458.6035621974553
20,2050,458.60351011498364,458.6035621974553
20,2051,458.60351011498364,458.6035621974553
20,2052,458.60351011498364,458.6035621974553
20,2053,458.60351011498364,458.6035621974553
20,2054,458.60351011498364,458.6035621974553
20,2055,458.60351011498364,458.6035621974553
20,2056,458.60351011498364,458.6035621974553
20,2057,458.60351011498364,458.6035621974553
20,2058,458.60351011498364,458.6035621974553
20,2059,458.60351011498364,458.6035621974553
20,2060,458.60351011498364,458.6035621974553
20,2061,458.60351011498364,458.6035621974553
20,2062,458.60351011498364,458.6035621974553
20,2063,458.60351011498364,458.6035621974553
20,2064,458.60351011498364,458.6035621974553
20,2065,458.60351011498364,458.6035621974553
20,2066,458.60351011498364,458.6035621974553
20,2067,458.60351011498364,458.6035621974553
20,2068,458.60351011498364,458.6035621974553
20,2069,458.60351011498364,458.6035621974553
20,2070,458.60351011498364,458.6035621974553
20,2071,458.60351011498364,458.6035621974553
20,2072,458.60351011498364,458.6035621974553
20,2073,458.60351011498364,458.6035621974553
20,2074,458.60351011498364,458.6035621974553
20,2075,458.60351011498364,458.6035621974553
20,2076,458.60351011498364,458.6035621974553
20,2077,458.60351011498364,458.6035621974553
20,2078,458.60351011498364,458.6035621974553
20,2079,458.60351011498364,458.6035621974553
20,2080,458.60351011498364,458.6035621974553
20,2081,458.60351011498364,458.6035621974553
20,2082,458.60351011498364,458.6035621974553
20,2083,458.60351011498364,458.6035621974553
20,2084,458.60351011498364,458.6035621974553
20,2085,458.60351011498364,458.6035621974553
20,2086,458.60351011498364,458.6035621974553
20,2087,458.60351011498364,458.6035621974553
20,2088,458.60351011498364,458.6035621974553
20,2089,458.60351011498364,458.6035621974553
20,2090,458.60351011498364,458.6035621974553
20,2091,458.60351011498364,458.6035621974553
20,2092,458.60351011498364,458.6035621974553
20,2093,458.60351011498364,458.6035621974553
20,2094,458.60351011498364,458.6035621974553
20,2095,458.60351011498364,458.6035621974553
20,2096,458.60351011498364,458.6035621974553
20,2097,458.60351011498364,458.6035621974553
20,2098,458.60351011498364,458.6035621974553
20,2099,458.60351011498364,458.6035621974553
20,2100,458.60351011498364,458.6035621974553
20,2101,458.60351011498364,458.6035621974553
20,2102,458.60351011498364,458.6035621974553
20,2103,458.60351011498364,458.6035621974553
20,2104,458.60351011498364,458.6035621974553
20,2105,458.60351011498364,458.6035621974553
20,2106,458.60351011498364,458.6035621974553
20,2107,458.60351011498364,458.6035621974553
20,2108,458.60351011498364,458.6035621974553
20,2109,458.60351011498364,458.6035621974553
20,2110,458.60351011498364,458.6035621974553
20,2111,458.60351011498364,458.6035621974553
20,2112,458.60351011498364,458.6035621974553
20,2113,458.60351011498364,458.6035621974553
20,2114,458.60351011498364,458.6035621974553
20,2115,458.60351011498364,458.6035621974553
20,2116,458.60351011498364,458.6035621974553
20,2117,458.60351011498364,458.6035621974553
20,2118,458.60351011498364,458.6035621974553
20,2119,458.60351011498364,458.6035621974553
20,2120,458.60351011498364,458.6035621974553
20,2121,458.60351011498364,458.6035621974553
20,2122,458.60351011498364,458.6035621974553
20,2123,458.60351011498364,458.6035621974553
20,2124,458.60351011498364,458.6035621974553
20,2125,458.60351011498364,458.6035621974553
20,2126,458.60351011498364,458.6035621974553
20,2127,458.60351011498364,458.6035621974553
20,2128,458.60351011498364,458.6035621974553
20,2129,458.60351011498364,458.6035621974553
20,2130,458.60351011498364,458.6035621974553
20,2131,458.60351011498364,458.6035621974553
20,2132,458.60351011498364,458.6035621974553
20,2133,458.60351011498364,458.6035621974553
20,2134,458.60351011498364,458.6035621974553
20,2135,458.60351011498364,458.6035621974553
20,2136,458.60351011498364,458.6035621974553
20,2137,458.60351011498364,458.6035621974553
20,2138,458.60351011498364,458.6035621974553
20,2139,458.60351011498364,458.6035621974553
20,2140,458.60351011498364,458.6035621974553
20,2141,458.60351011498364,458.6035621974553
20,2142,458.60351011498364,458.6035621974553
20,2143,458.60351011498364,458.6035621974553
20,2144,458.60351011498364,458.6035621974553
20,2145,458.60351011498364,458.6035621974553
20,2146,458.60351011498364,458.6035621974553
20,2147,458.60351011498364,458.6035621974553
20,2148,458.60351011498364,458.6035621974553
20,2149,458.60351011498364,458.6035621974553
20,2150,458.60351011498364,458.6035621974553
20,2151,458.60351011498364,458.6035621974553
20,2152,458.60351011498364,458.6035621974553
20,2153,458.60351011498364,458.6035621974553
20,2154,458.60351011498364,458.6035621974553
20,2155,458.60351011498364,458.6035621974553
20,2156,458.60351011498364,458.6035621974553
20,2157,458.60351011498364,458.6035621974553
20,2158,458.60351011498364,458.6035621974553
20,2159,458.60351011498364,458.6035621974553
20,2160,458.60351011498364,458.6035621974553
20,2161,458.60351011498364,458.6035621974553
20,2162,458.60351011498364,458.6035621974553
20,2163,458.60351011498364,458.6035621974553
20,2164,458.60351011498364,458.6035621974553
20,2165,458.60351011498364,458.6035621974553
20,2166,458.60351011498364,458.6035621974553
20,2167,458.60351011498364,458.6035621974553
20,2168,458.60351011498364,458.6035621974553
20,2169,458.60351011498364,458.6035621974553
20,2170,458.60351011498364,458.6035621974553
20,2171,458.60351011498364,458.6035621974553
20,2172,458.60351011498364,458.6035621974553
20,2173,458.60351011498364,458.6035621974553
20,2174,458.60351011498364,458.6035621974553
20,2175,458.60351011498364,458.6035621974553
20,2176,458.60351011498364,458.6035621974553
20,2177,458.60351011498364,458.6035621974553
20,2178,458.60351011498364,458.6035621974553
20,2179,458.60351011498364,458.6035621974553
20,2180,458.60351011498364,458.6035621974553
20,2181,458.60351011498364,458.6035621974553
20,2182,458.60351011498364,458.6035621974553
20,2183,458.60351011498364,458.6035621974553
20,2184,458.60351011498364,458.6035621974553
20,2185,458.60351011498364,458.6035621974553
20,2186,458.60351011498364,458.6035621974553
20,2187,458.60351011498364,458.6035621974553
20,2188,458.60351011498364,458.6035621974553
20,2189,458.60351011498364,458.6035621974553
20,2190,458.60351011498364,458.6035621974553
20,2191,458.60351011498364,458.6035621974553
20,2192,458.60351011498364,458.6035621974553
20,2193,458.60351011498364,458.6035621974553
20,2194,458.60351011498364,458.6035621974553
20,2195,458.60351011498364,458.6035621974553
20,2196,458.60351011498364,458.6035621974553
20,2197,458.60351011498364,458.6035621974553
20,2198,458.60351011498364,458.6035621974553
20,2199,458.60351011498364,458.6035621974553
20,2200,458.60351011498364,458.6035621974553
20,2201,458.60351011498364,458.6035621974553
20,2202,458.60351011498364,458.6035621974553
20,2203,458.60351011498364,458.6035621974553
20,2204,458.60351011498364,458.6035621974553
20,2205,458.60351011498364,458.6035621974553
20,2206,458.60351011498364,458.6035621974553
20,2207,458.60351011498364,458.6035621974553
20,2208,458.60351011498364,458.6035621974553
20,2209,458.60351011498364,458.6035621974553
20,2210,458.60351011498364,458.6035621974553
20,2211,458.60351011498364,458.6035621974553
20,2212,458.60351011498364,458.6035621974553
20,2213,458.60351011498364,458.6035621974553
20,2214,458.60351011498364,458.6035621974553
20,2215,458.60351011498364,458.6035621974553
20,2216,458.60351011498364,458.6035621974553
20,2217,458.60351011498364,458.6035621974553
20,2218,458.60351011498364,458.6035621974553
20,2219,458.60351011498364,458.6035621974553
20,2220,458.60351011498364,458.6035621974553
20,2221,458.60351011498364,458.6035621974553
20,2222,458.60351011498364,458.6035621974553
20,2223,458.60351011498364,458.6035621974553
20,2224,458.60351011498364,458.6035621974553
20,2225,458.60351011498364,458.6035621974553
20,2226,458.60351011498364,458.6035621974553
20,2227,458.60351011498364,458.6035621974553
20,2228,458.60351011498364,458.6035621974553
20,2229,458.60351011498364,458.6035621974553
20,2230,458.60351011498364,458.6035621974553
20,2231,458.60351011498364,458.6035621974553
20,2232,458.60351011498364,458.6035621974553
20,2233,458.60351011498364,458.6035621974553
20,2234,458.60351011498364,458.6035621974553
20,2235,458.60351011498364,458.6035621974553
20,2236,458.60351011498364,458.6035621974553
20,2237,458.60351011498364,458.6035621974553
20,2238,458.60351011498364,458.6035621974553
20,2239,458.60351011498364,458.6035621974553
20,2240,458.60351011498364,458.6035621974553
20,2241,458.60351011498364,458.6035621974553
20,2242,458.60351011498364,458.6035621974553
20,2243,458.60351011498364,458.6035621974553
20,2244,458.60351011498364,458.6035621974553
20,2245,458.60351011498364,458.6035621974553
20,2246,458.60351011498364,458.6035621974553
20,2247,458.60351011498364,458.6035621974553
20,2248,458.60351011498364,458.6035621974553
20,2249,458.60351011498364,458.6035621974553
20,2250,458.60351011498364,458.6035621974553
20,2251,458.60351011498364,458.6035621974553
20,2252,458.60351011498364,458.6035621974553
20,2253,458.60351011498364,458.6035621974553
20,2254,458.60351011498364,458.6035621974553
20,2255,458.60351011498364,458.6035621974553
20,2256,458.60351011498364,458.6035621974553
20,2257,458.60351011498364,458.6035621974553
20,2258,458.60351011498364,458.6035621974553
20,2259,458.60351011498364,458.6035621974553
20,2260,458.60351011498364,458.6035621974553
20,2261,458.60351011498364,458.6035621974553
20,2262,458.60351011498364,458.6035621974553
20,2263,458.60351011498364,458.6035621974553
20,2264,458.60351011498364,458.6035621974553
20,2265,458.60351011498364,458.6035621974553
20,2266,458.60351011498364,458.6035621974553
20,2267,458.60351011498364,458.6035621974553
20,2268,458.60351011498364,458.6035621974553
20,2269,458.60351011498364,458.6035621974553
20,2270,458.60351011498364,458.6035621974553
20,2271,458.60351011498364,458.6035621974553
20,2272,458.60351011498364,458.6035621974553
20,2273,458.60351011498364,458.6035621974553
20,2274,458.60351011498364,458.6035621974553
20,2275,458.60351011498364,458.6035621974553
20,2276,458.60351011498364,458.6035621974553
20,2277,458.60351011498364,458.6035621974553
20,2278,458.60351011498364,458.6035621974553
20,2279,458.60351011498364,458.6035621974553
20,2280,458.60351011498364,458.6035621974553
20,2281,458.60351011498364,458.6035621974553
20,2282,458.60351011498364,458.6035621974553
20,2283,458.60351011498364,458.6035621974553
20,2284,458.60351011498364,458.6035621974553
20,2285,458.60351011498364,458.6035621974553
20,2286,458.60351011498364,458.6035621974553
20,2287,458.60351011498364,458.6035621974553
20,2288,458.60351011498364,458.6035621974553
20,2289,458.60351011498364,458.6035621974553
20,2290,458.60351011498364,458.6035621974553
20,2291,458.60351011498364,458.6035621974553
20,2292,458.60351011498364,458.6035621974553
20,2293,458.60351011498364,458.6035621974553
20,2294,458.60351011498364,458.6035621974553
20,2295,458.60351011498364,458.6035621974553
20,2296,458.60351011498364,458.6035621974553
20,2297,458.60351011498364,458.6035621974553
20,2298,458.60351011498364,458.6035621974553
20,2299,458.60351011498364,458.6035621974553
20,2300,458.60351011498364,458.6035621974553
20,2301,458.60351011498364,458.6035621974553
20,2302,458.60351011498364,458.6035621974553
20,2303,458.60351011498364,458.6035621974553
20,2304,458.60351011498364,458.6035621974553
20,2305,458.60351011498364,458.6035621974553
20,2306,458.60351011498364,458.6035621974553
20,2307,458.60351011498364,458.6035621974553
20,2308,458.60351011498364,458.6035621974553
20,2309,458.60351011498364,458.6035621974553
20,2310,458.60351011498364,458.6035621974553
20,2311,458.60351011498364,458.6035621974553
20,2312,458.60351011498364,458.6035621974553
20,2313,458.60351011498364,458.6035621974553
20,2314,458.60351011498364,458.6035621974553
20,2315,458.60351011498364,458.6035621974553
20,2316,458.60351011498364,458.6035621974553
20,2317,458.60351011498364,458.6035621974553
20,2318,458.60351011498364,458.6035621974553
20,2319,458.60351011498364,458.6035621974553
20,2320,458.60351011498364,458.6035621974553
20,2321,458.60351011498364,458.6035621974553
20,2322,458.60351011498364,458.6035621974553
20,2323,458.60351011498364,458.6035621974553
20,2324,458.60351011498364,458.6035621974553
20,2325,458.60351011498364,458.6035621974553
20,2326,458.60351011498364,458.6035621974553
20,2327,458.60351011498364,458.6035621974553
20,2328,458.60351011498364,458.6035621974553
20,2329,458.60351011498364,458.6035621974553
20,2330,458.60351011498364,458.6035621974553
20,2331,458.60351011498364,458.6035621974553
20,2332,458.60351011498364,458.6035621974553
20,2333,458.60351011498364,458.6035621974553
20,2334,458.60351011498364,458.6035621974553
20,2335,458.60351011498364,458.6035621974553
20,2336,458.60351011498364,458.6035621974553
20,2337,458.60351011498364,458.6035621974553
20,2338,458.60351011498364,458.6035621974553
20,2339,458.60351011498364,458.6035621974553
20,2340,458.60351011498364,458.6035621974553
20,2341,458.60351011498364,458.6035621974553
20,2342,458.60351011498364,458.6035621974553
20,2343,458.60351011498364,458.6035621974553
20,2344,458.60351011498364,458.6035621974553
20,2345,458.60351011498364,458.6035621974553
20,2346,458.60351011498364,458.6035621974553
20,2347,458.60351011498364,458.6035621974553
20,2348,458.60351011498364,458.6035621974553
20,2349,458.60351011498364,458.6035621974553
20,2350,458.60351011498364,458.6035621974553
20,2351,458.60351011498364,458.6035621974553
20,2352,458.60351011498364,458.6035621974553
20,2353,458.60351011498364,458.6035621974553
20,2354,458.60351011498364,458.6035621974553
20,2355,458.60351011498364,458.6035621974553
20,2356,458.60351011498364,458.6035621974553
20,2357,458.60351011498364,458.6035621974553
20,2358,458.60351011498364,458.6035621974553
20,2359,458.60351011498364,458.6035621974553
20,2360,458.60351011498364,458.6035621974553
20,2361,458.60351011498364,458.6035621974553
20,2362,458.60351011498364,458.6035621974553
20,2363,458.60351011498364,458.6035621974553
20,2364,458.60351011498364,458.6035621974553
20,2365,458.60351011498364,458.6035621974553
20,2366,458.60351011498364,458.6035621974553
20,2367,458.60351011498364,458.6035621974553
20,2368,458.60351011498364,458.6035621974553
20,2369,458.60351011498364,458.6035621974553
20,2370,458.60351011498364,458.6035621974553
20,2371,458.60351011498364,458.6035621974553
20,2372,458.60351011498364,458.6035621974553
20,2373,458.60351011498364,458.6035621974553
20,2374,458.60351011498364,458.6035621974553
20,2375,458.60351011498364,458.6035621974553
20,2376,458.60351011498364,458.6035621974553
20,2377,458.60351011498364,458.6035621974553
20,2378,458.60351011498364,458.6035621974553
20,2379,458.60351011498364,458.6035621974553
20,2380,458.60351011498364,458.6035621974553
20,2381,458.60351011498364,458.6035621974553
20,2382,458.60351011498364,458.6035621974553
20,2383,458.60351011498364,458.6035621974553
20,2384,458.60351011498364,458.6035621974553
20,2385,458.60351011498364,458.6035621974553
20,2386,458.60351011498364,458.6035621974553
20,2387,458.60351011498364,458.6035621974553
20,2388,458.60351011498364,458.6035621974553
20,2389,458.60351011498364,458.6035621974553
20,2390,458.60351011498364,458.6035621974553
20,2391,458.60351011498364,458.6035621974553
20,2392,458.60351011498364,458.6035621974553
20,2393,458.60351011498364,458.6035621974553
20,2394,458.60351011498364,458.6035621974553
20,2395,458.60351011498364,458.6035621974553
20,2396,458.60351011498364,458.6035621974553
20,2397,458.60351011498364,458.6035621974553
20,2398,458.60351011498364,458.6035621974553
20,2399,458.60351011498364,458.6035621974553
20,2400,458.60351011498364,458.6035621974553
20,2401,458.60351011498364,458.6035621974553
20,2402,458.60351011498364,458.6035621974553
20,2403,458.60351011498364,458.6035621974553
20,2404,458.60351011498364,458.6035621974553
20,2405,458.60351011498364,458.6035621974553
20,2406,458.60351011498364,458.6035621974553
20,2407,458.60351011498364,458.6035621974553
20,2408,458.60351011498364,458.6035621974553
20,2409,458.60351011498364,458.6035621974553
20,2410,458.60351011498364,458.6035621974553
20,2411,458.60351011498364,458.6035621974553
20,2412,458.60351011498364,458.6035621974553
20,2413,458.60351011498364,458.6035621974553
20,2414,458.60351011498364,458.6035621974553
20,2415,458.60351011498364,458.6035621974553
20,2416,458.60351011498364,458.6035621974553
20,2417,458.60351011498364,458.6035621974553
20,2418,458.60351011498364,458.6035621974553
20,2419,458.60351011498364,458.6035621974553
20,2420,458.60351011498364,458.6035621974553
20,2421,458.60351011498364,458.6035621974553
20,2422,458.60351011498364,458.6035621974553
20,2423,458.60351011498364,458.6035621974553
20,2424,458.60351011498364,458.6035621974553
20,2425,458.60351011498364,458.6035621974553
20,2426,458.60351011498364,458.6035621974553
20,2427,458.60351011498364,458.6035621974553
20,2428,458.60351011498364,458.6035621974553
20,2429,458.60351011498364,458.6035621974553
20,2430,458.60351011498364,458.6035621974553
20,2431,458.60351011498364,458.6035621974553
20,2432,458.60351011498364,458.6035621974553
20,2433,458.60351011498364,458.6035621974553
20,2434,458.60351011498364,458.6035621974553
20,2435,458.60351011498364,458.6035621974553
20,2436,458.60351011498364,458.6035621974553
20,2437,458.60351011498364,458.6035621974553
20,2438,458.60351011498364,458.6035621974553
20,2439,458.60351011498364,458.6035621974553
20,2440,458.60351011498364,458.6035621974553
20,2441,458.60351011498364,458.6035621974553
20,2442,458.60351011498364,458.6035621974553
20,2443,458.60351011498364,458.6035621974553
20,2444,458.60351011498364,458.6035621974553
20,2445,458.60351011498364,458.6035621974553
20,2446,458.60351011498364,458.6035621974553
20,2447,458.60351011498364,458.6035621974553
20,2448,458.60351011498364,458.6035621974553
20,2449,458.60351011498364,458.6035621974553
20,2450,458.60351011498364,458.6035621974553
20,2451,458.60351011498364,458.6035621974553
20,2452,458.60351011498364,458.6035621974553
20,2453,458.60351011498364,458.6035621974553
20,2454,458.60351011498364,458.6035621974553
20,2455,458.60351011498364,458.6035621974553
20,2456,458.60351011498364,458.6035621974553
20,2457,458.60351011498364,458.6035621974553
20,2458,458.60351011498364,458.6035621974553
20,2459,458.60351011498364,458.6035621974553
20,2460,458.60351011498364,458.6035621974553
20,2461,458.60351011498364,458.6035621974553
20,2462,458.60351011498364,458.6035621974553
20,2463,458.60351011498364,458.6035621974553
20,2464,458.60351011498364,458.6035621974553
20,2465,458.60351011498364,458.6035621974553
20,2466,458.60351011498364,458.6035621974553
20,2467,458.60351011498364,458.6035621974553
20,2468,458.60351011498364,458.6035621974553
20,2469,458.60351011498364,458.6035621974553
20,2470,458.60351011498364,458.6035621974553
20,2471,458.60351011498364,458.6035621974553
20,2472,458.60351011498364,458.6035621974553
20,2473,458.60351011498364,458.6035621974553
20,2474,458.60351011498364,458.6035621974553
20,2475,458.60351011498364,458.6035621974553
20,2476,458.60351011498364,458.6035621974553
20,2477,458.60351011498364,458.6035621974553
20,2478,458.60351011498364,458.6035621974553
20,2479,458.60351011498364,458.6035621974553
20,2480,458.60351011498364,458.6035621974553
20,2481,458.60351011498364,458.6035621974553
20,2482,458.60351011498364,458.6035621974553
20,2483,458.60351011498364,458.6035621974553
20,2484,458.60351011498364,458.6035621974553
20,2485,458.60351011498364,458.6035621974553
20,2486,458.60351011498364,458.6035621974553
20,2487,458.60351011498364,458.6035621974553
20,2488,458.60351011498364,458.6035621974553
20,2489,458.60351011498364,458.6035621974553
20,2490,458.60351011498364,458.6035621974553
20,2491,458.60351011498364,458.6035621974553
20,2492,458.60351011498364,458.6035621974553
20,2493,458.60351011498364,458.6035621974553
20,2494,458.60351011498364,458.6035621974553
20,2495,458.60351011498364,458.6035621974553
20,2496,458.60351011498364,458.6035621974553
20,2497,458.60351011498364,458.6035621974553
20,2498,458.60351011498364,458.6035621974553
20,2499,458.60351011498364,458.6035621974553
20,2500,458.60351011498364,458.6035621974553
20,2501,458.60351011498364,458.6035621974553
20,2502,458.60351011498364,458.6035621974553
20,2503,458.60351011498364,458.6035621974553
20,2504,458.60351011498364,458.6035621974553
20,2505,458.60351011498364,458.6035621974553
20,2506,458.60351011498364,458.6035621974553
20,2507,458.60351011498364,458.6035621974553
20,2508,458.60351011498364,458.6035621974553
20,2509,458.60351011498364,458.6035621974553
20,2510,458.60351011498364,458.6035621974553
20,2511,458.60351011498364,458.6035621974553
20,2512,458.60351011498364,458.6035621974553
20,2513,458.60351011498364,458.6035621974553
20,2514,458.60351011498364,458.6035621974553
20,2515,458.60351011498364,458.6035621974553
20,2516,458.60351011498364,458.6035621974553
20,2517,458.60351011498364,458.6035621974553
20,2518,458.60351011498364,458.6035621974553
20,2519,458.60351011498364,458.6035621974553
20,2520,458.60351011498364,458.6035621974553
20,2521,458.60351011498364,458.6035621974553
20,2522,458.60351011498364,458.6035621974553
20,2523,458.60351011498364,458.6035621974553
20,2524,458.60351011498364,458.6035621974553
20,2525,458.60351011498364,458.6035621974553
20,2526,458.60351011498364,458.6035621974553
20,2527,458.60351011498364,458.6035621974553
20,2528,458.60351011498364,458.6035621974553
20,2529,458.60351011498364,458.6035621974553
20,2530,458.60351011498364,458.6035621974553
20,2531,458.60351011498364,458.6035621974553
20,2532,458.60351011498364,458.6035621974553
20,2533,458.60351011498364,458.6035621974553
20,2534,458.60351011498364,458.6035621974553
20,2535,458.60351011498364,458.6035621974553
20,2536,458.60351011498364,458.6035621974553
20,2537,458.60351011498364,458.6035621974553
20,2538,458.60351011498364,458.6035621974553
20,2539,458.60351011498364,458.6035621974553
20,2540,458.60351011498364,458.6035621974553
20,2541,458.60351011498364,458.6035621974553
20,2542,458.60351011498364,458.6035621974553
20,2543,458.60351011498364,458.6035621974553
20,2544,458.60351011498364,458.6035621974553
20,2545,458.60351011498364,458.6035621974553
20,2546,458.60351011498364,458.6035621974553
20,2547,458.60351011498364,458.6035621974553
20,2548,458.60351011498364,458.6035621974553
20,2549,458.60351011498364,458.6035621974553
20,2550,458.60351011498364,458.6035621974553
20,2551,458.60351011498364,458.6035621974553
20,2552,458.60351011498364,458.6035621974553
20,2553,458.60351011498364,458.6035621974553
20,2554,458.60351011498364,458.6035621974553
20,2555,458.60351011498364,458.6035621974553
30,1,50.04000198841095,130.1844818173508
30,2,80.84574711008652,130.1844818173508
30,3,99.81045324102197,130.1844818173508
30,4,111.48555076624544,130.1844818173508
30,5,118.67300209200751,130.1844818173508
30,6,123.09775798364701,130.1844818173508
30,7,125.82173673678632,130.1844818173508
30,8,127.49867901999212,130.1844818173508
30,9,128.5310422195812,130.1844818173508
30,10,129.1665881095854,130.1844818173508
30,11,129.55784438301905,130.1844818173508
30,12,129.79871050127872,130.1844818173508
30,13,129.94699307427447,130.1844818173508
30,14,130.03827914478165,130.1844818173508
30,15,130.0944768927725,130.1844818173508
30,16,130.12907348414387,130.1844818173508
30,17,130.15037192006545,130.1844818173508
30,18,130.16348371387878,130.1844818173508
30,19,130.1715556275928,130.1844818173508
30,20,130.17652487832498,130.1844818173508
30,21,130.1795840602878,130.1844818173508
30,22,130.18146736116873,130.1844818173508
30,23,130.18262676333936,130.1844818173508
30,24,130.1833405172631,130.1844818173508
30,25,130.1837799201524,130.1844818173508
30,26,130.1840504264049,130.1844818173508
30,27,130.18421695610792,130.1844818173508
30,28,130.18431947552,130.1844818173508
30,29,130.1843825887645,130.1844818173508
30,30,130.18442144269028,130.1844818173508
30,31,130.18444536203654,130.1844818173508
30,32,130.18446008732144,130.1844818173508
30,33,130.18446915253634,130.1844818173508
30,34,130.18447473328553,130.1844818173508
30,35,130.18447816891964,130.1844818173508
30,36,130.1844802839729,130.1844818173508
30,37,130.184481586047,130.1844818173508
30,38,130.18448238763298,130.1844818173508
30,39,130.18448288110724,130.1844818173508
30,40,130.184483184901,130.1844818173508
30,41,130.18448337192325,130.1844818173508
30,42,130.18448348705832,130.1844818173508
30,43,130.18448355793805,130.1844818173508
30,44,130.1844836015732,130.1844818173508
30,45,130.184483628436,130.1844818173508
30,46,130.1844836449733,130.1844818173508
30,47,130.18448365515405,130.1844818173508
30,48,130.18448366142158,130.1844818173508
30,49,130.18448366527997,130.1844818173508
30,50,130.1844836676553,130.1844818173508
30,51,130.1844836691176,130.1844818173508
30,52,130.18448367001784,130.1844818173508
30,53,130.18448367057204,130.1844818173508
30,54,130.18448367091318,130.1844818173508
30,55,130.18448367112322,130.1844818173508
30,56,130.18448367125254,130.1844818173508
30,57,130.18448367133212,130.1844818173508
30,58,130.18448367138114,130.1844818173508
30,59,130.18448367141133,130.1844818173508
30,60,130.1844836714299,130.1844818173508
30,61,130.1844836714413,130.1844818173508
30,62,130.18448367144836,130.1844818173508
30,63,130.18448367145268,130.1844818173508
30,64,130.18448367145535,130.1844818173508
30,65,130.18448367145703,130.1844818173508
30,66,130.18448367145803,130.1844818173508
30,67,130.18448367145865,130.1844818173508
30,68,130.18448367145902,130.1844818173508
30,69,130.18448367145928,130.1844818173508
30,70,130.1844836714594,130.1844818173508
30,71,130.18448367145947,130.1844818173508
30,72,130.18448367145953,130.1844818173508
30,73,130.18448367145956,130.1844818173508
30,74,130.1844836714596,130.1844818173508
30,75,130.1844836714596,130.1844818173508
30,76,130.1844836714596,130.1844818173508
30,77,130.1844836714596,130.1844818173508
30,78,130.1844836714596,130.1844818173508
30,79,130.1844836714596,130.1844818173508
30,80,130.1844836714596,130.1844818173508
30,81,130.1844836714596,130.1844818173508
30,82,130.1844836714596,130.1844818173508
30,83,130.1844836714596,130.1844818173508
30,84,130.1844836714596,130.1844818173508
30,85,130.1844836714596,130.1844818173508
30,86,130.1844836714596,130.1844818173508
30,87,130.1844836714596,130.1844818173508
30,88,130.1844836714596,130.1844818173508
30,89,130.1844836714596,130.1844818173508
30,90,130.1844836714596,130.1844818173508
30,91,130.1844836714596,130.1844818173508
30,92,130.1844836714596,130.1844818173508
30,93,130.1844836714596,130.1844818173508
30,94,130.1844836714596,130.1844818173508
30,95,130.1844836714596,130.1844818173508
30,96,130.1844836714596,130.1844818173508
30,97,130.1844836714596,130.1844818173508
30,98,130.1844836714596,130.1844818173508
30,99,130.1844836714596,130.1844818173508
30,100,130.1844836714596,130.1844818173508
30,101,130.1844836714596,130.1844818173508
30,102,130.1844836714596,130.1844818173508
30,103,130.1844836714596,130.1844818173508
30,104,130.1844836714596,130.1844818173508
30,105,130.1844836714596,130.1844818173508
30,106,130.1844836714596,130.1844818173508
30,107,130.1844836714596,130.1844818173508
30,108,130.1844836714596,130.1844818173508
30,109,130.1844836714596,130.1844818173508
30,110,130.1844836714596,130.1844818173508
30,111,130.1844836714596,130.1844818173508
30,112,130.1844836714596,130.1844818173508
30,113,130.1844836714596,130.1844818173508
30,114,130.1844836714596,130.1844818173508
30,115,130.1844836714596,130.1844818173508
30,116,130.1844836714596,130.1844818173508
30,117,130.1844836714596,130.1844818173508
30,118,130.1844836714596,130.1844818173508
30,119,130.1844836714596,130.1844818173508
30,120,130.1844836714596,130.1844818173508
30,121,130.1844836714596,130.1844818173508
30,122,130.1844836714596,130.1844818173508
30,123,130.1844836714596,130.1844818173508
30,124,130.1844836714596,130.1844818173508
30,125,130.1844836714596,130.1844818173508
30,126,130.1844836714596,130.1844818173508
30,127,130.1844836714596,130.1844818173508
30,128,130.1844836714596,130.1844818173508
30,129,130.1844836714596,130.1844818173508
30,130,130.1844836714596,130.1844818173508
30,131,130.1844836714596,130.1844818173508
30,132,130.1844836714596,130.1844818173508
30,133,130.1844836714596,130.1844818173508
30,134,130.1844836714596,130.1844818173508
30,135,130.1844836714596,130.1844818173508
30,136,130.1844836714596,130.1844818173508
30,137,130.1844836714596,130.1844818173508
30,138,130.1844836714596,130.1844818173508
30,139,130.1844836714596,130.1844818173508
30,140,130.1844836714596,130.1844818173508
30,141,130.1844836714596,130.1844818173508
30,142,130.1844836714596,130.1844818173508
30,143,130.1844836714596,130.1844818173508
30,144,130.1844836714596,130.1844818173508
30,145,130.1844836714596,130.1844818173508
30,146,130.1844836714596,130.1844818173508
30,147,130.1844836714596,130.1844818173508
30,148,130.1844836714596,130.1844818173508
30,149,130.1844836714596,130.1844818173508
30,150,130.1844836714596,130.1844818173508
30,151,130.1844836714596,130.1844818173508
30,152,130.1844836714596,130.1844818173508
30,153,130.1844836714596,130.1844818173508
30,154,130.1844836714596,130.1844818173508
30,155,130.1844836714596,130.1844818173508
30,156,130.1844836714596,130.1844818173508
30,157,130.1844836714596,130.1844818173508
30,158,130.1844836714596,130.1844818173508
30,159,130.1844836714596,130.1844818173508
30,160,130.1844836714596,130.1844818173508
30,161,130.1844836714596,130.1844818173508
30,162,130.1844836714596,130.1844818173508
30,163,130.1844836714596,130.1844818173508
30,164,130.1844836714596,130.1844818173508
30,165,130.1844836714596,130.1844818173508
30,166,130.1844836714596,130.1844818173508
30,167,130.1844836714596,130.1844818173508
30,168,130.1844836714596,130.1844818173508
30,169,130.1844836714596,130.1844818173508
30,170,130.1844836714596,130.1844818173508
30,171,130.1844836714596,130.1844818173508
30,172,130.1844836714596,130.1844818173508
30,173,130.1844836714596,130.1844818173508
30,174,130.1844836714596,130.1844818173508
30,175,130.1844836714596,130.1844818173508
30,176,130.1844836714596,130.1844818173508
30,177,130.1844836714596,130.1844818173508
30,178,130.1844836714596,130.1844818173508
30,179,130.1844836714596,130.1844818173508
30,180,130.1844836714596,130.1844818173508
30,181,130.1844836714596,130.1844818173508
30,182,130.1844836714596,130.1844818173508
30,183,130.1844836714596,130.1844818173508
30,184,130.1844836714596,130.1844818173508
30,185,130.1844836714596,130.1844818173508
30,186,130.1844836714596,130.1844818173508
30,187,130.1844836714596,130.1844818173508
30,188,130.1844836714596,130.1844818173508
30,189,130.1844836714596,130.1844818173508
30,190,130.1844836714596,130.1844818173508
30,191,130.1844836714596,130.1844818173508
30,192,130.1844836714596,130.1844818173508
30,193,130.1844836714596,130.1844818173508
30,194,130.1844836714596,130.1844818173508
30,195,130.1844836714596,130.1844818173508
30,196,130.1844836714596,130.1844818173508
30,197,130.1844836714596,130.1844818173508
30,198,130.1844836714596,130.1844818173508
30,199,130.1844836714596,130.1844818173508
30,200,130.1844836714596,130.1844818173508
30,201,130.1844836714596,130.1844818173508
30,202,130.1844836714596,130.1844818173508
30,203,130.1844836714596,130.1844818173508
30,204,130.1844836714596,130.1844818173508
30,205,130.1844836714596,130.1844818173508
30,206,130.1844836714596,130.1844818173508
30,207,130.1844836714596,130.1844818173508
30,208,130.1844836714596,130.1844818173508
30,209,130.1844836714596,130.1844818173508
30,210,130.1844836714596,130.1844818173508
30,211,130.1844836714596,130.1844818173508
30,212,130.1844836714596,130.1844818173508
30,213,130.1844836714596,130.1844818173508
30,214,130.1844836714596,130.1844818173508
30,215,130.1844836714596,130.1844818173508
30,216,130.1844836714596,130.1844818173508
30,217,130.1844836714596,130.1844818173508
30,218,130.1844836714596,130.1844818173508
30,219,130.1844836714596,130.1844818173508
30,220,130.1844836714596,130.1844818173508
30,221,130.1844836714596,130.1844818173508
30,222,130.1844836714596,130.1844818173508
30,223,130.1844836714596,130.1844818173508
30,224,130.1844836714596,130.1844818173508
30,225,130.1844836714596,130.1844818173508
30,226,130.1844836714596,130.1844818173508
30,227,130.1844836714596,130.1844818173508
30,228,130.1844836714596,130.1844818173508
30,229,130.1844836714596,130.1844818173508
30,230,130.1844836714596,130.1844818173508
30,231,130.1844836714596,130.1844818173508
30,232,130.1844836714596,130.1844818173508
30,233,130.1844836714596,130.1844818173508
30,234,130.1844836714596,130.1844818173508
30,235,130.1844836714596,130.1844818173508
30,236,130.1844836714596,130.1844818173508
30,237,130.1844836714596,130.1844818173508
30,238,130.1844836714596,130.1844818173508
30,239,130.1844836714596,130.1844818173508
30,240,130.1844836714596,130.1844818173508
30,241,130.1844836714596,130.1844818173508
30,242,130.1844836714596,130.1844818173508
30,243,130.1844836714596,130.1844818173508
30,244,130.1844836714596,130.1844818173508
30,245,130.1844836714596,130.1844818173508
30,246,130.1844836714596,130.1844818173508
30,247,130.1844836714596,130.1844818173508
30,248,130.1844836714596,130.1844818173508
30,249,130.1844836714596,130.1844818173508
30,250,130.1844836714596,130.1844818173508
30,251,130.1844836714596,130.1844818173508
30,252,130.1844836714596,130.1844818173508
30,253,130.1844836714596,130.1844818173508
30,254,130.1844836714596,130.1844818173508
30,255,130.1844836714596,130.1844818173508
30,256,130.1844836714596,130.1844818173508
30,257,130.1844836714596,130.1844818173508
30,258,130.1844836714596,130.1844818173508
30,259,130.1844836714596,130.1844818173508
30,260,130.1844836714596,130.1844818173508
30,261,130.1844836714596,130.1844818173508
30,262,130.1844836714596,130.1844818173508
30,263,130.1844836714596,130.1844818173508
30,264,130.1844836714596,130.1844818173508
30,265,130.1844836714596,130.1844818173508
30,266,130.1844836714596,130.1844818173508
30,267,130.1844836714596,130.1844818173508
30,268,130.1844836714596,130.1844818173508
30,269,130.1844836714596,130.1844818173508
30,270,130.1844836714596,130.1844818173508
30,271,130.1844836714596,130.1844818173508
30,272,130.1844836714596,130.1844818173508
30,273,130.1844836714596,130.1844818173508
30,274,130.1844836714596,130.1844818173508
30,275,130.1844836714596,130.1844818173508
30,276,130.1844836714596,130.1844818173508
30,277,130.1844836714596,130.1844818173508
30,278,130.1844836714596,130.1844818173508
30,279,130.1844836714596,130.1844818173508
30,280,130.1844836714596,130.1844818173508
30,281,130.1844836714596,130.1844818173508
30,282,130.1844836714596,130.1844818173508
30,283,130.1844836714596,130.1844818173508
30,284,130.1844836714596,130.1844818173508
30,285,130.1844836714596,130.1844818173508
30,286,130.1844836714596,130.1844818173508
30,287,130.1844836714596,130.1844818173508
30,288,130.1844836714596,130.1844818173508
30,289,130.1844836714596,130.1844818173508
30,290,130.1844836714596,130.1844818173508
30,291,130.1844836714596,130.1844818173508
30,292,130.1844836714596,130.1844818173508
30,293,130.1844836714596,130.1844818173508
30,294,130.1844836714596,130.1844818173508
30,295,130.1844836714596,130.1844818173508
30,296,130.1844836714596,130.1844818173508
30,297,130.1844836714596,130.1844818173508
30,298,130.1844836714596,130.1844818173508
30,299,130.1844836714596,130.1844818173508
30,300,130.1844836714596,130.1844818173508
30,301,130.1844836714596,130.1844818173508
30,302,130.1844836714596,130.1844818173508
30,303,130.1844836714596,130.1844818173508
30,304,130.1844836714596,130.1844818173508
30,305,130.1844836714596,130.1844818173508
30,306,130.1844836714596,130.1844818173508
30,307,130.1844836714596,130.1844818173508
30,308,130.1844836714596,130.1844818173508
30,309,130.1844836714596,130.1844818173508
30,310,130.1844836714596,130.1844818173508
30,311,130.1844836714596,130.1844818173508
30,312,130.1844836714596,130.1844818173508
30,313,130.1844836714596,130.1844818173508
30,314,130.1844836714596,130.1844818173508
30,315,130.1844836714596,130.1844818173508
30,316,130.1844836714596,130.1844818173508
30,317,130.1844836714596,130.1844818173508
30,318,130.1844836714596,130.1844818173508
30,319,130.1844836714596,130.1844818173508
30,320,130.1844836714596,130.1844818173508
30,321,130.1844836714596,130.1844818173508
30,322,130.1844836714596,130.1844818173508
30,323,130.1844836714596,130.1844818173508
30,324,130.1844836714596,130.1844818173508
30,325,130.1844836714596,130.1844818173508
30,326,130.1844836714596,130.1844818173508
30,327,130.1844836714596,130.1844818173508
30,328,130.1844836714596,130.1844818173508
30,329,130.1844836714596,130.1844818173508
30,330,130.1844836714596,130.1844818173508
30,331,130.1844836714596,130.1844818173508
30,332,130.1844836714596,130.1844818173508
30,333,130.1844836714596,130.1844818173508
30,334,130.1844836714596,130.1844818173508
30,335,130.1844836714596,130.1844818173508
30,336,130.1844836714596,130.1844818173508
30,337,130.1844836714596,130.1844818173508
30,338,130.1844836714596,130.1844818173508
30,339,130.1844836714596,130.1844818173508
30,340,130.1844836714596,130.1844818173508
30,341,130.1844836714596,130.1844818173508
30,342,130.1844836714596,130.1844818173508
30,343,130.1844836714596,130.1844818173508
30,344,130.1844836714596,130.1844818173508
30,345,130.1844836714596,130.1844818173508
30,346,130.1844836714596,130.1844818173508
30,347,130.1844836714596,130.1844818173508
30,348,130.1844836714596,130.1844818173508
30,349,130.1844836714596,130.1844818173508
30,350,130.1844836714596,130.1844818173508
30,351,130.1844836714596,130.1844818173508
30,352,130.1844836714596,130.1844818173508
30,353,130.1844836714596,130.1844818173508
30,354,130.1844836714596,130.1844818173508
30,355,130.1844836714596,130.1844818173508
30,356,130.1844836714596,130.1844818173508
30,357,130.1844836714596,130.1844818173508
30,358,130.1844836714596,130.1844818173508
30,359,130.1844836714596,130.1844818173508
30,360,130.1844836714596,130.1844818173508
30,361,130.1844836714596,130.1844818173508
30,362,130.1844836714596,130.1844818173508
30,363,130.1844836714596,130.1844818173508
30,364,130.1844836714596,130.1844818173508
30,365,130.1844836714596,130.1844818173508
30,366,130.1844836714596,130.1844818173508
30,367,130.1844836714596,130.1844818173508
30,368,130.1844836714596,130.1844818173508
30,369,130.1844836714596,130.1844818173508
30,370,130.1844836714596,130.1844818173508
30,371,130.1844836714596,130.1844818173508
30,372,130.1844836714596,130.1844818173508
30,373,130.1844836714596,130.1844818173508
30,374,130.1844836714596,130.1844818173508
30,375,130.1844836714596,130.1844818173508
30,376,130.1844836714596,130.1844818173508
30,377,130.1844836714596,130.1844818173508
30,378,130.1844836714596,130.1844818173508
30,379,130.1844836714596,130.1844818173508
30,380,130.1844836714596,130.1844818173508
30,381,130.1844836714596,130.1844818173508
30,382,130.1844836714596,130.1844818173508
30,383,130.1844836714596,130.1844818173508
30,384,130.1844836714596,130.1844818173508
30,385,130.1844836714596,130.1844818173508
30,386,130.1844836714596,130.1844818173508
30,387,130.1844836714596,130.1844818173508
30,388,130.1844836714596,130.1844818173508
30,389,130.1844836714596,130.1844818173508
30,390,130.1844836714596,130.1844818173508
30,391,130.1844836714596,130.1844818173508
30,392,130.1844836714596,130.1844818173508
30,393,130.1844836714596,130.1844818173508
30,394,130.1844836714596,130.1844818173508
30,395,130.1844836714596,130.1844818173508
30,396,130.1844836714596,130.1844818173508
30,397,130.1844836714596,130.1844818173508
30,398,130.1844836714596,130.1844818173508
30,399,130.1844836714596,130.1844818173508
30,400,130.1844836714596,130.1844818173508
30,401,130.1844836714596,130.1844818173508
30,402,130.1844836714596,130.1844818173508
30,403,130.1844836714596,130.1844818173508
30,404,130.1844836714596,130.1844818173508
30,405,130.1844836714596,130.1844818173508
30,406,130.1844836714596,130.1844818173508
30,407,130.1844836714596,130.1844818173508
30,408,130.1844836714596,130.1844818173508
30,409,130.1844836714596,130.1844818173508
30,410,130.1844836714596,130.1844818173508
30,411,130.1844836714596,130.1844818173508
30,412,130.1844836714596,130.1844818173508
30,413,130.1844836714596,130.1844818173508
30,414,130.1844836714596,130.1844818173508
30,415,130.1844836714596,130.1844818173508
30,416,130.1844836714596,130.1844818173508
30,417,130.1844836714596,130.1844818173508
30,418,130.1844836714596,130.1844818173508
30,419,130.1844836714596,130.1844818173508
30,420,130.1844836714596,130.1844818173508
30,421,130.1844836714596,130.1844818173508
30,422,130.1844836714596,130.1844818173508
30,423,130.1844836714596,130.1844818173508
30,424,130.1844836714596,130.1844818173508
30,425,130.1844836714596,130.1844818173508
30,426,130.1844836714596,130.1844818173508
30,427,130.1844836714596,130.1844818173508
30,428,130.1844836714596,130.1844818173508
30,429,130.1844836714596,130.1844818173508
30,430,130.1844836714596,130.1844818173508
30,431,130.1844836714596,130.1844818173508
30,432,130.1844836714596,130.1844818173508
30,433,130.1844836714596,130.1844818173508
30,434,130.1844836714596,130.1844818173508
30,435,130.1844836714596,130.1844818173508
30,436,130.1844836714596,130.1844818173508
30,437,130.1844836714596,130.1844818173508
30,438,130.1844836714596,130.1844818173508
30,439,130.1844836714596,130.1844818173508
30,440,130.1844836714596,130.1844818173508
30,441,130.1844836714596,130.1844818173508
30,442,130.1844836714596,130.1844818173508
30,443,130.1844836714596,130.1844818173508
30,444,130.1844836714596,130.1844818173508
30,445,130.1844836714596,130.1844818173508
30,446,130.1844836714596,130.1844818173508
30,447,130.1844836714596,130.1844818173508
30,448,130.1844836714596,130.1844818173508
30,449,130.1844836714596,130.1844818173508
30,450,130.1844836714596,130.1844818173508
30,451,130.1844836714596,130.1844818173508
30,452,130.1844836714596,130.1844818173508
30,453,130.1844836714596,130.1844818173508
30,454,130.1844836714596,130.1844818173508
30,455,130.1844836714596,130.1844818173508
30,456,130.1844836714596,130.1844818173508
30,457,130.1844836714596,130.1844818173508
30,458,130.1844836714596,130.1844818173508
30,459,130.1844836714596,130.1844818173508
30,460,130.1844836714596,130.1844818173508
30,461,130.1844836714596,130.1844818173508
30,462,130.1844836714596,130.1844818173508
30,463,130.1844836714596,130.1844818173508
30,464,130.1844836714596,130.1844818173508
30,465,130.1844836714596,130.1844818173508
30,466,130.1844836714596,130.1844818173508
30,467,130.1844836714596,130.1844818173508
30,468,130.1844836714596,130.1844818173508
30,469,130.1844836714596,130.1844818173508
30,470,130.1844836714596,130.1844818173508
30,471,130.1844836714596,130.1844818173508
30,472,130.1844836714596,130.1844818173508
30,473,130.1844836714596,130.1844818173508
30,474,130.1844836714596,130.1844818173508
30,475,130.1844836714596,130.1844818173508
30,476,130.1844836714596,130.1844818173508
30,477,130.1844836714596,130.1844818173508
30,478,130.1844836714596,130.1844818173508
30,479,130.1844836714596,130.1844818173508
30,480,130.1844836714596,130.1844818173508
30,481,130.1844836714596,130.1844818173508
30,482,130.1844836714596,130.1844818173508
30,483,130.1844836714596,130.1844818173508
30,484,130.1844836714596,130.1844818173508
30,485,130.1844836714596,130.1844818173508
30,486,130.1844836714596,130.1844818173508
30,487,130.1844836714596,130.1844818173508
30,488,130.1844836714596,130.1844818173508
30,489,130.1844836714596,130.1844818173508
30,490,130.1844836714596,130.1844818173508
30,491,130.1844836714596,130.1844818173508
30,492,130.1844836714596,130.1844818173508
30,493,130.1844836714596,130.1844818173508
30,494,130.1844836714596,130.1844818173508
30,495,130.1844836714596,130.1844818173508
30,496,130.1844836714596,130.1844818173508
30,497,130.1844836714596,130.1844818173508
30,498,130.1844836714596,130.1844818173508
30,499,130.1844836714596,130.1844818173508
30,500,130.1844836714596,130.1844818173508
30,501,130.1844836714596,130.1844818173508
30,502,130.1844836714596,130.1844818173508
30,503,130.1844836714596,130.1844818173508
30,504,130.1844836714596,130.1844818173508
30,505,130.1844836714596,130.1844818173508
30,506,130.1844836714596,130.1844818173508
30,507,130.1844836714596,130.1844818173508
30,508,130.1844836714596,130.1844818173508
30,509,130.1844836714596,130.1844818173508
30,510,130.1844836714596,130.1844818173508
30,511,130.1844836714596,130.1844818173508
30,512,130.1844836714596,130.1844818173508
30,513,130.1844836714596,130.1844818173508
30,514,130.1844836714596,130.1844818173508
30,515,130.1844836714596,130.1844818173508
30,516,130.1844836714596,130.1844818173508
30,517,130.1844836714596,130.1844818173508
30,518,130.1844836714596,130.1844818173508
30,519,130.1844836714596,130.1844818173508
30,520,130.1844836714596,130.1844818173508
30,521,130.1844836714596,130.1844818173508
30,522,130.1844836714596,130.1844818173508
30,523,130.1844836714596,130.1844818173508
30,524,130.1844836714596,130.1844818173508
30,525,130.1844836714596,130.1844818173508
30,526,130.1844836714596,130.1844818173508
30,527,130.1844836714596,130.1844818173508
30,528,130.1844836714596,130.1844818173508
30,529,130.1844836714596,130.1844818173508
30,530,130.1844836714596,130.1844818173508
30,531,130.1844836714596,130.1844818173508
30,532,130.1844836714596,130.1844818173508
30,533,130.1844836714596,130.1844818173508
30,534,130.1844836714596,130.1844818173508
30,535,130.1844836714596,130.1844818173508
30,536,130.1844836714596,130.1844818173508
30,537,130.1844836714596,130.1844818173508
30,538,130.1844836714596,130.1844818173508
30,539,130.1844836714596,130.1844818173508
30,540,130.1844836714596,130.1844818173508
30,541,130.1844836714596,130.1844818173508
30,542,130.1844836714596,130.1844818173508
30,543,130.1844836714596,130.1844818173508
30,544,130.1844836714596,130.1844818173508
30,545,130.1844836714596,130.1844818173508
30,546,130.1844836714596,130.1844818173508
30,547,130.1844836714596,130.1844818173508
30,548,130.1844836714596,130.1844818173508
30,549,130.1844836714596,130.1844818173508
30,550,130.1844836714596,130.1844818173508
30,551,130.1844836714596,130.1844818173508
30,552,130.1844836714596,130.1844818173508
30,553,130.1844836714596,130.1844818173508
30,554,130.1844836714596,130.1844818173508
30,555,130.1844836714596,130.1844818173508
30,556,130.1844836714596,130.1844818173508
30,557,130.1844836714596,130.1844818173508
30,558,130.1844836714596,130.1844818173508
30,559,130.1844836714596,130.1844818173508
30,560,130.1844836714596,130.1844818173508
30,561,130.1844836714596,130.1844818173508
30,562,130.1844836714596,130.1844818173508
30,563,130.1844836714596,130.1844818173508
30,564,130.1844836714596,130.1844818173508
30,565,130.1844836714596,130.1844818173508
30,566,130.1844836714596,130.1844818173508
30,567,130.1844836714596,130.1844818173508
30,568,130.1844836714596,130.1844818173508
30,569,130.1844836714596,130.1844818173508
30,570,130.1844836714596,130.1844818173508
30,571,130.1844836714596,130.1844818173508
30,572,130.1844836714596,130.1844818173508
30,573,130.1844836714596,130.1844818173508
30,574,130.1844836714596,130.1844818173508
30,575,130.1844836714596,130.1844818173508
30,576,130.1844836714596,130.1844818173508
30,577,130.1844836714596,130.1844818173508
30,578,130.1844836714596,130.1844818173508
30,579,130.1844836714596,130.1844818173508
30,580,130.1844836714596,130.1844818173508
30,581,130.1844836714596,130.1844818173508
30,582,130.1844836714596,130.1844818173508
30,583,130.1844836714596,130.1844818173508
30,584,130.1844836714596,130.1844818173508
30,585,130.1844836714596,130.1844818173508
30,586,130.1844836714596,130.1844818173508
30,587,130.1844836714596,130.1844818173508
30,588,130.1844836714596,130.1844818173508
30,589,130.1844836714596,130.1844818173508
30,590,130.1844836714596,130.1844818173508
30,591,130.1844836714596,130.1844818173508
30,592,130.1844836714596,130.1844818173508
30,593,130.1844836714596,130.1844818173508
30,594,130.1844836714596,130.1844818173508
30,595,130.1844836714596,130.1844818173508
30,596,130.1844836714596,130.1844818173508
30,597,130.1844836714596,130.1844818173508
30,598,130.1844836714596,130.1844818173508
30,599,130.1844836714596,130.1844818173508
30,600,130.1844836714596,130.1844818173508
30,601,130.1844836714596,130.1844818173508
30,602,130.1844836714596,130.1844818173508
30,603,130.1844836714596,130.1844818173508
30,604,130.1844836714596,130.1844818173508
30,605,130.1844836714596,130.1844818173508
30,606,130.1844836714596,130.1844818173508
30,607,130.1844836714596,130.1844818173508
30,608,130.1844836714596,130.1844818173508
30,609,130.1844836714596,130.1844818173508
30,610,130.1844836714596,130.1844818173508
30,611,130.1844836714596,130.1844818173508
30,612,130.1844836714596,130.1844818173508
30,613,130.1844836714596,130.1844818173508
30,614,130.1844836714596,130.1844818173508
30,615,130.1844836714596,130.1844818173508
30,616,130.1844836714596,130.1844818173508
30,617,130.1844836714596,130.1844818173508
30,618,130.1844836714596,130.1844818173508
30,619,130.1844836714596,130.1844818173508
30,620,130.1844836714596,130.1844818173508
30,621,130.1844836714596,130.1844818173508
30,622,130.1844836714596,130.1844818173508
30,623,130.1844836714596,130.1844818173508
30,624,130.1844836714596,130.1844818173508
30,625,130.1844836714596,130.1844818173508
30,626,130.1844836714596,130.1844818173508
30,627,130.1844836714596,130.1844818173508
30,628,130.1844836714596,130.1844818173508
30,629,130.1844836714596,130.1844818173508
30,630,130.1844836714596,130.1844818173508
30,631,130.1844836714596,130.1844818173508
30,632,130.1844836714596,130.1844818173508
30,633,130.1844836714596,130.1844818173508
30,634,130.1844836714596,130.1844818173508
30,635,130.1844836714596,130.1844818173508
30,636,130.1844836714596,130.1844818173508
30,637,130.1844836714596,130.1844818173508
30,638,130.1844836714596,130.1844818173508
30,639,130.1844836714596,130.1844818173508
30,640,130.1844836714596,130.1844818173508
30,641,130.1844836714596,130.1844818173508
30,642,130.1844836714596,130.1844818173508
30,643,130.1844836714596,130.1844818173508
30,644,130.1844836714596,130.1844818173508
30,645,130.1844836714596,130.1844818173508
30,646,130.1844836714596,130.1844818173508
30,647,130.1844836714596,130.1844818173508
30,648,130.1844836714596,130.1844818173508
30,649,130.1844836714596,130.1844818173508
30,650,130.1844836714596,130.1844818173508
30,651,130.1844836714596,130.1844818173508
30,652,130.1844836714596,130.1844818173508
30,653,130.1844836714596,130.1844818173508
30,654,130.1844836714596,130.1844818173508
30,655,130.1844836714596,130.1844818173508
30,656,130.1844836714596,130.1844818173508
30,657,130.1844836714596,130.1844818173508
30,658,130.1844836714596,130.1844818173508
30,659,130.1844836714596,130.1844818173508
30,660,130.1844836714596,130.1844818173508
30,661,130.1844836714596,130.1844818173508
30,662,130.1844836714596,130.1844818173508
30,663,130.1844836714596,130.1844818173508
30,664,130.1844836714596,130.1844818173508
30,665,130.1844836714596,130.1844818173508
30,666,130.1844836714596,130.1844818173508
30,667,130.1844836714596,130.1844818173508
30,668,130.1844836714596,130.1844818173508
30,669,130.1844836714596,130.1844818173508
30,670,130.1844836714596,130.1844818173508
30,671,130.1844836714596,130.1844818173508
30,672,130.1844836714596,130.1844818173508
30,673,130.1844836714596,130.1844818173508
30,674,130.1844836714596,130.1844818173508
30,675,130.1844836714596,130.1844818173508
30,676,130.1844836714596,130.1844818173508
30,677,130.1844836714596,130.1844818173508
30,678,130.1844836714596,130.1844818173508
30,679,130.1844836714596,130.1844818173508
30,680,130.1844836714596,130.1844818173508
30,681,130.1844836714596,130.1844818173508
30,682,130.1844836714596,130.1844818173508
30,683,130.1844836714596,130.1844818173508
30,684,130.1844836714596,130.1844818173508
30,685,130.1844836714596,130.1844818173508
30,686,130.1844836714596,130.1844818173508
30,687,130.1844836714596,130.1844818173508
30,688,130.1844836714596,130.1844818173508
30,689,130.1844836714596,130.1844818173508
30,690,130.1844836714596,130.1844818173508
30,691,130.1844836714596,130.1844818173508
30,692,130.1844836714596,130.1844818173508
30,693,130.1844836714596,130.1844818173508
30,694,130.1844836714596,130.1844818173508
30,695,130.1844836714596,130.1844818173508
30,696,130.1844836714596,130.1844818173508
30,697,130.1844836714596,130.1844818173508
30,698,130.1844836714596,130.1844818173508
30,699,130.1844836714596,130.1844818173508
30,700,130.1844836714596,130.1844818173508
30,701,130.1844836714596,130.1844818173508
30,702,130.1844836714596,130.1844818173508
30,703,130.1844836714596,130.1844818173508
30,704,130.1844836714596,130.1844818173508
30,705,130.1844836714596,130.1844818173508
30,706,130.1844836714596,130.1844818173508
30,707,130.1844836714596,130.1844818173508
30,708,130.1844836714596,130.1844818173508
30,709,130.1844836714596,130.1844818173508
30,710,130.1844836714596,130.1844818173508
30,711,130.1844836714596,130.1844818173508
30,712,130.1844836714596,130.1844818173508
30,713,130.1844836714596,130.1844818173508
30,714,130.1844836714596,130.1844818173508
30,715,130.1844836714596,130.1844818173508
30,716,130.1844836714596,130.1844818173508
30,717,130.1844836714596,130.1844818173508
30,718,130.1844836714596,130.1844818173508
30,719,130.1844836714596,130.1844818173508
30,720,130.1844836714596,130.1844818173508
30,721,130.1844836714596,130.1844818173508
30,722,130.1844836714596,130.1844818173508
30,723,130.1844836714596,130.1844818173508
30,724,130.1844836714596,130.1844818173508
30,725,130.1844836714596,130.1844818173508
30,726,130.1844836714596,130.1844818173508
30,727,130.1844836714596,130.1844818173508
30,728,130.1844836714596,130.1844818173508
30,729,130.1844836714596,130.1844818173508
30,730,130.1844836714596,130.1844818173508
30,731,130.1844836714596,130.1844818173508
30,732,130.1844836714596,130.1844818173508
30,733,130.1844836714596,130.1844818173508
30,734,130.1844836714596,130.1844818173508
30,735,130.1844836714596,130.1844818173508
30,736,130.1844836714596,130.1844818173508
30,737,130.1844836714596,130.1844818173508
30,738,130.1844836714596,130.1844818173508
30,739,130.1844836714596,130.1844818173508
30,740,130.1844836714596,130.1844818173508
30,741,130.1844836714596,130.1844818173508
30,742,130.1844836714596,130.1844818173508
30,743,130.1844836714596,130.1844818173508
30,744,130.1844836714596,130.1844818173508
30,745,130.1844836714596,130.1844818173508
30,746,130.1844836714596,130.1844818173508
30,747,130.1844836714596,130.1844818173508
30,748,130.1844836714596,130.1844818173508
30,749,130.1844836714596,130.1844818173508
30,750,130.1844836714596,130.1844818173508
30,751,130.1844836714596,130.1844818173508
30,752,130.1844836714596,130.1844818173508
30,753,130.1844836714596,130.1844818173508
30,754,130.1844836714596,130.1844818173508
30,755,130.1844836714596,130.1844818173508
30,756,130.1844836714596,130.1844818173508
30,757,130.1844836714596,130.1844818173508
30,758,130.1844836714596,130.1844818173508
30,759,130.1844836714596,130.1844818173508
30,760,130.1844836714596,130.1844818173508
30,761,130.1844836714596,130.1844818173508
30,762,130.1844836714596,130.1844818173508
30,763,130.1844836714596,130.1844818173508
30,764,130.1844836714596,130.1844818173508
30,765,130.1844836714596,130.1844818173508
30,766,130.1844836714596,130.1844818173508
30,767,130.1844836714596,130.1844818173508
30,768,130.1844836714596,130.1844818173508
30,769,130.1844836714596,130.1844818173508
30,770,130.1844836714596,130.1844818173508
30,771,130.1844836714596,130.1844818173508
30,772,130.1844836714596,130.1844818173508
30,773,130.1844836714596,130.1844818173508
30,774,130.1844836714596,130.1844818173508
30,775,130.1844836714596,130.1844818173508
30,776,130.1844836714596,130.1844818173508
30,777,130.1844836714596,130.1844818173508
30,778,130.1844836714596,130.1844818173508
30,779,130.1844836714596,130.1844818173508
30,780,130.1844836714596,130.1844818173508
30,781,130.1844836714596,130.1844818173508
30,782,130.1844836714596,130.1844818173508
30,783,130.1844836714596,130.1844818173508
30,784,130.1844836714596,130.1844818173508
30,785,130.1844836714596,130.1844818173508
30,786,130.1844836714596,130.1844818173508
30,787,130.1844836714596,130.1844818173508
30,788,130.1844836714596,130.1844818173508
30,789,130.1844836714596,130.1844818173508
30,790,130.1844836714596,130.1844818173508
30,791,130.1844836714596,130.1844818173508
30,792,130.1844836714596,130.1844818173508
30,793,130.1844836714596,130.1844818173508
30,794,130.1844836714596,130.1844818173508
30,795,130.1844836714596,130.1844818173508
30,796,130.1844836714596,130.1844818173508
30,797,130.1844836714596,130.1844818173508
30,798,130.1844836714596,130.1844818173508
30,799,130.1844836714596,130.1844818173508
30,800,130.1844836714596,130.1844818173508
30,801,130.1844836714596,130.1844818173508
30,802,130.1844836714596,130.1844818173508
30,803,130.1844836714596,130.1844818173508
30,804,130.1844836714596,130.1844818173508
30,805,130.1844836714596,130.1844818173508
30,806,130.1844836714596,130.1844818173508
30,807,130.1844836714596,130.1844818173508
30,808,130.1844836714596,130.1844818173508
30,809,130.1844836714596,130.1844818173508
30,810,130.1844836714596,130.1844818173508
30,811,130.1844836714596,130.1844818173508
30,812,130.1844836714596,130.1844818173508
30,813,130.1844836714596,130.1844818173508
30,814,130.1844836714596,130.1844818173508
30,815,130.1844836714596,130.1844818173508
30,816,130.1844836714596,130.1844818173508
30,817,130.1844836714596,130.1844818173508
30,818,130.1844836714596,130.1844818173508
30,819,130.1844836714596,130.1844818173508
30,820,130.1844836714596,130.1844818173508
30,821,130.1844836714596,130.1844818173508
30,822,130.1844836714596,130.1844818173508
30,823,130.1844836714596,130.1844818173508
30,824,130.1844836714596,130.1844818173508
30,825,130.1844836714596,130.1844818173508
30,826,130.1844836714596,130.1844818173508
30,827,130.1844836714596,130.1844818173508
30,828,130.1844836714596,130.1844818173508
30,829,130.1844836714596,130.1844818173508
30,830,130.1844836714596,130.1844818173508
30,831,130.1844836714596,130.1844818173508
30,832,130.1844836714596,130.1844818173508
30,833,130.1844836714596,130.1844818173508
30,834,130.1844836714596,130.1844818173508
30,835,130.1844836714596,130.1844818173508
30,836,130.1844836714596,130.1844818173508
30,837,130.1844836714596,130.1844818173508
30,838,130.1844836714596,130.1844818173508
30,839,130.1844836714596,130.1844818173508
30,840,130.1844836714596,130.1844818173508
30,841,130.1844836714596,130.1844818173508
30,842,130.1844836714596,130.1844818173508
30,843,130.1844836714596,130.1844818173508
30,844,130.1844836714596,130.1844818173508
30,845,130.1844836714596,130.1844818173508
30,846,130.1844836714596,130.1844818173508
30,847,130.1844836714596,130.1844818173508
30,848,130.1844836714596,130.1844818173508
30,849,130.1844836714596,130.1844818173508
30,850,130.1844836714596,130.1844818173508
30,851,130.1844836714596,130.1844818173508
30,852,130.1844836714596,130.1844818173508
30,853,130.1844836714596,130.1844818173508
30,854,130.1844836714596,130.1844818173508
30,855,130.1844836714596,130.1844818173508
30,856,130.1844836714596,130.1844818173508
30,857,130.1844836714596,130.1844818173508
30,858,130.1844836714596,130.1844818173508
30,859,130.1844836714596,130.1844818173508
30,860,130.1844836714596,130.1844818173508
30,861,130.1844836714596,130.1844818173508
30,862,130.1844836714596,130.1844818173508
30,863,130.1844836714596,130.1844818173508
30,864,130.1844836714596,130.1844818173508
30,865,130.1844836714596,130.1844818173508
30,866,130.1844836714596,130.1844818173508
30,867,130.1844836714596,130.1844818173508
30,868,130.1844836714596,130.1844818173508
30,869,130.1844836714596,130.1844818173508
30,870,130.1844836714596,130.1844818173508
30,871,130.1844836714596,130.1844818173508
30,872,130.1844836714596,130.1844818173508
30,873,130.1844836714596,130.1844818173508
30,874,130.1844836714596,130.1844818173508
30,875,130.1844836714596,130.1844818173508
30,876,130.1844836714596,130.1844818173508
30,877,130.1844836714596,130.1844818173508
30,878,130.1844836714596,130.1844818173508
30,879,130.1844836714596,130.1844818173508
30,880,130.1844836714596,130.1844818173508
30,881,130.1844836714596,130.1844818173508
30,882,130.1844836714596,130.1844818173508
30,883,130.1844836714596,130.1844818173508
30,884,130.1844836714596,130.1844818173508
30,885,130.1844836714596,130.1844818173508
30,886,130.1844836714596,130.1844818173508
30,887,130.1844836714596,130.1844818173508
30,888,130.1844836714596,130.1844818173508
30,889,130.1844836714596,130.1844818173508
30,890,130.1844836714596,130.1844818173508
30,891,130.1844836714596,130.1844818173508
30,892,130.1844836714596,130.1844818173508
30,893,130.1844836714596,130.1844818173508
30,894,130.1844836714596,130.1844818173508
30,895,130.1844836714596,130.1844818173508
30,896,130.1844836714596,130.1844818173508
30,897,130.1844836714596,130.1844818173508
30,898,130.1844836714596,130.1844818173508
30,899,130.1844836714596,130.1844818173508
30,900,130.1844836714596,130.1844818173508
30,901,130.1844836714596,130.1844818173508
30,902,130.1844836714596,130.1844818173508
30,903,130.1844836714596,130.1844818173508
30,904,130.1844836714596,130.1844818173508
30,905,130.1844836714596,130.1844818173508
30,906,130.1844836714596,130.1844818173508
30,907,130.1844836714596,130.1844818173508
30,908,130.1844836714596,130.1844818173508
30,909,130.1844836714596,130.1844818173508
30,910,130.1844836714596,130.1844818173508
30,911,130.1844836714596,130.1844818173508
30,912,130.1844836714596,130.1844818173508
30,913,130.1844836714596,130.1844818173508
30,914,130.1844836714596,130.1844818173508
30,915,130.1844836714596,130.1844818173508
30,916,130.1844836714596,130.1844818173508
30,917,130.1844836714596,130.1844818173508
30,918,130.1844836714596,130.1844818173508
30,919,130.1844836714596,130.1844818173508
30,920,130.1844836714596,130.1844818173508
30,921,130.1844836714596,130.1844818173508
30,922,130.1844836714596,130.1844818173508
30,923,130.1844836714596,130.1844818173508
30,924,130.1844836714596,130.1844818173508
30,925,130.1844836714596,130.1844818173508
30,926,130.1844836714596,130.1844818173508
30,927,130.1844836714596,130.1844818173508
30,928,130.1844836714596,130.1844818173508
30,929,130.1844836714596,130.1844818173508
30,930,130.1844836714596,130.1844818173508
30,931,130.1844836714596,130.1844818173508
30,932,130.1844836714596,130.1844818173508
30,933,130.1844836714596,130.1844818173508
30,934,130.1844836714596,130.1844818173508
30,935,130.1844836714596,130.1844818173508
30,936,130.1844836714596,130.1844818173508
30,937,130.1844836714596,130.1844818173508
30,938,130.1844836714596,130.1844818173508
30,939,130.1844836714596,130.1844818173508
30,940,130.1844836714596,130.1844818173508
30,941,130.1844836714596,130.1844818173508
30,942,130.1844836714596,130.1844818173508
30,943,130.1844836714596,130.1844818173508
30,944,130.1844836714596,130.1844818173508
30,945,130.1844836714596,130.1844818173508
30,946,130.1844836714596,130.1844818173508
30,947,130.1844836714596,130.1844818173508
30,948,130.1844836714596,130.1844818173508
30,949,130.1844836714596,130.1844818173508
30,950,130.1844836714596,130.1844818173508
30,951,130.1844836714596,130.1844818173508
30,952,130.1844836714596,130.1844818173508
30,953,130.1844836714596,130.1844818173508
30,954,130.1844836714596,130.1844818173508
30,955,130.1844836714596,130.1844818173508
30,956,130.1844836714596,130.1844818173508
30,957,130.1844836714596,130.1844818173508
30,958,130.1844836714596,130.1844818173508
30,959,130.1844836714596,130.1844818173508
30,960,130.1844836714596,130.1844818173508
30,961,130.1844836714596,130.1844818173508
30,962,130.1844836714596,130.1844818173508
30,963,130.1844836714596,130.1844818173508
30,964,130.1844836714596,130.1844818173508
30,965,130.1844836714596,130.1844818173508
30,966,130.1844836714596,130.1844818173508
30,967,130.1844836714596,130.1844818173508
30,968,130.1844836714596,130.1844818173508
30,969,130.1844836714596,130.1844818173508
30,970,130.1844836714596,130.1844818173508
30,971,130.1844836714596,130.1844818173508
30,972,130.1844836714596,130.1844818173508
30,973,130.1844836714596,130.1844818173508
30,974,130.1844836714596,130.1844818173508
30,975,130.1844836714596,130.1844818173508
30,976,130.1844836714596,130.1844818173508
30,977,130.1844836714596,130.1844818173508
30,978,130.1844836714596,130.1844818173508
30,979,130.1844836714596,130.1844818173508
30,980,130.1844836714596,130.1844818173508
30,981,130.1844836714596,130.1844818173508
30,982,130.1844836714596,130.1844818173508
30,983,130.1844836714596,130.1844818173508
30,984,130.1844836714596,130.1844818173508
30,985,130.1844836714596,130.1844818173508
30,986,130.1844836714596,130.1844818173508
30,987,130.1844836714596,130.1844818173508
30,988,130.1844836714596,130.1844818173508
30,989,130.1844836714596,130.1844818173508
30,990,130.1844836714596,130.1844818173508
30,991,130.1844836714596,130.1844818173508
30,992,130.1844836714596,130.1844818173508
30,993,130.1844836714596,130.1844818173508
30,994,130.1844836714596,130.1844818173508
30,995,130.1844836714596,130.1844818173508
30,996,130.1844836714596,130.1844818173508
30,997,130.1844836714596,130.1844818173508
30,998,130.1844836714596,130.1844818173508
30,999,130.1844836714596,130.1844818173508
30,1000,130.1844836714596,130.1844818173508
30,1001,130.1844836714596,130.1844818173508
30,1002,130.1844836714596,130.1844818173508
30,1003,130.1844836714596,130.1844818173508
30,1004,130.1844836714596,130.1844818173508
30,1005,130.1844836714596,130.1844818173508
30,1006,130.1844836714596,130.1844818173508
30,1007,130.1844836714596,130.1844818173508
30,1008,130.1844836714596,130.1844818173508
30,1009,130.1844836714596,130.1844818173508
30,1010,130.1844836714596,130.1844818173508
30,1011,130.1844836714596,130.1844818173508
30,1012,130.1844836714596,130.1844818173508
30,1013,130.1844836714596,130.1844818173508
30,1014,130.1844836714596,130.1844818173508
30,1015,130.1844836714596,130.1844818173508
30,1016,130.1844836714596,130.1844818173508
30,1017,130.1844836714596,130.1844818173508
30,1018,130.1844836714596,130.1844818173508
30,1019,130.1844836714596,130.1844818173508
30,1020,130.1844836714596,130.1844818173508
30,1021,130.1844836714596,130.1844818173508
30,1022,130.1844836714596,130.1844818173508
30,1023,130.1844836714596,130.1844818173508
30,1024,130.1844836714596,130.1844818173508
30,1025,130.1844836714596,130.1844818173508
30,1026,130.1844836714596,130.1844818173508
30,1027,130.1844836714596,130.1844818173508
30,1028,130.1844836714596,130.1844818173508
30,1029,130.1844836714596,130.1844818173508
30,1030,130.1844836714596,130.1844818173508
30,1031,130.1844836714596,130.1844818173508
30,1032,130.1844836714596,130.1844818173508
30,1033,130.1844836714596,130.1844818173508
30,1034,130.1844836714596,130.1844818173508
30,1035,130.1844836714596,130.1844818173508
30,1036,130.1844836714596,130.1844818173508
30,1037,130.1844836714596,130.1844818173508
30,1038,130.1844836714596,130.1844818173508
30,1039,130.1844836714596,130.1844818173508
30,1040,130.1844836714596,130.1844818173508
30,1041,130.1844836714596,130.1844818173508
30,1042,130.1844836714596,130.1844818173508
30,1043,130.1844836714596,130.1844818173508
30,1044,130.1844836714596,130.1844818173508
30,1045,130.1844836714596,130.1844818173508
30,1046,130.1844836714596,130.1844818173508
30,1047,130.1844836714596,130.1844818173508
30,1048,130.1844836714596,130.1844818173508
30,1049,130.1844836714596,130.1844818173508
30,1050,130.1844836714596,130.1844818173508
30,1051,130.1844836714596,130.1844818173508
30,1052,130.1844836714596,130.1844818173508
30,1053,130.1844836714596,130.1844818173508
30,1054,130.1844836714596,130.1844818173508
30,1055,130.1844836714596,130.1844818173508
30,1056,130.1844836714596,130.1844818173508
30,1057,130.1844836714596,130.1844818173508
30,1058,130.1844836714596,130.1844818173508
30,1059,130.1844836714596,130.1844818173508
30,1060,130.1844836714596,130.1844818173508
30,1061,130.1844836714596,130.1844818173508
30,1062,130.1844836714596,130.1844818173508
30,1063,130.1844836714596,130.1844818173508
30,1064,130.1844836714596,130.1844818173508
30,1065,130.1844836714596,130.1844818173508
30,1066,130.1844836714596,130.1844818173508
30,1067,130.1844836714596,130.1844818173508
30,1068,130.1844836714596,130.1844818173508
30,1069,130.1844836714596,130.1844818173508
30,1070,130.1844836714596,130.1844818173508
30,1071,130.1844836714596,130.1844818173508
30,1072,130.1844836714596,130.1844818173508
30,1073,130.1844836714596,130.1844818173508
30,1074,130.1844836714596,130.1844818173508
30,1075,130.1844836714596,130.1844818173508
30,1076,130.1844836714596,130.1844818173508
30,1077,130.1844836714596,130.1844818173508
30,1078,130.1844836714596,130.1844818173508
30,1079,130.1844836714596,130.1844818173508
30,1080,130.1844836714596,130.1844818173508
30,1081,130.1844836714596,130.1844818173508
30,1082,130.1844836714596,130.1844818173508
30,1083,130.1844836714596,130.1844818173508
30,1084,130.1844836714596,130.1844818173508
30,1085,130.1844836714596,130.1844818173508
30,1086,130.1844836714596,130.1844818173508
30,1087,130.1844836714596,130.1844818173508
30,1088,130.1844836714596,130.1844818173508
30,1089,130.1844836714596,130.1844818173508
30,1090,130.1844836714596,130.1844818173508
30,1091,130.1844836714596,130.1844818173508
30,1092,130.1844836714596,130.1844818173508
30,1093,130.1844836714596,130.1844818173508
30,1094,130.1844836714596,130.1844818173508
30,1095,130.1844836714596,130.1844818173508
30,1096,130.1844836714596,130.1844818173508
30,1097,130.1844836714596,130.1844818173508
30,1098,130.1844836714596,130.1844818173508
30,1099,130.1844836714596,130.1844818173508
30,1100,130.1844836714596,130.1844818173508
30,1101,130.1844836714596,130.1844818173508
30,1102,130.1844836714596,130.1844818173508
30,1103,130.1844836714596,130.1844818173508
30,1104,130.1844836714596,130.1844818173508
30,1105,130.1844836714596,130.1844818173508
30,1106,130.1844836714596,130.1844818173508
30,1107,130.1844836714596,130.1844818173508
30,1108,130.1844836714596,130.1844818173508
30,1109,130.1844836714596,130.1844818173508
30,1110,130.1844836714596,130.1844818173508
30,1111,130.1844836714596,130.1844818173508
30,1112,130.1844836714596,130.1844818173508
30,1113,130.1844836714596,130.1844818173508
30,1114,130.1844836714596,130.1844818173508
30,1115,130.1844836714596,130.1844818173508
30,1116,130.1844836714596,130.1844818173508
30,1117,130.1844836714596,130.1844818173508
30,1118,130.1844836714596,130.1844818173508
30,1119,130.1844836714596,130.1844818173508
30,1120,130.1844836714596,130.1844818173508
30,1121,130.1844836714596,130.1844818173508
30,1122,130.1844836714596,130.1844818173508
30,1123,130.1844836714596,130.1844818173508
30,1124,130.1844836714596,130.1844818173508
30,1125,130.1844836714596,130.1844818173508
30,1126,130.1844836714596,130.1844818173508
30,1127,130.1844836714596,130.1844818173508
30,1128,130.1844836714596,130.1844818173508
30,1129,130.1844836714596,130.1844818173508
30,1130,130.1844836714596,130.1844818173508
30,1131,130.1844836714596,130.1844818173508
30,1132,130.1844836714596,130.1844818173508
30,1133,130.1844836714596,130.1844818173508
30,1134,130.1844836714596,130.1844818173508
30,1135,130.1844836714596,130.1844818173508
30,1136,130.1844836714596,130.1844818173508
30,1137,130.1844836714596,130.1844818173508
30,1138,130.1844836714596,130.1844818173508
30,1139,130.1844836714596,130.1844818173508
30,1140,130.1844836714596,130.1844818173508
30,1141,130.1844836714596,130.1844818173508
30,1142,130.1844836714596,130.1844818173508
30,1143,130.1844836714596,130.1844818173508
30,1144,130.1844836714596,130.1844818173508
30,1145,130.1844836714596,130.1844818173508
30,1146,130.1844836714596,130.1844818173508
30,1147,130.1844836714596,130.1844818173508
30,1148,130.1844836714596,130.1844818173508
30,1149,130.1844836714596,130.1844818173508
30,1150,130.1844836714596,130.1844818173508
30,1151,130.1844836714596,130.1844818173508
30,1152,130.1844836714596,130.1844818173508
30,1153,130.1844836714596,130.1844818173508
30,1154,130.1844836714596,130.1844818173508
30,1155,130.1844836714596,130.1844818173508
30,1156,130.1844836714596,130.1844818173508
30,1157,130.1844836714596,130.1844818173508
30,1158,130.1844836714596,130.1844818173508
30,1159,130.1844836714596,130.1844818173508
30,1160,130.1844836714596,130.1844818173508
30,1161,130.1844836714596,130.1844818173508
30,1162,130.1844836714596,130.1844818173508
30,1163,130.1844836714596,130.1844818173508
30,1164,130.1844836714596,130.1844818173508
30,1165,130.1844836714596,130.1844818173508
30,1166,130.1844836714596,130.1844818173508
30,1167,130.1844836714596,130.1844818173508
30,1168,130.1844836714596,130.1844818173508
30,1169,130.1844836714596,130.1844818173508
30,1170,130.1844836714596,130.1844818173508
30,1171,130.1844836714596,130.1844818173508
30,1172,130.1844836714596,130.1844818173508
30,1173,130.1844836714596,130.1844818173508
30,1174,130.1844836714596,130.1844818173508
30,1175,130.1844836714596,130.1844818173508
30,1176,130.1844836714596,130.1844818173508
30,1177,130.1844836714596,130.1844818173508
30,1178,130.1844836714596,130.1844818173508
30,1179,130.1844836714596,130.1844818173508
30,1180,130.1844836714596,130.1844818173508
30,1181,130.1844836714596,130.1844818173508
30,1182,130.1844836714596,130.1844818173508
30,1183,130.1844836714596,130.1844818173508
30,1184,130.1844836714596,130.1844818173508
30,1185,130.1844836714596,130.1844818173508
30,1186,130.1844836714596,130.1844818173508
30,1187,130.1844836714596,130.1844818173508
30,1188,130.1844836714596,130.1844818173508
30,1189,130.1844836714596,130.1844818173508
30,1190,130.1844836714596,130.1844818173508
30,1191,130.1844836714596,130.1844818173508
30,1192,130.1844836714596,130.1844818173508
30,1193,130.1844836714596,130.1844818173508
30,1194,130.1844836714596,130.1844818173508
30,1195,130.1844836714596,130.1844818173508
30,1196,130.1844836714596,130.1844818173508
30,1197,130.1844836714596,130.1844818173508
30,1198,130.1844836714596,130.1844818173508
30,1199,130.1844836714596,130.1844818173508
30,1200,130.1844836714596,130.1844818173508
30,1201,130.1844836714596,130.1844818173508
30,1202,130.1844836714596,130.1844818173508
30,1203,130.1844836714596,130.1844818173508
30,1204,130.1844836714596,130.1844818173508
30,1205,130.1844836714596,130.1844818173508
30,1206,130.1844836714596,130.1844818173508
30,1207,130.1844836714596,130.1844818173508
30,1208,130.1844836714596,130.1844818173508
30,1209,130.1844836714596,130.1844818173508
30,1210,130.1844836714596,130.1844818173508
30,1211,130.1844836714596,130.1844818173508
30,1212,130.1844836714596,130.1844818173508
30,1213,130.1844836714596,130.1844818173508
30,1214,130.1844836714596,130.1844818173508
30,1215,130.1844836714596,130.1844818173508
30,1216,130.1844836714596,130.1844818173508
30,1217,130.1844836714596,130.1844818173508
30,1218,130.1844836714596,130.1844818173508
30,1219,130.1844836714596,130.1844818173508
30,1220,130.1844836714596,130.1844818173508
30,1221,130.1844836714596,130.1844818173508
30,1222,130.1844836714596,130.1844818173508
30,1223,130.1844836714596,130.1844818173508
30,1224,130.1844836714596,130.1844818173508
30,1225,130.1844836714596,130.1844818173508
30,1226,130.1844836714596,130.1844818173508
30,1227,130.1844836714596,130.1844818173508
30,1228,130.1844836714596,130.1844818173508
30,1229,130.1844836714596,130.1844818173508
30,1230,130.1844836714596,130.1844818173508
30,1231,130.1844836714596,130.1844818173508
30,1232,130.1844836714596,130.1844818173508
30,1233,130.1844836714596,130.1844818173508
30,1234,130.1844836714596,130.1844818173508
30,1235,130.1844836714596,130.1844818173508
30,1236,130.1844836714596,130.1844818173508
30,1237,130.1844836714596,130.1844818173508
30,1238,130.1844836714596,130.1844818173508
30,1239,130.1844836714596,130.1844818173508
30,1240,130.1844836714596,130.1844818173508
30,1241,130.1844836714596,130.1844818173508
30,1242,130.1844836714596,130.1844818173508
30,1243,130.1844836714596,130.1844818173508
30,1244,130.1844836714596,130.1844818173508
30,1245,130.1844836714596,130.1844818173508
30,1246,130.1844836714596,130.1844818173508
30,1247,130.1844836714596,130.1844818173508
30,1248,130.1844836714596,130.1844818173508
30,1249,130.1844836714596,130.1844818173508
30,1250,130.1844836714596,130.1844818173508
30,1251,130.1844836714596,130.1844818173508
30,1252,130.1844836714596,130.1844818173508
30,1253,130.1844836714596,130.1844818173508
30,1254,130.1844836714596,130.1844818173508
30,1255,130.1844836714596,130.1844818173508
30,1256,130.1844836714596,130.1844818173508
30,1257,130.1844836714596,130.1844818173508
30,1258,130.1844836714596,130.1844818173508
30,1259,130.1844836714596,130.1844818173508
30,1260,130.1844836714596,130.1844818173508
30,1261,130.1844836714596,130.1844818173508
30,1262,130.1844836714596,130.1844818173508
30,1263,130.1844836714596,130.1844818173508
30,1264,130.1844836714596,130.1844818173508
30,1265,130.1844836714596,130.1844818173508
30,1266,130.1844836714596,130.1844818173508
30,1267,130.1844836714596,130.1844818173508
30,1268,130.1844836714596,130.1844818173508
30,1269,130.1844836714596,130.1844818173508
30,1270,130.1844836714596,130.1844818173508
30,1271,130.1844836714596,130.1844818173508
30,1272,130.1844836714596,130.1844818173508
30,1273,130.1844836714596,130.1844818173508
30,1274,130.1844836714596,130.1844818173508
30,1275,130.1844836714596,130.1844818173508
30,1276,130.1844836714596,130.1844818173508
30,1277,130.1844836714596,130.1844818173508
30,1278,130.1844836714596,130.1844818173508
30,1279,130.1844836714596,130.1844818173508
30,1280,130.1844836714596,130.1844818173508
30,1281,130.1844836714596,130.1844818173508
30,1282,130.1844836714596,130.1844818173508
30,1283,130.1844836714596,130.1844818173508
30,1284,130.1844836714596,130.1844818173508
30,1285,130.1844836714596,130.1844818173508
30,1286,130.1844836714596,130.1844818173508
30,1287,130.1844836714596,130.1844818173508
30,1288,130.1844836714596,130.1844818173508
30,1289,130.1844836714596,130.1844818173508
30,1290,130.1844836714596,130.1844818173508
30,1291,130.1844836714596,130.1844818173508
30,1292,130.1844836714596,130.1844818173508
30,1293,130.1844836714596,130.1844818173508
30,1294,130.1844836714596,130.1844818173508
30,1295,130.1844836714596,130.1844818173508
30,1296,130.1844836714596,130.1844818173508
30,1297,130.1844836714596,130.1844818173508
30,1298,130.1844836714596,130.1844818173508
30,1299,130.1844836714596,130.1844818173508
30,1300,130.1844836714596,130.1844818173508
30,1301,130.1844836714596,130.1844818173508
30,1302,130.1844836714596,130.1844818173508
30,1303,130.1844836714596,130.1844818173508
30,1304,130.1844836714596,130.1844818173508
30,1305,130.1844836714596,130.1844818173508
30,1306,130.1844836714596,130.1844818173508
30,1307,130.1844836714596,130.1844818173508
30,1308,130.1844836714596,130.1844818173508
30,1309,130.1844836714596,130.1844818173508
30,1310,130.1844836714596,130.1844818173508
30,1311,130.1844836714596,130.1844818173508
30,1312,130.1844836714596,130.1844818173508
30,1313,130.1844836714596,130.1844818173508
30,1314,130.1844836714596,130.1844818173508
30,1315,130.1844836714596,130.1844818173508
30,1316,130.1844836714596,130.1844818173508
30,1317,130.1844836714596,130.1844818173508
30,1318,130.1844836714596,130.1844818173508
30,1319,130.1844836714596,130.1844818173508
30,1320,130.1844836714596,130.1844818173508
30,1321,130.1844836714596,130.1844818173508
30,1322,130.1844836714596,130.1844818173508
30,1323,130.1844836714596,130.1844818173508
30,1324,130.1844836714596,130.1844818173508
30,1325,130.1844836714596,130.1844818173508
30,1326,130.1844836714596,130.1844818173508
30,1327,130.1844836714596,130.1844818173508
30,1328,130.1844836714596,130.1844818173508
30,1329,130.1844836714596,130.1844818173508
30,1330,130.1844836714596,130.1844818173508
30,1331,130.1844836714596,130.1844818173508
30,1332,130.1844836714596,130.1844818173508
30,1333,130.1844836714596,130.1844818173508
30,1334,130.1844836714596,130.1844818173508
30,1335,130.1844836714596,130.1844818173508
30,1336,130.1844836714596,130.1844818173508
30,1337,130.1844836714596,130.1844818173508
30,1338,130.1844836714596,130.1844818173508
30,1339,130.1844836714596,130.1844818173508
30,1340,130.1844836714596,130.1844818173508
30,1341,130.1844836714596,130.1844818173508
30,1342,130.1844836714596,130.1844818173508
30,1343,130.1844836714596,130.1844818173508
30,1344,130.1844836714596,130.1844818173508
30,1345,130.1844836714596,130.1844818173508
30,1346,130.1844836714596,130.1844818173508
30,1347,130.1844836714596,130.1844818173508
30,1348,130.1844836714596,130.1844818173508
30,1349,130.1844836714596,130.1844818173508
30,1350,130.1844836714596,130.1844818173508
30,1351,130.1844836714596,130.1844818173508
30,1352,130.1844836714596,130.1844818173508
30,1353,130.1844836714596,130.1844818173508
30,1354,130.1844836714596,130.1844818173508
30,1355,130.1844836714596,130.1844818173508
30,1356,130.1844836714596,130.1844818173508
30,1357,130.1844836714596,130.1844818173508
30,1358,130.1844836714596,130.1844818173508
30,1359,130.1844836714596,130.1844818173508
30,1360,130.1844836714596,130.1844818173508
30,1361,130.1844836714596,130.1844818173508
30,1362,130.1844836714596,130.1844818173508
30,1363,130.1844836714596,130.1844818173508
30,1364,130.1844836714596,130.1844818173508
30,1365,130.1844836714596,130.1844818173508
30,1366,130.1844836714596,130.1844818173508
30,1367,130.1844836714596,130.1844818173508
30,1368,130.1844836714596,130.1844818173508
30,1369,130.1844836714596,130.1844818173508
30,1370,130.1844836714596,130.1844818173508
30,1371,130.1844836714596,130.1844818173508
30,1372,130.1844836714596,130.1844818173508
30,1373,130.1844836714596,130.1844818173508
30,1374,130.1844836714596,130.1844818173508
30,1375,130.1844836714596,130.1844818173508
30,1376,130.1844836714596,130.1844818173508
30,1377,130.1844836714596,130.1844818173508
30,1378,130.1844836714596,130.1844818173508
30,1379,130.1844836714596,130.1844818173508
30,1380,130.1844836714596,130.1844818173508
30,1381,130.1844836714596,130.1844818173508
30,1382,130.1844836714596,130.1844818173508
30,1383,130.1844836714596,130.1844818173508
30,1384,130.1844836714596,130.1844818173508
30,1385,130.1844836714596,130.1844818173508
30,1386,130.1844836714596,130.1844818173508
30,1387,130.1844836714596,130.1844818173508
30,1388,130.1844836714596,130.1844818173508
30,1389,130.1844836714596,130.1844818173508
30,1390,130.1844836714596,130.1844818173508
30,1391,130.1844836714596,130.1844818173508
30,1392,130.1844836714596,130.1844818173508
30,1393,130.1844836714596,130.1844818173508
30,1394,130.1844836714596,130.1844818173508
30,1395,130.1844836714596,130.1844818173508
30,1396,130.1844836714596,130.1844818173508
30,1397,130.1844836714596,130.1844818173508
30,1398,130.1844836714596,130.1844818173508
30,1399,130.1844836714596,130.1844818173508
30,1400,130.1844836714596,130.1844818173508
30,1401,130.1844836714596,130.1844818173508
30,1402,130.1844836714596,130.1844818173508
30,1403,130.1844836714596,130.1844818173508
30,1404,130.1844836714596,130.1844818173508
30,1405,130.1844836714596,130.1844818173508
30,1406,130.1844836714596,130.1844818173508
30,1407,130.1844836714596,130.1844818173508
30,1408,130.1844836714596,130.1844818173508
30,1409,130.1844836714596,130.1844818173508
30,1410,130.1844836714596,130.1844818173508
30,1411,130.1844836714596,130.1844818173508
30,1412,130.1844836714596,130.1844818173508
30,1413,130.1844836714596,130.1844818173508
30,1414,130.1844836714596,130.1844818173508
30,1415,130.1844836714596,130.1844818173508
30,1416,130.1844836714596,130.1844818173508
30,1417,130.1844836714596,130.1844818173508
30,1418,130.1844836714596,130.1844818173508
30,1419,130.1844836714596,130.1844818173508
30,1420,130.1844836714596,130.1844818173508
30,1421,130.1844836714596,130.1844818173508
30,1422,130.1844836714596,130.1844818173508
30,1423,130.1844836714596,130.1844818173508
30,1424,130.1844836714596,130.1844818173508
30,1425,130.1844836714596,130.1844818173508
30,1426,130.1844836714596,130.1844818173508
30,1427,130.1844836714596,130.1844818173508
30,1428,130.1844836714596,130.1844818173508
30,1429,130.1844836714596,130.1844818173508
30,1430,130.1844836714596,130.1844818173508
30,1431,130.1844836714596,130.1844818173508
30,1432,130.1844836714596,130.1844818173508
30,1433,130.1844836714596,130.1844818173508
30,1434,130.1844836714596,130.1844818173508
30,1435,130.1844836714596,130.1844818173508
30,1436,130.1844836714596,130.1844818173508
30,1437,130.1844836714596,130.1844818173508
30,1438,130.1844836714596,130.1844818173508
30,1439,130.1844836714596,130.1844818173508
30,1440,130.1844836714596,130.1844818173508
30,1441,130.1844836714596,130.1844818173508
30,1442,130.1844836714596,130.1844818173508
30,1443,130.1844836714596,130.1844818173508
30,1444,130.1844836714596,130.1844818173508
30,1445,130.1844836714596,130.1844818173508
30,1446,130.1844836714596,130.1844818173508
30,1447,130.1844836714596,130.1844818173508
30,1448,130.1844836714596,130.1844818173508
30,1449,130.1844836714596,130.1844818173508
30,1450,130.1844836714596,130.1844818173508
30,1451,130.1844836714596,130.1844818173508
30,1452,130.1844836714596,130.1844818173508
30,1453,130.1844836714596,130.1844818173508
30,1454,130.1844836714596,130.1844818173508
30,1455,130.1844836714596,130.1844818173508
30,1456,130.1844836714596,130.1844818173508
30,1457,130.1844836714596,130.1844818173508
30,1458,130.1844836714596,130.1844818173508
30,1459,130.1844836714596,130.1844818173508
30,1460,130.1844836714596,130.1844818173508
30,1461,130.1844836714596,130.1844818173508
30,1462,130.1844836714596,130.1844818173508
30,1463,130.1844836714596,130.1844818173508
30,1464,130.1844836714596,130.1844818173508
30,1465,130.1844836714596,130.1844818173508
30,1466,130.1844836714596,130.1844818173508
30,1467,130.1844836714596,130.1844818173508
30,1468,130.1844836714596,130.1844818173508
30,1469,130.1844836714596,130.1844818173508
30,1470,130.1844836714596,130.1844818173508
30,1471,130.1844836714596,130.1844818173508
30,1472,130.1844836714596,130.1844818173508
30,1473,130.1844836714596,130.1844818173508
30,1474,130.1844836714596,130.1844818173508
30,1475,130.1844836714596,130.1844818173508
30,1476,130.1844836714596,130.1844818173508
30,1477,130.1844836714596,130.1844818173508
30,1478,130.1844836714596,130.1844818173508
30,1479,130.1844836714596,130.1844818173508
30,1480,130.1844836714596,130.1844818173508
30,1481,130.1844836714596,130.1844818173508
30,1482,130.1844836714596,130.1844818173508
30,1483,130.1844836714596,130.1844818173508
30,1484,130.1844836714596,130.1844818173508
30,1485,130.1844836714596,130.1844818173508
30,1486,130.1844836714596,130.1844818173508
30,1487,130.1844836714596,130.1844818173508
30,1488,130.1844836714596,130.1844818173508
30,1489,130.1844836714596,130.1844818173508
30,1490,130.1844836714596,130.1844818173508
30,1491,130.1844836714596,130.1844818173508
30,1492,130.1844836714596,130.1844818173508
30,1493,130.1844836714596,130.1844818173508
30,1494,130.1844836714596,130.1844818173508
30,1495,130.1844836714596,130.1844818173508
30,1496,130.1844836714596,130.1844818173508
30,1497,130.1844836714596,130.1844818173508
30,1498,130.1844836714596,130.1844818173508
30,1499,130.1844836714596,130.1844818173508
30,1500,130.1844836714596,130.1844818173508
30,1501,130.1844836714596,130.1844818173508
30,1502,130.1844836714596,130.1844818173508
30,1503,130.1844836714596,130.1844818173508
30,1504,130.1844836714596,130.1844818173508
30,1505,130.1844836714596,130.1844818173508
30,1506,130.1844836714596,130.1844818173508
30,1507,130.1844836714596,130.1844818173508
30,1508,130.1844836714596,130.1844818173508
30,1509,130.1844836714596,130.1844818173508
30,1510,130.1844836714596,130.1844818173508
30,1511,130.1844836714596,130.1844818173508
30,1512,130.1844836714596,130.1844818173508
30,1513,130.1844836714596,130.1844818173508
30,1514,130.1844836714596,130.1844818173508
30,1515,130.1844836714596,130.1844818173508
30,1516,130.1844836714596,130.1844818173508
30,1517,130.1844836714596,130.1844818173508
30,1518,130.1844836714596,130.1844818173508
30,1519,130.1844836714596,130.1844818173508
30,1520,130.1844836714596,130.1844818173508
30,1521,130.1844836714596,130.1844818173508
30,1522,130.1844836714596,130.1844818173508
30,1523,130.1844836714596,130.1844818173508
30,1524,130.1844836714596,130.1844818173508
30,1525,130.1844836714596,130.1844818173508
30,1526,130.1844836714596,130.1844818173508
30,1527,130.1844836714596,130.1844818173508
30,1528,130.1844836714596,130.1844818173508
30,1529,130.1844836714596,130.1844818173508
30,1530,130.1844836714596,130.1844818173508
30,1531,130.1844836714596,130.1844818173508
30,1532,130.1844836714596,130.1844818173508
30,1533,130.1844836714596,130.1844818173508
30,1534,130.1844836714596,130.1844818173508
30,1535,130.1844836714596,130.1844818173508
30,1536,130.1844836714596,130.1844818173508
30,1537,130.1844836714596,130.1844818173508
30,1538,130.1844836714596,130.1844818173508
30,1539,130.1844836714596,130.1844818173508
30,1540,130.1844836714596,130.1844818173508
30,1541,130.1844836714596,130.1844818173508
30,1542,130.1844836714596,130.1844818173508
30,1543,130.1844836714596,130.1844818173508
30,1544,130.1844836714596,130.1844818173508
30,1545,130.1844836714596,130.1844818173508
30,1546,130.1844836714596,130.1844818173508
30,1547,130.1844836714596,130.1844818173508
30,1548,130.1844836714596,130.1844818173508
30,1549,130.1844836714596,130.1844818173508
30,1550,130.1844836714596,130.1844818173508
30,1551,130.1844836714596,130.1844818173508
30,1552,130.1844836714596,130.1844818173508
30,1553,130.1844836714596,130.1844818173508
30,1554,130.1844836714596,130.1844818173508
30,1555,130.1844836714596,130.1844818173508
30,1556,130.1844836714596,130.1844818173508
30,1557,130.1844836714596,130.1844818173508
30,1558,130.1844836714596,130.1844818173508
30,1559,130.1844836714596,130.1844818173508
30,1560,130.1844836714596,130.1844818173508
30,1561,130.1844836714596,130.1844818173508
30,1562,130.1844836714596,130.1844818173508
30,1563,130.1844836714596,130.1844818173508
30,1564,130.1844836714596,130.1844818173508
30,1565,130.1844836714596,130.1844818173508
30,1566,130.1844836714596,130.1844818173508
30,1567,130.1844836714596,130.1844818173508
30,1568,130.1844836714596,130.1844818173508
30,1569,130.1844836714596,130.1844818173508
30,1570,130.1844836714596,130.1844818173508
30,1571,130.1844836714596,130.1844818173508
30,1572,130.1844836714596,130.1844818173508
30,1573,130.1844836714596,130.1844818173508
30,1574,130.1844836714596,130.1844818173508
30,1575,130.1844836714596,130.1844818173508
30,1576,130.1844836714596,130.1844818173508
30,1577,130.1844836714596,130.1844818173508
30,1578,130.1844836714596,130.1844818173508
30,1579,130.1844836714596,130.1844818173508
30,1580,130.1844836714596,130.1844818173508
30,1581,130.1844836714596,130.1844818173508
30,1582,130.1844836714596,130.1844818173508
30,1583,130.1844836714596,130.1844818173508
30,1584,130.1844836714596,130.1844818173508
30,1585,130.1844836714596,130.1844818173508
30,1586,130.1844836714596,130.1844818173508
30,1587,130.1844836714596,130.1844818173508
30,1588,130.1844836714596,130.1844818173508
30,1589,130.1844836714596,130.1844818173508
30,1590,130.1844836714596,130.1844818173508
30,1591,130.1844836714596,130.1844818173508
30,1592,130.1844836714596,130.1844818173508
30,1593,130.1844836714596,130.1844818173508
30,1594,130.1844836714596,130.1844818173508
30,1595,130.1844836714596,130.1844818173508
30,1596,130.1844836714596,130.1844818173508
30,1597,130.1844836714596,130.1844818173508
30,1598,130.1844836714596,130.1844818173508
30,1599,130.1844836714596,130.1844818173508
30,1600,130.1844836714596,130.1844818173508
30,1601,130.1844836714596,130.1844818173508
30,1602,130.1844836714596,130.1844818173508
30,1603,130.1844836714596,130.1844818173508
30,1604,130.1844836714596,130.1844818173508
30,1605,130.1844836714596,130.1844818173508
30,1606,130.1844836714596,130.1844818173508
30,1607,130.1844836714596,130.1844818173508
30,1608,130.1844836714596,130.1844818173508
30,1609,130.1844836714596,130.1844818173508
30,1610,130.1844836714596,130.1844818173508
30,1611,130.1844836714596,130.1844818173508
30,1612,130.1844836714596,130.1844818173508
30,1613,130.1844836714596,130.1844818173508
30,1614,130.1844836714596,130.1844818173508
30,1615,130.1844836714596,130.1844818173508
30,1616,130.1844836714596,130.1844818173508
30,1617,130.1844836714596,130.1844818173508
30,1618,130.1844836714596,130.1844818173508
30,1619,130.1844836714596,130.1844818173508
30,1620,130.1844836714596,130.1844818173508
30,1621,130.1844836714596,130.1844818173508
30,1622,130.1844836714596,130.1844818173508
30,1623,130.1844836714596,130.1844818173508
30,1624,130.1844836714596,130.1844818173508
30,1625,130.1844836714596,130.1844818173508
30,1626,130.1844836714596,130.1844818173508
30,1627,130.1844836714596,130.1844818173508
30,1628,130.1844836714596,130.1844818173508
30,1629,130.1844836714596,130.1844818173508
30,1630,130.1844836714596,130.1844818173508
30,1631,130.1844836714596,130.1844818173508
30,1632,130.1844836714596,130.1844818173508
30,1633,130.1844836714596,130.1844818173508
30,1634,130.1844836714596,130.1844818173508
30,1635,130.1844836714596,130.1844818173508
30,1636,130.1844836714596,130.1844818173508
30,1637,130.1844836714596,130.1844818173508
30,1638,130.1844836714596,130.1844818173508
30,1639,130.1844836714596,130.1844818173508
30,1640,130.1844836714596,130.1844818173508
30,1641,130.1844836714596,130.1844818173508
30,1642,130.1844836714596,130.1844818173508
30,1643,130.1844836714596,130.1844818173508
30,1644,130.1844836714596,130.1844818173508
30,1645,130.1844836714596,130.1844818173508
30,1646,130.1844836714596,130.1844818173508
30,1647,130.1844836714596,130.1844818173508
30,1648,130.1844836714596,130.1844818173508
30,1649,130.1844836714596,130.1844818173508
30,1650,130.1844836714596,130.1844818173508
30,1651,130.1844836714596,130.1844818173508
30,1652,130.1844836714596,130.1844818173508
30,1653,130.1844836714596,130.1844818173508
30,1654,130.1844836714596,130.1844818173508
30,1655,130.1844836714596,130.1844818173508
30,1656,130.1844836714596,130.1844818173508
30,1657,130.1844836714596,130.1844818173508
30,1658,130.1844836714596,130.1844818173508
30,1659,130.1844836714596,130.1844818173508
30,1660,130.1844836714596,130.1844818173508
30,1661,130.1844836714596,130.1844818173508
30,1662,130.1844836714596,130.1844818173508
30,1663,130.1844836714596,130.1844818173508
30,1664,130.1844836714596,130.1844818173508
30,1665,130.1844836714596,130.1844818173508
30,1666,130.1844836714596,130.1844818173508
30,1667,130.1844836714596,130.1844818173508
30,1668,130.1844836714596,130.1844818173508
30,1669,130.1844836714596,130.1844818173508
30,1670,130.1844836714596,130.1844818173508
30,1671,130.1844836714596,130.1844818173508
30,1672,130.1844836714596,130.1844818173508
30,1673,130.1844836714596,130.1844818173508
30,1674,130.1844836714596,130.1844818173508
30,1675,130.1844836714596,130.1844818173508
30,1676,130.1844836714596,130.1844818173508
30,1677,130.1844836714596,130.1844818173508
30,1678,130.1844836714596,130.1844818173508
30,1679,130.1844836714596,130.1844818173508
30,1680,130.1844836714596,130.1844818173508
30,1681,130.1844836714596,130.1844818173508
30,1682,130.1844836714596,130.1844818173508
30,1683,130.1844836714596,130.1844818173508
30,1684,130.1844836714596,130.1844818173508
30,1685,130.1844836714596,130.1844818173508
30,1686,130.1844836714596,130.1844818173508
30,1687,130.1844836714596,130.1844818173508
30,1688,130.1844836714596,130.1844818173508
30,1689,130.1844836714596,130.1844818173508
30,1690,130.1844836714596,130.1844818173508
30,1691,130.1844836714596,130.1844818173508
30,1692,130.1844836714596,130.1844818173508
30,1693,130.1844836714596,130.1844818173508
30,1694,130.1844836714596,130.1844818173508
30,1695,130.1844836714596,130.1844818173508
30,1696,130.1844836714596,130.1844818173508
30,1697,130.1844836714596,130.1844818173508
30,1698,130.1844836714596,130.1844818173508
30,1699,130.1844836714596,130.1844818173508
30,1700,130.1844836714596,130.1844818173508
30,1701,130.1844836714596,130.1844818173508
30,1702,130.1844836714596,130.1844818173508
30,1703,130.1844836714596,130.1844818173508
30,1704,130.1844836714596,130.1844818173508
30,1705,130.1844836714596,130.1844818173508
30,1706,130.1844836714596,130.1844818173508
30,1707,130.1844836714596,130.1844818173508
30,1708,130.1844836714596,130.1844818173508
30,1709,130.1844836714596,130.1844818173508
30,1710,130.1844836714596,130.1844818173508
30,1711,130.1844836714596,130.1844818173508
30,1712,130.1844836714596,130.1844818173508
30,1713,130.1844836714596,130.1844818173508
30,1714,130.1844836714596,130.1844818173508
30,1715,130.1844836714596,130.1844818173508
30,1716,130.1844836714596,130.1844818173508
30,1717,130.1844836714596,130.1844818173508
30,1718,130.1844836714596,130.1844818173508
30,1719,130.1844836714596,130.1844818173508
30,1720,130.1844836714596,130.1844818173508
30,1721,130.1844836714596,130.1844818173508
30,1722,130.1844836714596,130.1844818173508
30,1723,130.1844836714596,130.1844818173508
30,1724,130.1844836714596,130.1844818173508
30,1725,130.1844836714596,130.1844818173508
30,1726,130.1844836714596,130.1844818173508
30,1727,130.1844836714596,130.1844818173508
30,1728,130.1844836714596,130.1844818173508
30,1729,130.1844836714596,130.1844818173508
30,1730,130.1844836714596,130.1844818173508
30,1731,130.1844836714596,130.1844818173508
30,1732,130.1844836714596,130.1844818173508
30,1733,130.1844836714596,130.1844818173508
30,1734,130.1844836714596,130.1844818173508
30,1735,130.1844836714596,130.1844818173508
30,1736,130.1844836714596,130.1844818173508
30,1737,130.1844836714596,130.1844818173508
30,1738,130.1844836714596,130.1844818173508
30,1739,130.1844836714596,130.1844818173508
30,1740,130.1844836714596,130.1844818173508
30,1741,130.1844836714596,130.1844818173508
30,1742,130.1844836714596,130.1844818173508
30,1743,130.1844836714596,130.1844818173508
30,1744,130.1844836714596,130.1844818173508
30,1745,130.1844836714596,130.1844818173508
30,1746,130.1844836714596,130.1844818173508
30,1747,130.1844836714596,130.1844818173508
30,1748,130.1844836714596,130.1844818173508
30,1749,130.1844836714596,130.1844818173508
30,1750,130.1844836714596,130.1844818173508
30,1751,130.1844836714596,130.1844818173508
30,1752,130.1844836714596,130.1844818173508
30,1753,130.1844836714596,130.1844818173508
30,1754,130.1844836714596,130.1844818173508
30,1755,130.1844836714596,130.1844818173508
30,1756,130.1844836714596,130.1844818173508
30,1757,130.1844836714596,130.1844818173508
30,1758,130.1844836714596,130.1844818173508
30,1759,130.1844836714596,130.1844818173508
30,1760,130.1844836714596,130.1844818173508
30,1761,130.1844836714596,130.1844818173508
30,1762,130.1844836714596,130.1844818173508
30,1763,130.1844836714596,130.1844818173508
30,1764,130.1844836714596,130.1844818173508
30,1765,130.1844836714596,130.1844818173508
30,1766,130.1844836714596,130.1844818173508
30,1767,130.1844836714596,130.1844818173508
30,1768,130.1844836714596,130.1844818173508
30,1769,130.1844836714596,130.1844818173508
30,1770,130.1844836714596,130.1844818173508
30,1771,130.1844836714596,130.1844818173508
30,1772,130.1844836714596,130.1844818173508
30,1773,130.1844836714596,130.1844818173508
30,1774,130.1844836714596,130.1844818173508
30,1775,130.1844836714596,130.1844818173508
30,1776,130.1844836714596,130.1844818173508
30,1777,130.1844836714596,130.1844818173508
30,1778,130.1844836714596,130.1844818173508
30,1779,130.1844836714596,130.1844818173508
30,1780,130.1844836714596,130.1844818173508
30,1781,130.1844836714596,130.1844818173508
30,1782,130.1844836714596,130.1844818173508
30,1783,130.1844836714596,130.1844818173508
30,1784,130.1844836714596,130.1844818173508
30,1785,130.1844836714596,130.1844818173508
30,1786,130.1844836714596,130.1844818173508
30,1787,130.1844836714596,130.1844818173508
30,1788,130.1844836714596,130.1844818173508
30,1789,130.1844836714596,130.1844818173508
30,1790,130.1844836714596,130.1844818173508
30,1791,130.1844836714596,130.1844818173508
30,1792,130.1844836714596,130.1844818173508
30,1793,130.1844836714596,130.1844818173508
30,1794,130.1844836714596,130.1844818173508
30,1795,130.1844836714596,130.1844818173508
30,1796,130.1844836714596,130.1844818173508
30,1797,130.1844836714596,130.1844818173508
30,1798,130.1844836714596,130.1844818173508
30,1799,130.1844836714596,130.1844818173508
30,1800,130.1844836714596,130.1844818173508
30,1801,130.1844836714596,130.1844818173508
30,1802,130.1844836714596,130.1844818173508
30,1803,130.1844836714596,130.1844818173508
30,1804,130.1844836714596,130.1844818173508
30,1805,130.1844836714596,130.1844818173508
30,1806,130.1844836714596,130.1844818173508
30,1807,130.1844836714596,130.1844818173508
30,1808,130.1844836714596,130.1844818173508
30,1809,130.1844836714596,130.1844818173508
30,1810,130.1844836714596,130.1844818173508
30,1811,130.1844836714596,130.1844818173508
30,1812,130.1844836714596,130.1844818173508
30,1813,130.1844836714596,130.1844818173508
30,1814,130.1844836714596,130.1844818173508
30,1815,130.1844836714596,130.1844818173508
30,1816,130.1844836714596,130.1844818173508
30,1817,130.1844836714596,130.1844818173508
30,1818,130.1844836714596,130.1844818173508
30,1819,130.1844836714596,130.1844818173508
30,1820,130.1844836714596,130.1844818173508
30,1821,130.1844836714596,130.1844818173508
30,1822,130.1844836714596,130.1844818173508
30,1823,130.1844836714596,130.1844818173508
30,1824,130.1844836714596,130.1844818173508
30,1825,130.1844836714596,130.1844818173508
30,1826,130.1844836714596,130.1844818173508
30,1827,130.1844836714596,130.1844818173508
30,1828,130.1844836714596,130.1844818173508
30,1829,130.1844836714596,130.1844818173508
30,1830,130.1844836714596,130.1844818173508
30,1831,130.1844836714596,130.1844818173508
30,1832,130.1844836714596,130.1844818173508
30,1833,130.1844836714596,130.1844818173508
30,1834,130.1844836714596,130.1844818173508
30,1835,130.1844836714596,130.1844818173508
30,1836,130.1844836714596,130.1844818173508
30,1837,130.1844836714596,130.1844818173508
30,1838,130.1844836714596,130.1844818173508
30,1839,130.1844836714596,130.1844818173508
30,1840,130.1844836714596,130.1844818173508
30,1841,130.1844836714596,130.1844818173508
30,1842,130.1844836714596,130.1844818173508
30,1843,130.1844836714596,130.1844818173508
30,1844,130.1844836714596,130.1844818173508
30,1845,130.1844836714596,130.1844818173508
30,1846,130.1844836714596,130.1844818173508
30,1847,130.1844836714596,130.1844818173508
30,1848,130.1844836714596,130.1844818173508
30,1849,130.1844836714596,130.1844818173508
30,1850,130.1844836714596,130.1844818173508
30,1851,130.1844836714596,130.1844818173508
30,1852,130.1844836714596,130.1844818173508
30,1853,130.1844836714596,130.1844818173508
30,1854,130.1844836714596,130.1844818173508
30,1855,130.1844836714596,130.1844818173508
30,1856,130.1844836714596,130.1844818173508
30,1857,130.1844836714596,130.1844818173508
30,1858,130.1844836714596,130.1844818173508
30,1859,130.1844836714596,130.1844818173508
30,1860,130.1844836714596,130.1844818173508
30,1861,130.1844836714596,130.1844818173508
30,1862,130.1844836714596,130.1844818173508
30,1863,130.1844836714596,130.1844818173508
30,1864,130.1844836714596,130.1844818173508
30,1865,130.1844836714596,130.1844818173508
30,1866,130.1844836714596,130.1844818173508
30,1867,130.1844836714596,130.1844818173508
30,1868,130.1844836714596,130.1844818173508
30,1869,130.1844836714596,130.1844818173508
30,1870,130.1844836714596,130.1844818173508
30,1871,130.1844836714596,130.1844818173508
30,1872,130.1844836714596,130.1844818173508
30,1873,130.1844836714596,130.1844818173508
30,1874,130.1844836714596,130.1844818173508
30,1875,130.1844836714596,130.1844818173508
30,1876,130.1844836714596,130.1844818173508
30,1877,130.1844836714596,130.1844818173508
30,1878,130.1844836714596,130.1844818173508
30,1879,130.1844836714596,130.1844818173508
30,1880,130.1844836714596,130.1844818173508
30,1881,130.1844836714596,130.1844818173508
30,1882,130.1844836714596,130.1844818173508
30,1883,130.1844836714596,130.1844818173508
30,1884,130.1844836714596,130.1844818173508
30,1885,130.1844836714596,130.1844818173508
30,1886,130.1844836714596,130.1844818173508
30,1887,130.1844836714596,130.1844818173508
30,1888,130.1844836714596,130.1844818173508
30,1889,130.1844836714596,130.1844818173508
30,1890,130.1844836714596,130.1844818173508
30,1891,130.1844836714596,130.1844818173508
30,1892,130.1844836714596,130.1844818173508
30,1893,130.1844836714596,130.1844818173508
30,1894,130.1844836714596,130.1844818173508
30,1895,130.1844836714596,130.1844818173508
30,1896,130.1844836714596,130.1844818173508
30,1897,130.1844836714596,130.1844818173508
30,1898,130.1844836714596,130.1844818173508
30,1899,130.1844836714596,130.1844818173508
30,1900,130.1844836714596,130.1844818173508
30,1901,130.1844836714596,130.1844818173508
30,1902,130.1844836714596,130.1844818173508
30,1903,130.1844836714596,130.1844818173508
30,1904,130.1844836714596,130.1844818173508
30,1905,130.1844836714596,130.1844818173508
30,1906,130.1844836714596,130.1844818173508
30,1907,130.1844836714596,130.1844818173508
30,1908,130.1844836714596,130.1844818173508
30,1909,130.1844836714596,130.1844818173508
30,1910,130.1844836714596,130.1844818173508
30,1911,130.1844836714596,130.1844818173508
30,1912,130.1844836714596,130.1844818173508
30,1913,130.1844836714596,130.1844818173508
30,1914,130.1844836714596,130.1844818173508
30,1915,130.1844836714596,130.1844818173508
30,1916,130.1844836714596,130.1844818173508
30,1917,130.1844836714596,130.1844818173508
30,1918,130.1844836714596,130.1844818173508
30,1919,130.1844836714596,130.1844818173508
30,1920,130.1844836714596,130.1844818173508
30,1921,130.1844836714596,130.1844818173508
30,1922,130.1844836714596,130.1844818173508
30,1923,130.1844836714596,130.1844818173508
30,1924,130.1844836714596,130.1844818173508
30,1925,130.1844836714596,130.1844818173508
30,1926,130.1844836714596,130.1844818173508
30,1927,130.1844836714596,130.1844818173508
30,1928,130.1844836714596,130.1844818173508
30,1929,130.1844836714596,130.1844818173508
30,1930,130.1844836714596,130.1844818173508
30,1931,130.1844836714596,130.1844818173508
30,1932,130.1844836714596,130.1844818173508
30,1933,130.1844836714596,130.1844818173508
30,1934,130.1844836714596,130.1844818173508
30,1935,130.1844836714596,130.1844818173508
30,1936,130.1844836714596,130.1844818173508
30,1937,130.1844836714596,130.1844818173508
30,1938,130.1844836714596,130.1844818173508
30,1939,130.1844836714596,130.1844818173508
30,1940,130.1844836714596,130.1844818173508
30,1941,130.1844836714596,130.1844818173508
30,1942,130.1844836714596,130.1844818173508
30,1943,130.1844836714596,130.1844818173508
30,1944,130.1844836714596,130.1844818173508
30,1945,130.1844836714596,130.1844818173508
30,1946,130.1844836714596,130.1844818173508
30,1947,130.1844836714596,130.1844818173508
30,1948,130.1844836714596,130.1844818173508
30,1949,130.1844836714596,130.1844818173508
30,1950,130.1844836714596,130.1844818173508
30,1951,130.1844836714596,130.1844818173508
30,1952,130.1844836714596,130.1844818173508
30,1953,130.1844836714596,130.1844818173508
30,1954,130.1844836714596,130.1844818173508
30,1955,130.1844836714596,130.1844818173508
30,1956,130.1844836714596,130.1844818173508
30,1957,130.1844836714596,130.1844818173508
30,1958,130.1844836714596,130.1844818173508
30,1959,130.1844836714596,130.1844818173508
30,1960,130.1844836714596,130.1844818173508
30,1961,130.1844836714596,130.1844818173508
30,1962,130.1844836714596,130.1844818173508
30,1963,130.1844836714596,130.1844818173508
30,1964,130.1844836714596,130.1844818173508
30,1965,130.1844836714596,130.1844818173508
30,1966,130.1844836714596,130.1844818173508
30,1967,130.1844836714596,130.1844818173508
30,1968,130.1844836714596,130.1844818173508
30,1969,130.1844836714596,130.1844818173508
30,1970,130.1844836714596,130.1844818173508
30,1971,130.1844836714596,130.1844818173508
30,1972,130.1844836714596,130.1844818173508
30,1973,130.1844836714596,130.1844818173508
30,1974,130.1844836714596,130.1844818173508
30,1975,130.1844836714596,130.1844818173508
30,1976,130.1844836714596,130.1844818173508
30,1977,130.1844836714596,130.1844818173508
30,1978,130.1844836714596,130.1844818173508
30,1979,130.1844836714596,130.1844818173508
30,1980,130.1844836714596,130.1844818173508
30,1981,130.1844836714596,130.1844818173508
30,1982,130.1844836714596,130.1844818173508
30,1983,130.1844836714596,130.1844818173508
30,1984,130.1844836714596,130.1844818173508
30,1985,130.1844836714596,130.1844818173508
30,1986,130.1844836714596,130.1844818173508
30,1987,130.1844836714596,130.1844818173508
30,1988,130.1844836714596,130.1844818173508
30,1989,130.1844836714596,130.1844818173508
30,1990,130.1844836714596,130.1844818173508
30,1991,130.1844836714596,130.1844818173508
30,1992,130.1844836714596,130.1844818173508
30,1993,130.1844836714596,130.1844818173508
30,1994,130.1844836714596,130.1844818173508
30,1995,130.1844836714596,130.1844818173508
30,1996,130.1844836714596,130.1844818173508
30,1997,130.1844836714596,130.1844818173508
30,1998,130.1844836714596,130.1844818173508
30,1999,130.1844836714596,130.1844818173508
30,2000,130.1844836714596,130.1844818173508
30,2001,130.1844836714596,130.1844818173508
30,2002,130.1844836714596,130.1844818173508
30,2003,130.1844836714596,130.1844818173508
30,2004,130.1844836714596,130.1844818173508
30,2005,130.1844836714596,130.1844818173508
30,2006,130.1844836714596,130.1844818173508
30,2007,130.1844836714596,130.1844818173508
30,2008,130.1844836714596,130.1844818173508
30,2009,130.1844836714596,130.1844818173508
30,2010,130.1844836714596,130.1844818173508
30,2011,130.1844836714596,130.1844818173508
30,2012,130.1844836714596,130.1844818173508
30,2013,130.1844836714596,130.1844818173508
30,2014,130.1844836714596,130.1844818173508
30,2015,130.1844836714596,130.1844818173508
30,2016,130.1844836714596,130.1844818173508
30,2017,130.1844836714596,130.1844818173508
30,2018,130.1844836714596,130.1844818173508
30,2019,130.1844836714596,130.1844818173508
30,2020,130.1844836714596,130.1844818173508
30,2021,130.1844836714596,130.1844818173508
30,2022,130.1844836714596,130.1844818173508
30,2023,130.1844836714596,130.1844818173508
30,2024,130.1844836714596,130.1844818173508
30,2025,130.1844836714596,130.1844818173508
30,2026,130.1844836714596,130.1844818173508
30,2027,130.1844836714596,130.1844818173508
30,2028,130.1844836714596,130.1844818173508
30,2029,130.1844836714596,130.1844818173508
30,2030,130.1844836714596,130.1844818173508
30,2031,130.1844836714596,130.1844818173508
30,2032,130.1844836714596,130.1844818173508
30,2033,130.1844836714596,130.1844818173508
30,2034,130.1844836714596,130.1844818173508
30,2035,130.1844836714596,130.1844818173508
30,2036,130.1844836714596,130.1844818173508
30,2037,130.1844836714596,130.1844818173508
30,2038,130.1844836714596,130.1844818173508
30,2039,130.1844836714596,130.1844818173508
30,2040,130.1844836714596,130.1844818173508
30,2041,130.1844836714596,130.1844818173508
30,2042,130.1844836714596,130.1844818173508
30,2043,130.1844836714596,130.1844818173508
30,2044,130.1844836714596,130.1844818173508
30,2045,130.1844836714596,130.1844818173508
30,2046,130.1844836714596,130.1844818173508
30,2047,130.1844836714596,130.1844818173508
30,2048,130.1844836714596,130.1844818173508
30,2049,130.1844836714596,130.1844818173508
30,2050,130.1844836714596,130.1844818173508
30,2051,130.1844836714596,130.1844818173508
30,2052,130.1844836714596,130.1844818173508
30,2053,130.1844836714596,130.1844818173508
30,2054,130.1844836714596,130.1844818173508
30,2055,130.1844836714596,130.1844818173508
30,2056,130.1844836714596,130.1844818173508
30,2057,130.1844836714596,130.1844818173508
30,2058,130.1844836714596,130.1844818173508
30,2059,130.1844836714596,130.1844818173508
30,2060,130.1844836714596,130.1844818173508
30,2061,130.1844836714596,130.1844818173508
30,2062,130.1844836714596,130.1844818173508
30,2063,130.1844836714596,130.1844818173508
30,2064,130.1844836714596,130.1844818173508
30,2065,130.1844836714596,130.1844818173508
30,2066,130.1844836714596,130.1844818173508
30,2067,130.1844836714596,130.1844818173508
30,2068,130.1844836714596,130.1844818173508
30,2069,130.1844836714596,130.1844818173508
30,2070,130.1844836714596,130.1844818173508
30,2071,130.1844836714596,130.1844818173508
30,2072,130.1844836714596,130.1844818173508
30,2073,130.1844836714596,130.1844818173508
30,2074,130.1844836714596,130.1844818173508
30,2075,130.1844836714596,130.1844818173508
30,2076,130.1844836714596,130.1844818173508
30,2077,130.1844836714596,130.1844818173508
30,2078,130.1844836714596,130.1844818173508
30,2079,130.1844836714596,130.1844818173508
30,2080,130.1844836714596,130.1844818173508
30,2081,130.1844836714596,130.1844818173508
30,2082,130.1844836714596,130.1844818173508
30,2083,130.1844836714596,130.1844818173508
30,2084,130.1844836714596,130.1844818173508
30,2085,130.1844836714596,130.1844818173508
30,2086,130.1844836714596,130.1844818173508
30,2087,130.1844836714596,130.1844818173508
30,2088,130.1844836714596,130.1844818173508
30,2089,130.1844836714596,130.1844818173508
30,2090,130.1844836714596,130.1844818173508
30,2091,130.1844836714596,130.1844818173508
30,2092,130.1844836714596,130.1844818173508
30,2093,130.1844836714596,130.1844818173508
30,2094,130.1844836714596,130.1844818173508
30,2095,130.1844836714596,130.1844818173508
30,2096,130.1844836714596,130.1844818173508
30,2097,130.1844836714596,130.1844818173508
30,2098,130.1844836714596,130.1844818173508
30,2099,130.1844836714596,130.1844818173508
30,2100,130.1844836714596,130.1844818173508
30,2101,130.1844836714596,130.1844818173508
30,2102,130.1844836714596,130.1844818173508
30,2103,130.1844836714596,130.1844818173508
30,2104,130.1844836714596,130.1844818173508
30,2105,130.1844836714596,130.1844818173508
30,2106,130.1844836714596,130.1844818173508
30,2107,130.1844836714596,130.1844818173508
30,2108,130.1844836714596,130.1844818173508
30,2109,130.1844836714596,130.1844818173508
30,2110,130.1844836714596,130.1844818173508
30,2111,130.1844836714596,130.1844818173508
30,2112,130.1844836714596,130.1844818173508
30,2113,130.1844836714596,130.1844818173508
30,2114,130.1844836714596,130.1844818173508
30,2115,130.1844836714596,130.1844818173508
30,2116,130.1844836714596,130.1844818173508
30,2117,130.1844836714596,130.1844818173508
30,2118,130.1844836714596,130.1844818173508
30,2119,130.1844836714596,130.1844818173508
30,2120,130.1844836714596,130.1844818173508
30,2121,130.1844836714596,130.1844818173508
30,2122,130.1844836714596,130.1844818173508
30,2123,130.1844836714596,130.1844818173508
30,2124,130.1844836714596,130.1844818173508
30,2125,130.1844836714596,130.1844818173508
30,2126,130.1844836714596,130.1844818173508
30,2127,130.1844836714596,130.1844818173508
30,2128,130.1844836714596,130.1844818173508
30,2129,130.1844836714596,130.1844818173508
30,2130,130.1844836714596,130.1844818173508
30,2131,130.1844836714596,130.1844818173508
30,2132,130.1844836714596,130.1844818173508
30,2133,130.1844836714596,130.1844818173508
30,2134,130.1844836714596,130.1844818173508
30,2135,130.1844836714596,130.1844818173508
30,2136,130.1844836714596,130.1844818173508
30,2137,130.1844836714596,130.1844818173508
30,2138,130.1844836714596,130.1844818173508
30,2139,130.1844836714596,130.1844818173508
30,2140,130.1844836714596,130.1844818173508
30,2141,130.1844836714596,130.1844818173508
30,2142,130.1844836714596,130.1844818173508
30,2143,130.1844836714596,130.1844818173508
30,2144,130.1844836714596,130.1844818173508
30,2145,130.1844836714596,130.1844818173508
30,2146,130.1844836714596,130.1844818173508
30,2147,130.1844836714596,130.1844818173508
30,2148,130.1844836714596,130.1844818173508
30,2149,130.1844836714596,130.1844818173508
30,2150,130.1844836714596,130.1844818173508
30,2151,130.1844836714596,130.1844818173508
30,2152,130.1844836714596,130.1844818173508
30,2153,130.1844836714596,130.1844818173508
30,2154,130.1844836714596,130.1844818173508
30,2155,130.1844836714596,130.1844818173508
30,2156,130.1844836714596,130.1844818173508
30,2157,130.1844836714596,130.1844818173508
30,2158,130.1844836714596,130.1844818173508
30,2159,130.1844836714596,130.1844818173508
30,2160,130.1844836714596,130.1844818173508
30,2161,130.1844836714596,130.1844818173508
30,2162,130.1844836714596,130.1844818173508
30,2163,130.1844836714596,130.1844818173508
30,2164,130.1844836714596,130.1844818173508
30,2165,130.1844836714596,130.1844818173508
30,2166,130.1844836714596,130.1844818173508
30,2167,130.1844836714596,130.1844818173508
30,2168,130.1844836714596,130.1844818173508
30,2169,130.1844836714596,130.1844818173508
30,2170,130.1844836714596,130.1844818173508
30,2171,130.1844836714596,130.1844818173508
30,2172,130.1844836714596,130.1844818173508
30,2173,130.1844836714596,130.1844818173508
30,2174,130.1844836714596,130.1844818173508
30,2175,130.1844836714596,130.1844818173508
30,2176,130.1844836714596,130.1844818173508
30,2177,130.1844836714596,130.1844818173508
30,2178,130.1844836714596,130.1844818173508
30,2179,130.1844836714596,130.1844818173508
30,2180,130.1844836714596,130.1844818173508
30,2181,130.1844836714596,130.1844818173508
30,2182,130.1844836714596,130.1844818173508
30,2183,130.1844836714596,130.1844818173508
30,2184,130.1844836714596,130.1844818173508
30,2185,130.1844836714596,130.1844818173508
30,2186,130.1844836714596,130.1844818173508
30,2187,130.1844836714596,130.1844818173508
30,2188,130.1844836714596,130.1844818173508
30,2189,130.1844836714596,130.1844818173508
30,2190,130.1844836714596,130.1844818173508
30,2191,130.1844836714596,130.1844818173508
30,2192,130.1844836714596,130.1844818173508
30,2193,130.1844836714596,130.1844818173508
30,2194,130.1844836714596,130.1844818173508
30,2195,130.1844836714596,130.1844818173508
30,2196,130.1844836714596,130.1844818173508
30,2197,130.1844836714596,130.1844818173508
30,2198,130.1844836714596,130.1844818173508
30,2199,130.1844836714596,130.1844818173508
30,2200,130.1844836714596,130.1844818173508
30,2201,130.1844836714596,130.1844818173508
30,2202,130.1844836714596,130.1844818173508
30,2203,130.1844836714596,130.1844818173508
30,2204,130.1844836714596,130.1844818173508
30,2205,130.1844836714596,130.1844818173508
30,2206,130.1844836714596,130.1844818173508
30,2207,130.1844836714596,130.1844818173508
30,2208,130.1844836714596,130.1844818173508
30,2209,130.1844836714596,130.1844818173508
30,2210,130.1844836714596,130.1844818173508
30,2211,130.1844836714596,130.1844818173508
30,2212,130.1844836714596,130.1844818173508
30,2213,130.1844836714596,130.1844818173508
30,2214,130.1844836714596,130.1844818173508
30,2215,130.1844836714596,130.1844818173508
30,2216,130.1844836714596,130.1844818173508
30,2217,130.1844836714596,130.1844818173508
30,2218,130.1844836714596,130.1844818173508
30,2219,130.1844836714596,130.1844818173508
30,2220,130.1844836714596,130.1844818173508
30,2221,130.1844836714596,130.1844818173508
30,2222,130.1844836714596,130.1844818173508
30,2223,130.1844836714596,130.1844818173508
30,2224,130.1844836714596,130.1844818173508
30,2225,130.1844836714596,130.1844818173508
30,2226,130.1844836714596,130.1844818173508
30,2227,130.1844836714596,130.1844818173508
30,2228,130.1844836714596,130.1844818173508
30,2229,130.1844836714596,130.1844818173508
30,2230,130.1844836714596,130.1844818173508
30,2231,130.1844836714596,130.1844818173508
30,2232,130.1844836714596,130.1844818173508
30,2233,130.1844836714596,130.1844818173508
30,2234,130.1844836714596,130.1844818173508
30,2235,130.1844836714596,130.1844818173508
30,2236,130.1844836714596,130.1844818173508
30,2237,130.1844836714596,130.1844818173508
30,2238,130.1844836714596,130.1844818173508
30,2239,130.1844836714596,130.1844818173508
30,2240,130.1844836714596,130.1844818173508
30,2241,130.1844836714596,130.1844818173508
30,2242,130.1844836714596,130.1844818173508
30,2243,130.1844836714596,130.1844818173508
30,2244,130.1844836714596,130.1844818173508
30,2245,130.1844836714596,130.1844818173508
30,2246,130.1844836714596,130.1844818173508
30,2247,130.1844836714596,130.1844818173508
30,2248,130.1844836714596,130.1844818173508
30,2249,130.1844836714596,130.1844818173508
30,2250,130.1844836714596,130.1844818173508
30,2251,130.1844836714596,130.1844818173508
30,2252,130.1844836714596,130.1844818173508
30,2253,130.1844836714596,130.1844818173508
30,2254,130.1844836714596,130.1844818173508
30,2255,130.1844836714596,130.1844818173508
30,2256,130.1844836714596,130.1844818173508
30,2257,130.1844836714596,130.1844818173508
30,2258,130.1844836714596,130.1844818173508
30,2259,130.1844836714596,130.1844818173508
30,2260,130.1844836714596,130.1844818173508
30,2261,130.1844836714596,130.1844818173508
30,2262,130.1844836714596,130.1844818173508
30,2263,130.1844836714596,130.1844818173508
30,2264,130.1844836714596,130.1844818173508
30,2265,130.1844836714596,130.1844818173508
30,2266,130.1844836714596,130.1844818173508
30,2267,130.1844836714596,130.1844818173508
30,2268,130.1844836714596,130.1844818173508
30,2269,130.1844836714596,130.1844818173508
30,2270,130.1844836714596,130.1844818173508
30,2271,130.1844836714596,130.1844818173508
30,2272,130.1844836714596,130.1844818173508
30,2273,130.1844836714596,130.1844818173508
30,2274,130.1844836714596,130.1844818173508
30,2275,130.1844836714596,130.1844818173508
30,2276,130.1844836714596,130.1844818173508
30,2277,130.1844836714596,130.1844818173508
30,2278,130.1844836714596,130.1844818173508
30,2279,130.1844836714596,130.1844818173508
30,2280,130.1844836714596,130.1844818173508
30,2281,130.1844836714596,130.1844818173508
30,2282,130.1844836714596,130.1844818173508
30,2283,130.1844836714596,130.1844818173508
30,2284,130.1844836714596,130.1844818173508
30,2285,130.1844836714596,130.1844818173508
30,2286,130.1844836714596,130.1844818173508
30,2287,130.1844836714596,130.1844818173508
30,2288,130.1844836714596,130.1844818173508
30,2289,130.1844836714596,130.1844818173508
30,2290,130.1844836714596,130.1844818173508
30,2291,130.1844836714596,130.1844818173508
30,2292,130.1844836714596,130.1844818173508
30,2293,130.1844836714596,130.1844818173508
30,2294,130.1844836714596,130.1844818173508
30,2295,130.1844836714596,130.1844818173508
30,2296,130.1844836714596,130.1844818173508
30,2297,130.1844836714596,130.1844818173508
30,2298,130.1844836714596,130.1844818173508
30,2299,130.1844836714596,130.1844818173508
30,2300,130.1844836714596,130.1844818173508
30,2301,130.1844836714596,130.1844818173508
30,2302,130.1844836714596,130.1844818173508
30,2303,130.1844836714596,130.1844818173508
30,2304,130.1844836714596,130.1844818173508
30,2305,130.1844836714596,130.1844818173508
30,2306,130.1844836714596,130.1844818173508
30,2307,130.1844836714596,130.1844818173508
30,2308,130.1844836714596,130.1844818173508
30,2309,130.1844836714596,130.1844818173508
30,2310,130.1844836714596,130.1844818173508
30,2311,130.1844836714596,130.1844818173508
30,2312,130.1844836714596,130.1844818173508
30,2313,130.1844836714596,130.1844818173508
30,2314,130.1844836714596,130.1844818173508
30,2315,130.1844836714596,130.1844818173508
30,2316,130.1844836714596,130.1844818173508
30,2317,130.1844836714596,130.1844818173508
30,2318,130.1844836714596,130.1844818173508
30,2319,130.1844836714596,130.1844818173508
30,2320,130.1844836714596,130.1844818173508
30,2321,130.1844836714596,130.1844818173508
30,2322,130.1844836714596,130.1844818173508
30,2323,130.1844836714596,130.1844818173508
30,2324,130.1844836714596,130.1844818173508
30,2325,130.1844836714596,130.1844818173508
30,2326,130.1844836714596,130.1844818173508
30,2327,130.1844836714596,130.1844818173508
30,2328,130.1844836714596,130.1844818173508
30,2329,130.1844836714596,130.1844818173508
30,2330,130.1844836714596,130.1844818173508
30,2331,130.1844836714596,130.1844818173508
30,2332,130.1844836714596,130.1844818173508
30,2333,130.1844836714596,130.1844818173508
30,2334,130.1844836714596,130.1844818173508
30,2335,130.1844836714596,130.1844818173508
30,2336,130.1844836714596,130.1844818173508
30,2337,130.1844836714596,130.1844818173508
30,2338,130.1844836714596,130.1844818173508
30,2339,130.1844836714596,130.1844818173508
30,2340,130.1844836714596,130.1844818173508
30,2341,130.1844836714596,130.1844818173508
30,2342,130.1844836714596,130.1844818173508
30,2343,130.1844836714596,130.1844818173508
30,2344,130.1844836714596,130.1844818173508
30,2345,130.1844836714596,130.1844818173508
30,2346,130.1844836714596,130.1844818173508
30,2347,130.1844836714596,130.1844818173508
30,2348,130.1844836714596,130.1844818173508
30,2349,130.1844836714596,130.1844818173508
30,2350,130.1844836714596,130.1844818173508
30,2351,130.1844836714596,130.1844818173508
30,2352,130.1844836714596,130.1844818173508
30,2353,130.1844836714596,130.1844818173508
30,2354,130.1844836714596,130.1844818173508
30,2355,130.1844836714596,130.1844818173508
30,2356,130.1844836714596,130.1844818173508
30,2357,130.1844836714596,130.1844818173508
30,2358,130.1844836714596,130.1844818173508
30,2359,130.1844836714596,130.1844818173508
30,2360,130.1844836714596,130.1844818173508
30,2361,130.1844836714596,130.1844818173508
30,2362,130.1844836714596,130.1844818173508
30,2363,130.1844836714596,130.1844818173508
30,2364,130.1844836714596,130.1844818173508
30,2365,130.1844836714596,130.1844818173508
30,2366,130.1844836714596,130.1844818173508
30,2367,130.1844836714596,130.1844818173508
30,2368,130.1844836714596,130.1844818173508
30,2369,130.1844836714596,130.1844818173508
30,2370,130.1844836714596,130.1844818173508
30,2371,130.1844836714596,130.1844818173508
30,2372,130.1844836714596,130.1844818173508
30,2373,130.1844836714596,130.1844818173508
30,2374,130.1844836714596,130.1844818173508
30,2375,130.1844836714596,130.1844818173508
30,2376,130.1844836714596,130.1844818173508
30,2377,130.1844836714596,130.1844818173508
30,2378,130.1844836714596,130.1844818173508
30,2379,130.1844836714596,130.1844818173508
30,2380,130.1844836714596,130.1844818173508
30,2381,130.1844836714596,130.1844818173508
30,2382,130.1844836714596,130.1844818173508
30,2383,130.1844836714596,130.1844818173508
30,2384,130.1844836714596,130.1844818173508
30,2385,130.1844836714596,130.1844818173508
30,2386,130.1844836714596,130.1844818173508
30,2387,130.1844836714596,130.1844818173508
30,2388,130.1844836714596,130.1844818173508
30,2389,130.1844836714596,130.1844818173508
30,2390,130.1844836714596,130.1844818173508
30,2391,130.1844836714596,130.1844818173508
30,2392,130.1844836714596,130.1844818173508
30,2393,130.1844836714596,130.1844818173508
30,2394,130.1844836714596,130.1844818173508
30,2395,130.1844836714596,130.1844818173508
30,2396,130.1844836714596,130.1844818173508
30,2397,130.1844836714596,130.1844818173508
30,2398,130.1844836714596,130.1844818173508
30,2399,130.1844836714596,130.1844818173508
30,2400,130.1844836714596,130.1844818173508
30,2401,130.1844836714596,130.1844818173508
30,2402,130.1844836714596,130.1844818173508
30,2403,130.1844836714596,130.1844818173508
30,2404,130.1844836714596,130.1844818173508
30,2405,130.1844836714596,130.1844818173508
30,2406,130.1844836714596,130.1844818173508
30,2407,130.1844836714596,130.1844818173508
30,2408,130.1844836714596,130.1844818173508
30,2409,130.1844836714596,130.1844818173508
30,2410,130.1844836714596,130.1844818173508
30,2411,130.1844836714596,130.1844818173508
30,2412,130.1844836714596,130.1844818173508
30,2413,130.1844836714596,130.1844818173508
30,2414,130.1844836714596,130.1844818173508
30,2415,130.1844836714596,130.1844818173508
30,2416,130.1844836714596,130.1844818173508
30,2417,130.1844836714596,130.1844818173508
30,2418,130.1844836714596,130.1844818173508
30,2419,130.1844836714596,130.1844818173508
30,2420,130.1844836714596,130.1844818173508
30,2421,130.1844836714596,130.1844818173508
30,2422,130.1844836714596,130.1844818173508
30,2423,130.1844836714596,130.1844818173508
30,2424,130.1844836714596,130.1844818173508
30,2425,130.1844836714596,130.1844818173508
30,2426,130.1844836714596,130.1844818173508
30,2427,130.1844836714596,130.1844818173508
30,2428,130.1844836714596,130.1844818173508
30,2429,130.1844836714596,130.1844818173508
30,2430,130.1844836714596,130.1844818173508
30,2431,130.1844836714596,130.1844818173508
30,2432,130.1844836714596,130.1844818173508
30,2433,130.1844836714596,130.1844818173508
30,2434,130.1844836714596,130.1844818173508
30,2435,130.1844836714596,130.1844818173508
30,2436,130.1844836714596,130.1844818173508
30,2437,130.1844836714596,130.1844818173508
30,2438,130.1844836714596,130.1844818173508
30,2439,130.1844836714596,130.1844818173508
30,2440,130.1844836714596,130.1844818173508
30,2441,130.1844836714596,130.1844818173508
30,2442,130.1844836714596,130.1844818173508
30,2443,130.1844836714596,130.1844818173508
30,2444,130.1844836714596,130.1844818173508
30,2445,130.1844836714596,130.1844818173508
30,2446,130.1844836714596,130.1844818173508
30,2447,130.1844836714596,130.1844818173508
30,2448,130.1844836714596,130.1844818173508
30,2449,130.1844836714596,130.1844818173508
30,2450,130.1844836714596,130.1844818173508
30,2451,130.1844836714596,130.1844818173508
30,2452,130.1844836714596,130.1844818173508
30,2453,130.1844836714596,130.1844818173508
30,2454,130.1844836714596,130.1844818173508
30,2455,130.1844836714596,130.1844818173508
30,2456,130.1844836714596,130.1844818173508
30,2457,130.1844836714596,130.1844818173508
30,2458,130.1844836714596,130.1844818173508
30,2459,130.1844836714596,130.1844818173508
30,2460,130.1844836714596,130.1844818173508
30,2461,130.1844836714596,130.1844818173508
30,2462,130.1844836714596,130.1844818173508
30,2463,130.1844836714596,130.1844818173508
30,2464,130.1844836714596,130.1844818173508
30,2465,130.1844836714596,130.1844818173508
30,2466,130.1844836714596,130.1844818173508
30,2467,130.1844836714596,130.1844818173508
30,2468,130.1844836714596,130.1844818173508
30,2469,130.1844836714596,130.1844818173508
30,2470,130.1844836714596,130.1844818173508
30,2471,130.1844836714596,130.1844818173508
30,2472,130.1844836714596,130.1844818173508
30,2473,130.1844836714596,130.1844818173508
30,2474,130.1844836714596,130.1844818173508
30,2475,130.1844836714596,130.1844818173508
30,2476,130.1844836714596,130.1844818173508
30,2477,130.1844836714596,130.1844818173508
30,2478,130.1844836714596,130.1844818173508
30,2479,130.1844836714596,130.1844818173508
30,2480,130.1844836714596,130.1844818173508
30,2481,130.1844836714596,130.1844818173508
30,2482,130.1844836714596,130.1844818173508
30,2483,130.1844836714596,130.1844818173508
30,2484,130.1844836714596,130.1844818173508
30,2485,130.1844836714596,130.1844818173508
30,2486,130.1844836714596,130.1844818173508
30,2487,130.1844836714596,130.1844818173508
30,2488,130.1844836714596,130.1844818173508
30,2489,130.1844836714596,130.1844818173508
30,2490,130.1844836714596,130.1844818173508
30,2491,130.1844836714596,130.1844818173508
30,2492,130.1844836714596,130.1844818173508
30,2493,130.1844836714596,130.1844818173508
30,2494,130.1844836714596,130.1844818173508
30,2495,130.1844836714596,130.1844818173508
30,2496,130.1844836714596,130.1844818173508
30,2497,130.1844836714596,130.1844818173508
30,2498,130.1844836714596,130.1844818173508
30,2499,130.1844836714596,130.1844818173508
30,2500,130.1844836714596,130.1844818173508
30,2501,130.1844836714596,130.1844818173508
30,2502,130.1844836714596,130.1844818173508
30,2503,130.1844836714596,130.1844818173508
30,2504,130.1844836714596,130.1844818173508
30,2505,130.1844836714596,130.1844818173508
30,2506,130.1844836714596,130.1844818173508
30,2507,130.1844836714596,130.1844818173508
30,2508,130.1844836714596,130.1844818173508
30,2509,130.1844836714596,130.1844818173508
30,2510,130.1844836714596,130.1844818173508
30,2511,130.1844836714596,130.1844818173508
30,2512,130.1844836714596,130.1844818173508
30,2513,130.1844836714596,130.1844818173508
30,2514,130.1844836714596,130.1844818173508
30,2515,130.1844836714596,130.1844818173508
30,2516,130.1844836714596,130.1844818173508
30,2517,130.1844836714596,130.1844818173508
30,2518,130.1844836714596,130.1844818173508
30,2519,130.1844836714596,130.1844818173508
30,2520,130.1844836714596,130.1844818173508
30,2521,130.1844836714596,130.1844818173508
30,2522,130.1844836714596,130.1844818173508
30,2523,130.1844836714596,130.1844818173508
30,2524,130.1844836714596,130.1844818173508
30,2525,130.1844836714596,130.1844818173508
30,2526,130.1844836714596,130.1844818173508
30,2527,130.1844836714596,130.1844818173508
30,2528,130.1844836714596,130.1844818173508
30,2529,130.1844836714596,130.1844818173508
30,2530,130.1844836714596,130.1844818173508
30,2531,130.1844836714596,130.1844818173508
30,2532,130.1844836714596,130.1844818173508
30,2533,130.1844836714596,130.1844818173508
30,2534,130.1844836714596,130.1844818173508
30,2535,130.1844836714596,130.1844818173508
30,2536,130.1844836714596,130.1844818173508
30,2537,130.1844836714596,130.1844818173508
30,2538,130.1844836714596,130.1844818173508
30,2539,130.1844836714596,130.1844818173508
30,2540,130.1844836714596,130.1844818173508
30,2541,130.1844836714596,130.1844818173508
30,2542,130.1844836714596,130.1844818173508
30,2543,130.1844836714596,130.1844818173508
30,2544,130.1844836714596,130.1844818173508
30,2545,130.1844836714596,130.1844818173508
30,2546,130.1844836714596,130.1844818173508
30,2547,130.1844836714596,130.1844818173508
30,2548,130.1844836714596,130.1844818173508
30,2549,130.1844836714596,130.1844818173508
30,2550,130.1844836714596,130.1844818173508
30,2551,130.1844836714596,130.1844818173508
30,2552,130.1844836714596,130.1844818173508
30,2553,130.1844836714596,130.1844818173508
30,2554,130.1844836714596,130.1844818173508
30,2555,130.1844836714596,130.1844818173508
