experiment,seed,evaluations,best_nrmse
BARENTS,0,8,0.657306122899907
BARENTS,0,16,0.657306122899907
BARENTS,0,24,0.657306122899907
BARENTS,0,32,0.3178005946729117
BARENTS,0,40,0.3178005946729117
BARENTS,0,48,0.3178005946729117
BARENTS,0,56,0.15239457632696396
BARENTS,0,64,0.15239457632696396
BARENTS,0,72,0.15239457632696396
BARENTS,0,80,0.15239457632696396
BARENTS,0,88,0.15239457632696396
BARENTS,0,96,0.15239457632696396
BARENTS,0,104,0.15239457632696396
BARENTS,0,112,0.15239457632696396
BARENTS,0,120,0.15239457632696396
BARENTS,0,128,0.15239457632696396
BARENTS,0,136,0.15239457632696396
BARENTS,0,144,0.15239457632696396
BARENTS,0,152,0.15239457632696396
BARENTS,0,160,0.15239457632696396
BARENTS,0,168,0.15239457632696396
BARENTS,0,176,0.15239457632696396
BARENTS,0,184,0.15239457632696396
BARENTS,0,192,0.15239457632696396
BARENTS,0,200,0.15239457632696396
BARENTS,0,216,0.15239457632696396
BARENTS,0,224,0.1094167509362443
BARENTS,0,232,0.1094167509362443
BARENTS,0,240,0.08969846278903808
BARENTS,0,248,0.08969846278903808
BARENTS,0,264,0.06606689485870934
BARENTS,0,272,0.06606689485870934
BARENTS,0,288,0.06606689485870934
BARENTS,0,296,0.06606689485870934
BARENTS,0,312,0.06606689485870934
BARENTS,0,320,0.06606689485870934
BARENTS,0,336,0.06606689485870934
BARENTS,0,352,0.03755280333943943
BARENTS,0,368,0.03755280333943943
BARENTS,0,384,0.03755280333943943
BARENTS,0,400,0.03755280333943943
BARENTS,0,416,0.03755280333943943
BARENTS,0,432,0.03755280333943943
BARENTS,0,456,0.03755280333943943
BARENTS,0,472,0.027535239849849857
BARENTS,0,496,0.021885335397619964
BARENTS,0,512,0.021885335397619964
BARENTS,0,536,0.016212929095363267
BARENTS,0,560,0.010509895136396304
BARENTS,0,584,0.00797056698827422
BARENTS,0,608,0.00797056698827422
BARENTS,0,632,0.00797056698827422
BARENTS,0,664,0.004763022135570973
BARENTS,0,688,0.0034050256067517607
BARENTS,0,720,0.0034050256067517607
BARENTS,0,752,0.0022958241598346595
BARENTS,0,784,0.0022958241598346595
BARENTS,0,816,0.001953678449691675
BARENTS,0,848,0.0014220078391818658
BARENTS,0,888,0.0009976939936456094
BARENTS,0,928,0.0007002444426882115
BARENTS,0,968,0.00042271213858780443
BARENTS,0,1008,0.00042271213858780443
BARENTS,0,1048,0.000413851831902262
BARENTS,0,1096,0.00040865811404273213
BARENTS,0,1144,0.00040865811404273213
BARENTS,0,1192,0.0004078037272478702
BARENTS,1,8,0.8351706974886791
BARENTS,1,16,0.7836662775252
BARENTS,1,24,0.6887265869937168
BARENTS,1,32,0.33763437853925465
BARENTS,1,40,0.33763437853925465
BARENTS,1,48,0.33763437853925465
BARENTS,1,56,0.33763437853925465
BARENTS,1,64,0.33763437853925465
BARENTS,1,72,0.28179712509173654
BARENTS,1,80,0.28179712509173654
BARENTS,1,88,0.28179712509173654
BARENTS,1,96,0.28179712509173654
BARENTS,1,104,0.28179712509173654
BARENTS,1,112,0.28179712509173654
BARENTS,1,120,0.28179712509173654
BARENTS,1,128,0.28179712509173654
BARENTS,1,136,0.28179712509173654
BARENTS,1,144,0.28179712509173654
BARENTS,1,152,0.28179712509173654
BARENTS,1,160,0.2785112129007769
BARENTS,1,168,0.2271735451185588
BARENTS,1,176,0.2271735451185588
BARENTS,1,184,0.2271735451185588
BARENTS,1,192,0.2271735451185588
BARENTS,1,200,0.2271735451185588
BARENTS,1,208,0.2271735451185588
BARENTS,1,216,0.2271735451185588
BARENTS,1,224,0.2271735451185588
BARENTS,1,232,0.15173937057281675
BARENTS,1,248,0.12399014959645148
BARENTS,1,256,0.12399014959645148
BARENTS,1,264,0.12399014959645148
BARENTS,1,280,0.12399014959645148
BARENTS,1,288,0.12399014959645148
BARENTS,1,304,0.12399014959645148
BARENTS,1,320,0.12399014959645148
BARENTS,1,336,0.1056048055489009
BARENTS,1,344,0.07799558359563939
BARENTS,1,360,0.039937501947442604
BARENTS,1,376,0.039937501947442604
BARENTS,1,400,0.039937501947442604
BARENTS,1,416,0.039937501947442604
BARENTS,1,432,0.015094243533633058
BARENTS,1,456,0.015094243533633058
BARENTS,1,472,0.015094243533633058
BARENTS,1,496,0.014988436962390677
BARENTS,1,520,0.008929889987012477
BARENTS,1,536,0.008929889987012477
BARENTS,1,560,0.008929889987012477
BARENTS,1,592,0.008201043058877965
BARENTS,1,616,0.008201043058877965
BARENTS,1,640,0.006618265923281756
BARENTS,1,672,0.00629148713522486
BARENTS,1,704,0.00595466124358507
BARENTS,1,736,0.005509848535398501
BARENTS,1,768,0.005215077438667066
BARENTS,1,800,0.005141257690374786
BARENTS,1,840,0.004945775553298537
BARENTS,1,872,0.004682853961303248
BARENTS,1,912,0.004108362493123852
BARENTS,1,952,0.0037015184847290403
BARENTS,1,1000,0.0018712036522531843
BARENTS,1,1040,0.0014458909906870882
BARENTS,1,1088,0.0009567878726939926
BARENTS,1,1136,0.0008024651144748107
BARENTS,1,1192,0.0006040864627552668
BARENTS,1,1240,0.0005500270951947932
BARENTS,1,1296,0.0004484321919106832
BARENTS,1,1352,0.0004144167884987185
BARENTS,1,1416,0.0004120286897192815
BARENTS,1,1480,0.00040739843578301103
BARENTS,10,8,0.6503697149709656
BARENTS,10,16,0.3169047645551833
BARENTS,10,24,0.3169047645551833
BARENTS,10,32,0.3169047645551833
BARENTS,10,40,0.3169047645551833
BARENTS,10,48,0.3169047645551833
BARENTS,10,56,0.3169047645551833
BARENTS,10,64,0.3169047645551833
BARENTS,10,72,0.3169047645551833
BARENTS,10,80,0.3169047645551833
BARENTS,10,88,0.3169047645551833
BARENTS,10,96,0.3169047645551833
BARENTS,10,104,0.3169047645551833
BARENTS,10,112,0.3169047645551833
BARENTS,10,120,0.3169047645551833
BARENTS,10,128,0.3169047645551833
BARENTS,10,136,0.2609411091740466
BARENTS,10,144,0.2609411091740466
BARENTS,10,152,0.18069459914726413
BARENTS,10,160,0.17647251343175155
BARENTS,10,168,0.17647251343175155
BARENTS,10,176,0.16023310537037871
BARENTS,10,184,0.16023310537037871
BARENTS,10,192,0.16023310537037871
BARENTS,10,200,0.16023310537037871
BARENTS,10,208,0.1479641666404708
BARENTS,10,216,0.1479641666404708
BARENTS,10,232,0.08005198699823618
BARENTS,10,240,0.08005198699823618
BARENTS,10,248,0.08005198699823618
BARENTS,10,264,0.06463638997958936
BARENTS,10,272,0.06463638997958936
BARENTS,10,288,0.06463638997958936
BARENTS,10,296,0.05987801143201736
BARENTS,10,312,0.045302687293376276
BARENTS,10,328,0.045302687293376276
BARENTS,10,336,0.045302687293376276
BARENTS,10,352,0.045302687293376276
BARENTS,10,368,0.037148438042047156
BARENTS,10,384,0.03182557480941281
BARENTS,10,408,0.03182557480941281
BARENTS,10,424,0.03182557480941281
BARENTS,10,440,0.03182557480941281
BARENTS,10,464,0.028026007361935185
BARENTS,10,480,0.02134456387509088
BARENTS,10,504,0.01362419508136797
BARENTS,10,528,0.013276326570384966
BARENTS,10,552,0.009270593199810075
BARENTS,10,576,0.008091602734738645
BARENTS,10,600,0.0076429898401778095
BARENTS,10,632,0.006923572123441503
BARENTS,10,656,0.00645670379998867
BARENTS,10,688,0.006406555286073359
BARENTS,10,720,0.005684374860120742
BARENTS,10,752,0.005684374860120742
BARENTS,10,784,0.005684374860120742
BARENTS,10,816,0.005684374860120742
BARENTS,10,856,0.005684374860120742
BARENTS,10,896,0.005634944660546538
BARENTS,10,936,0.005611998812184065
BARENTS,10,976,0.005572258559531922
BARENTS,10,1024,0.005451479570773593
BARENTS,10,1072,0.0053634229176395
BARENTS,10,1120,0.005318852287997644
BARENTS,10,1168,0.005302242462053241
BARENTS,10,1216,0.005267158751407959
BARENTS,10,1272,0.005261764116865061
BARENTS,10,1328,0.005260883292828019
BARENTS,10,1392,0.005258909478473367
BARENTS,10,1456,0.005258695406706968
BARENTS,10,1520,0.005258465027061951
BARENTS,11,8,0.4628349499919817
BARENTS,11,16,0.4628349499919817
BARENTS,11,24,0.4628349499919817
BARENTS,11,32,0.4628349499919817
BARENTS,11,40,0.4628349499919817
BARENTS,11,48,0.419166290486945
BARENTS,11,56,0.2543562400716546
BARENTS,11,64,0.10191645431240434
BARENTS,11,72,0.10191645431240434
BARENTS,11,80,0.10191645431240434
BARENTS,11,88,0.10191645431240434
BARENTS,11,96,0.10191645431240434
BARENTS,11,104,0.10191645431240434
BARENTS,11,112,0.10191645431240434
BARENTS,11,120,0.10191645431240434
BARENTS,11,128,0.10191645431240434
BARENTS,11,136,0.10191645431240434
BARENTS,11,144,0.10191645431240434
BARENTS,11,152,0.10191645431240434
BARENTS,11,160,0.10191645431240434
BARENTS,11,168,0.10191645431240434
BARENTS,11,176,0.10191645431240434
BARENTS,11,184,0.10191645431240434
BARENTS,11,192,0.10191645431240434
BARENTS,11,200,0.08489744748143145
BARENTS,11,208,0.08489744748143145
BARENTS,11,216,0.08489744748143145
BARENTS,11,224,0.08489744748143145
BARENTS,11,240,0.08489744748143145
BARENTS,11,248,0.08489744748143145
BARENTS,11,256,0.08489744748143145
BARENTS,11,272,0.08489744748143145
BARENTS,11,280,0.08489744748143145
BARENTS,11,296,0.08489744748143145
BARENTS,11,312,0.08489744748143145
BARENTS,11,320,0.08489744748143145
BARENTS,11,336,0.08489744748143145
BARENTS,11,352,0.08489744748143145
BARENTS,11,368,0.08070615659192586
BARENTS,11,384,0.08070615659192586
BARENTS,11,408,0.07563669358660237
BARENTS,11,424,0.07563669358660237
BARENTS,11,448,0.06778376134575742
BARENTS,11,464,0.05398526925306915
BARENTS,11,488,0.04777887141346472
BARENTS,11,512,0.04777887141346472
BARENTS,11,536,0.047205840282000124
BARENTS,11,560,0.04704247527509595
BARENTS,11,584,0.04517581751394674
BARENTS,11,608,0.04041126137237373
BARENTS,11,640,0.034248549268406134
BARENTS,11,664,0.02889846746936954
BARENTS,11,696,0.027197310450958887
BARENTS,11,728,0.01386351360858271
BARENTS,11,760,0.008666040183001536
BARENTS,11,800,0.008666040183001536
BARENTS,11,832,0.00828673867365907
BARENTS,11,872,0.006910500575506488
BARENTS,11,912,0.0067729464868962
BARENTS,11,960,0.006627562064238699
BARENTS,11,1000,0.0065996398272526475
BARENTS,11,1048,0.006365639707248252
BARENTS,11,1096,0.00620549276936304
BARENTS,11,1144,0.0061633729338798245
BARENTS,11,1200,0.006126558644395412
BARENTS,11,1256,0.00608077785419184
BARENTS,11,1312,0.006053940336132592
BARENTS,11,1376,0.006048134645871242
BARENTS,11,1432,0.006038652632534097
BARENTS,11,1504,0.006036423615315893
BARENTS,11,1568,0.006034873335209151
BARENTS,11,1648,0.006033901453615288
BARENTS,11,1720,0.0060338136588586385
BARENTS,12,8,0.9510674127970304
BARENTS,12,16,0.9002968838043742
BARENTS,12,24,0.9002968838043742
BARENTS,12,32,0.8609305474268241
BARENTS,12,40,0.7511059117010057
BARENTS,12,48,0.6971388742152874
BARENTS,12,56,0.6971388742152874
BARENTS,12,64,0.4461521361178366
BARENTS,12,72,0.4461521361178366
BARENTS,12,80,0.4461521361178366
BARENTS,12,88,0.4461521361178366
BARENTS,12,96,0.4461521361178366
BARENTS,12,104,0.4461521361178366
BARENTS,12,112,0.11531171682593733
BARENTS,12,120,0.11531171682593733
BARENTS,12,128,0.11531171682593733
BARENTS,12,136,0.11531171682593733
BARENTS,12,144,0.11531171682593733
BARENTS,12,152,0.11531171682593733
BARENTS,12,160,0.11531171682593733
BARENTS,12,168,0.11531171682593733
BARENTS,12,176,0.11531171682593733
BARENTS,12,184,0.11531171682593733
BARENTS,12,192,0.11531171682593733
BARENTS,12,200,0.11531171682593733
BARENTS,12,208,0.11531171682593733
BARENTS,12,224,0.11531171682593733
BARENTS,12,232,0.09888508988050138
BARENTS,12,240,0.09888508988050138
BARENTS,12,248,0.09888508988050138
BARENTS,12,264,0.09735505644037552
BARENTS,12,272,0.09735505644037552
BARENTS,12,288,0.09735505644037552
BARENTS,12,296,0.09735505644037552
BARENTS,12,312,0.08488629201661585
BARENTS,12,328,0.08488629201661585
BARENTS,12,344,0.08488629201661585
BARENTS,12,352,0.08488629201661585
BARENTS,12,368,0.06874188352420375
BARENTS,12,384,0.06874188352420375
BARENTS,12,408,0.06874188352420375
BARENTS,12,424,0.06253104906564087
BARENTS,12,440,0.06253104906564087
BARENTS,12,464,0.05444863801073829
BARENTS,12,480,0.05444863801073829
BARENTS,12,504,0.05444863801073829
BARENTS,12,520,0.051734266786849746
BARENTS,12,544,0.044129218160637286
BARENTS,12,568,0.03788246652757821
BARENTS,12,600,0.027082301728123214
BARENTS,12,624,0.02054144460042363
BARENTS,12,648,0.007218152515118557
BARENTS,12,680,0.007218152515118557
BARENTS,12,712,0.006089041801389934
BARENTS,12,736,0.0043253371600370264
BARENTS,12,768,0.003652826426750949
BARENTS,12,808,0.0028552624340662776
BARENTS,12,840,0.002093520599195389
BARENTS,12,880,0.0018096710385464335
BARENTS,12,920,0.0015438272553384683
BARENTS,12,960,0.0009230960595847062
BARENTS,12,1000,0.0008032867759287235
BARENTS,12,1040,0.0007362383078166458
BARENTS,12,1088,0.000538094870428272
BARENTS,12,1136,0.00041337213695181074
BARENTS,12,1184,0.00041337213695181074
BARENTS,12,1240,0.0004120981223540139
BARENTS,12,1296,0.00040799949798893485
BARENTS,12,1352,0.0004071789243690736
BARENTS,13,8,0.9219171928898935
BARENTS,13,16,0.776495374950077
BARENTS,13,24,0.61850515439936
BARENTS,13,32,0.5000111346767793
BARENTS,13,40,0.5000111346767793
BARENTS,13,48,0.43803107853250645
BARENTS,13,56,0.43803107853250645
BARENTS,13,64,0.43803107853250645
BARENTS,13,72,0.43803107853250645
BARENTS,13,80,0.43803107853250645
BARENTS,13,88,0.39481977642832716
BARENTS,13,96,0.39481977642832716
BARENTS,13,104,0.2631682226435489
BARENTS,13,112,0.204073028766307
BARENTS,13,120,0.204073028766307
BARENTS,13,128,0.204073028766307
BARENTS,13,136,0.204073028766307
BARENTS,13,144,0.204073028766307
BARENTS,13,152,0.204073028766307
BARENTS,13,160,0.204073028766307
BARENTS,13,168,0.204073028766307
BARENTS,13,176,0.204073028766307
BARENTS,13,184,0.204073028766307
BARENTS,13,192,0.204073028766307
BARENTS,13,200,0.204073028766307
BARENTS,13,208,0.204073028766307
BARENTS,13,216,0.204073028766307
BARENTS,13,224,0.204073028766307
BARENTS,13,232,0.18531552251970362
BARENTS,13,248,0.18531552251970362
BARENTS,13,256,0.18531552251970362
BARENTS,13,264,0.18531552251970362
BARENTS,13,280,0.18531552251970362
BARENTS,13,288,0.18531552251970362
BARENTS,13,304,0.15519285401112146
BARENTS,13,320,0.15519285401112146
BARENTS,13,328,0.15073240546984157
BARENTS,13,344,0.15073240546984157
BARENTS,13,360,0.13852914260669763
BARENTS,13,376,0.0556987045823325
BARENTS,13,392,0.04581068785258951
BARENTS,13,408,0.03566643970144893
BARENTS,13,432,0.03566643970144893
BARENTS,13,448,0.03566643970144893
BARENTS,13,472,0.03566643970144893
BARENTS,13,488,0.02434775532737115
BARENTS,13,512,0.02434775532737115
BARENTS,13,536,0.02164149803842515
BARENTS,13,560,0.015652217116632387
BARENTS,13,584,0.013368136288564366
BARENTS,13,608,0.013368136288564366
BARENTS,13,632,0.009762684588415794
BARENTS,13,664,0.009182367630841697
BARENTS,13,696,0.008487807265747972
BARENTS,13,720,0.008487807265747972
BARENTS,13,752,0.008487807265747972
BARENTS,13,792,0.008194924359306915
BARENTS,13,824,0.007788715381536116
BARENTS,13,856,0.007454898812726499
BARENTS,13,896,0.007454898812726499
BARENTS,13,936,0.007244022439068772
BARENTS,13,976,0.007244022439068772
BARENTS,13,1024,0.007243162419605978
BARENTS,13,1064,0.0072427638370932326
BARENTS,13,1112,0.0072427638370932326
BARENTS,13,1160,0.0072427638370932326
BARENTS,13,1216,0.00724037494654294
BARENTS,13,1272,0.007239935454770426
BARENTS,13,1328,0.007239730422987669
BARENTS,13,1384,0.007239712346381629
BARENTS,14,8,0.8853031536004582
BARENTS,14,16,0.7591432880454908
BARENTS,14,24,0.574209842861501
BARENTS,14,32,0.5211227369504214
BARENTS,14,40,0.3859758336414816
BARENTS,14,48,0.3859758336414816
BARENTS,14,56,0.3859758336414816
BARENTS,14,64,0.3859758336414816
BARENTS,14,72,0.3859758336414816
BARENTS,14,80,0.3859758336414816
BARENTS,14,88,0.3859758336414816
BARENTS,14,96,0.3635250334447671
BARENTS,14,104,0.3635250334447671
BARENTS,14,112,0.3635250334447671
BARENTS,14,120,0.3349239792769016
BARENTS,14,128,0.3349239792769016
BARENTS,14,136,0.3349239792769016
BARENTS,14,144,0.3349239792769016
BARENTS,14,152,0.3349239792769016
BARENTS,14,160,0.3294347230388089
BARENTS,14,168,0.30694273136379413
BARENTS,14,176,0.30694273136379413
BARENTS,14,184,0.30694273136379413
BARENTS,14,192,0.26493094138035095
BARENTS,14,200,0.26493094138035095
BARENTS,14,208,0.26493094138035095
BARENTS,14,216,0.09542123820795298
BARENTS,14,224,0.09542123820795298
BARENTS,14,232,0.09542123820795298
BARENTS,14,248,0.09542123820795298
BARENTS,14,256,0.09542123820795298
BARENTS,14,272,0.09542123820795298
BARENTS,14,280,0.09542123820795298
BARENTS,14,296,0.028466925169723375
BARENTS,14,304,0.028466925169723375
BARENTS,14,320,0.028466925169723375
BARENTS,14,336,0.028466925169723375
BARENTS,14,352,0.028466925169723375
BARENTS,14,368,0.028466925169723375
BARENTS,14,384,0.028466925169723375
BARENTS,14,400,0.01870206091795615
BARENTS,14,416,0.01443128150582425
BARENTS,14,432,0.01443128150582425
BARENTS,14,456,0.011227742270601797
BARENTS,14,472,0.010506909288212286
BARENTS,14,496,0.0095131685891397
BARENTS,14,520,0.0095131685891397
BARENTS,14,544,0.008386966697749205
BARENTS,14,568,0.008334543374631702
BARENTS,14,592,0.008334543374631702
BARENTS,14,616,0.008074944774570776
BARENTS,14,648,0.008027201776762567
BARENTS,14,672,0.007912837096725842
BARENTS,14,704,0.007793214793935949
BARENTS,14,736,0.007674258983183778
BARENTS,14,768,0.007231514978909664
BARENTS,14,808,0.00366128376929892
BARENTS,14,840,0.00366128376929892
BARENTS,14,880,0.00366128376929892
BARENTS,14,920,0.002140307164376097
BARENTS,14,960,0.002140307164376097
BARENTS,14,1000,0.0013136878300681655
BARENTS,14,1048,0.001257137671610307
BARENTS,14,1096,0.0007441486572433601
BARENTS,14,1144,0.0005418650535377809
BARENTS,14,1192,0.00046333260148419443
BARENTS,14,1248,0.0004435176460385838
BARENTS,14,1304,0.0004355816051471943
BARENTS,14,1360,0.0004140686105984459
BARENTS,14,1424,0.0004096015460628978
BARENTS,14,1488,0.0004075141121960438
BARENTS,15,8,0.49774307582618504
BARENTS,15,16,0.42903862220875344
BARENTS,15,24,0.3896557578038945
BARENTS,15,32,0.3896557578038945
BARENTS,15,40,0.3896557578038945
BARENTS,15,48,0.29987925213963657
BARENTS,15,56,0.29987925213963657
BARENTS,15,64,0.29987925213963657
BARENTS,15,72,0.2977771247600693
BARENTS,15,80,0.2977771247600693
BARENTS,15,88,0.2977771247600693
BARENTS,15,96,0.24005538926153602
BARENTS,15,104,0.24005538926153602
BARENTS,15,112,0.24005538926153602
BARENTS,15,120,0.23047537365936416
BARENTS,15,128,0.23047537365936416
BARENTS,15,136,0.22372046300942733
BARENTS,15,144,0.22372046300942733
BARENTS,15,152,0.22372046300942733
BARENTS,15,160,0.22372046300942733
BARENTS,15,168,0.15761957853806985
BARENTS,15,176,0.15761957853806985
BARENTS,15,184,0.15761957853806985
BARENTS,15,192,0.15761957853806985
BARENTS,15,200,0.15761957853806985
BARENTS,15,208,0.11578720288283303
BARENTS,15,216,0.056776610710525074
BARENTS,15,224,0.056776610710525074
BARENTS,15,232,0.056776610710525074
BARENTS,15,248,0.056776610710525074
BARENTS,15,256,0.056776610710525074
BARENTS,15,264,0.052928603157913444
BARENTS,15,280,0.04251509356218266
BARENTS,15,288,0.0391950823069304
BARENTS,15,296,0.0391950823069304
BARENTS,15,312,0.037303043910019894
BARENTS,15,328,0.037303043910019894
BARENTS,15,336,0.03533239864947126
BARENTS,15,352,0.02788550148977741
BARENTS,15,368,0.015787474163744198
BARENTS,15,384,0.01278289241060095
BARENTS,15,400,0.01278289241060095
BARENTS,15,416,0.010100465227642031
BARENTS,15,432,0.010100465227642031
BARENTS,15,448,0.010100465227642031
BARENTS,15,472,0.008515447326412656
BARENTS,15,488,0.008515447326412656
BARENTS,15,512,0.008515447326412656
BARENTS,15,528,0.008515447326412656
BARENTS,15,552,0.0081018306374457
BARENTS,15,576,0.0081018306374457
BARENTS,15,600,0.008032176153528657
BARENTS,15,624,0.007974611104537127
BARENTS,15,648,0.007974611104537127
BARENTS,15,680,0.007974611104537127
BARENTS,15,704,0.007969164441746328
BARENTS,15,736,0.007969164441746328
BARENTS,15,768,0.007964726987930004
BARENTS,15,792,0.007964726987930004
BARENTS,15,832,0.007963587528043721
BARENTS,15,864,0.007963587528043721
BARENTS,15,896,0.007963570212588466
BARENTS,15,936,0.007963570212588466
BARENTS,15,976,0.00796355949945412
BARENTS,15,1016,0.007963526604656762
BARENTS,16,8,0.7165369862256902
BARENTS,16,16,0.5172201617546895
BARENTS,16,24,0.5172201617546895
BARENTS,16,32,0.4819402580631443
BARENTS,16,40,0.4819402580631443
BARENTS,16,48,0.298368926476449
BARENTS,16,56,0.22985290685108864
BARENTS,16,64,0.22985290685108864
BARENTS,16,72,0.22985290685108864
BARENTS,16,80,0.22985290685108864
BARENTS,16,88,0.22985290685108864
BARENTS,16,96,0.22985290685108864
BARENTS,16,104,0.22985290685108864
BARENTS,16,112,0.22985290685108864
BARENTS,16,120,0.22985290685108864
BARENTS,16,128,0.22985290685108864
BARENTS,16,136,0.22985290685108864
BARENTS,16,144,0.22985290685108864
BARENTS,16,152,0.22985290685108864
BARENTS,16,160,0.22985290685108864
BARENTS,16,168,0.22985290685108864
BARENTS,16,176,0.22985290685108864
BARENTS,16,184,0.22985290685108864
BARENTS,16,192,0.22985290685108864
BARENTS,16,200,0.22985290685108864
BARENTS,16,208,0.19512695624967683
BARENTS,16,216,0.10485080501798093
BARENTS,16,224,0.10485080501798093
BARENTS,16,232,0.10485080501798093
BARENTS,16,248,0.10485080501798093
BARENTS,16,256,0.10485080501798093
BARENTS,16,272,0.10485080501798093
BARENTS,16,280,0.10485080501798093
BARENTS,16,296,0.10485080501798093
BARENTS,16,304,0.10485080501798093
BARENTS,16,320,0.10485080501798093
BARENTS,16,336,0.10485080501798093
BARENTS,16,352,0.10485080501798093
BARENTS,16,368,0.10485080501798093
BARENTS,16,384,0.10485080501798093
BARENTS,16,400,0.10485080501798093
BARENTS,16,416,0.10485080501798093
BARENTS,16,440,0.07982030266409598
BARENTS,16,456,0.07982030266409598
BARENTS,16,480,0.05742620122999632
BARENTS,16,504,0.05526529974196026
BARENTS,16,520,0.026976917706397725
BARENTS,16,544,0.01883234304291443
BARENTS,16,576,0.01883234304291443
BARENTS,16,600,0.01317126564302147
BARENTS,16,624,0.01317126564302147
BARENTS,16,656,0.009134376962733243
BARENTS,16,680,0.009134376962733243
BARENTS,16,712,0.008791015428874437
BARENTS,16,744,0.007844206907383001
BARENTS,16,784,0.007464416996824975
BARENTS,16,816,0.006028355459599062
BARENTS,16,856,0.006028355459599062
BARENTS,16,896,0.005679773076861275
BARENTS,16,936,0.005519122878945551
BARENTS,16,976,0.0041909774033291325
BARENTS,16,1024,0.002551906084348813
BARENTS,16,1064,0.002177782757252673
BARENTS,16,1112,0.00172142477557129
BARENTS,16,1168,0.0010704373427587247
BARENTS,16,1216,0.0007530071829117239
BARENTS,16,1272,0.0006043532802037755
BARENTS,16,1336,0.0005519950406136842
BARENTS,16,1392,0.0005025847118385369
BARENTS,16,1456,0.0004212287338005784
BARENTS,16,1520,0.0004093997427779297
BARENTS,16,1592,0.00040752832342463207
BARENTS,17,8,0.7097664336574733
BARENTS,17,16,0.47181627308894386
BARENTS,17,24,0.37852780205746345
BARENTS,17,32,0.37852780205746345
BARENTS,17,40,0.37852780205746345
BARENTS,17,48,0.37852780205746345
BARENTS,17,56,0.37852780205746345
BARENTS,17,64,0.14114332107002917
BARENTS,17,72,0.14114332107002917
BARENTS,17,80,0.14114332107002917
BARENTS,17,88,0.14114332107002917
BARENTS,17,96,0.14114332107002917
BARENTS,17,104,0.14114332107002917
BARENTS,17,112,0.14114332107002917
BARENTS,17,120,0.14114332107002917
BARENTS,17,128,0.14114332107002917
BARENTS,17,136,0.14114332107002917
BARENTS,17,144,0.14114332107002917
BARENTS,17,152,0.14114332107002917
BARENTS,17,160,0.14114332107002917
BARENTS,17,168,0.14114332107002917
BARENTS,17,176,0.14114332107002917
BARENTS,17,184,0.14114332107002917
BARENTS,17,192,0.14114332107002917
BARENTS,17,208,0.14114332107002917
BARENTS,17,216,0.14114332107002917
BARENTS,17,224,0.14114332107002917
BARENTS,17,232,0.14114332107002917
BARENTS,17,248,0.14114332107002917
BARENTS,17,256,0.14114332107002917
BARENTS,17,264,0.14114332107002917
BARENTS,17,280,0.14114332107002917
BARENTS,17,288,0.14114332107002917
BARENTS,17,304,0.14114332107002917
BARENTS,17,320,0.1406532968272538
BARENTS,17,336,0.11265291304701322
BARENTS,17,352,0.0721608114664428
BARENTS,17,368,0.03056964087764442
BARENTS,17,384,0.03056964087764442
BARENTS,17,400,0.03056964087764442
BARENTS,17,416,0.03056964087764442
BARENTS,17,432,0.03056964087764442
BARENTS,17,456,0.03056964087764442
BARENTS,17,472,0.03056964087764442
BARENTS,17,496,0.03056964087764442
BARENTS,17,520,0.02299992299334091
BARENTS,17,544,0.019084001269326883
BARENTS,17,568,0.012590312911484644
BARENTS,17,592,0.008615457828225485
BARENTS,17,624,0.008032252734395059
BARENTS,17,648,0.006228286343119376
BARENTS,17,680,0.005580990875145864
BARENTS,17,712,0.005545920440570745
BARENTS,17,744,0.005273602373129535
BARENTS,17,776,0.005273602373129535
BARENTS,17,808,0.005159274947452889
BARENTS,17,848,0.005112261472467908
BARENTS,17,888,0.005057286167779637
BARENTS,17,928,0.005043746255140742
BARENTS,17,968,0.004964103800627978
BARENTS,17,1008,0.004840891749921083
BARENTS,17,1056,0.003655343978312239
BARENTS,17,1104,0.002170181738736831
BARENTS,17,1152,0.0019047372446661449
BARENTS,17,1208,0.0011771526914584954
BARENTS,17,1264,0.0010074959479086203
BARENTS,17,1320,0.0005925915282201208
BARENTS,17,1376,0.00046126787569484825
BARENTS,17,1440,0.0004087857618874476
BARENTS,17,1504,0.0004087578267020124
BARENTS,17,1576,0.0004071588424049021
BARENTS,18,8,0.7296565323829531
BARENTS,18,16,0.6820050771169364
BARENTS,18,24,0.5612184875260549
BARENTS,18,32,0.314955432916282
BARENTS,18,40,0.314955432916282
BARENTS,18,48,0.314955432916282
BARENTS,18,56,0.2694552643265402
BARENTS,18,64,0.2694552643265402
BARENTS,18,72,0.2673513294182063
BARENTS,18,80,0.2673513294182063
BARENTS,18,88,0.2673513294182063
BARENTS,18,96,0.2673513294182063
BARENTS,18,104,0.2673513294182063
BARENTS,18,112,0.2673513294182063
BARENTS,18,120,0.2673513294182063
BARENTS,18,128,0.23943748274649493
BARENTS,18,136,0.23943748274649493
BARENTS,18,144,0.23943748274649493
BARENTS,18,152,0.23943748274649493
BARENTS,18,160,0.23943748274649493
BARENTS,18,168,0.23943748274649493
BARENTS,18,176,0.23943748274649493
BARENTS,18,184,0.16257667936035478
BARENTS,18,192,0.13304769093656582
BARENTS,18,200,0.13304769093656582
BARENTS,18,216,0.12375540810269492
BARENTS,18,224,0.12375540810269492
BARENTS,18,232,0.08888388895360162
BARENTS,18,240,0.08888388895360162
BARENTS,18,256,0.08888388895360162
BARENTS,18,264,0.08888388895360162
BARENTS,18,280,0.07916156243877356
BARENTS,18,288,0.07916156243877356
BARENTS,18,304,0.05431985772235865
BARENTS,18,312,0.05431985772235865
BARENTS,18,328,0.03245061301827172
BARENTS,18,344,0.029816587380163007
BARENTS,18,360,0.02049198493690991
BARENTS,18,376,0.02049198493690991
BARENTS,18,392,0.01942856596568719
BARENTS,18,408,0.016094120748696632
BARENTS,18,424,0.016094120748696632
BARENTS,18,448,0.015291003823049872
BARENTS,18,464,0.013973975883892776
BARENTS,18,488,0.013410759862367432
BARENTS,18,512,0.011456250576725766
BARENTS,18,536,0.010861124912394134
BARENTS,18,560,0.009686140909697216
BARENTS,18,584,0.009109160490074002
BARENTS,18,608,0.00896703719450852
BARENTS,18,632,0.008962092871653869
BARENTS,18,664,0.008147883205911205
BARENTS,18,696,0.008147883205911205
BARENTS,18,720,0.008147883205911205
BARENTS,18,752,0.008022850765763421
BARENTS,18,792,0.007644711487192132
BARENTS,18,824,0.007433500726401612
BARENTS,18,864,0.007399784403789289
BARENTS,18,904,0.007277591076647071
BARENTS,18,944,0.007262928573173037
BARENTS,18,984,0.007243421114837487
BARENTS,18,1024,0.007243013178956146
BARENTS,18,1072,0.0072412335575086926
BARENTS,18,1120,0.007240207893050964
BARENTS,18,1168,0.007239855544525189
BARENTS,18,1224,0.007239760222331812
BARENTS,18,1280,0.007239712105141489
BARENTS,18,1336,0.007239712105141489
BARENTS,18,1392,0.00723971099893045
BARENTS,18,1456,0.007239710980199079
BARENTS,19,8,0.9886160524586909
BARENTS,19,16,0.9306813691616943
BARENTS,19,24,0.6319246726445772
BARENTS,19,32,0.48781958528843716
BARENTS,19,40,0.48781958528843716
BARENTS,19,48,0.45802896043407526
BARENTS,19,56,0.3704270715854556
BARENTS,19,64,0.3704270715854556
BARENTS,19,72,0.3704270715854556
BARENTS,19,80,0.3704270715854556
BARENTS,19,88,0.3704270715854556
BARENTS,19,96,0.3704270715854556
BARENTS,19,104,0.3704270715854556
BARENTS,19,112,0.1685948817212045
BARENTS,19,120,0.1685948817212045
BARENTS,19,128,0.1685948817212045
BARENTS,19,136,0.1685948817212045
BARENTS,19,144,0.1685948817212045
BARENTS,19,152,0.14929108103812055
BARENTS,19,160,0.14929108103812055
BARENTS,19,168,0.14929108103812055
BARENTS,19,176,0.14929108103812055
BARENTS,19,184,0.14929108103812055
BARENTS,19,192,0.14929108103812055
BARENTS,19,200,0.14929108103812055
BARENTS,19,208,0.14929108103812055
BARENTS,19,216,0.14929108103812055
BARENTS,19,224,0.14929108103812055
BARENTS,19,232,0.14929108103812055
BARENTS,19,248,0.14929108103812055
BARENTS,19,256,0.14929108103812055
BARENTS,19,264,0.14929108103812055
BARENTS,19,280,0.14929108103812055
BARENTS,19,288,0.14929108103812055
BARENTS,19,304,0.12017307431835823
BARENTS,19,320,0.11308650272032489
BARENTS,19,328,0.1101842174129021
BARENTS,19,344,0.08745166571041398
BARENTS,19,360,0.08745166571041398
BARENTS,19,376,0.08745166571041398
BARENTS,19,392,0.07819034983108032
BARENTS,19,408,0.06443896134298167
BARENTS,19,424,0.06443896134298167
BARENTS,19,440,0.05226337231583923
BARENTS,19,464,0.05226337231583923
BARENTS,19,480,0.04731110061117754
BARENTS,19,504,0.043325474613195795
BARENTS,19,528,0.04155502965520506
BARENTS,19,552,0.0357303721600131
BARENTS,19,568,0.02650552668298215
BARENTS,19,600,0.0230901018905024
BARENTS,19,624,0.01617566901526234
BARENTS,19,648,0.00967921916613863
BARENTS,19,680,0.00933017954375831
BARENTS,19,704,0.006136571157472633
BARENTS,19,736,0.005918002931390482
BARENTS,19,768,0.005918002931390482
BARENTS,19,800,0.005568003621871541
BARENTS,19,840,0.005498454367167852
BARENTS,19,872,0.005470034108190789
BARENTS,19,912,0.005470034108190789
BARENTS,19,952,0.005444911939394636
BARENTS,19,992,0.005430237986373959
BARENTS,19,1032,0.005430237986373959
BARENTS,19,1080,0.005429729912249352
BARENTS,19,1128,0.005428544267350619
BARENTS,19,1176,0.005428299565553696
BARENTS,19,1224,0.005428050267885435
BARENTS,2,8,0.6037163838973566
BARENTS,2,16,0.4885093717899114
BARENTS,2,24,0.46578994738720153
BARENTS,2,32,0.46578994738720153
BARENTS,2,40,0.46578994738720153
BARENTS,2,48,0.413517907580014
BARENTS,2,56,0.413517907580014
BARENTS,2,64,0.413517907580014
BARENTS,2,72,0.413517907580014
BARENTS,2,80,0.413517907580014
BARENTS,2,88,0.413517907580014
BARENTS,2,96,0.2630054515130805
BARENTS,2,104,0.2630054515130805
BARENTS,2,112,0.2630054515130805
BARENTS,2,120,0.2630054515130805
BARENTS,2,128,0.2630054515130805
BARENTS,2,136,0.2630054515130805
BARENTS,2,144,0.2630054515130805
BARENTS,2,152,0.2630054515130805
BARENTS,2,160,0.2630054515130805
BARENTS,2,168,0.2630054515130805
BARENTS,2,176,0.2630054515130805
BARENTS,2,184,0.2630054515130805
BARENTS,2,192,0.2630054515130805
BARENTS,2,200,0.2630054515130805
BARENTS,2,208,0.2630054515130805
BARENTS,2,216,0.2630054515130805
BARENTS,2,224,0.2630054515130805
BARENTS,2,240,0.2630054515130805
BARENTS,2,248,0.2630054515130805
BARENTS,2,256,0.2630054515130805
BARENTS,2,272,0.1484447491221386
BARENTS,2,280,0.11196102085283692
BARENTS,2,296,0.11196102085283692
BARENTS,2,304,0.11196102085283692
BARENTS,2,320,0.08454443505619708
BARENTS,2,336,0.08454443505619708
BARENTS,2,352,0.08105928511531335
BARENTS,2,368,0.06931164903953112
BARENTS,2,384,0.06624288839257732
BARENTS,2,400,0.06624288839257732
BARENTS,2,416,0.06624288839257732
BARENTS,2,432,0.06624288839257732
BARENTS,2,456,0.05961820006031212
BARENTS,2,472,0.05961820006031212
BARENTS,2,496,0.05094432073842688
BARENTS,2,512,0.048030170222824915
BARENTS,2,536,0.045751505014759185
BARENTS,2,560,0.04057488290052473
BARENTS,2,584,0.032405405768818056
BARENTS,2,616,0.019800793254028875
BARENTS,2,640,0.012177568121621966
BARENTS,2,672,0.012177568121621966
BARENTS,2,696,0.012177568121621966
BARENTS,2,728,0.010145585375622365
BARENTS,2,760,0.00810700575518995
BARENTS,2,800,0.00810700575518995
BARENTS,2,832,0.008102518822211618
BARENTS,2,872,0.008102518822211618
BARENTS,2,904,0.008102518822211618
BARENTS,2,944,0.008102518822211618
BARENTS,2,992,0.008102518822211618
BARENTS,2,1032,0.008102518822211618
BARENTS,2,1080,0.008102518822211618
BARENTS,2,1128,0.008102518822211618
BARENTS,2,1176,0.008102518822211618
BARENTS,2,1232,0.008102518822211618
BARENTS,2,1280,0.008102518822211618
BARENTS,2,1344,0.008102518822211618
BARENTS,2,1400,0.008102518822211618
BARENTS,3,8,0.9061190787558949
BARENTS,3,16,0.8269783299165675
BARENTS,3,24,0.8269783299165675
BARENTS,3,32,0.6447831406477643
BARENTS,3,40,0.6447831406477643
BARENTS,3,48,0.4682082994367301
BARENTS,3,56,0.4682082994367301
BARENTS,3,64,0.4617480102503747
BARENTS,3,72,0.38500445999343963
BARENTS,3,80,0.38500445999343963
BARENTS,3,88,0.38500445999343963
BARENTS,3,96,0.33718521860353295
BARENTS,3,104,0.33718521860353295
BARENTS,3,112,0.33718521860353295
BARENTS,3,120,0.33718521860353295
BARENTS,3,128,0.33718521860353295
BARENTS,3,136,0.33718521860353295
BARENTS,3,144,0.33718521860353295
BARENTS,3,152,0.33718521860353295
BARENTS,3,160,0.33718521860353295
BARENTS,3,168,0.33718521860353295
BARENTS,3,176,0.33718521860353295
BARENTS,3,184,0.33718521860353295
BARENTS,3,192,0.3336390612584891
BARENTS,3,200,0.31256924556821386
BARENTS,3,208,0.31256924556821386
BARENTS,3,216,0.31256924556821386
BARENTS,3,224,0.3019458812116862
BARENTS,3,240,0.20798008104418425
BARENTS,3,248,0.20798008104418425
BARENTS,3,256,0.20798008104418425
BARENTS,3,272,0.11078088264360351
BARENTS,3,280,0.11078088264360351
BARENTS,3,296,0.11078088264360351
BARENTS,3,304,0.10225020610650852
BARENTS,3,320,0.08298988520320688
BARENTS,3,336,0.08298988520320688
BARENTS,3,352,0.06383504671078738
BARENTS,3,368,0.06383504671078738
BARENTS,3,384,0.06383504671078738
BARENTS,3,400,0.056858827141618364
BARENTS,3,416,0.051296689992242406
BARENTS,3,440,0.050494117812425694
BARENTS,3,456,0.050494117812425694
BARENTS,3,480,0.046338783797161866
BARENTS,3,496,0.038827913701972694
BARENTS,3,520,0.038827913701972694
BARENTS,3,544,0.02771418991123784
BARENTS,3,568,0.024089373239961614
BARENTS,3,592,0.01182000114407132
BARENTS,3,624,0.01182000114407132
BARENTS,3,648,0.01182000114407132
BARENTS,3,680,0.008696656832298325
BARENTS,3,712,0.008696656832298325
BARENTS,3,744,0.008696656832298325
BARENTS,3,776,0.008268129126274655
BARENTS,3,808,0.008268129126274655
BARENTS,3,848,0.007850090264922407
BARENTS,3,880,0.007680257131756676
BARENTS,3,920,0.007571738197748845
BARENTS,3,960,0.007554687884106801
BARENTS,3,1008,0.007554687884106801
BARENTS,3,1056,0.007554687884106801
BARENTS,3,1096,0.0075525652481003465
BARENTS,3,1152,0.007548501900164466
BARENTS,3,1200,0.007543187463420432
BARENTS,3,1256,0.0075395158103732825
BARENTS,3,1312,0.007538560468972068
BARENTS,3,1368,0.007537747046135734
BARENTS,3,1432,0.0075376406373438044
BARENTS,3,1496,0.0075376368172861115
BARENTS,4,8,0.8995758232216924
BARENTS,4,16,0.7564115293633988
BARENTS,4,24,0.6508366383541183
BARENTS,4,32,0.5694154311018967
BARENTS,4,40,0.5430593639723951
BARENTS,4,48,0.5430593639723951
BARENTS,4,56,0.5005870470287208
BARENTS,4,64,0.45440685224970917
BARENTS,4,72,0.45440685224970917
BARENTS,4,80,0.4056372970673374
BARENTS,4,88,0.38464775156291103
BARENTS,4,96,0.37282582781592305
BARENTS,4,104,0.37282582781592305
BARENTS,4,112,0.3582896670335407
BARENTS,4,120,0.3582896670335407
BARENTS,4,128,0.3582896670335407
BARENTS,4,136,0.3582896670335407
BARENTS,4,144,0.3582896670335407
BARENTS,4,152,0.3328364915322706
BARENTS,4,160,0.3328364915322706
BARENTS,4,168,0.32246555032890695
BARENTS,4,176,0.32246555032890695
BARENTS,4,184,0.32246555032890695
BARENTS,4,192,0.31035805498217195
BARENTS,4,200,0.3096145214594681
BARENTS,4,208,0.2950861692785704
BARENTS,4,224,0.23675855129331386
BARENTS,4,232,0.2100100172606043
BARENTS,4,240,0.2100100172606043
BARENTS,4,256,0.16645175418719424
BARENTS,4,264,0.1409316339665405
BARENTS,4,280,0.13774118624118223
BARENTS,4,288,0.10077870216911224
BARENTS,4,304,0.07628903022882998
BARENTS,4,320,0.07628903022882998
BARENTS,4,328,0.07628903022882998
BARENTS,4,344,0.07628903022882998
BARENTS,4,360,0.07628903022882998
BARENTS,4,376,0.07628903022882998
BARENTS,4,400,0.07536496858765915
BARENTS,4,416,0.07536496858765915
BARENTS,4,432,0.06952433222138413
BARENTS,4,456,0.06815768747870006
BARENTS,4,472,0.052426183225211406
BARENTS,4,496,0.04302723324173163
BARENTS,4,520,0.04031796656480396
BARENTS,4,544,0.030852859721052277
BARENTS,4,568,0.025055425774606635
BARENTS,4,592,0.018033475574170874
BARENTS,4,624,0.016202114465058842
BARENTS,4,648,0.016202114465058842
BARENTS,4,680,0.0103831956825872
BARENTS,4,712,0.007589420052751553
BARENTS,4,744,0.007589420052751553
BARENTS,4,776,0.006851723689091153
BARENTS,4,808,0.006494701210724511
BARENTS,4,848,0.005426960555455965
BARENTS,4,888,0.004960072743840582
BARENTS,4,928,0.004960072743840582
BARENTS,4,968,0.004960072743840582
BARENTS,4,1016,0.0047963548264501965
BARENTS,4,1064,0.0047963548264501965
BARENTS,4,1112,0.004662985863126295
BARENTS,4,1160,0.004420602222668485
BARENTS,4,1216,0.0030427904387875272
BARENTS,4,1272,0.0016466879453087974
BARENTS,4,1328,0.001001043883963175
BARENTS,4,1392,0.0007631233381035259
BARENTS,4,1456,0.0005426247320950134
BARENTS,4,1520,0.00043039853531647097
BARENTS,4,1592,0.0004077240538179538
BARENTS,4,1664,0.0004071534401930673
BARENTS,5,8,0.9602187060900532
BARENTS,5,16,0.5632944804672505
BARENTS,5,24,0.5632944804672505
BARENTS,5,32,0.5632944804672505
BARENTS,5,40,0.5632944804672505
BARENTS,5,48,0.48324982725880483
BARENTS,5,56,0.3448684039152222
BARENTS,5,64,0.3448684039152222
BARENTS,5,72,0.3448684039152222
BARENTS,5,80,0.3119237006290911
BARENTS,5,88,0.3119237006290911
BARENTS,5,96,0.2260819550521772
BARENTS,5,104,0.2260819550521772
BARENTS,5,112,0.2260819550521772
BARENTS,5,120,0.2260819550521772
BARENTS,5,128,0.2260819550521772
BARENTS,5,136,0.2260819550521772
BARENTS,5,144,0.2260819550521772
BARENTS,5,152,0.2107641607298167
BARENTS,5,160,0.16356640806064474
BARENTS,5,168,0.16356640806064474
BARENTS,5,176,0.16356640806064474
BARENTS,5,184,0.16356640806064474
BARENTS,5,192,0.11164802236810975
BARENTS,5,200,0.11164802236810975
BARENTS,5,208,0.11164802236810975
BARENTS,5,216,0.11164802236810975
BARENTS,5,224,0.08872044780690608
BARENTS,5,232,0.08830464446686082
BARENTS,5,248,0.06640522808140006
BARENTS,5,256,0.06640522808140006
BARENTS,5,264,0.06640522808140006
BARENTS,5,280,0.06640522808140006
BARENTS,5,288,0.06640522808140006
BARENTS,5,304,0.06640522808140006
BARENTS,5,312,0.06640522808140006
BARENTS,5,328,0.05546433846880531
BARENTS,5,344,0.03826301538176514
BARENTS,5,360,0.038011194470903634
BARENTS,5,376,0.038011194470903634
BARENTS,5,392,0.038011194470903634
BARENTS,5,408,0.038011194470903634
BARENTS,5,424,0.03760196300031272
BARENTS,5,440,0.03760196300031272
BARENTS,5,464,0.035021325553119674
BARENTS,5,480,0.022716759770829643
BARENTS,5,504,0.012754983291892612
BARENTS,5,520,0.011947196367249285
BARENTS,5,544,0.009093795208129024
BARENTS,5,568,0.007597758222161256
BARENTS,5,592,0.007597758222161256
BARENTS,5,616,0.00663499791242079
BARENTS,5,648,0.006511577396392191
BARENTS,5,672,0.0057682667473675925
BARENTS,5,704,0.0057682667473675925
BARENTS,5,736,0.005673519782464277
BARENTS,5,768,0.005576895301224211
BARENTS,5,800,0.005570827985334344
BARENTS,5,832,0.005549105108413479
BARENTS,5,864,0.005537011349029586
BARENTS,5,904,0.0055351432790384045
BARENTS,5,944,0.0055327872828196635
BARENTS,5,984,0.0055327872828196635
BARENTS,5,1024,0.005529875956149804
BARENTS,5,1072,0.00552879517710376
BARENTS,5,1120,0.005527175425512549
BARENTS,5,1168,0.005527036557937059
BARENTS,5,1216,0.005527000478946452
BARENTS,6,8,0.4619505761428222
BARENTS,6,16,0.4619505761428222
BARENTS,6,24,0.4217229685242072
BARENTS,6,32,0.4217229685242072
BARENTS,6,40,0.4217229685242072
BARENTS,6,48,0.4217229685242072
BARENTS,6,56,0.3107012672574391
BARENTS,6,64,0.3107012672574391
BARENTS,6,72,0.3107012672574391
BARENTS,6,80,0.28495582668955877
BARENTS,6,88,0.28495582668955877
BARENTS,6,96,0.28495582668955877
BARENTS,6,104,0.28495582668955877
BARENTS,6,112,0.28495582668955877
BARENTS,6,120,0.28495582668955877
BARENTS,6,128,0.28495582668955877
BARENTS,6,136,0.28495582668955877
BARENTS,6,144,0.28495582668955877
BARENTS,6,152,0.28495582668955877
BARENTS,6,160,0.28495582668955877
BARENTS,6,168,0.28495582668955877
BARENTS,6,176,0.28495582668955877
BARENTS,6,184,0.22640766066835036
BARENTS,6,192,0.22640766066835036
BARENTS,6,208,0.22640766066835036
BARENTS,6,216,0.22640766066835036
BARENTS,6,224,0.22640766066835036
BARENTS,6,232,0.19072943145212382
BARENTS,6,240,0.1749605093141491
BARENTS,6,256,0.1749605093141491
BARENTS,6,264,0.1749605093141491
BARENTS,6,280,0.1749605093141491
BARENTS,6,288,0.1749605093141491
BARENTS,6,304,0.1749605093141491
BARENTS,6,320,0.11953971848835403
BARENTS,6,328,0.11953971848835403
BARENTS,6,344,0.0864315624528286
BARENTS,6,360,0.0864315624528286
BARENTS,6,376,0.07777521366233835
BARENTS,6,392,0.07777521366233835
BARENTS,6,408,0.05991121331504341
BARENTS,6,432,0.05586556970042006
BARENTS,6,448,0.05586556970042006
BARENTS,6,472,0.036511424590268494
BARENTS,6,488,0.025760638962049314
BARENTS,6,512,0.018586837560200055
BARENTS,6,536,0.018027637843073728
BARENTS,6,560,0.007861410778114917
BARENTS,6,584,0.007861410778114917
BARENTS,6,608,0.004589148512597512
BARENTS,6,640,0.004479509636515717
BARENTS,6,664,0.004247914309456236
BARENTS,6,696,0.004031247012715186
BARENTS,6,728,0.0037843629103487173
BARENTS,6,760,0.0034773159177278324
BARENTS,6,792,0.0034115279601670415
BARENTS,6,832,0.0032078014652231154
BARENTS,6,864,0.0032078014652231154
BARENTS,6,904,0.0032078014652231154
BARENTS,6,944,0.0032078014652231154
BARENTS,6,984,0.0030107489561243227
BARENTS,6,1032,0.002175569923677964
BARENTS,6,1080,0.001091324740060634
BARENTS,6,1128,0.00045256646139669326
BARENTS,6,1176,0.00045256646139669326
BARENTS,6,1232,0.00045256646139669326
BARENTS,6,1280,0.00045256646139669326
BARENTS,6,1344,0.00041542289611576735
BARENTS,6,1400,0.0004074934618235932
BARENTS,6,1464,0.00040717943046799347
BARENTS,7,8,0.9955605749691833
BARENTS,7,16,0.7826744960712966
BARENTS,7,24,0.7826744960712966
BARENTS,7,32,0.6985671710459737
BARENTS,7,40,0.6985671710459737
BARENTS,7,48,0.6500790450650912
BARENTS,7,56,0.4290397552675319
BARENTS,7,64,0.4290397552675319
BARENTS,7,72,0.4290397552675319
BARENTS,7,80,0.24172619117097138
BARENTS,7,88,0.24172619117097138
BARENTS,7,96,0.24172619117097138
BARENTS,7,104,0.24172619117097138
BARENTS,7,112,0.24172619117097138
BARENTS,7,120,0.24172619117097138
BARENTS,7,128,0.24172619117097138
BARENTS,7,136,0.24172619117097138
BARENTS,7,144,0.24172619117097138
BARENTS,7,152,0.24172619117097138
BARENTS,7,160,0.24172619117097138
BARENTS,7,168,0.24172619117097138
BARENTS,7,184,0.24172619117097138
BARENTS,7,192,0.24172619117097138
BARENTS,7,200,0.21972120794072286
BARENTS,7,208,0.21972120794072286
BARENTS,7,216,0.13085106587986858
BARENTS,7,232,0.13085106587986858
BARENTS,7,240,0.13085106587986858
BARENTS,7,248,0.13085106587986858
BARENTS,7,264,0.13085106587986858
BARENTS,7,280,0.13085106587986858
BARENTS,7,288,0.13085106587986858
BARENTS,7,304,0.13085106587986858
BARENTS,7,320,0.13085106587986858
BARENTS,7,336,0.13085106587986858
BARENTS,7,352,0.13085106587986858
BARENTS,7,368,0.1251024330150214
BARENTS,7,384,0.09742013857326237
BARENTS,7,408,0.0787796892673101
BARENTS,7,424,0.0787796892673101
BARENTS,7,448,0.05111647044885579
BARENTS,7,472,0.05111647044885579
BARENTS,7,496,0.05111647044885579
BARENTS,7,520,0.03951283384459352
BARENTS,7,544,0.03850548744485294
BARENTS,7,568,0.03488156923758958
BARENTS,7,600,0.032036715506916905
BARENTS,7,624,0.02950687971790428
BARENTS,7,656,0.02185213552874353
BARENTS,7,688,0.020104755125214344
BARENTS,7,720,0.01705399706574022
BARENTS,7,760,0.011137392959943749
BARENTS,7,792,0.010544552958385996
BARENTS,7,832,0.008046759366438385
BARENTS,7,872,0.006276260755756532
BARENTS,7,920,0.005987428013324249
BARENTS,7,960,0.005847875421184394
BARENTS,7,1008,0.005740619754436786
BARENTS,7,1056,0.005740619754436786
BARENTS,7,1112,0.005664947912024575
BARENTS,7,1168,0.005634441168532122
BARENTS,7,1224,0.005631250931200309
BARENTS,7,1280,0.005629133803953263
BARENTS,7,1344,0.005629133803953263
BARENTS,7,1416,0.005619981665643131
BARENTS,7,1480,0.0056171853323277775
BARENTS,7,1552,0.005592733839188715
BARENTS,7,1632,0.005565659938221522
BARENTS,7,1712,0.005551923651006876
BARENTS,7,1792,0.005455633421825556
BARENTS,7,1880,0.005454495688908649
BARENTS,7,1976,0.005440276560561436
BARENTS,7,2072,0.005438500519287819
BARENTS,7,2176,0.005437608373460717
BARENTS,7,2280,0.005437608373460717
BARENTS,7,2392,0.005437608373460717
BARENTS,8,8,0.5448287753799556
BARENTS,8,16,0.5448287753799556
BARENTS,8,24,0.5448287753799556
BARENTS,8,32,0.5448287753799556
BARENTS,8,40,0.39492327390536186
BARENTS,8,48,0.39492327390536186
BARENTS,8,56,0.39492327390536186
BARENTS,8,64,0.39492327390536186
BARENTS,8,72,0.39492327390536186
BARENTS,8,80,0.39492327390536186
BARENTS,8,88,0.3912416891939648
BARENTS,8,96,0.3912416891939648
BARENTS,8,104,0.3912416891939648
BARENTS,8,112,0.3766666218901307
BARENTS,8,120,0.3766666218901307
BARENTS,8,128,0.30081184925197657
BARENTS,8,136,0.30081184925197657
BARENTS,8,144,0.29046477404164345
BARENTS,8,152,0.29046477404164345
BARENTS,8,160,0.29046477404164345
BARENTS,8,168,0.21590142370641924
BARENTS,8,176,0.21590142370641924
BARENTS,8,184,0.21590142370641924
BARENTS,8,192,0.17421986800847822
BARENTS,8,200,0.1470582770057602
BARENTS,8,208,0.08293903993376776
BARENTS,8,216,0.08293903993376776
BARENTS,8,224,0.08293903993376776
BARENTS,8,232,0.08293903993376776
BARENTS,8,240,0.08293903993376776
BARENTS,8,256,0.05707324425069101
BARENTS,8,264,0.05323982805871125
BARENTS,8,272,0.05323982805871125
BARENTS,8,288,0.05323982805871125
BARENTS,8,296,0.05323982805871125
BARENTS,8,312,0.05323982805871125
BARENTS,8,328,0.05323982805871125
BARENTS,8,336,0.04464623974318678
BARENTS,8,352,0.04464623974318678
BARENTS,8,368,0.04464623974318678
BARENTS,8,384,0.030752397706263455
BARENTS,8,400,0.030752397706263455
BARENTS,8,416,0.028754386449073927
BARENTS,8,432,0.026739075000589876
BARENTS,8,448,0.022012917229935796
BARENTS,8,472,0.016121154972434167
BARENTS,8,488,0.010539721268938812
BARENTS,8,512,0.010539721268938812
BARENTS,8,536,0.00830574482555597
BARENTS,8,552,0.00830574482555597
BARENTS,8,576,0.007848064353669342
BARENTS,8,600,0.00782060184813471
BARENTS,8,624,0.00782060184813471
BARENTS,8,656,0.007289096874206565
BARENTS,8,680,0.007289096874206565
BARENTS,8,712,0.007289096874206565
BARENTS,8,744,0.007289096874206565
BARENTS,8,768,0.007279793700727334
BARENTS,8,800,0.007240309379202861
BARENTS,8,840,0.007240309379202861
BARENTS,8,872,0.007240025082395952
BARENTS,8,912,0.007240025082395952
BARENTS,8,944,0.007240025082395952
BARENTS,8,984,0.007239899733714368
BARENTS,8,1032,0.007239728864786724
BARENTS,8,1072,0.007239713314901638
BARENTS,9,8,0.9105452314418558
BARENTS,9,16,0.5373173728997046
BARENTS,9,24,0.45374211562105954
BARENTS,9,32,0.45374211562105954
BARENTS,9,40,0.4252865151584554
BARENTS,9,48,0.4252865151584554
BARENTS,9,56,0.4252865151584554
BARENTS,9,64,0.4122610114438026
BARENTS,9,72,0.4122610114438026
BARENTS,9,80,0.33347529256942504
BARENTS,9,88,0.33347529256942504
BARENTS,9,96,0.33347529256942504
BARENTS,9,104,0.33347529256942504
BARENTS,9,112,0.3187690988376926
BARENTS,9,120,0.3187690988376926
BARENTS,9,128,0.3187690988376926
BARENTS,9,136,0.3051958774600324
BARENTS,9,144,0.3051958774600324
BARENTS,9,152,0.23213400091125796
BARENTS,9,160,0.1419297092888723
BARENTS,9,168,0.1419297092888723
BARENTS,9,176,0.1419297092888723
BARENTS,9,184,0.12108239893569187
BARENTS,9,192,0.12108239893569187
BARENTS,9,200,0.0883174438948856
BARENTS,9,208,0.0883174438948856
BARENTS,9,216,0.0883174438948856
BARENTS,9,224,0.0883174438948856
BARENTS,9,240,0.0883174438948856
BARENTS,9,248,0.0883174438948856
BARENTS,9,256,0.0883174438948856
BARENTS,9,272,0.08797357334237906
BARENTS,9,280,0.08797357334237906
BARENTS,9,296,0.08519015403469819
BARENTS,9,312,0.08519015403469819
BARENTS,9,320,0.08383454770793451
BARENTS,9,336,0.07981799366105835
BARENTS,9,352,0.07794691543980857
BARENTS,9,368,0.07368728034733547
BARENTS,9,384,0.07201856615798595
BARENTS,9,400,0.07140419350132274
BARENTS,9,416,0.06465076461259607
BARENTS,9,440,0.04831565182101202
BARENTS,9,456,0.04556037877301508
BARENTS,9,480,0.042745742907691536
BARENTS,9,504,0.023280169732796067
BARENTS,9,520,0.01641337011486544
BARENTS,9,544,0.01641337011486544
BARENTS,9,568,0.016105783526039863
BARENTS,9,600,0.011626388803642869
BARENTS,9,624,0.008493999913960205
BARENTS,9,648,0.0074685187001779
BARENTS,9,680,0.0074685187001779
BARENTS,9,712,0.007347359430109827
BARENTS,9,744,0.007175987843408473
BARENTS,9,776,0.006822685879201909
BARENTS,9,816,0.0062863299886499425
BARENTS,9,848,0.005804646084942051
BARENTS,9,888,0.0027455946802838757
BARENTS,9,928,0.0027455946802838757
BARENTS,9,968,0.002504528601609526
BARENTS,9,1016,0.0010939927650041369
BARENTS,9,1056,0.0009457862956879571
BARENTS,9,1104,0.0009457862956879571
BARENTS,9,1152,0.0006470505698694057
BARENTS,9,1208,0.0004955756191835041
BARENTS,9,1264,0.0004125921299625724
BARENTS,9,1320,0.0004125921299625724
BARENTS,9,1376,0.00041025915917732253
BARENTS,9,1440,0.0004080459935091468
BARENTS,9,1504,0.00040748646637022524
PAPA,0,8,0.4967352472142235
PAPA,0,16,0.2618215473795338
PAPA,0,24,0.2618215473795338
PAPA,0,32,0.2618215473795338
PAPA,0,40,0.2618215473795338
PAPA,0,48,0.2618215473795338
PAPA,0,56,0.20161661281610754
PAPA,0,64,0.20161661281610754
PAPA,0,72,0.17909026790990396
PAPA,0,80,0.17909026790990396
PAPA,0,88,0.17909026790990396
PAPA,0,96,0.17909026790990396
PAPA,0,104,0.17909026790990396
PAPA,0,112,0.17909026790990396
PAPA,0,120,0.17909026790990396
PAPA,0,128,0.17909026790990396
PAPA,0,136,0.17909026790990396
PAPA,0,144,0.17909026790990396
PAPA,0,152,0.17909026790990396
PAPA,0,160,0.17909026790990396
PAPA,0,168,0.17909026790990396
PAPA,0,176,0.17909026790990396
PAPA,0,184,0.1561951916732382
PAPA,0,192,0.1561951916732382
PAPA,0,200,0.1561951916732382
PAPA,0,208,0.1561951916732382
PAPA,0,216,0.1561951916732382
PAPA,0,232,0.1506353993060085
PAPA,0,240,0.1506353993060085
PAPA,0,248,0.1506353993060085
PAPA,0,264,0.11165111374121822
PAPA,0,272,0.08879105129208882
PAPA,0,288,0.08879105129208882
PAPA,0,304,0.08879105129208882
PAPA,0,312,0.08879105129208882
PAPA,0,328,0.08879105129208882
PAPA,0,344,0.08879105129208882
PAPA,0,360,0.08879105129208882
PAPA,0,376,0.08250253662560203
PAPA,0,400,0.08250253662560203
PAPA,0,416,0.07679030844176006
PAPA,0,432,0.07679030844176006
PAPA,0,456,0.06327642435525793
PAPA,0,480,0.06198119199000167
PAPA,0,504,0.058348036787688094
PAPA,0,520,0.0581889533742879
PAPA,0,552,0.053348742054377035
PAPA,0,576,0.04770986880474496
PAPA,0,600,0.040138334414802586
PAPA,0,632,0.030227348495546605
PAPA,0,656,0.0252450208453618
PAPA,0,688,0.024691087159268568
PAPA,0,720,0.02223233380961715
PAPA,0,760,0.01978916209691915
PAPA,0,792,0.01809012513469026
PAPA,0,832,0.01627179082983516
PAPA,0,872,0.015047026873787455
PAPA,0,912,0.013069965730454911
PAPA,0,952,0.013015637105410252
PAPA,0,1000,0.012884171293634913
PAPA,0,1040,0.01165744462236609
PAPA,0,1096,0.00752858938953812
PAPA,0,1144,0.005365963612171263
PAPA,0,1200,0.003160378468868417
PAPA,0,1256,0.0021218695123830494
PAPA,0,1312,0.0018096192211766
PAPA,0,1376,0.0010910836994736796
PAPA,0,1440,0.0007176713966086585
PAPA,0,1504,0.0005362988655966364
PAPA,0,1576,0.00035373814454268515
PAPA,0,1648,0.0002775685301689432
PAPA,0,1728,7.062692081872285e-05
PAPA,0,1808,7.062692081872285e-05
PAPA,0,1896,4.1053811788157415e-05
PAPA,1,8,0.34824300781369333
PAPA,1,16,0.2158794237233929
PAPA,1,24,0.2158794237233929
PAPA,1,32,0.21438925520145824
PAPA,1,40,0.21438925520145824
PAPA,1,48,0.21438925520145824
PAPA,1,56,0.21271908813266355
PAPA,1,64,0.21271908813266355
PAPA,1,72,0.18331570794344076
PAPA,1,80,0.18331570794344076
PAPA,1,88,0.18331570794344076
PAPA,1,96,0.18331570794344076
PAPA,1,104,0.18331570794344076
PAPA,1,112,0.18331570794344076
PAPA,1,120,0.18331570794344076
PAPA,1,128,0.18331570794344076
PAPA,1,136,0.18331570794344076
PAPA,1,144,0.18331570794344076
PAPA,1,152,0.18331570794344076
PAPA,1,160,0.18331570794344076
PAPA,1,168,0.18331570794344076
PAPA,1,176,0.18331570794344076
PAPA,1,184,0.18331570794344076
PAPA,1,192,0.18331570794344076
PAPA,1,200,0.18331570794344076
PAPA,1,208,0.18331570794344076
PAPA,1,216,0.18331570794344076
PAPA,1,224,0.17857504120171205
PAPA,1,240,0.16426365680568625
PAPA,1,248,0.14404842961553582
PAPA,1,256,0.13852460795906757
PAPA,1,272,0.1245984455436344
PAPA,1,280,0.09699394085789377
PAPA,1,296,0.09506892804546542
PAPA,1,312,0.09506892804546542
PAPA,1,328,0.07702660725615774
PAPA,1,336,0.07328166055628059
PAPA,1,352,0.06005568220291033
PAPA,1,376,0.0579059346525832
PAPA,1,392,0.0579059346525832
PAPA,1,408,0.0579059346525832
PAPA,1,424,0.0579059346525832
PAPA,1,448,0.0579059346525832
PAPA,1,464,0.0579059346525832
PAPA,1,488,0.040868069820403204
PAPA,1,512,0.03662961299615103
PAPA,1,536,0.031297510379170904
PAPA,1,560,0.024212968635363916
PAPA,1,584,0.024212968635363916
PAPA,1,608,0.023731205239222553
PAPA,1,640,0.022100349425391984
PAPA,1,672,0.017339616889996818
PAPA,1,704,0.017068280043817944
PAPA,1,736,0.015287750115886622
PAPA,1,768,0.014218309687427759
PAPA,1,800,0.014072181351342779
PAPA,1,840,0.01405830621288306
PAPA,1,880,0.013838130547307563
PAPA,1,920,0.013655039145934106
PAPA,1,960,0.01356157102529806
PAPA,1,1008,0.013402105528301464
PAPA,1,1048,0.013211201828414008
PAPA,1,1096,0.013211201828414008
PAPA,1,1152,0.013144295945737369
PAPA,1,1200,0.012913419016821609
PAPA,1,1256,0.012785824996873712
PAPA,1,1320,0.012737761781200278
PAPA,1,1376,0.012699022411145684
PAPA,1,1440,0.012681336649017487
PAPA,1,1512,0.01267445317763033
PAPA,1,1576,0.01267445317763033
PAPA,1,1648,0.012673475434348103
PAPA,1,1728,0.012672065761267615
PAPA,10,8,0.2757442182872158
PAPA,10,16,0.24019620501638875
PAPA,10,24,0.24019620501638875
PAPA,10,32,0.24019620501638875
PAPA,10,40,0.24019620501638875
PAPA,10,48,0.24019620501638875
PAPA,10,56,0.24019620501638875
PAPA,10,64,0.24019620501638875
PAPA,10,72,0.24019620501638875
PAPA,10,80,0.2206954343254987
PAPA,10,88,0.2206954343254987
PAPA,10,96,0.2206954343254987
PAPA,10,104,0.2206954343254987
PAPA,10,112,0.2206954343254987
PAPA,10,120,0.19212487288697305
PAPA,10,128,0.19212487288697305
PAPA,10,136,0.15671858061774477
PAPA,10,144,0.15671858061774477
PAPA,10,152,0.15671858061774477
PAPA,10,160,0.15671858061774477
PAPA,10,168,0.15671858061774477
PAPA,10,176,0.14691196559178366
PAPA,10,184,0.14691196559178366
PAPA,10,192,0.14691196559178366
PAPA,10,200,0.14691196559178366
PAPA,10,208,0.14691196559178366
PAPA,10,216,0.14539706685768217
PAPA,10,224,0.14514227560370233
PAPA,10,232,0.14082889759488051
PAPA,10,240,0.14082889759488051
PAPA,10,256,0.12174101316135486
PAPA,10,264,0.12174101316135486
PAPA,10,280,0.12174101316135486
PAPA,10,288,0.12174101316135486
PAPA,10,304,0.11742505957945445
PAPA,10,312,0.11418351971928353
PAPA,10,328,0.09818838081087518
PAPA,10,344,0.07018145713733309
PAPA,10,352,0.040399489414156775
PAPA,10,368,0.040399489414156775
PAPA,10,384,0.0355532364632353
PAPA,10,400,0.028126386218113433
PAPA,10,424,0.01778032132696601
PAPA,10,440,0.017072855979526645
PAPA,10,456,0.017072855979526645
PAPA,10,480,0.014681660276128598
PAPA,10,496,0.014633286958190049
PAPA,10,520,0.014348348964431804
PAPA,10,544,0.0141341371477211
PAPA,10,568,0.0141341371477211
PAPA,10,592,0.013570619157036086
PAPA,10,616,0.01291180844862364
PAPA,10,640,0.01291180844862364
PAPA,10,672,0.01289273875673138
PAPA,10,696,0.01289273875673138
PAPA,10,728,0.01270986653622987
PAPA,10,760,0.012569894219164515
PAPA,10,792,0.012567022192572743
PAPA,10,824,0.012567022192572743
PAPA,10,864,0.012567022192572743
PAPA,10,896,0.012547172496740807
PAPA,10,936,0.012528650920355443
PAPA,10,976,0.012483986413703532
PAPA,10,1024,0.012483986413703532
PAPA,10,1064,0.012474149549797415
PAPA,10,1112,0.012471813593669799
PAPA,10,1160,0.01247155091284019
PAPA,10,1208,0.012471344264271295
PAPA,11,8,0.2022841050887625
PAPA,11,16,0.2022841050887625
PAPA,11,24,0.2022841050887625
PAPA,11,32,0.2022841050887625
PAPA,11,40,0.2022841050887625
PAPA,11,48,0.2022841050887625
PAPA,11,56,0.2022841050887625
PAPA,11,64,0.2022841050887625
PAPA,11,72,0.2022841050887625
PAPA,11,80,0.2022841050887625
PAPA,11,88,0.2022841050887625
PAPA,11,96,0.2022841050887625
PAPA,11,104,0.2022841050887625
PAPA,11,112,0.2022841050887625
PAPA,11,120,0.2022841050887625
PAPA,11,128,0.2022841050887625
PAPA,11,136,0.2022841050887625
PAPA,11,144,0.2022841050887625
PAPA,11,152,0.2022841050887625
PAPA,11,160,0.2022841050887625
PAPA,11,168,0.2022841050887625
PAPA,11,176,0.2022841050887625
PAPA,11,184,0.2022841050887625
PAPA,11,192,0.2022841050887625
PAPA,11,200,0.2022841050887625
PAPA,11,208,0.2022841050887625
PAPA,11,224,0.2022841050887625
PAPA,11,232,0.2022841050887625
PAPA,11,240,0.2022841050887625
PAPA,11,256,0.2022841050887625
PAPA,11,264,0.2022841050887625
PAPA,11,272,0.2022841050887625
PAPA,11,288,0.2022841050887625
PAPA,11,304,0.16211766185648305
PAPA,11,312,0.16211766185648305
PAPA,11,328,0.16211766185648305
PAPA,11,344,0.12429949704523224
PAPA,11,360,0.12429949704523224
PAPA,11,376,0.12429949704523224
PAPA,11,392,0.09477902700564082
PAPA,11,408,0.08682981870651386
PAPA,11,424,0.06338943227431211
PAPA,11,448,0.06338943227431211
PAPA,11,464,0.06338943227431211
PAPA,11,488,0.053069374621077255
PAPA,11,504,0.05040565721009524
PAPA,11,528,0.04733249268963984
PAPA,11,552,0.03980862476699489
PAPA,11,576,0.031210466004164782
PAPA,11,608,0.016119663147362785
PAPA,11,632,0.016119663147362785
PAPA,11,656,0.016119663147362785
PAPA,11,688,0.016000477310070798
PAPA,11,720,0.013501737791839389
PAPA,11,752,0.013501737791839389
PAPA,11,784,0.013501737791839389
PAPA,11,824,0.013501737791839389
PAPA,11,856,0.0133969393866422
PAPA,11,896,0.013285515810641468
PAPA,11,936,0.013189698125966485
PAPA,11,976,0.013189698125966485
PAPA,11,1024,0.013092391566632987
PAPA,11,1064,0.012733262977343817
PAPA,11,1112,0.012733262977343817
PAPA,11,1160,0.01270482482966322
PAPA,11,1216,0.012681563959542928
PAPA,11,1272,0.0126780804443238
PAPA,11,1328,0.012673450969668468
PAPA,11,1384,0.012673450969668468
PAPA,11,1448,0.012672765479039057
PAPA,12,8,0.6050756667238397
PAPA,12,16,0.3936336143347638
PAPA,12,24,0.3936336143347638
PAPA,12,32,0.248873252875114
PAPA,12,40,0.248873252875114
PAPA,12,48,0.248873252875114
PAPA,12,56,0.248873252875114
PAPA,12,64,0.248873252875114
PAPA,12,72,0.248873252875114
PAPA,12,80,0.248873252875114
PAPA,12,88,0.2458311647019272
PAPA,12,96,0.23626851945015595
PAPA,12,104,0.23626851945015595
PAPA,12,112,0.23626851945015595
PAPA,12,120,0.23626851945015595
PAPA,12,128,0.2123613457107222
PAPA,12,136,0.2108842667668831
PAPA,12,144,0.17667575850282685
PAPA,12,152,0.17667575850282685
PAPA,12,160,0.17667575850282685
PAPA,12,168,0.17667575850282685
PAPA,12,176,0.17667575850282685
PAPA,12,184,0.16602910245900834
PAPA,12,192,0.16602910245900834
PAPA,12,200,0.16602910245900834
PAPA,12,208,0.16044994588209743
PAPA,12,216,0.1518196468112403
PAPA,12,224,0.13601071234036682
PAPA,12,232,0.13601071234036682
PAPA,12,248,0.11387804890976283
PAPA,12,256,0.11387804890976283
PAPA,12,272,0.11387804890976283
PAPA,12,280,0.11387804890976283
PAPA,12,296,0.11387804890976283
PAPA,12,304,0.11387804890976283
PAPA,12,320,0.11011767068904228
PAPA,12,336,0.09649589448580069
PAPA,12,352,0.08575262106756089
PAPA,12,368,0.07332664825022803
PAPA,12,384,0.07134823700826334
PAPA,12,400,0.06441033781912656
PAPA,12,416,0.06138817294654976
PAPA,12,440,0.06138817294654976
PAPA,12,456,0.06138817294654976
PAPA,12,480,0.048732466234858975
PAPA,12,504,0.04112520768406536
PAPA,12,520,0.03154964374406012
PAPA,12,544,0.03078134673465777
PAPA,12,576,0.029510844305949906
PAPA,12,600,0.02358289799270087
PAPA,12,624,0.02358289799270087
PAPA,12,656,0.021038188941489275
PAPA,12,680,0.01908855275105448
PAPA,12,712,0.017305044695764188
PAPA,12,744,0.015891958756210255
PAPA,12,784,0.015584080696484504
PAPA,12,816,0.015313109137117078
PAPA,12,856,0.014850112441730609
PAPA,12,896,0.014835334022534124
PAPA,12,936,0.014390761649244759
PAPA,12,976,0.013673978518124885
PAPA,12,1024,0.013480645300767246
PAPA,12,1064,0.013325886529284816
PAPA,12,1112,0.013027550799574981
PAPA,12,1168,0.012771463509325683
PAPA,12,1216,0.01269313933706737
PAPA,12,1272,0.01269313933706737
PAPA,12,1336,0.012677975998311344
PAPA,12,1392,0.0126738520978704
PAPA,12,1456,0.0126738520978704
PAPA,12,1520,0.0126738520978704
PAPA,12,1592,0.012673845756147085
PAPA,13,8,0.629794088783601
PAPA,13,16,0.3604059753212686
PAPA,13,24,0.3604059753212686
PAPA,13,32,0.3604059753212686
PAPA,13,40,0.2235159821749608
PAPA,13,48,0.2235159821749608
PAPA,13,56,0.2235159821749608
PAPA,13,64,0.2235159821749608
PAPA,13,72,0.2235159821749608
PAPA,13,80,0.2235159821749608
PAPA,13,88,0.2235159821749608
PAPA,13,96,0.18789473913210736
PAPA,13,104,0.18789473913210736
PAPA,13,112,0.1720484367087178
PAPA,13,120,0.1720484367087178
PAPA,13,128,0.1720484367087178
PAPA,13,136,0.1720484367087178
PAPA,13,144,0.15262687522956447
PAPA,13,152,0.15262687522956447
PAPA,13,160,0.15262687522956447
PAPA,13,168,0.15262687522956447
PAPA,13,176,0.15262687522956447
PAPA,13,184,0.15262687522956447
PAPA,13,192,0.15262687522956447
PAPA,13,208,0.15262687522956447
PAPA,13,216,0.15262687522956447
PAPA,13,224,0.1500438192001675
PAPA,13,232,0.12635817305606226
PAPA,13,248,0.12635817305606226
PAPA,13,256,0.12635817305606226
PAPA,13,272,0.12635817305606226
PAPA,13,288,0.12635817305606226
PAPA,13,296,0.12635817305606226
PAPA,13,312,0.12635817305606226
PAPA,13,328,0.11767748374535492
PAPA,13,344,0.10339079107349892
PAPA,13,360,0.10339079107349892
PAPA,13,376,0.10339079107349892
PAPA,13,392,0.10339079107349892
PAPA,13,416,0.08067629435270408
PAPA,13,432,0.08067629435270408
PAPA,13,456,0.07164107312177315
PAPA,13,480,0.06091049731513115
PAPA,13,496,0.054186984185620804
PAPA,13,520,0.053372512953868176
PAPA,13,552,0.049924298000542384
PAPA,13,576,0.04155038308779527
PAPA,13,600,0.03907721406324388
PAPA,13,632,0.03709955113742445
PAPA,13,664,0.024687040758103757
PAPA,13,696,0.024687040758103757
PAPA,13,728,0.02254117497479306
PAPA,13,760,0.017733637728248826
PAPA,13,800,0.01674190114022553
PAPA,13,840,0.014830897039545073
PAPA,13,880,0.014830897039545073
PAPA,13,920,0.01480598106421268
PAPA,13,968,0.014575411944711195
PAPA,13,1008,0.014575411944711195
PAPA,13,1056,0.014517539147717062
PAPA,13,1112,0.014517539147717062
PAPA,13,1168,0.014418385631407925
PAPA,13,1224,0.014359102525470605
PAPA,13,1280,0.014328270248316143
PAPA,13,1344,0.0143051216350874
PAPA,13,1408,0.014174576970592203
PAPA,13,1472,0.014023083010268405
PAPA,13,1544,0.013605757478634822
PAPA,13,1616,0.013245879099110642
PAPA,13,1696,0.013201157628840792
PAPA,13,1776,0.013176341493246905
PAPA,13,1864,0.013147293717502498
PAPA,13,1952,0.013145997369101929
PAPA,13,2048,0.01314491640203041
PAPA,13,2144,0.013142010345809429
PAPA,14,8,0.9011142562197818
PAPA,14,16,0.6603931262105001
PAPA,14,24,0.6545768755910302
PAPA,14,32,0.47339192682945624
PAPA,14,40,0.40778251714697883
PAPA,14,48,0.2587310136743375
PAPA,14,56,0.2587310136743375
PAPA,14,64,0.22992223143721116
PAPA,14,72,0.19101655636604659
PAPA,14,80,0.19101655636604659
PAPA,14,88,0.19101655636604659
PAPA,14,96,0.19101655636604659
PAPA,14,104,0.16457634794153592
PAPA,14,112,0.16457634794153592
PAPA,14,120,0.16457634794153592
PAPA,14,128,0.16457634794153592
PAPA,14,136,0.16457634794153592
PAPA,14,144,0.16457634794153592
PAPA,14,152,0.16457634794153592
PAPA,14,160,0.16457634794153592
PAPA,14,168,0.16457634794153592
PAPA,14,176,0.16457634794153592
PAPA,14,184,0.15251542041633734
PAPA,14,192,0.15251542041633734
PAPA,14,200,0.15251542041633734
PAPA,14,208,0.14287577019574352
PAPA,14,216,0.14287577019574352
PAPA,14,224,0.14104382035851581
PAPA,14,240,0.14104382035851581
PAPA,14,248,0.14104382035851581
PAPA,14,256,0.14104382035851581
PAPA,14,272,0.13559373188787996
PAPA,14,280,0.13559373188787996
PAPA,14,296,0.13559373188787996
PAPA,14,312,0.13559373188787996
PAPA,14,320,0.13559373188787996
PAPA,14,336,0.13559373188787996
PAPA,14,352,0.13109665305120055
PAPA,14,368,0.12571193270826095
PAPA,14,384,0.12260499214198575
PAPA,14,408,0.12171956742050309
PAPA,14,424,0.11940486350267368
PAPA,14,448,0.1114525873163624
PAPA,14,464,0.10171555246164733
PAPA,14,488,0.0943877901861182
PAPA,14,512,0.08657506686840527
PAPA,14,536,0.07617846548091853
PAPA,14,560,0.07617846548091853
PAPA,14,584,0.07029235539746304
PAPA,14,608,0.03243900516429018
PAPA,14,640,0.030946225658826067
PAPA,14,664,0.030594856994842195
PAPA,14,696,0.020689589651942286
PAPA,14,728,0.020689589651942286
PAPA,14,760,0.020689589651942286
PAPA,14,800,0.020689589651942286
PAPA,14,832,0.020689589651942286
PAPA,14,872,0.020689589651942286
PAPA,14,912,0.020561300980565377
PAPA,14,960,0.015952996577867327
PAPA,14,1000,0.01491685798975627
PAPA,14,1048,0.014857295133656516
PAPA,14,1096,0.014801642656999677
PAPA,14,1144,0.013461641916915706
PAPA,14,1200,0.013103558097280006
PAPA,14,1256,0.012935120340740883
PAPA,14,1312,0.012741568541047276
PAPA,14,1376,0.012714073922456498
PAPA,14,1432,0.012714073922456498
PAPA,14,1504,0.0126833596980818
PAPA,14,1568,0.01267376644093451
PAPA,14,1648,0.012672435139506942
PAPA,14,1720,0.012672418327014285
PAPA,15,8,0.32320542978141437
PAPA,15,16,0.2440021075718329
PAPA,15,24,0.2440021075718329
PAPA,15,32,0.2440021075718329
PAPA,15,40,0.2061708180364283
PAPA,15,48,0.20439652477840722
PAPA,15,56,0.1438165594675489
PAPA,15,64,0.1438165594675489
PAPA,15,72,0.1438165594675489
PAPA,15,80,0.1438165594675489
PAPA,15,88,0.1438165594675489
PAPA,15,96,0.1438165594675489
PAPA,15,104,0.1438165594675489
PAPA,15,112,0.1438165594675489
PAPA,15,120,0.10172272610350903
PAPA,15,128,0.10172272610350903
PAPA,15,136,0.10172272610350903
PAPA,15,144,0.10172272610350903
PAPA,15,152,0.10172272610350903
PAPA,15,160,0.10172272610350903
PAPA,15,168,0.10172272610350903
PAPA,15,176,0.10172272610350903
PAPA,15,184,0.10172272610350903
PAPA,15,192,0.10172272610350903
PAPA,15,200,0.10172272610350903
PAPA,15,216,0.10172272610350903
PAPA,15,224,0.10172272610350903
PAPA,15,232,0.10172272610350903
PAPA,15,248,0.10172272610350903
PAPA,15,256,0.08835625488351724
PAPA,15,264,0.08835625488351724
PAPA,15,280,0.08570996644851156
PAPA,15,296,0.07566315604967061
PAPA,15,304,0.07566315604967061
PAPA,15,320,0.05792609956357498
PAPA,15,336,0.047247196788646355
PAPA,15,352,0.04279924617792535
PAPA,15,368,0.04279924617792535
PAPA,15,384,0.04279924617792535
PAPA,15,400,0.036616537107402765
PAPA,15,424,0.036616537107402765
PAPA,15,440,0.029804918541194873
PAPA,15,464,0.029804918541194873
PAPA,15,488,0.024996606479123152
PAPA,15,504,0.02318144466786928
PAPA,15,528,0.019735207002029003
PAPA,15,552,0.019735207002029003
PAPA,15,584,0.015750713062695237
PAPA,15,608,0.01551036252593255
PAPA,15,640,0.01422172126735947
PAPA,15,664,0.013156672202166708
PAPA,15,696,0.011330590806274498
PAPA,15,728,0.011330590806274498
PAPA,15,760,0.011316865399033297
PAPA,15,800,0.010618330971445546
PAPA,15,840,0.010618330971445546
PAPA,15,872,0.010426551808862091
PAPA,15,920,0.009993787239418761
PAPA,15,960,0.009729273407268434
PAPA,15,1008,0.009107006349626981
PAPA,15,1048,0.008497787390452332
PAPA,15,1096,0.007722974932984124
PAPA,15,1152,0.006332419168667462
PAPA,15,1208,0.003979700843211428
PAPA,15,1264,0.003345798346941725
PAPA,15,1320,0.002238087006159184
PAPA,15,1384,0.0016121495326692256
PAPA,15,1448,0.0006529094616250832
PAPA,15,1512,0.0005928364774190113
PAPA,15,1584,0.000355856822576563
PAPA,15,1656,0.000355856822576563
PAPA,15,1736,0.0002574551124268116
PAPA,15,1816,0.0001228467590947126
PAPA,16,8,0.27599687083090363
PAPA,16,16,0.27599687083090363
PAPA,16,24,0.27599687083090363
PAPA,16,32,0.20745651986682664
PAPA,16,40,0.16822941212179046
PAPA,16,48,0.15913455789885464
PAPA,16,56,0.15913455789885464
PAPA,16,64,0.15913455789885464
PAPA,16,72,0.15913455789885464
PAPA,16,80,0.15913455789885464
PAPA,16,88,0.15913455789885464
PAPA,16,96,0.15913455789885464
PAPA,16,104,0.15913455789885464
PAPA,16,112,0.15913455789885464
PAPA,16,120,0.15913455789885464
PAPA,16,128,0.15913455789885464
PAPA,16,136,0.1449605816693527
PAPA,16,144,0.1449605816693527
PAPA,16,152,0.1449605816693527
PAPA,16,160,0.1449605816693527
PAPA,16,168,0.1449605816693527
PAPA,16,176,0.13989546623020965
PAPA,16,184,0.13989546623020965
PAPA,16,192,0.13989546623020965
PAPA,16,200,0.13989546623020965
PAPA,16,208,0.13989546623020965
PAPA,16,216,0.13248427222618392
PAPA,16,232,0.12028585230692104
PAPA,16,240,0.10747590967808288
PAPA,16,248,0.10747590967808288
PAPA,16,264,0.10314522706859518
PAPA,16,272,0.10314522706859518
PAPA,16,288,0.09815570272441013
PAPA,16,304,0.09805225589060405
PAPA,16,312,0.09322237124766457
PAPA,16,328,0.09322237124766457
PAPA,16,344,0.08034956497688313
PAPA,16,360,0.04617614675831264
PAPA,16,376,0.0438919190548398
PAPA,16,392,0.034295248044536916
PAPA,16,416,0.034295248044536916
PAPA,16,432,0.034295248044536916
PAPA,16,448,0.034295248044536916
PAPA,16,472,0.03414018696398779
PAPA,16,496,0.025899272004355947
PAPA,16,520,0.024413432472675283
PAPA,16,544,0.020519329570195102
PAPA,16,568,0.019373783001000074
PAPA,16,592,0.016550055472970743
PAPA,16,624,0.016550055472970743
PAPA,16,648,0.015406248350031678
PAPA,16,680,0.014775105107922012
PAPA,16,712,0.014205582502344511
PAPA,16,744,0.012727746535072372
PAPA,16,776,0.012727746535072372
PAPA,16,816,0.011263907030642386
PAPA,16,856,0.011113113863314351
PAPA,16,888,0.010257014763062863
PAPA,16,936,0.009909780153060236
PAPA,16,976,0.009909780153060236
PAPA,16,1024,0.009827816806611118
PAPA,16,1072,0.00965375295994884
PAPA,16,1120,0.009561190906124296
PAPA,16,1168,0.009547904081342736
PAPA,16,1224,0.009543037117841501
PAPA,16,1280,0.009537872704766574
PAPA,16,1344,0.009536502684725069
PAPA,16,1400,0.009531522405662008
PAPA,16,1472,0.009531522405662008
PAPA,16,1536,0.009531059712200746
PAPA,16,1608,0.009530845292610994
PAPA,16,1680,0.009530845292610994
PAPA,16,1760,0.009530845292610994
PAPA,17,8,0.2679936861331037
PAPA,17,16,0.2635025138220105
PAPA,17,24,0.20820006126402177
PAPA,17,32,0.20820006126402177
PAPA,17,40,0.20820006126402177
PAPA,17,48,0.19699122192585106
PAPA,17,56,0.1730302449244624
PAPA,17,64,0.1730302449244624
PAPA,17,72,0.1730302449244624
PAPA,17,80,0.1730302449244624
PAPA,17,88,0.1730302449244624
PAPA,17,96,0.1730302449244624
PAPA,17,104,0.1730302449244624
PAPA,17,112,0.1730302449244624
PAPA,17,120,0.1730302449244624
PAPA,17,128,0.1730302449244624
PAPA,17,136,0.14850051250328306
PAPA,17,144,0.14850051250328306
PAPA,17,152,0.14850051250328306
PAPA,17,160,0.14850051250328306
PAPA,17,168,0.14850051250328306
PAPA,17,176,0.14850051250328306
PAPA,17,184,0.14850051250328306
PAPA,17,192,0.14850051250328306
PAPA,17,200,0.14355426143548006
PAPA,17,208,0.14355426143548006
PAPA,17,216,0.13173568748922224
PAPA,17,224,0.13173568748922224
PAPA,17,240,0.13173568748922224
PAPA,17,248,0.13173568748922224
PAPA,17,256,0.13173568748922224
PAPA,17,272,0.13173568748922224
PAPA,17,280,0.13173568748922224
PAPA,17,296,0.13141047237499562
PAPA,17,312,0.12536165932458285
PAPA,17,320,0.11899215797280495
PAPA,17,336,0.11588838525213338
PAPA,17,352,0.11200227797030254
PAPA,17,368,0.093780808621051
PAPA,17,384,0.093780808621051
PAPA,17,408,0.0821153301219995
PAPA,17,424,0.07213859504646178
PAPA,17,448,0.06211369356921911
PAPA,17,464,0.06098192952442756
PAPA,17,488,0.06098192952442756
PAPA,17,512,0.05812943967561901
PAPA,17,536,0.05320736151189519
PAPA,17,560,0.04917302080839132
PAPA,17,584,0.04275243874522347
PAPA,17,608,0.027839856376122286
PAPA,17,640,0.025480870337292284
PAPA,17,664,0.025480870337292284
PAPA,17,696,0.023532984757857714
PAPA,17,728,0.019730474727296214
PAPA,17,760,0.017625454353785923
PAPA,17,800,0.01584842694425636
PAPA,17,832,0.015202221454354287
PAPA,17,872,0.015202221454354287
PAPA,17,912,0.014934470091370377
PAPA,17,960,0.014164450553583216
PAPA,17,1000,0.013993465298087449
PAPA,17,1048,0.01318876051059825
PAPA,17,1096,0.012506341093897437
PAPA,17,1144,0.012110057435595331
PAPA,17,1200,0.011466316616255592
PAPA,17,1256,0.011099962606576929
PAPA,17,1312,0.010413313062060626
PAPA,17,1376,0.009184408359132106
PAPA,17,1432,0.009184408359132106
PAPA,17,1504,0.00905951035001637
PAPA,17,1568,0.00903914764886532
PAPA,17,1648,0.009038944900507065
PAPA,17,1720,0.009038132327049342
PAPA,18,8,0.755442690335989
PAPA,18,16,0.5518234256219067
PAPA,18,24,0.324268786876548
PAPA,18,32,0.2684422539296166
PAPA,18,40,0.2684422539296166
PAPA,18,48,0.15942579778474997
PAPA,18,56,0.15942579778474997
PAPA,18,64,0.15942579778474997
PAPA,18,72,0.15942579778474997
PAPA,18,80,0.15942579778474997
PAPA,18,88,0.15942579778474997
PAPA,18,96,0.15942579778474997
PAPA,18,104,0.15942579778474997
PAPA,18,112,0.15932688932639624
PAPA,18,120,0.1535353914935921
PAPA,18,128,0.1535353914935921
PAPA,18,136,0.1535353914935921
PAPA,18,144,0.1535353914935921
PAPA,18,152,0.1535353914935921
PAPA,18,160,0.1534705107106415
PAPA,18,168,0.1534705107106415
PAPA,18,176,0.14949510699374796
PAPA,18,184,0.14949510699374796
PAPA,18,192,0.1275265043005339
PAPA,18,200,0.1275265043005339
PAPA,18,208,0.1275265043005339
PAPA,18,216,0.1275265043005339
PAPA,18,224,0.1275265043005339
PAPA,18,232,0.1275265043005339
PAPA,18,248,0.10848434790046596
PAPA,18,256,0.09202383665906078
PAPA,18,264,0.08848748151889563
PAPA,18,280,0.08848748151889563
PAPA,18,288,0.08848748151889563
PAPA,18,304,0.07667044599795907
PAPA,18,320,0.07616820709031287
PAPA,18,328,0.07616820709031287
PAPA,18,344,0.06471109100825594
PAPA,18,360,0.04892906003230021
PAPA,18,376,0.04892906003230021
PAPA,18,392,0.0474481307653268
PAPA,18,408,0.029312419171796292
PAPA,18,424,0.029306921303425836
PAPA,18,448,0.02552260090742924
PAPA,18,464,0.02237487138410908
PAPA,18,488,0.01967491300713468
PAPA,18,504,0.01967491300713468
PAPA,18,528,0.019158211963016033
PAPA,18,552,0.01788573850101891
PAPA,18,576,0.017431447810628966
PAPA,18,600,0.017431447810628966
PAPA,18,624,0.015493654492679827
PAPA,18,656,0.014872430218303208
PAPA,18,680,0.01462579154352684
PAPA,18,712,0.01462579154352684
PAPA,18,744,0.014361890853920357
PAPA,18,776,0.01362430466437276
PAPA,18,808,0.013313043547558228
PAPA,18,848,0.013248271726493378
PAPA,18,880,0.013223726896208057
PAPA,18,920,0.013173693160721242
PAPA,18,960,0.013136403383457132
PAPA,18,1000,0.013125576318825409
PAPA,18,1048,0.01310571999858429
PAPA,18,1096,0.01310571999858429
PAPA,18,1136,0.01310153311381864
PAPA,18,1192,0.01309920984483483
PAPA,18,1240,0.013098432695769276
PAPA,18,1296,0.01309614512221898
PAPA,19,8,0.7788490952353191
PAPA,19,16,0.5824620048873026
PAPA,19,24,0.5824620048873026
PAPA,19,32,0.5419703011256974
PAPA,19,40,0.46033152930947996
PAPA,19,48,0.20575534063530596
PAPA,19,56,0.19194439759186008
PAPA,19,64,0.19194439759186008
PAPA,19,72,0.19194439759186008
PAPA,19,80,0.19194439759186008
PAPA,19,88,0.19194439759186008
PAPA,19,96,0.19194439759186008
PAPA,19,104,0.15996271282666974
PAPA,19,112,0.15996271282666974
PAPA,19,120,0.15996271282666974
PAPA,19,128,0.15996271282666974
PAPA,19,136,0.15676014835036678
PAPA,19,144,0.13581818490523914
PAPA,19,152,0.13581818490523914
PAPA,19,160,0.11265385022507135
PAPA,19,168,0.11265385022507135
PAPA,19,176,0.11265385022507135
PAPA,19,184,0.11265385022507135
PAPA,19,192,0.11265385022507135
PAPA,19,200,0.09483427764253292
PAPA,19,208,0.08657098353151849
PAPA,19,216,0.08657098353151849
PAPA,19,232,0.08657098353151849
PAPA,19,240,0.08657098353151849
PAPA,19,248,0.08567177776512679
PAPA,19,264,0.08197482731788458
PAPA,19,272,0.08197482731788458
PAPA,19,288,0.08197482731788458
PAPA,19,304,0.07217969932744571
PAPA,19,312,0.06857542957297501
PAPA,19,328,0.06857542957297501
PAPA,19,344,0.06702083187408599
PAPA,19,360,0.055018152004199336
PAPA,19,376,0.05423798914971495
PAPA,19,392,0.04296902884119311
PAPA,19,408,0.036235644306653915
PAPA,19,432,0.036235644306653915
PAPA,19,448,0.034266832152638795
PAPA,19,472,0.025988097634901782
PAPA,19,488,0.019843741609044306
PAPA,19,512,0.017561516219333405
PAPA,19,536,0.017561516219333405
PAPA,19,560,0.017561516219333405
PAPA,19,592,0.016633893376924835
PAPA,19,616,0.0165297912372963
PAPA,19,640,0.01605178329758721
PAPA,19,672,0.015645191145240208
PAPA,19,704,0.015563385842903272
PAPA,19,736,0.015073518007650596
PAPA,19,768,0.014902802942855594
PAPA,19,808,0.014430680193809189
PAPA,19,840,0.014225672603769194
PAPA,19,880,0.013936540489411649
PAPA,19,920,0.013719687907089915
PAPA,19,960,0.013477875209514505
PAPA,19,1008,0.013177469553998813
PAPA,19,1056,0.013175330536938886
PAPA,19,1104,0.013005654828545182
PAPA,19,1152,0.012736593180379653
PAPA,19,1208,0.012688757235000566
PAPA,19,1256,0.012684606266262135
PAPA,19,1320,0.01267957044868872
PAPA,19,1376,0.012673817649184632
PAPA,19,1440,0.01267192151604885
PAPA,19,1504,0.01267192151604885
PAPA,19,1576,0.01267039347067169
PAPA,19,1648,0.01267039347067169
PAPA,2,8,0.35265287533775874
PAPA,2,16,0.35265287533775874
PAPA,2,24,0.2820207811978315
PAPA,2,32,0.16523369496191184
PAPA,2,40,0.16523369496191184
PAPA,2,48,0.16523369496191184
PAPA,2,56,0.16523369496191184
PAPA,2,64,0.16523369496191184
PAPA,2,72,0.16523369496191184
PAPA,2,80,0.12466774772280763
PAPA,2,88,0.12466774772280763
PAPA,2,96,0.12466774772280763
PAPA,2,104,0.12466774772280763
PAPA,2,112,0.12466774772280763
PAPA,2,120,0.12466774772280763
PAPA,2,128,0.12466774772280763
PAPA,2,136,0.12466774772280763
PAPA,2,144,0.12466774772280763
PAPA,2,152,0.12466774772280763
PAPA,2,160,0.12466774772280763
PAPA,2,168,0.12466774772280763
PAPA,2,176,0.12466774772280763
PAPA,2,184,0.12466774772280763
PAPA,2,192,0.12466774772280763
PAPA,2,200,0.12466774772280763
PAPA,2,208,0.12466774772280763
PAPA,2,216,0.12466774772280763
PAPA,2,232,0.12466774772280763
PAPA,2,240,0.12466774772280763
PAPA,2,256,0.12466774772280763
PAPA,2,264,0.12466774772280763
PAPA,2,280,0.12466774772280763
PAPA,2,288,0.12466774772280763
PAPA,2,304,0.12466774772280763
PAPA,2,320,0.12466774772280763
PAPA,2,336,0.12466774772280763
PAPA,2,352,0.12466774772280763
PAPA,2,368,0.12466774772280763
PAPA,2,384,0.12466774772280763
PAPA,2,400,0.12466774772280763
PAPA,2,416,0.12466774772280763
PAPA,2,440,0.12466774772280763
PAPA,2,456,0.12033502551632819
PAPA,2,480,0.11367713287420875
PAPA,2,504,0.09087082587465102
PAPA,2,528,0.07341913583957244
PAPA,2,552,0.038895422948758245
PAPA,2,576,0.038895422948758245
PAPA,2,608,0.0338067160455661
PAPA,2,632,0.030717760613013043
PAPA,2,664,0.022704240004627216
PAPA,2,696,0.017203034042938176
PAPA,2,728,0.017203034042938176
PAPA,2,760,0.017203034042938176
PAPA,2,800,0.01659041637165194
PAPA,2,832,0.01205438880755195
PAPA,2,872,0.01205438880755195
PAPA,2,912,0.011518746038164832
PAPA,2,960,0.011001154720658742
PAPA,2,1000,0.010739931750171483
PAPA,2,1048,0.010739931750171483
PAPA,2,1104,0.010739931750171483
PAPA,2,1152,0.010739931750171483
PAPA,2,1208,0.010462937132672379
PAPA,2,1264,0.01037458915052093
PAPA,2,1320,0.00998319266809921
PAPA,2,1384,0.009755292448734357
PAPA,2,1448,0.009566462697117922
PAPA,2,1520,0.009542381433451423
PAPA,2,1592,0.009536365005758766
PAPA,2,1664,0.009532336007344095
PAPA,2,1744,0.009532336007344095
PAPA,2,1824,0.009532047426802963
PAPA,2,1912,0.009532047426802963
PAPA,3,8,0.5541799134930896
PAPA,3,16,0.47316579001451337
PAPA,3,24,0.35513269519480645
PAPA,3,32,0.27698827974964757
PAPA,3,40,0.27698827974964757
PAPA,3,48,0.27698827974964757
PAPA,3,56,0.27698827974964757
PAPA,3,64,0.27698827974964757
PAPA,3,72,0.18800959482366544
PAPA,3,80,0.18800959482366544
PAPA,3,88,0.18800959482366544
PAPA,3,96,0.18800959482366544
PAPA,3,104,0.18800959482366544
PAPA,3,112,0.18800959482366544
PAPA,3,120,0.18800959482366544
PAPA,3,128,0.18800959482366544
PAPA,3,136,0.1777974160215148
PAPA,3,144,0.17200922803207733
PAPA,3,152,0.17200922803207733
PAPA,3,160,0.17200922803207733
PAPA,3,168,0.17200922803207733
PAPA,3,176,0.17200922803207733
PAPA,3,184,0.17200922803207733
PAPA,3,192,0.17200922803207733
PAPA,3,200,0.17200922803207733
PAPA,3,208,0.17200922803207733
PAPA,3,216,0.17200922803207733
PAPA,3,224,0.17200922803207733
PAPA,3,240,0.15074066999428268
PAPA,3,248,0.13337576853694794
PAPA,3,256,0.13337576853694794
PAPA,3,272,0.13337576853694794
PAPA,3,280,0.13337576853694794
PAPA,3,296,0.12425431869075572
PAPA,3,312,0.1184106125511686
PAPA,3,320,0.1184106125511686
PAPA,3,336,0.1184106125511686
PAPA,3,352,0.11445406891088539
PAPA,3,368,0.11445406891088539
PAPA,3,384,0.10152970794322844
PAPA,3,400,0.10152970794322844
PAPA,3,416,0.08189501367884214
PAPA,3,440,0.07685395464328944
PAPA,3,456,0.0599286542031715
PAPA,3,480,0.0599286542031715
PAPA,3,504,0.0599286542031715
PAPA,3,520,0.0599286542031715
PAPA,3,544,0.0599286542031715
PAPA,3,568,0.058468646008408905
PAPA,3,600,0.05107871902883432
PAPA,3,624,0.04406947828120756
PAPA,3,648,0.02853021674690968
PAPA,3,680,0.0270766355773086
PAPA,3,712,0.021732262554667328
PAPA,3,744,0.021724567185333478
PAPA,3,776,0.01581688280790378
PAPA,3,816,0.01581688280790378
PAPA,3,848,0.014886614699160678
PAPA,3,888,0.014561265319792967
PAPA,3,928,0.014521079630431314
PAPA,3,968,0.014511026013891192
PAPA,3,1016,0.014470958399460575
PAPA,3,1056,0.014466628188653421
PAPA,3,1104,0.014442700997288746
PAPA,3,1152,0.014440182010290948
PAPA,3,1208,0.01442331455999611
PAPA,3,1264,0.01441982354840336
PAPA,3,1320,0.01440933476166996
PAPA,3,1376,0.01440437489302481
PAPA,3,1440,0.014403126525131472
PAPA,3,1504,0.01440127512291809
PAPA,4,8,0.5904760330544013
PAPA,4,16,0.5904760330544013
PAPA,4,24,0.5904760330544013
PAPA,4,32,0.35382806223466184
PAPA,4,40,0.32393088976318457
PAPA,4,48,0.14165478133373177
PAPA,4,56,0.14165478133373177
PAPA,4,64,0.14165478133373177
PAPA,4,72,0.14165478133373177
PAPA,4,80,0.14165478133373177
PAPA,4,88,0.14165478133373177
PAPA,4,96,0.1379484325081768
PAPA,4,104,0.1379484325081768
PAPA,4,112,0.1379484325081768
PAPA,4,120,0.1379484325081768
PAPA,4,128,0.1379484325081768
PAPA,4,136,0.1379484325081768
PAPA,4,144,0.1379484325081768
PAPA,4,152,0.1379484325081768
PAPA,4,160,0.1379484325081768
PAPA,4,168,0.1379484325081768
PAPA,4,176,0.1379484325081768
PAPA,4,184,0.1379484325081768
PAPA,4,192,0.1379484325081768
PAPA,4,200,0.1379484325081768
PAPA,4,208,0.1379484325081768
PAPA,4,216,0.1379484325081768
PAPA,4,224,0.1379484325081768
PAPA,4,240,0.1167346188468571
PAPA,4,248,0.1167346188468571
PAPA,4,256,0.1167346188468571
PAPA,4,272,0.1167346188468571
PAPA,4,280,0.1167346188468571
PAPA,4,296,0.1167346188468571
PAPA,4,312,0.1167346188468571
PAPA,4,320,0.1167346188468571
PAPA,4,336,0.1167346188468571
PAPA,4,352,0.1167346188468571
PAPA,4,368,0.1167346188468571
PAPA,4,384,0.1167346188468571
PAPA,4,408,0.1167346188468571
PAPA,4,424,0.1167346188468571
PAPA,4,448,0.0761079638806405
PAPA,4,464,0.0761079638806405
PAPA,4,488,0.0761079638806405
PAPA,4,512,0.05807706365139575
PAPA,4,536,0.05807706365139575
PAPA,4,560,0.049453993966082695
PAPA,4,584,0.03384213796073403
PAPA,4,608,0.03384213796073403
PAPA,4,640,0.03384213796073403
PAPA,4,664,0.029723606128108183
PAPA,4,696,0.02644634034417796
PAPA,4,728,0.017930529248665724
PAPA,4,760,0.017930529248665724
PAPA,4,800,0.01740077553606186
PAPA,4,832,0.015448568481099281
PAPA,4,872,0.014433490998442988
PAPA,4,912,0.014433490998442988
PAPA,4,960,0.014346405338073607
PAPA,4,1000,0.014338467861259101
PAPA,4,1048,0.014205634391163737
PAPA,4,1096,0.014023768663981308
PAPA,4,1144,0.01362269433251266
PAPA,4,1200,0.013391755838051527
PAPA,4,1256,0.013234821908240737
PAPA,4,1312,0.013189833559535421
PAPA,4,1376,0.013149938858170875
PAPA,4,1432,0.013142978994715412
PAPA,4,1504,0.013140657794703667
PAPA,4,1568,0.013139012499165109
PAPA,4,1648,0.013139012499165109
PAPA,4,1720,0.013137535291591285
PAPA,5,8,0.4625051103242659
PAPA,5,16,0.3662398268489225
PAPA,5,24,0.3662398268489225
PAPA,5,32,0.24856718998749572
PAPA,5,40,0.24856718998749572
PAPA,5,48,0.24856718998749572
PAPA,5,56,0.24856718998749572
PAPA,5,64,0.24856718998749572
PAPA,5,72,0.23433781307038914
PAPA,5,80,0.23433781307038914
PAPA,5,88,0.23433781307038914
PAPA,5,96,0.23433781307038914
PAPA,5,104,0.23433781307038914
PAPA,5,112,0.23433781307038914
PAPA,5,120,0.23433781307038914
PAPA,5,128,0.22025174319471297
PAPA,5,136,0.22025174319471297
PAPA,5,144,0.22025174319471297
PAPA,5,152,0.22025174319471297
PAPA,5,160,0.19365832692271337
PAPA,5,168,0.19365832692271337
PAPA,5,176,0.1893464189417935
PAPA,5,184,0.16684928276071623
PAPA,5,192,0.16684928276071623
PAPA,5,200,0.16684928276071623
PAPA,5,216,0.16684928276071623
PAPA,5,224,0.16507737786394955
PAPA,5,232,0.16507737786394955
PAPA,5,240,0.16507737786394955
PAPA,5,256,0.16507737786394955
PAPA,5,264,0.1585286484691958
PAPA,5,280,0.15366030092870053
PAPA,5,296,0.1518761640797695
PAPA,5,304,0.15099779317918402
PAPA,5,320,0.14877810785316478
PAPA,5,336,0.14508691529968687
PAPA,5,352,0.14508691529968687
PAPA,5,368,0.14288849389274813
PAPA,5,384,0.14132058382374243
PAPA,5,400,0.13837633567902555
PAPA,5,424,0.13515609696432365
PAPA,5,440,0.13133267119179254
PAPA,5,464,0.12621842490898993
PAPA,5,480,0.1009172232153499
PAPA,5,504,0.08121357077622328
PAPA,5,528,0.07964239876045172
PAPA,5,552,0.06104743007790807
PAPA,5,576,0.03430369101628259
PAPA,5,608,0.030453454200768306
PAPA,5,632,0.018963415532071794
PAPA,5,664,0.018963415532071794
PAPA,5,696,0.018963415532071794
PAPA,5,728,0.018963415532071794
PAPA,5,760,0.018963415532071794
PAPA,5,800,0.016948019530719755
PAPA,5,832,0.011494863325215135
PAPA,5,872,0.010385026017080388
PAPA,5,912,0.009710398439669683
PAPA,5,952,0.009166280326903347
PAPA,5,1000,0.00810887865974718
PAPA,5,1048,0.0062584148798259425
PAPA,5,1096,0.005752796855791858
PAPA,5,1144,0.005368500099014887
PAPA,5,1200,0.005123166950866868
PAPA,5,1256,0.004495812838447103
PAPA,5,1312,0.0038132319361552183
PAPA,5,1376,0.00226331885403283
PAPA,5,1440,0.0008450224110368962
PAPA,5,1504,0.0007036950748921638
PAPA,5,1576,0.00024106021181759387
PAPA,5,1648,0.00024106021181759387
PAPA,5,1728,0.0002211761135435885
PAPA,5,1808,3.4909701484565253e-05
PAPA,6,8,0.21859433081693647
PAPA,6,16,0.21859433081693647
PAPA,6,24,0.21859433081693647
PAPA,6,32,0.194775186321553
PAPA,6,40,0.194775186321553
PAPA,6,48,0.1704308123043838
PAPA,6,56,0.1704308123043838
PAPA,6,64,0.1704308123043838
PAPA,6,72,0.1704308123043838
PAPA,6,80,0.1467863157299001
PAPA,6,88,0.1441045894760433
PAPA,6,96,0.1441045894760433
PAPA,6,104,0.1441045894760433
PAPA,6,112,0.1441045894760433
PAPA,6,120,0.13784596302842714
PAPA,6,128,0.13784596302842714
PAPA,6,136,0.12702288849975374
PAPA,6,144,0.12702288849975374
PAPA,6,152,0.12702288849975374
PAPA,6,160,0.12702288849975374
PAPA,6,168,0.12558297523679668
PAPA,6,176,0.124263582263263
PAPA,6,184,0.10704127821346045
PAPA,6,200,0.1027820752930216
PAPA,6,208,0.1027820752930216
PAPA,6,216,0.1027820752930216
PAPA,6,224,0.05676576239147552
PAPA,6,232,0.053339909676496086
PAPA,6,248,0.053339909676496086
PAPA,6,256,0.053339909676496086
PAPA,6,272,0.053339909676496086
PAPA,6,280,0.04135269532693943
PAPA,6,296,0.04135269532693943
PAPA,6,312,0.04135269532693943
PAPA,6,328,0.04131490161565251
PAPA,6,336,0.04131490161565251
PAPA,6,352,0.03950265972791366
PAPA,6,368,0.03514798662335062
PAPA,6,392,0.02442034858780989
PAPA,6,408,0.02442034858780989
PAPA,6,424,0.02398789494553086
PAPA,6,448,0.02398789494553086
PAPA,6,464,0.02398789494553086
PAPA,6,488,0.0194052616690611
PAPA,6,512,0.01799441229888668
PAPA,6,536,0.01799441229888668
PAPA,6,560,0.015529891609899728
PAPA,6,584,0.015529891609899728
PAPA,6,616,0.015413097160992671
PAPA,6,640,0.01516364985471607
PAPA,6,672,0.014948458751111886
PAPA,6,704,0.014939266428839557
PAPA,6,736,0.014881888223810149
PAPA,6,776,0.014837329595379973
PAPA,6,808,0.014829762406746437
PAPA,6,848,0.014816526874827448
PAPA,6,888,0.014807374067594532
PAPA,6,928,0.014795372864839297
PAPA,6,968,0.014790019438642808
PAPA,6,1016,0.014754595454553512
PAPA,6,1064,0.014746134384800496
PAPA,6,1112,0.014740742967047698
PAPA,6,1168,0.014729298166392985
PAPA,6,1216,0.01468986320335023
PAPA,6,1280,0.014650544573649173
PAPA,6,1336,0.014580216630678261
PAPA,6,1400,0.01451068786251375
PAPA,6,1464,0.014439380748190386
PAPA,6,1536,0.014320298762349843
PAPA,6,1608,0.014305818493527592
PAPA,6,1680,0.014300877548394573
PAPA,6,1760,0.014291235796688924
PAPA,6,1840,0.014290558387649862
PAPA,7,8,0.8002269676403349
PAPA,7,16,0.720650047779884
PAPA,7,24,0.5667548107615547
PAPA,7,32,0.5667548107615547
PAPA,7,40,0.45961741160906694
PAPA,7,48,0.45961741160906694
PAPA,7,56,0.45961741160906694
PAPA,7,64,0.324529139102302
PAPA,7,72,0.324529139102302
PAPA,7,80,0.324529139102302
PAPA,7,88,0.324529139102302
PAPA,7,96,0.308100301936502
PAPA,7,104,0.30809859855164806
PAPA,7,112,0.29364204890161993
PAPA,7,120,0.29364204890161993
PAPA,7,128,0.28510071443364365
PAPA,7,136,0.28510071443364365
PAPA,7,144,0.28510071443364365
PAPA,7,152,0.251600262923353
PAPA,7,160,0.24946897252806785
PAPA,7,168,0.24946897252806785
PAPA,7,184,0.2215370242949595
PAPA,7,192,0.20354301269547054
PAPA,7,200,0.20029963555002642
PAPA,7,208,0.16551554640304314
PAPA,7,216,0.16551554640304314
PAPA,7,232,0.16551554640304314
PAPA,7,240,0.16551554640304314
PAPA,7,248,0.16551554640304314
PAPA,7,264,0.130961365094524
PAPA,7,272,0.130961365094524
PAPA,7,288,0.130961365094524
PAPA,7,304,0.130961365094524
PAPA,7,320,0.130961365094524
PAPA,7,336,0.1274441208867087
PAPA,7,352,0.11990247828857839
PAPA,7,368,0.11990247828857839
PAPA,7,384,0.10481470496301529
PAPA,7,400,0.09382079924236987
PAPA,7,424,0.08551336262173498
PAPA,7,440,0.07744541540947672
PAPA,7,464,0.06459261573525463
PAPA,7,488,0.057912843531072664
PAPA,7,512,0.05418804027943313
PAPA,7,536,0.04992445203989486
PAPA,7,560,0.048445708451419545
PAPA,7,584,0.044641715521852414
PAPA,7,616,0.04339937715453398
PAPA,7,648,0.03679121282990058
PAPA,7,680,0.03679121282990058
PAPA,7,712,0.034389139095235666
PAPA,7,744,0.03073872383909469
PAPA,7,776,0.026732681969871427
PAPA,7,816,0.025114078226879007
PAPA,7,856,0.020117075370007058
PAPA,7,896,0.017430668833091998
PAPA,7,944,0.014830595063634865
PAPA,7,984,0.014830595063634865
PAPA,7,1032,0.014520560787362007
PAPA,7,1080,0.014204780379201998
PAPA,7,1136,0.014051546281277867
PAPA,7,1192,0.014021531274610581
PAPA,7,1248,0.013987890012842234
PAPA,7,1312,0.013943278401018623
PAPA,7,1376,0.013804911963983469
PAPA,7,1440,0.013570460770629506
PAPA,7,1512,0.01338376474511227
PAPA,7,1584,0.013192805779333556
PAPA,7,1656,0.012803707115080465
PAPA,7,1736,0.012717375069954484
PAPA,7,1824,0.0126945219632581
PAPA,7,1912,0.012682259060114824
PAPA,7,2000,0.012675175103461889
PAPA,7,2096,0.012673374923502735
PAPA,7,2200,0.012673374923502735
PAPA,8,8,0.6264648633950007
PAPA,8,16,0.19803361406105668
PAPA,8,24,0.19803361406105668
PAPA,8,32,0.19803361406105668
PAPA,8,40,0.19803361406105668
PAPA,8,48,0.19803361406105668
PAPA,8,56,0.19803361406105668
PAPA,8,64,0.19803361406105668
PAPA,8,72,0.19803361406105668
PAPA,8,80,0.19803361406105668
PAPA,8,88,0.19803361406105668
PAPA,8,96,0.19803361406105668
PAPA,8,104,0.19292466892790464
PAPA,8,112,0.19292466892790464
PAPA,8,120,0.19292466892790464
PAPA,8,128,0.18820753207050356
PAPA,8,136,0.18820753207050356
PAPA,8,144,0.18489250422918252
PAPA,8,152,0.13631218185188243
PAPA,8,160,0.13631218185188243
PAPA,8,168,0.12740914509949616
PAPA,8,176,0.12740914509949616
PAPA,8,184,0.11561152484913877
PAPA,8,192,0.11561152484913877
PAPA,8,200,0.11561152484913877
PAPA,8,208,0.11561152484913877
PAPA,8,216,0.11561152484913877
PAPA,8,224,0.11561152484913877
PAPA,8,232,0.11545810190819367
PAPA,8,248,0.10820912875920584
PAPA,8,256,0.10797922969673006
PAPA,8,272,0.10313538382655428
PAPA,8,280,0.10313538382655428
PAPA,8,296,0.09818895392879057
PAPA,8,304,0.09199277205585249
PAPA,8,320,0.084888183292646
PAPA,8,336,0.06350646238725449
PAPA,8,352,0.06350646238725449
PAPA,8,368,0.05447168693893616
PAPA,8,384,0.04269968938283431
PAPA,8,400,0.033584938463961975
PAPA,8,416,0.033584938463961975
PAPA,8,440,0.033584938463961975
PAPA,8,456,0.033584938463961975
PAPA,8,480,0.033584938463961975
PAPA,8,504,0.029742129020995697
PAPA,8,520,0.027571329719846483
PAPA,8,544,0.025823408171202836
PAPA,8,576,0.0246677354941848
PAPA,8,600,0.0246677354941848
PAPA,8,624,0.02189892093884862
PAPA,8,656,0.0214686646813782
PAPA,8,680,0.02067058337670175
PAPA,8,712,0.012545941206380317
PAPA,8,744,0.012545941206380317
PAPA,8,784,0.012545941206380317
PAPA,8,816,0.012545941206380317
PAPA,8,856,0.012545941206380317
PAPA,8,896,0.008721504294635122
PAPA,8,936,0.008721504294635122
PAPA,8,976,0.006121736840401024
PAPA,8,1024,0.003828148427060649
PAPA,8,1064,0.0030133273942399065
PAPA,8,1112,0.0019380770124353215
PAPA,8,1168,0.0018421477476327594
PAPA,8,1216,0.0014085098336948268
PAPA,8,1272,0.0006161659559850891
PAPA,8,1336,0.000459318820907675
PAPA,8,1392,0.00035460929543973087
PAPA,8,1456,0.00035460929543973087
PAPA,8,1520,0.00033507091407621855
PAPA,8,1592,0.00022534242595314877
PAPA,9,8,0.601010930511885
PAPA,9,16,0.21073377250565073
PAPA,9,24,0.21073377250565073
PAPA,9,32,0.21073377250565073
PAPA,9,40,0.21073377250565073
PAPA,9,48,0.1820806293710758
PAPA,9,56,0.1820806293710758
PAPA,9,64,0.18063289165178584
PAPA,9,72,0.18063289165178584
PAPA,9,80,0.17579158784509546
PAPA,9,88,0.1514567209372149
PAPA,9,96,0.1514567209372149
PAPA,9,104,0.1514567209372149
PAPA,9,112,0.1514567209372149
PAPA,9,120,0.1514567209372149
PAPA,9,128,0.1514567209372149
PAPA,9,136,0.1514567209372149
PAPA,9,144,0.1514567209372149
PAPA,9,152,0.1514567209372149
PAPA,9,160,0.1514567209372149
PAPA,9,168,0.1514567209372149
PAPA,9,176,0.1514567209372149
PAPA,9,184,0.1514567209372149
PAPA,9,192,0.1514567209372149
PAPA,9,200,0.1514567209372149
PAPA,9,208,0.1514567209372149
PAPA,9,224,0.1514567209372149
PAPA,9,232,0.1514567209372149
PAPA,9,240,0.1514567209372149
PAPA,9,248,0.1514567209372149
PAPA,9,264,0.1514567209372149
PAPA,9,272,0.1514567209372149
PAPA,9,288,0.1514567209372149
PAPA,9,296,0.1514567209372149
PAPA,9,312,0.1514567209372149
PAPA,9,328,0.1480737853355524
PAPA,9,344,0.13603686634716633
PAPA,9,352,0.12401167129079164
PAPA,9,368,0.12401167129079164
PAPA,9,384,0.11142556635081712
PAPA,9,408,0.1073637305425897
PAPA,9,424,0.07720222949826495
PAPA,9,440,0.07110245714042987
PAPA,9,464,0.0663990444942955
PAPA,9,480,0.05391933225122848
PAPA,9,504,0.036984430943694704
PAPA,9,520,0.025864124897710703
PAPA,9,544,0.025864124897710703
PAPA,9,568,0.024131885717780636
PAPA,9,600,0.02262727273761395
PAPA,9,624,0.021215371887716758
PAPA,9,648,0.020774436330331634
PAPA,9,680,0.017852889142995536
PAPA,9,712,0.01777430539512532
PAPA,9,736,0.017014192706209255
PAPA,9,768,0.015754668955627747
PAPA,9,808,0.015257398739045828
PAPA,9,840,0.015141410418856624
PAPA,9,880,0.014895111045046757
PAPA,9,920,0.014895111045046757
PAPA,9,960,0.014895111045046757
PAPA,9,1000,0.014895111045046757
PAPA,9,1040,0.014895111045046757
PAPA,9,1088,0.014895111045046757
PAPA,9,1136,0.014895111045046757
PAPA,9,1184,0.014895111045046757
PAPA,9,1240,0.014895111045046757
PAPA,9,1296,0.014895111045046757
PAPA,9,1352,0.014895111045046757
Bay_of_Biscay,0,8,0.448374012187986
Bay_of_Biscay,0,16,0.448374012187986
Bay_of_Biscay,0,24,0.3504784112621205
Bay_of_Biscay,0,32,0.13768169079246423
Bay_of_Biscay,0,40,0.13768169079246423
Bay_of_Biscay,0,48,0.13768169079246423
Bay_of_Biscay,0,56,0.13768169079246423
Bay_of_Biscay,0,64,0.13768169079246423
Bay_of_Biscay,0,72,0.13768169079246423
Bay_of_Biscay,0,80,0.13768169079246423
Bay_of_Biscay,0,88,0.13768169079246423
Bay_of_Biscay,0,96,0.13768169079246423
Bay_of_Biscay,0,104,0.13768169079246423
Bay_of_Biscay,0,112,0.13768169079246423
Bay_of_Biscay,0,120,0.13768169079246423
Bay_of_Biscay,0,128,0.13768169079246423
Bay_of_Biscay,0,136,0.12799134513168145
Bay_of_Biscay,0,144,0.12799134513168145
Bay_of_Biscay,0,152,0.12226144643216376
Bay_of_Biscay,0,160,0.12226144643216376
Bay_of_Biscay,0,168,0.12226144643216376
Bay_of_Biscay,0,176,0.11601436504510917
Bay_of_Biscay,0,184,0.11601436504510917
Bay_of_Biscay,0,192,0.11601436504510917
Bay_of_Biscay,0,200,0.11168897880308554
Bay_of_Biscay,0,216,0.10498443701194726
Bay_of_Biscay,0,224,0.10222493499185023
Bay_of_Biscay,0,232,0.10222493499185023
Bay_of_Biscay,0,248,0.10222493499185023
Bay_of_Biscay,0,256,0.10222493499185023
Bay_of_Biscay,0,272,0.1017391730418182
Bay_of_Biscay,0,280,0.10101424333575912
Bay_of_Biscay,0,296,0.09439537929121262
Bay_of_Biscay,0,312,0.0917375833712104
Bay_of_Biscay,0,328,0.08919111926578682
Bay_of_Biscay,0,344,0.08919111926578682
Bay_of_Biscay,0,360,0.0778277874715356
Bay_of_Biscay,0,376,0.07619694165590923
Bay_of_Biscay,0,392,0.07381185179403575
Bay_of_Biscay,0,408,0.06592340773255484
Bay_of_Biscay,0,432,0.06540394225975969
Bay_of_Biscay,0,448,0.06540394225975969
Bay_of_Biscay,0,472,0.06424296645929116
Bay_of_Biscay,0,496,0.05852682522770526
Bay_of_Biscay,0,520,0.05426150293896924
Bay_of_Biscay,0,544,0.05031049026413938
Bay_of_Biscay,0,568,0.045349617901634054
Bay_of_Biscay,0,600,0.04452185538989676
Bay_of_Biscay,0,624,0.042787583140285475
Bay_of_Biscay,0,656,0.0416082914285084
Bay_of_Biscay,0,688,0.03685162116418776
Bay_of_Biscay,0,720,0.03685162116418776
Bay_of_Biscay,0,752,0.03499790344524574
Bay_of_Biscay,0,792,0.027889238062356658
Bay_of_Biscay,0,832,0.026170915134447366
Bay_of_Biscay,0,872,0.022876859282197525
Bay_of_Biscay,0,912,0.021098756568947663
Bay_of_Biscay,0,952,0.017732856837301983
Bay_of_Biscay,0,1000,0.01734770384292563
Bay_of_Biscay,0,1048,0.013201041559876983
Bay_of_Biscay,0,1096,0.009410276412032577
Bay_of_Biscay,0,1152,0.009019901442008224
Bay_of_Biscay,0,1208,0.008410567478963328
Bay_of_Biscay,0,1264,0.004986657371415241
Bay_of_Biscay,0,1328,0.004986657371415241
Bay_of_Biscay,0,1392,0.004986657371415241
Bay_of_Biscay,0,1456,0.0042917684028050945
Bay_of_Biscay,0,1528,0.0031973473017026756
Bay_of_Biscay,0,1600,0.001824757995799138
Bay_of_Biscay,0,1680,0.0018235592979123226
Bay_of_Biscay,0,1760,0.0010502045672249965
Bay_of_Biscay,0,1840,0.0006247658393196314
Bay_of_Biscay,0,1928,0.00033215999183263116
Bay_of_Biscay,0,2024,5.0841674559121536e-05
Bay_of_Biscay,0,2120,1.8464185500858094e-05
Bay_of_Biscay,1,8,0.2584896358583678
Bay_of_Biscay,1,16,0.18407696522626205
Bay_of_Biscay,1,24,0.18407696522626205
Bay_of_Biscay,1,32,0.18407696522626205
Bay_of_Biscay,1,40,0.18407696522626205
Bay_of_Biscay,1,48,0.16216652258450345
Bay_of_Biscay,1,56,0.16216652258450345
Bay_of_Biscay,1,64,0.16216652258450345
Bay_of_Biscay,1,72,0.16216652258450345
Bay_of_Biscay,1,80,0.1572889395901805
Bay_of_Biscay,1,88,0.1572889395901805
Bay_of_Biscay,1,96,0.1572889395901805
Bay_of_Biscay,1,104,0.1572889395901805
Bay_of_Biscay,1,112,0.1572889395901805
Bay_of_Biscay,1,120,0.1572889395901805
Bay_of_Biscay,1,128,0.1572889395901805
Bay_of_Biscay,1,136,0.15338888389025998
Bay_of_Biscay,1,144,0.15338888389025998
Bay_of_Biscay,1,152,0.10557112714927426
Bay_of_Biscay,1,160,0.10557112714927426
Bay_of_Biscay,1,168,0.09791708191631257
Bay_of_Biscay,1,176,0.09791708191631257
Bay_of_Biscay,1,184,0.09791708191631257
Bay_of_Biscay,1,192,0.09456668053937675
Bay_of_Biscay,1,200,0.09296898662147042
Bay_of_Biscay,1,208,0.08987946761717248
Bay_of_Biscay,1,216,0.08987946761717248
Bay_of_Biscay,1,232,0.08987946761717248
Bay_of_Biscay,1,240,0.08500955561387664
Bay_of_Biscay,1,248,0.08500955561387664
Bay_of_Biscay,1,264,0.08144941306629405
Bay_of_Biscay,1,272,0.07197990473070696
Bay_of_Biscay,1,288,0.06536670167476911
Bay_of_Biscay,1,304,0.06536670167476911
Bay_of_Biscay,1,312,0.05225308888165412
Bay_of_Biscay,1,328,0.03673137426362591
Bay_of_Biscay,1,344,0.03673137426362591
Bay_of_Biscay,1,360,0.03673137426362591
Bay_of_Biscay,1,376,0.03546628872922637
Bay_of_Biscay,1,400,0.03546628872922637
Bay_of_Biscay,1,416,0.03400188819742682
Bay_of_Biscay,1,432,0.029527996266791142
Bay_of_Biscay,1,456,0.029527996266791142
Bay_of_Biscay,1,480,0.029527996266791142
Bay_of_Biscay,1,496,0.029527996266791142
Bay_of_Biscay,1,520,0.026535490969820625
Bay_of_Biscay,1,544,0.026535490969820625
Bay_of_Biscay,1,576,0.02408557070507516
Bay_of_Biscay,1,600,0.022668254581765256
Bay_of_Biscay,1,624,0.020442304520821974
Bay_of_Biscay,1,656,0.018546491823072383
Bay_of_Biscay,1,688,0.017320683468595447
Bay_of_Biscay,1,720,0.014139780475821212
Bay_of_Biscay,1,752,0.010967816563900855
Bay_of_Biscay,1,792,0.010967816563900855
Bay_of_Biscay,1,824,0.010497364997605065
Bay_of_Biscay,1,864,0.009248712782352588
Bay_of_Biscay,1,904,0.009248712782352588
Bay_of_Biscay,1,952,0.009153931079437235
Bay_of_Biscay,1,992,0.008845840757267033
Bay_of_Biscay,1,1040,0.008506857017972613
Bay_of_Biscay,1,1088,0.008286603597676129
Bay_of_Biscay,1,1136,0.0077287581785377155
Bay_of_Biscay,1,1192,0.006294898636671108
Bay_of_Biscay,1,1248,0.005112223241227933
Bay_of_Biscay,1,1304,0.004097587638933542
Bay_of_Biscay,1,1368,0.0030876869737636336
Bay_of_Biscay,1,1432,0.002793295473425687
Bay_of_Biscay,1,1504,0.0024841657056487013
Bay_of_Biscay,1,1568,0.0021227882412394312
Bay_of_Biscay,1,1648,0.0008234869117711429
Bay_of_Biscay,1,1720,0.00046200592517430666
Bay_of_Biscay,1,1800,5.5268661511980874e-05
Bay_of_Biscay,1,1888,1.3504451990742295e-05
Bay_of_Biscay,10,8,0.2572754131124227
Bay_of_Biscay,10,16,0.2572754131124227
Bay_of_Biscay,10,24,0.19556271479026685
Bay_of_Biscay,10,32,0.19556271479026685
Bay_of_Biscay,10,40,0.15650640375594502
Bay_of_Biscay,10,48,0.15650640375594502
Bay_of_Biscay,10,56,0.15650640375594502
Bay_of_Biscay,10,64,0.15650640375594502
Bay_of_Biscay,10,72,0.15650640375594502
Bay_of_Biscay,10,80,0.15376816589676526
Bay_of_Biscay,10,88,0.1166596734086117
Bay_of_Biscay,10,96,0.1166596734086117
Bay_of_Biscay,10,104,0.1166596734086117
Bay_of_Biscay,10,112,0.1166596734086117
Bay_of_Biscay,10,120,0.1166596734086117
Bay_of_Biscay,10,128,0.1166596734086117
Bay_of_Biscay,10,136,0.1166596734086117
Bay_of_Biscay,10,144,0.1166596734086117
Bay_of_Biscay,10,152,0.1166596734086117
Bay_of_Biscay,10,160,0.1166596734086117
Bay_of_Biscay,10,168,0.1166596734086117
Bay_of_Biscay,10,176,0.1166596734086117
Bay_of_Biscay,10,184,0.11169104015939635
Bay_of_Biscay,10,192,0.09463541731464664
Bay_of_Biscay,10,208,0.09463541731464664
Bay_of_Biscay,10,216,0.09463541731464664
Bay_of_Biscay,10,224,0.09463541731464664
Bay_of_Biscay,10,232,0.08954122515770423
Bay_of_Biscay,10,240,0.08519111435244038
Bay_of_Biscay,10,256,0.08519111435244038
Bay_of_Biscay,10,264,0.0837826944196675
Bay_of_Biscay,10,280,0.07376594667954206
Bay_of_Biscay,10,288,0.07236057115343589
Bay_of_Biscay,10,304,0.06826733322943722
Bay_of_Biscay,10,320,0.06590185139168087
Bay_of_Biscay,10,328,0.0653147199900422
Bay_of_Biscay,10,344,0.056440521488500914
Bay_of_Biscay,10,360,0.052265572420571255
Bay_of_Biscay,10,376,0.045893663228259586
Bay_of_Biscay,10,392,0.040074143704946566
Bay_of_Biscay,10,408,0.040074143704946566
Bay_of_Biscay,10,432,0.040074143704946566
Bay_of_Biscay,10,448,0.040074143704946566
Bay_of_Biscay,10,472,0.03538142775736643
Bay_of_Biscay,10,488,0.03286603404628364
Bay_of_Biscay,10,512,0.03286603404628364
Bay_of_Biscay,10,536,0.030717454924638208
Bay_of_Biscay,10,560,0.029338692835142944
Bay_of_Biscay,10,584,0.026751174553987452
Bay_of_Biscay,10,608,0.025215240599183508
Bay_of_Biscay,10,640,0.023586032823617303
Bay_of_Biscay,10,664,0.022236294115330093
Bay_of_Biscay,10,696,0.02116111335632648
Bay_of_Biscay,10,728,0.020759036566753045
Bay_of_Biscay,10,760,0.018671307526522005
Bay_of_Biscay,10,792,0.01852618751910313
Bay_of_Biscay,10,832,0.01796318570016187
Bay_of_Biscay,10,864,0.01688054183147734
Bay_of_Biscay,10,904,0.01627801351086939
Bay_of_Biscay,10,944,0.01597423593492965
Bay_of_Biscay,10,984,0.015657093529265337
Bay_of_Biscay,10,1032,0.015391671733558506
Bay_of_Biscay,10,1080,0.015391671733558506
Bay_of_Biscay,10,1128,0.015351536068120635
Bay_of_Biscay,10,1176,0.015313154275177324
Bay_of_Biscay,10,1232,0.015302160776500576
Bay_of_Biscay,10,1280,0.015298837097227506
Bay_of_Biscay,10,1344,0.015298837097227506
Bay_of_Biscay,10,1400,0.015294634012745131
Bay_of_Biscay,10,1464,0.015294231053775385
Bay_of_Biscay,11,8,0.20579586454848328
Bay_of_Biscay,11,16,0.20579586454848328
Bay_of_Biscay,11,24,0.20579586454848328
Bay_of_Biscay,11,32,0.20579586454848328
Bay_of_Biscay,11,40,0.20579586454848328
Bay_of_Biscay,11,48,0.20579586454848328
Bay_of_Biscay,11,56,0.18326735347581666
Bay_of_Biscay,11,64,0.09050681872667202
Bay_of_Biscay,11,72,0.09050681872667202
Bay_of_Biscay,11,80,0.09050681872667202
Bay_of_Biscay,11,88,0.09050681872667202
Bay_of_Biscay,11,96,0.09050681872667202
Bay_of_Biscay,11,104,0.09050681872667202
Bay_of_Biscay,11,112,0.09050681872667202
Bay_of_Biscay,11,120,0.09050681872667202
Bay_of_Biscay,11,128,0.09050681872667202
Bay_of_Biscay,11,136,0.09050681872667202
Bay_of_Biscay,11,144,0.09050681872667202
Bay_of_Biscay,11,152,0.09050681872667202
Bay_of_Biscay,11,160,0.09050681872667202
Bay_of_Biscay,11,168,0.09050681872667202
Bay_of_Biscay,11,176,0.08106996154562174
Bay_of_Biscay,11,184,0.08106996154562174
Bay_of_Biscay,11,192,0.08106996154562174
Bay_of_Biscay,11,200,0.08106996154562174
Bay_of_Biscay,11,208,0.08106996154562174
Bay_of_Biscay,11,216,0.08106996154562174
Bay_of_Biscay,11,232,0.08106996154562174
Bay_of_Biscay,11,240,0.08106996154562174
Bay_of_Biscay,11,248,0.08106996154562174
Bay_of_Biscay,11,264,0.08106996154562174
Bay_of_Biscay,11,272,0.08106996154562174
Bay_of_Biscay,11,288,0.08106996154562174
Bay_of_Biscay,11,304,0.08106996154562174
Bay_of_Biscay,11,312,0.08106996154562174
Bay_of_Biscay,11,328,0.07602428387418077
Bay_of_Biscay,11,344,0.07157252050297916
Bay_of_Biscay,11,360,0.07157252050297916
Bay_of_Biscay,11,376,0.07157252050297916
Bay_of_Biscay,11,392,0.07157252050297916
Bay_of_Biscay,11,416,0.07103770132884539
Bay_of_Biscay,11,432,0.07027453037251287
Bay_of_Biscay,11,448,0.06845868913354497
Bay_of_Biscay,11,472,0.06748833534253872
Bay_of_Biscay,11,496,0.06428423668351564
Bay_of_Biscay,11,520,0.05827054735980076
Bay_of_Biscay,11,544,0.0564437747638821
Bay_of_Biscay,11,568,0.05354654152339724
Bay_of_Biscay,11,592,0.04668395892007212
Bay_of_Biscay,11,624,0.04452085027685938
Bay_of_Biscay,11,648,0.03555174358436581
Bay_of_Biscay,11,680,0.033650866262452096
Bay_of_Biscay,11,712,0.027619164436656952
Bay_of_Biscay,11,744,0.027619164436656952
Bay_of_Biscay,11,776,0.027619164436656952
Bay_of_Biscay,11,816,0.025794197826707426
Bay_of_Biscay,11,856,0.02315957594440978
Bay_of_Biscay,11,888,0.02075814000940842
Bay_of_Biscay,11,936,0.018452141513731528
Bay_of_Biscay,11,976,0.017768769972866666
Bay_of_Biscay,11,1024,0.016271730189683038
Bay_of_Biscay,11,1072,0.016271730189683038
Bay_of_Biscay,11,1120,0.016086300527630812
Bay_of_Biscay,11,1168,0.015993622260490403
Bay_of_Biscay,11,1224,0.015965811413191727
Bay_of_Biscay,11,1280,0.015965811413191727
Bay_of_Biscay,11,1344,0.015948770912687135
Bay_of_Biscay,11,1400,0.01590973051534199
Bay_of_Biscay,11,1472,0.015901829226777606
Bay_of_Biscay,11,1536,0.015900194194524396
Bay_of_Biscay,11,1608,0.015899778722341967
Bay_of_Biscay,11,1680,0.01589973742644268
Bay_of_Biscay,11,1760,0.015899736302273246
Bay_of_Biscay,12,8,0.46861758603787557
Bay_of_Biscay,12,16,0.46861758603787557
Bay_of_Biscay,12,24,0.46861758603787557
Bay_of_Biscay,12,32,0.2932626411545527
Bay_of_Biscay,12,40,0.172830563102925
Bay_of_Biscay,12,48,0.172830563102925
Bay_of_Biscay,12,56,0.172830563102925
Bay_of_Biscay,12,64,0.172830563102925
Bay_of_Biscay,12,72,0.172830563102925
Bay_of_Biscay,12,80,0.172830563102925
Bay_of_Biscay,12,88,0.172830563102925
Bay_of_Biscay,12,96,0.172830563102925
Bay_of_Biscay,12,104,0.172830563102925
Bay_of_Biscay,12,112,0.172830563102925
Bay_of_Biscay,12,120,0.1689624452955194
Bay_of_Biscay,12,128,0.1689624452955194
Bay_of_Biscay,12,136,0.1689624452955194
Bay_of_Biscay,12,144,0.16173281617829227
Bay_of_Biscay,12,152,0.16173281617829227
Bay_of_Biscay,12,160,0.13712684463424743
Bay_of_Biscay,12,168,0.12990369089521286
Bay_of_Biscay,12,176,0.11400731720711543
Bay_of_Biscay,12,184,0.11400731720711543
Bay_of_Biscay,12,192,0.1034140154744155
Bay_of_Biscay,12,200,0.09524889966096504
Bay_of_Biscay,12,208,0.09421362562763036
Bay_of_Biscay,12,216,0.09421362562763036
Bay_of_Biscay,12,232,0.09421362562763036
Bay_of_Biscay,12,240,0.09421362562763036
Bay_of_Biscay,12,256,0.07968627716120161
Bay_of_Biscay,12,264,0.07968627716120161
Bay_of_Biscay,12,280,0.07968627716120161
Bay_of_Biscay,12,288,0.07968627716120161
Bay_of_Biscay,12,304,0.07968627716120161
Bay_of_Biscay,12,320,0.07587555681447469
Bay_of_Biscay,12,336,0.07137420851706888
Bay_of_Biscay,12,352,0.06725672581597346
Bay_of_Biscay,12,368,0.06329524547782034
Bay_of_Biscay,12,392,0.05686279658860011
Bay_of_Biscay,12,408,0.05525739494636785
Bay_of_Biscay,12,432,0.04825943749531253
Bay_of_Biscay,12,448,0.04825943749531253
Bay_of_Biscay,12,472,0.04003849119355194
Bay_of_Biscay,12,496,0.04003849119355194
Bay_of_Biscay,12,520,0.03454170231613072
Bay_of_Biscay,12,544,0.0327252269469893
Bay_of_Biscay,12,568,0.03128635461303086
Bay_of_Biscay,12,600,0.026406754120334962
Bay_of_Biscay,12,632,0.025550223529895045
Bay_of_Biscay,12,656,0.024014253835610296
Bay_of_Biscay,12,696,0.021942600100153344
Bay_of_Biscay,12,728,0.020238867458014915
Bay_of_Biscay,12,760,0.01847291296857592
Bay_of_Biscay,12,800,0.017588094637200864
Bay_of_Biscay,12,840,0.016833988652750313
Bay_of_Biscay,12,880,0.01634856725455228
Bay_of_Biscay,12,920,0.015573489270905568
Bay_of_Biscay,12,968,0.015438201364739654
Bay_of_Biscay,12,1016,0.01512871653787532
Bay_of_Biscay,12,1064,0.0149994813565047
Bay_of_Biscay,12,1120,0.014709506855055916
Bay_of_Biscay,12,1176,0.014302505007094528
Bay_of_Biscay,12,1232,0.014109335085912956
Bay_of_Biscay,12,1288,0.013893789260019813
Bay_of_Biscay,12,1352,0.01335686305975292
Bay_of_Biscay,12,1424,0.006067014818799063
Bay_of_Biscay,12,1488,0.005566852816003917
Bay_of_Biscay,12,1560,0.0051175181226169875
Bay_of_Biscay,12,1640,0.003948256569528977
Bay_of_Biscay,12,1720,0.002705695478643708
Bay_of_Biscay,12,1808,0.0011946240627825257
Bay_of_Biscay,12,1896,0.001054415676664351
Bay_of_Biscay,12,1984,0.0006851118361222124
Bay_of_Biscay,12,2088,0.00033817623124553816
Bay_of_Biscay,12,2184,0.00023817441281059846
Bay_of_Biscay,12,2296,7.372732870025023e-05
Bay_of_Biscay,12,2408,1.5566538585357732e-05
Bay_of_Biscay,13,8,0.5522941955000907
Bay_of_Biscay,13,16,0.48992087059377104
Bay_of_Biscay,13,24,0.48992087059377104
Bay_of_Biscay,13,32,0.47376206962317835
Bay_of_Biscay,13,40,0.3966718160414672
Bay_of_Biscay,13,48,0.3966718160414672
Bay_of_Biscay,13,56,0.3966718160414672
Bay_of_Biscay,13,64,0.23383218357047092
Bay_of_Biscay,13,72,0.23383218357047092
Bay_of_Biscay,13,80,0.19931995479768777
Bay_of_Biscay,13,88,0.19931995479768777
Bay_of_Biscay,13,96,0.19931995479768777
Bay_of_Biscay,13,104,0.15536539730048302
Bay_of_Biscay,13,112,0.15536539730048302
Bay_of_Biscay,13,120,0.15536539730048302
Bay_of_Biscay,13,128,0.15536539730048302
Bay_of_Biscay,13,136,0.15536539730048302
Bay_of_Biscay,13,144,0.15536539730048302
Bay_of_Biscay,13,152,0.15536539730048302
Bay_of_Biscay,13,160,0.15536539730048302
Bay_of_Biscay,13,168,0.13472793526983737
Bay_of_Biscay,13,176,0.13472793526983737
Bay_of_Biscay,13,192,0.12055429304636102
Bay_of_Biscay,13,200,0.0948457977600011
Bay_of_Biscay,13,208,0.0948457977600011
Bay_of_Biscay,13,216,0.0948457977600011
Bay_of_Biscay,13,224,0.0948457977600011
Bay_of_Biscay,13,240,0.0948457977600011
Bay_of_Biscay,13,248,0.0948457977600011
Bay_of_Biscay,13,256,0.0948457977600011
Bay_of_Biscay,13,272,0.0948457977600011
Bay_of_Biscay,13,288,0.07860667905659158
Bay_of_Biscay,13,296,0.07860667905659158
Bay_of_Biscay,13,312,0.07445791320281571
Bay_of_Biscay,13,328,0.07445791320281571
Bay_of_Biscay,13,344,0.07445791320281571
Bay_of_Biscay,13,360,0.06488419090171921
Bay_of_Biscay,13,376,0.06488419090171921
Bay_of_Biscay,13,392,0.06122367754252191
Bay_of_Biscay,13,408,0.06122367754252191
Bay_of_Biscay,13,432,0.04621968998560696
Bay_of_Biscay,13,448,0.04621968998560696
Bay_of_Biscay,13,472,0.04621968998560696
Bay_of_Biscay,13,496,0.04621968998560696
Bay_of_Biscay,13,512,0.04621968998560696
Bay_of_Biscay,13,536,0.044561424713175236
Bay_of_Biscay,13,568,0.03519657738384893
Bay_of_Biscay,13,592,0.03519657738384893
Bay_of_Biscay,13,616,0.02735818015657785
Bay_of_Biscay,13,648,0.02446918639411893
Bay_of_Biscay,13,680,0.02446918639411893
Bay_of_Biscay,13,712,0.02446918639411893
Bay_of_Biscay,13,744,0.02446918639411893
Bay_of_Biscay,13,776,0.023956805269322996
Bay_of_Biscay,13,816,0.023243420889481715
Bay_of_Biscay,13,856,0.021313872671695495
Bay_of_Biscay,13,896,0.020363917482099612
Bay_of_Biscay,13,936,0.019296808292656904
Bay_of_Biscay,13,976,0.017930261460448585
Bay_of_Biscay,13,1024,0.01755319479185531
Bay_of_Biscay,13,1072,0.016924466167006897
Bay_of_Biscay,13,1120,0.016486727430645956
Bay_of_Biscay,13,1176,0.01627556673453911
Bay_of_Biscay,13,1232,0.01598972834459068
Bay_of_Biscay,13,1288,0.01589206831153663
Bay_of_Biscay,13,1344,0.01589206831153663
Bay_of_Biscay,13,1408,0.015873493320193457
Bay_of_Biscay,13,1480,0.015870676524159213
Bay_of_Biscay,13,1544,0.015868166274159056
Bay_of_Biscay,13,1616,0.015867754109837005
Bay_of_Biscay,13,1696,0.015867389494853456
Bay_of_Biscay,13,1776,0.0158673791157058
Bay_of_Biscay,13,1856,0.015867378479270663
Bay_of_Biscay,14,8,0.9478153849161101
Bay_of_Biscay,14,16,0.6404208786232657
Bay_of_Biscay,14,24,0.5543526548817026
Bay_of_Biscay,14,32,0.28252483259120653
Bay_of_Biscay,14,40,0.17457589406361823
Bay_of_Biscay,14,48,0.17457589406361823
Bay_of_Biscay,14,56,0.1568139576745323
Bay_of_Biscay,14,64,0.1568139576745323
Bay_of_Biscay,14,72,0.1568139576745323
Bay_of_Biscay,14,80,0.1568139576745323
Bay_of_Biscay,14,88,0.1568139576745323
Bay_of_Biscay,14,96,0.1476990127924144
Bay_of_Biscay,14,104,0.1476990127924144
Bay_of_Biscay,14,112,0.1476990127924144
Bay_of_Biscay,14,120,0.1476990127924144
Bay_of_Biscay,14,128,0.1409620185304187
Bay_of_Biscay,14,136,0.1409620185304187
Bay_of_Biscay,14,144,0.11861949645201551
Bay_of_Biscay,14,152,0.11861949645201551
Bay_of_Biscay,14,160,0.11861949645201551
Bay_of_Biscay,14,168,0.11861949645201551
Bay_of_Biscay,14,176,0.11861949645201551
Bay_of_Biscay,14,184,0.11861949645201551
Bay_of_Biscay,14,200,0.11861949645201551
Bay_of_Biscay,14,208,0.11861949645201551
Bay_of_Biscay,14,216,0.11861949645201551
Bay_of_Biscay,14,224,0.11861949645201551
Bay_of_Biscay,14,232,0.11861949645201551
Bay_of_Biscay,14,248,0.11861949645201551
Bay_of_Biscay,14,256,0.11861949645201551
Bay_of_Biscay,14,272,0.11861949645201551
Bay_of_Biscay,14,280,0.11861949645201551
Bay_of_Biscay,14,296,0.11184426890842532
Bay_of_Biscay,14,312,0.08462628310028922
Bay_of_Biscay,14,320,0.06818814638654447
Bay_of_Biscay,14,336,0.06818814638654447
Bay_of_Biscay,14,352,0.06818814638654447
Bay_of_Biscay,14,368,0.06818814638654447
Bay_of_Biscay,14,384,0.06533599733860579
Bay_of_Biscay,14,408,0.05254808077942332
Bay_of_Biscay,14,424,0.05254808077942332
Bay_of_Biscay,14,440,0.05254808077942332
Bay_of_Biscay,14,464,0.04311305101764622
Bay_of_Biscay,14,488,0.0401940799547265
Bay_of_Biscay,14,504,0.0385023433219818
Bay_of_Biscay,14,528,0.0385023433219818
Bay_of_Biscay,14,552,0.0385023433219818
Bay_of_Biscay,14,584,0.0385023433219818
Bay_of_Biscay,14,608,0.03366451283040628
Bay_of_Biscay,14,632,0.03366451283040628
Bay_of_Biscay,14,664,0.031535158211558494
Bay_of_Biscay,14,696,0.030186429770829856
Bay_of_Biscay,14,728,0.028602787778579063
Bay_of_Biscay,14,760,0.025449933562445244
Bay_of_Biscay,14,792,0.018796145083252523
Bay_of_Biscay,14,832,0.01732167615577357
Bay_of_Biscay,14,872,0.01732167615577357
Bay_of_Biscay,14,912,0.01644289676114063
Bay_of_Biscay,14,952,0.015918665617790567
Bay_of_Biscay,14,1000,0.015855899905892354
Bay_of_Biscay,14,1040,0.015786478483289144
Bay_of_Biscay,14,1088,0.015681482950000922
Bay_of_Biscay,14,1144,0.015666865037123064
Bay_of_Biscay,14,1192,0.01566191908501001
Bay_of_Biscay,14,1248,0.015631955652346145
Bay_of_Biscay,14,1304,0.015594828038454647
Bay_of_Biscay,14,1368,0.015558380958152096
Bay_of_Biscay,14,1432,0.015553776720719868
Bay_of_Biscay,14,1496,0.01555063113069853
Bay_of_Biscay,14,1568,0.015550234074481513
Bay_of_Biscay,14,1640,0.015549456275362349
Bay_of_Biscay,14,1712,0.015549424166451576
Bay_of_Biscay,15,8,0.7647328202544694
Bay_of_Biscay,15,16,0.35156428413703544
Bay_of_Biscay,15,24,0.1331520187954425
Bay_of_Biscay,15,32,0.1331520187954425
Bay_of_Biscay,15,40,0.1331520187954425
Bay_of_Biscay,15,48,0.1331520187954425
Bay_of_Biscay,15,56,0.1331520187954425
Bay_of_Biscay,15,64,0.1331520187954425
Bay_of_Biscay,15,72,0.12114861183382422
Bay_of_Biscay,15,80,0.12114861183382422
Bay_of_Biscay,15,88,0.12114861183382422
Bay_of_Biscay,15,96,0.12114861183382422
Bay_of_Biscay,15,104,0.12114861183382422
Bay_of_Biscay,15,112,0.12114861183382422
Bay_of_Biscay,15,120,0.12114861183382422
Bay_of_Biscay,15,128,0.12114861183382422
Bay_of_Biscay,15,136,0.12114861183382422
Bay_of_Biscay,15,144,0.12114861183382422
Bay_of_Biscay,15,152,0.12114861183382422
Bay_of_Biscay,15,160,0.12114861183382422
Bay_of_Biscay,15,168,0.12114861183382422
Bay_of_Biscay,15,176,0.12114861183382422
Bay_of_Biscay,15,184,0.12114861183382422
Bay_of_Biscay,15,192,0.12114861183382422
Bay_of_Biscay,15,200,0.12114861183382422
Bay_of_Biscay,15,216,0.0945817304250324
Bay_of_Biscay,15,224,0.0945817304250324
Bay_of_Biscay,15,232,0.0945817304250324
Bay_of_Biscay,15,240,0.0945817304250324
Bay_of_Biscay,15,256,0.0945817304250324
Bay_of_Biscay,15,264,0.0945817304250324
Bay_of_Biscay,15,280,0.0945817304250324
Bay_of_Biscay,15,288,0.0945817304250324
Bay_of_Biscay,15,304,0.08481664131048983
Bay_of_Biscay,15,320,0.08481664131048983
Bay_of_Biscay,15,328,0.08481664131048983
Bay_of_Biscay,15,344,0.08036846146134785
Bay_of_Biscay,15,360,0.07499590985187207
Bay_of_Biscay,15,376,0.07257541486634182
Bay_of_Biscay,15,392,0.07257541486634182
Bay_of_Biscay,15,416,0.06583133700975491
Bay_of_Biscay,15,432,0.061934593185431895
Bay_of_Biscay,15,448,0.05964076394445846
Bay_of_Biscay,15,472,0.05742026202797084
Bay_of_Biscay,15,496,0.05293555762473713
Bay_of_Biscay,15,512,0.04635229170527985
Bay_of_Biscay,15,536,0.04378878196656197
Bay_of_Biscay,15,560,0.04331471826476896
Bay_of_Biscay,15,592,0.03620915542189522
Bay_of_Biscay,15,616,0.03415400072824684
Bay_of_Biscay,15,640,0.024067262904740566
Bay_of_Biscay,15,672,0.02322035605994681
Bay_of_Biscay,15,704,0.02298412227405621
Bay_of_Biscay,15,736,0.01962482301237538
Bay_of_Biscay,15,768,0.019269886755987373
Bay_of_Biscay,15,800,0.017809246950735946
Bay_of_Biscay,15,840,0.01754700196932688
Bay_of_Biscay,15,880,0.01678273999713839
Bay_of_Biscay,15,920,0.01616249957087711
Bay_of_Biscay,15,960,0.015990170873549748
Bay_of_Biscay,15,1000,0.01572653839211392
Bay_of_Biscay,15,1048,0.015594097706044644
Bay_of_Biscay,15,1096,0.015487279370418801
Bay_of_Biscay,15,1144,0.015384959567758512
Bay_of_Biscay,15,1192,0.015364712164849696
Bay_of_Biscay,15,1248,0.015329229783623914
Bay_of_Biscay,15,1304,0.015321780472596053
Bay_of_Biscay,15,1368,0.015315038912429052
Bay_of_Biscay,15,1424,0.015314830846819515
Bay_of_Biscay,15,1496,0.015314639875717738
Bay_of_Biscay,15,1560,0.015314639359044823
Bay_of_Biscay,16,8,0.4337662558303568
Bay_of_Biscay,16,16,0.27017929567070736
Bay_of_Biscay,16,24,0.20800405298209368
Bay_of_Biscay,16,32,0.20800405298209368
Bay_of_Biscay,16,40,0.13106100150687494
Bay_of_Biscay,16,48,0.13106100150687494
Bay_of_Biscay,16,56,0.13106100150687494
Bay_of_Biscay,16,64,0.13106100150687494
Bay_of_Biscay,16,72,0.13106100150687494
Bay_of_Biscay,16,80,0.13106100150687494
Bay_of_Biscay,16,88,0.13106100150687494
Bay_of_Biscay,16,96,0.13106100150687494
Bay_of_Biscay,16,104,0.13106100150687494
Bay_of_Biscay,16,112,0.13106100150687494
Bay_of_Biscay,16,120,0.13106100150687494
Bay_of_Biscay,16,128,0.13106100150687494
Bay_of_Biscay,16,136,0.13106100150687494
Bay_of_Biscay,16,144,0.13106100150687494
Bay_of_Biscay,16,152,0.13106100150687494
Bay_of_Biscay,16,160,0.13106100150687494
Bay_of_Biscay,16,168,0.13106100150687494
Bay_of_Biscay,16,176,0.13106100150687494
Bay_of_Biscay,16,184,0.13106100150687494
Bay_of_Biscay,16,192,0.12971382118738936
Bay_of_Biscay,16,200,0.12971382118738936
Bay_of_Biscay,16,216,0.12971382118738936
Bay_of_Biscay,16,224,0.12971382118738936
Bay_of_Biscay,16,232,0.1254299409874321
Bay_of_Biscay,16,248,0.11088626605741347
Bay_of_Biscay,16,264,0.11088626605741347
Bay_of_Biscay,16,272,0.11088626605741347
Bay_of_Biscay,16,288,0.11088626605741347
Bay_of_Biscay,16,304,0.11088626605741347
Bay_of_Biscay,16,320,0.11088626605741347
Bay_of_Biscay,16,336,0.10743653611267358
Bay_of_Biscay,16,352,0.10743653611267358
Bay_of_Biscay,16,368,0.0982183008871452
Bay_of_Biscay,16,384,0.09292537547931527
Bay_of_Biscay,16,408,0.09292537547931527
Bay_of_Biscay,16,424,0.09292537547931527
Bay_of_Biscay,16,448,0.09066479922572675
Bay_of_Biscay,16,472,0.09066479922572675
Bay_of_Biscay,16,488,0.08869357048841263
Bay_of_Biscay,16,520,0.0839931504377303
Bay_of_Biscay,16,544,0.08265359854500552
Bay_of_Biscay,16,568,0.08060654133959577
Bay_of_Biscay,16,600,0.07670358558202435
Bay_of_Biscay,16,632,0.06683463628827753
Bay_of_Biscay,16,664,0.06683463628827753
Bay_of_Biscay,16,696,0.06683463628827753
Bay_of_Biscay,16,728,0.06659634150063568
Bay_of_Biscay,16,768,0.06081583197827017
Bay_of_Biscay,16,800,0.06081583197827017
Bay_of_Biscay,16,840,0.0546250482800502
Bay_of_Biscay,16,888,0.050981077650677546
Bay_of_Biscay,16,928,0.048503155835193566
Bay_of_Biscay,16,976,0.04275920272264377
Bay_of_Biscay,16,1024,0.03566232703094708
Bay_of_Biscay,16,1080,0.030636767406053457
Bay_of_Biscay,16,1128,0.02310251415626223
Bay_of_Biscay,16,1192,0.020567172313661806
Bay_of_Biscay,16,1248,0.017138044216094453
Bay_of_Biscay,16,1312,0.014748952919261675
Bay_of_Biscay,16,1376,0.014158944312167734
Bay_of_Biscay,16,1448,0.013253014510760375
Bay_of_Biscay,16,1520,0.012530038772696948
Bay_of_Biscay,16,1592,0.011592601951783932
Bay_of_Biscay,16,1672,0.0093517714542593
Bay_of_Biscay,16,1760,0.004917301060329987
Bay_of_Biscay,16,1848,0.004348071699321814
Bay_of_Biscay,16,1944,0.0035562310315459347
Bay_of_Biscay,16,2040,0.003279016521285656
Bay_of_Biscay,16,2144,0.0032137248364406327
Bay_of_Biscay,16,2248,0.0023609809960620015
Bay_of_Biscay,16,2360,0.001469262847548263
Bay_of_Biscay,16,2480,0.0012308090352978415
Bay_of_Biscay,16,2608,0.0011375496672220249
Bay_of_Biscay,16,2736,0.0011356661618960665
Bay_of_Biscay,17,8,0.603548239560363
Bay_of_Biscay,17,16,0.367498213116229
Bay_of_Biscay,17,24,0.367498213116229
Bay_of_Biscay,17,32,0.367498213116229
Bay_of_Biscay,17,40,0.367498213116229
Bay_of_Biscay,17,48,0.367498213116229
Bay_of_Biscay,17,56,0.23047856830003263
Bay_of_Biscay,17,64,0.23047856830003263
Bay_of_Biscay,17,72,0.23047856830003263
Bay_of_Biscay,17,80,0.18379834052801414
Bay_of_Biscay,17,88,0.09322820638707305
Bay_of_Biscay,17,96,0.09322820638707305
Bay_of_Biscay,17,104,0.09322820638707305
Bay_of_Biscay,17,112,0.09322820638707305
Bay_of_Biscay,17,120,0.09322820638707305
Bay_of_Biscay,17,128,0.09322820638707305
Bay_of_Biscay,17,136,0.09322820638707305
Bay_of_Biscay,17,144,0.09322820638707305
Bay_of_Biscay,17,152,0.09322820638707305
Bay_of_Biscay,17,160,0.09322820638707305
Bay_of_Biscay,17,168,0.09322820638707305
Bay_of_Biscay,17,176,0.09322820638707305
Bay_of_Biscay,17,184,0.09322820638707305
Bay_of_Biscay,17,192,0.09322820638707305
Bay_of_Biscay,17,200,0.09322820638707305
Bay_of_Biscay,17,208,0.09322820638707305
Bay_of_Biscay,17,224,0.09322820638707305
Bay_of_Biscay,17,232,0.09322820638707305
Bay_of_Biscay,17,240,0.09322820638707305
Bay_of_Biscay,17,256,0.09322820638707305
Bay_of_Biscay,17,264,0.09322820638707305
Bay_of_Biscay,17,280,0.09322820638707305
Bay_of_Biscay,17,296,0.09322820638707305
Bay_of_Biscay,17,304,0.09322820638707305
Bay_of_Biscay,17,320,0.09322820638707305
Bay_of_Biscay,17,336,0.09322820638707305
Bay_of_Biscay,17,352,0.09322820638707305
Bay_of_Biscay,17,368,0.09322820638707305
Bay_of_Biscay,17,392,0.09322820638707305
Bay_of_Biscay,17,408,0.09322820638707305
Bay_of_Biscay,17,432,0.09322820638707305
Bay_of_Biscay,17,448,0.09322820638707305
Bay_of_Biscay,17,472,0.07437960351773656
Bay_of_Biscay,17,496,0.07437960351773656
Bay_of_Biscay,17,520,0.07437960351773656
Bay_of_Biscay,17,544,0.07437960351773656
Bay_of_Biscay,17,568,0.07437960351773656
Bay_of_Biscay,17,600,0.07437960351773656
Bay_of_Biscay,17,624,0.06646681253906725
Bay_of_Biscay,17,656,0.059186719223743856
Bay_of_Biscay,17,688,0.059186719223743856
Bay_of_Biscay,17,720,0.05778562460678492
Bay_of_Biscay,17,752,0.05284760676936047
Bay_of_Biscay,17,792,0.04947677978086052
Bay_of_Biscay,17,832,0.04541368469327118
Bay_of_Biscay,17,872,0.03930214568197167
Bay_of_Biscay,17,912,0.03930214568197167
Bay_of_Biscay,17,960,0.03711134216408004
Bay_of_Biscay,17,1008,0.034592754771617426
Bay_of_Biscay,17,1056,0.031073466459422248
Bay_of_Biscay,17,1104,0.025269388012262518
Bay_of_Biscay,17,1160,0.02259045356756497
Bay_of_Biscay,17,1216,0.020326982825674477
Bay_of_Biscay,17,1272,0.018541521340701667
Bay_of_Biscay,17,1336,0.01845730674635784
Bay_of_Biscay,17,1400,0.014111943984306983
Bay_of_Biscay,17,1464,0.012691570286024505
Bay_of_Biscay,17,1536,0.011199995480083758
Bay_of_Biscay,17,1616,0.010247119084980907
Bay_of_Biscay,17,1688,0.007673856136910459
Bay_of_Biscay,17,1776,0.005319645663711091
Bay_of_Biscay,17,1856,0.005319645663711091
Bay_of_Biscay,17,1952,0.005319645663711091
Bay_of_Biscay,17,2048,0.005319645663711091
Bay_of_Biscay,17,2144,0.005319645663711091
Bay_of_Biscay,17,2248,0.005319645663711091
Bay_of_Biscay,18,8,0.8048725826909283
Bay_of_Biscay,18,16,0.4914501349877964
Bay_of_Biscay,18,24,0.2556365281415872
Bay_of_Biscay,18,32,0.14211048861339273
Bay_of_Biscay,18,40,0.14211048861339273
Bay_of_Biscay,18,48,0.14211048861339273
Bay_of_Biscay,18,56,0.14211048861339273
Bay_of_Biscay,18,64,0.14211048861339273
Bay_of_Biscay,18,72,0.14211048861339273
Bay_of_Biscay,18,80,0.14211048861339273
Bay_of_Biscay,18,88,0.14211048861339273
Bay_of_Biscay,18,96,0.14211048861339273
Bay_of_Biscay,18,104,0.1361378842922822
Bay_of_Biscay,18,112,0.12717646888432016
Bay_of_Biscay,18,120,0.11911788466994438
Bay_of_Biscay,18,128,0.09054477327756419
Bay_of_Biscay,18,136,0.09054477327756419
Bay_of_Biscay,18,144,0.09054477327756419
Bay_of_Biscay,18,152,0.09054477327756419
Bay_of_Biscay,18,160,0.09054477327756419
Bay_of_Biscay,18,168,0.09054477327756419
Bay_of_Biscay,18,176,0.09054477327756419
Bay_of_Biscay,18,184,0.09054477327756419
Bay_of_Biscay,18,200,0.08296892339685095
Bay_of_Biscay,18,208,0.08296892339685095
Bay_of_Biscay,18,216,0.08296892339685095
Bay_of_Biscay,18,224,0.08296892339685095
Bay_of_Biscay,18,240,0.07218863055797431
Bay_of_Biscay,18,248,0.07218863055797431
Bay_of_Biscay,18,264,0.07218863055797431
Bay_of_Biscay,18,272,0.07218863055797431
Bay_of_Biscay,18,288,0.07218863055797431
Bay_of_Biscay,18,304,0.07018704221623971
Bay_of_Biscay,18,312,0.07018704221623971
Bay_of_Biscay,18,328,0.06863369311031008
Bay_of_Biscay,18,344,0.0593765856813565
Bay_of_Biscay,18,360,0.0593765856813565
Bay_of_Biscay,18,376,0.0593765856813565
Bay_of_Biscay,18,400,0.0587374847332297
Bay_of_Biscay,18,416,0.0587374847332297
Bay_of_Biscay,18,440,0.05402202176679288
Bay_of_Biscay,18,456,0.05402202176679288
Bay_of_Biscay,18,480,0.04233620872873725
Bay_of_Biscay,18,504,0.04233620872873725
Bay_of_Biscay,18,528,0.04233620872873725
Bay_of_Biscay,18,552,0.037375416172720784
Bay_of_Biscay,18,584,0.0342036660435392
Bay_of_Biscay,18,608,0.0342036660435392
Bay_of_Biscay,18,640,0.034123878773277425
Bay_of_Biscay,18,672,0.03143992287758395
Bay_of_Biscay,18,704,0.030413480470007602
Bay_of_Biscay,18,736,0.029552770029326797
Bay_of_Biscay,18,768,0.026142183252905325
Bay_of_Biscay,18,808,0.02531957689924402
Bay_of_Biscay,18,848,0.024092171012256938
Bay_of_Biscay,18,888,0.022245757719140277
Bay_of_Biscay,18,928,0.01926744865770549
Bay_of_Biscay,18,976,0.01601644770604698
Bay_of_Biscay,18,1024,0.01540175138575636
Bay_of_Biscay,18,1072,0.01540175138575636
Bay_of_Biscay,18,1120,0.014830374634230117
Bay_of_Biscay,18,1176,0.01446510036462553
Bay_of_Biscay,18,1232,0.014430240079969446
Bay_of_Biscay,18,1288,0.014333162765121985
Bay_of_Biscay,18,1352,0.013946346719469016
Bay_of_Biscay,18,1416,0.010013987528356727
Bay_of_Biscay,18,1488,0.006543333908703884
Bay_of_Biscay,18,1560,0.005389118007725665
Bay_of_Biscay,18,1632,0.004666156766318077
Bay_of_Biscay,18,1712,0.003721771142221188
Bay_of_Biscay,18,1792,0.0036078756396965795
Bay_of_Biscay,18,1880,0.00347982348444495
Bay_of_Biscay,18,1976,0.0034660638060875376
Bay_of_Biscay,18,2072,0.0034657676090512997
Bay_of_Biscay,18,2168,0.00346573411619115
Bay_of_Biscay,19,8,0.6310314618367586
Bay_of_Biscay,19,16,0.3209580469430855
Bay_of_Biscay,19,24,0.3209580469430855
Bay_of_Biscay,19,32,0.2465177411720684
Bay_of_Biscay,19,40,0.17498887058596843
Bay_of_Biscay,19,48,0.13031127545895338
Bay_of_Biscay,19,56,0.13031127545895338
Bay_of_Biscay,19,64,0.13031127545895338
Bay_of_Biscay,19,72,0.13031127545895338
Bay_of_Biscay,19,80,0.13031127545895338
Bay_of_Biscay,19,88,0.11025008020809744
Bay_of_Biscay,19,96,0.11025008020809744
Bay_of_Biscay,19,104,0.08621196161804176
Bay_of_Biscay,19,112,0.08621196161804176
Bay_of_Biscay,19,120,0.08621196161804176
Bay_of_Biscay,19,128,0.07264420066267077
Bay_of_Biscay,19,136,0.07264420066267077
Bay_of_Biscay,19,144,0.07264420066267077
Bay_of_Biscay,19,152,0.07264420066267077
Bay_of_Biscay,19,160,0.06692382101511338
Bay_of_Biscay,19,168,0.06692382101511338
Bay_of_Biscay,19,176,0.06692382101511338
Bay_of_Biscay,19,184,0.06692382101511338
Bay_of_Biscay,19,200,0.06692382101511338
Bay_of_Biscay,19,208,0.06692382101511338
Bay_of_Biscay,19,216,0.06692382101511338
Bay_of_Biscay,19,224,0.06692382101511338
Bay_of_Biscay,19,232,0.06692382101511338
Bay_of_Biscay,19,248,0.06692382101511338
Bay_of_Biscay,19,256,0.06692382101511338
Bay_of_Biscay,19,272,0.06692382101511338
Bay_of_Biscay,19,280,0.06692382101511338
Bay_of_Biscay,19,296,0.06512089395682231
Bay_of_Biscay,19,312,0.05959116348356781
Bay_of_Biscay,19,320,0.05959116348356781
Bay_of_Biscay,19,336,0.05649085634481013
Bay_of_Biscay,19,352,0.055484968405303245
Bay_of_Biscay,19,368,0.05117193595514545
Bay_of_Biscay,19,384,0.05117193595514545
Bay_of_Biscay,19,408,0.05070882289474925
Bay_of_Biscay,19,424,0.050162409383940544
Bay_of_Biscay,19,440,0.04993511310463067
Bay_of_Biscay,19,464,0.046714469555983094
Bay_of_Biscay,19,488,0.04468760191108183
Bay_of_Biscay,19,504,0.0427665280836924
Bay_of_Biscay,19,528,0.039233613372990216
Bay_of_Biscay,19,552,0.03639401863956169
Bay_of_Biscay,19,584,0.030224569067926223
Bay_of_Biscay,19,608,0.02960997616396237
Bay_of_Biscay,19,632,0.026924131060553236
Bay_of_Biscay,19,664,0.026818563350431795
Bay_of_Biscay,19,696,0.025589827056754992
Bay_of_Biscay,19,728,0.024158439578866212
Bay_of_Biscay,19,760,0.02254402591586949
Bay_of_Biscay,19,792,0.020971630459461026
Bay_of_Biscay,19,832,0.017820958474482958
Bay_of_Biscay,19,872,0.01668284078890001
Bay_of_Biscay,19,912,0.016441703263228635
Bay_of_Biscay,19,952,0.01623608358012282
Bay_of_Biscay,19,1000,0.015822697642584715
Bay_of_Biscay,19,1040,0.01571098142190257
Bay_of_Biscay,19,1088,0.015679729819507042
Bay_of_Biscay,19,1144,0.015546412654713335
Bay_of_Biscay,19,1192,0.01553336313932406
Bay_of_Biscay,19,1248,0.01551064689902522
Bay_of_Biscay,19,1304,0.015468240865242677
Bay_of_Biscay,19,1368,0.015340489426878236
Bay_of_Biscay,19,1432,0.015333705825620809
Bay_of_Biscay,19,1496,0.015330875286469797
Bay_of_Biscay,19,1568,0.015330875286469797
Bay_of_Biscay,19,1640,0.015330759723419123
Bay_of_Biscay,19,1712,0.015330622920092523
Bay_of_Biscay,2,8,0.19183683908660143
Bay_of_Biscay,2,16,0.19183683908660143
Bay_of_Biscay,2,24,0.19183683908660143
Bay_of_Biscay,2,32,0.12012614973279459
Bay_of_Biscay,2,40,0.12012614973279459
Bay_of_Biscay,2,48,0.12012614973279459
Bay_of_Biscay,2,56,0.12012614973279459
Bay_of_Biscay,2,64,0.12012614973279459
Bay_of_Biscay,2,72,0.12012614973279459
Bay_of_Biscay,2,80,0.12012614973279459
Bay_of_Biscay,2,88,0.12012614973279459
Bay_of_Biscay,2,96,0.12012614973279459
Bay_of_Biscay,2,104,0.12012614973279459
Bay_of_Biscay,2,112,0.12012614973279459
Bay_of_Biscay,2,120,0.12012614973279459
Bay_of_Biscay,2,128,0.12012614973279459
Bay_of_Biscay,2,136,0.12012614973279459
Bay_of_Biscay,2,144,0.12012614973279459
Bay_of_Biscay,2,152,0.12012614973279459
Bay_of_Biscay,2,160,0.12012614973279459
Bay_of_Biscay,2,168,0.12012614973279459
Bay_of_Biscay,2,184,0.12012614973279459
Bay_of_Biscay,2,192,0.12012614973279459
Bay_of_Biscay,2,200,0.12012614973279459
Bay_of_Biscay,2,208,0.12012614973279459
Bay_of_Biscay,2,216,0.12012614973279459
Bay_of_Biscay,2,232,0.12012614973279459
Bay_of_Biscay,2,240,0.12012614973279459
Bay_of_Biscay,2,256,0.12012614973279459
Bay_of_Biscay,2,272,0.11439082222083674
Bay_of_Biscay,2,280,0.11003957011665787
Bay_of_Biscay,2,296,0.09916913381694367
Bay_of_Biscay,2,312,0.09916913381694367
Bay_of_Biscay,2,328,0.08491452080037447
Bay_of_Biscay,2,344,0.08491452080037447
Bay_of_Biscay,2,360,0.08491452080037447
Bay_of_Biscay,2,376,0.06606420159758845
Bay_of_Biscay,2,400,0.06606420159758845
Bay_of_Biscay,2,416,0.06507577558359512
Bay_of_Biscay,2,440,0.06507577558359512
Bay_of_Biscay,2,464,0.06507577558359512
Bay_of_Biscay,2,488,0.06507577558359512
Bay_of_Biscay,2,512,0.06399094288879238
Bay_of_Biscay,2,536,0.06399094288879238
Bay_of_Biscay,2,560,0.06355869916320178
Bay_of_Biscay,2,592,0.054342466519882796
Bay_of_Biscay,2,624,0.05331518131760189
Bay_of_Biscay,2,656,0.05331518131760189
Bay_of_Biscay,2,688,0.05310064215347041
Bay_of_Biscay,2,720,0.051325916969776904
Bay_of_Biscay,2,760,0.04990184759644668
Bay_of_Biscay,2,792,0.04943457327398731
Bay_of_Biscay,2,840,0.04922653907907412
Bay_of_Biscay,2,880,0.047375629219753065
Bay_of_Biscay,2,920,0.04402944932022529
Bay_of_Biscay,2,968,0.039399194985625094
Bay_of_Biscay,2,1016,0.034046435255215744
Bay_of_Biscay,2,1072,0.03044207437105044
Bay_of_Biscay,2,1128,0.026970083961279055
Bay_of_Biscay,2,1184,0.023052946032392024
Bay_of_Biscay,2,1240,0.022274717170161613
Bay_of_Biscay,2,1304,0.02178492612391252
Bay_of_Biscay,2,1368,0.021446989099584805
Bay_of_Biscay,2,1440,0.019019256872340646
Bay_of_Biscay,2,1512,0.016840148185121813
Bay_of_Biscay,2,1592,0.014284773184652867
Bay_of_Biscay,2,1672,0.011278618945064427
Bay_of_Biscay,2,1760,0.00900587772734584
Bay_of_Biscay,2,1848,0.00900587772734584
Bay_of_Biscay,2,1936,0.004371867109545439
Bay_of_Biscay,2,2040,0.0037857178118922627
Bay_of_Biscay,2,2144,0.003622442390392126
Bay_of_Biscay,2,2248,0.0035760947349876915
Bay_of_Biscay,2,2360,0.003528860339616288
Bay_of_Biscay,2,2480,0.0034972274405350506
Bay_of_Biscay,2,2608,0.003471577217256906
Bay_of_Biscay,2,2744,0.0034657497589950263
Bay_of_Biscay,2,2880,0.003465733120910423
Bay_of_Biscay,3,8,0.5374975488166706
Bay_of_Biscay,3,16,0.35212403616398485
Bay_of_Biscay,3,24,0.3512627943368646
Bay_of_Biscay,3,32,0.2635499868789904
Bay_of_Biscay,3,40,0.2635499868789904
Bay_of_Biscay,3,48,0.2635499868789904
Bay_of_Biscay,3,56,0.2635499868789904
Bay_of_Biscay,3,64,0.17179594760970365
Bay_of_Biscay,3,72,0.14680444687235042
Bay_of_Biscay,3,80,0.14680444687235042
Bay_of_Biscay,3,88,0.11979283178763021
Bay_of_Biscay,3,96,0.11979283178763021
Bay_of_Biscay,3,104,0.11979283178763021
Bay_of_Biscay,3,112,0.11979283178763021
Bay_of_Biscay,3,120,0.11979283178763021
Bay_of_Biscay,3,128,0.11979283178763021
Bay_of_Biscay,3,136,0.11979283178763021
Bay_of_Biscay,3,144,0.11979283178763021
Bay_of_Biscay,3,152,0.11979283178763021
Bay_of_Biscay,3,160,0.11979283178763021
Bay_of_Biscay,3,168,0.11979283178763021
Bay_of_Biscay,3,176,0.11979283178763021
Bay_of_Biscay,3,184,0.11979283178763021
Bay_of_Biscay,3,192,0.11979283178763021
Bay_of_Biscay,3,200,0.11979283178763021
Bay_of_Biscay,3,208,0.11979283178763021
Bay_of_Biscay,3,224,0.11979283178763021
Bay_of_Biscay,3,232,0.09428568556503124
Bay_of_Biscay,3,240,0.09428568556503124
Bay_of_Biscay,3,256,0.09428568556503124
Bay_of_Biscay,3,264,0.09428568556503124
Bay_of_Biscay,3,280,0.09428568556503124
Bay_of_Biscay,3,296,0.09428568556503124
Bay_of_Biscay,3,304,0.09428568556503124
Bay_of_Biscay,3,320,0.09428568556503124
Bay_of_Biscay,3,336,0.09428568556503124
Bay_of_Biscay,3,352,0.09428568556503124
Bay_of_Biscay,3,368,0.09428568556503124
Bay_of_Biscay,3,384,0.09428568556503124
Bay_of_Biscay,3,400,0.09428568556503124
Bay_of_Biscay,3,424,0.09428568556503124
Bay_of_Biscay,3,440,0.09428568556503124
Bay_of_Biscay,3,464,0.09428568556503124
Bay_of_Biscay,3,488,0.08964231975400769
Bay_of_Biscay,3,512,0.08821482955713207
Bay_of_Biscay,3,536,0.08523166133979543
Bay_of_Biscay,3,560,0.07954542719139372
Bay_of_Biscay,3,584,0.07954542719139372
Bay_of_Biscay,3,608,0.07437862932502069
Bay_of_Biscay,3,640,0.07315364808982135
Bay_of_Biscay,3,672,0.06300111423547795
Bay_of_Biscay,3,704,0.06214257741997241
Bay_of_Biscay,3,736,0.052109957630702454
Bay_of_Biscay,3,768,0.04554346059638446
Bay_of_Biscay,3,808,0.04225141463365505
Bay_of_Biscay,3,840,0.04046539116093418
Bay_of_Biscay,3,880,0.036738831923182835
Bay_of_Biscay,3,928,0.034049730283766684
Bay_of_Biscay,3,968,0.03023686674241456
Bay_of_Biscay,3,1016,0.028763515726113683
Bay_of_Biscay,3,1064,0.024955501451965848
Bay_of_Biscay,3,1112,0.02281562032625449
Bay_of_Biscay,3,1168,0.017865606749160667
Bay_of_Biscay,3,1224,0.01380109620561574
Bay_of_Biscay,3,1280,0.010100070526366084
Bay_of_Biscay,3,1336,0.010100070526366084
Bay_of_Biscay,3,1400,0.00954775547098479
Bay_of_Biscay,3,1464,0.00954775547098479
Bay_of_Biscay,3,1536,0.00952863825548612
Bay_of_Biscay,3,1608,0.00952863825548612
Bay_of_Biscay,3,1688,0.00952863825548612
Bay_of_Biscay,3,1768,0.00952863825548612
Bay_of_Biscay,3,1848,0.00952863825548612
Bay_of_Biscay,3,1936,0.00952863825548612
Bay_of_Biscay,4,8,0.5171912270285713
Bay_of_Biscay,4,16,0.5171912270285713
Bay_of_Biscay,4,24,0.5171912270285713
Bay_of_Biscay,4,32,0.5171912270285713
Bay_of_Biscay,4,40,0.4676884158131951
Bay_of_Biscay,4,48,0.4676884158131951
Bay_of_Biscay,4,56,0.15450765898656546
Bay_of_Biscay,4,64,0.15450765898656546
Bay_of_Biscay,4,72,0.15450765898656546
Bay_of_Biscay,4,80,0.13044831121781247
Bay_of_Biscay,4,88,0.13044831121781247
Bay_of_Biscay,4,96,0.13044831121781247
Bay_of_Biscay,4,104,0.13044831121781247
Bay_of_Biscay,4,112,0.13044831121781247
Bay_of_Biscay,4,120,0.13044831121781247
Bay_of_Biscay,4,128,0.13044831121781247
Bay_of_Biscay,4,136,0.1247529011500641
Bay_of_Biscay,4,144,0.1247529011500641
Bay_of_Biscay,4,152,0.1247529011500641
Bay_of_Biscay,4,160,0.1247529011500641
Bay_of_Biscay,4,168,0.1247529011500641
Bay_of_Biscay,4,176,0.1247529011500641
Bay_of_Biscay,4,184,0.1247529011500641
Bay_of_Biscay,4,192,0.1247529011500641
Bay_of_Biscay,4,208,0.12473993093501888
Bay_of_Biscay,4,216,0.12473993093501888
Bay_of_Biscay,4,224,0.11042915172137133
Bay_of_Biscay,4,232,0.09613010434641593
Bay_of_Biscay,4,248,0.09613010434641593
Bay_of_Biscay,4,256,0.08797571157569563
Bay_of_Biscay,4,272,0.08797571157569563
Bay_of_Biscay,4,280,0.08797571157569563
Bay_of_Biscay,4,296,0.08756573206881715
Bay_of_Biscay,4,304,0.08756573206881715
Bay_of_Biscay,4,320,0.0851630838564713
Bay_of_Biscay,4,336,0.07768350445524602
Bay_of_Biscay,4,352,0.07575400360426379
Bay_of_Biscay,4,368,0.06879191194316174
Bay_of_Biscay,4,384,0.05514324124147068
Bay_of_Biscay,4,408,0.05514324124147068
Bay_of_Biscay,4,424,0.05514324124147068
Bay_of_Biscay,4,440,0.05514324124147068
Bay_of_Biscay,4,464,0.05514324124147068
Bay_of_Biscay,4,488,0.05514324124147068
Bay_of_Biscay,4,512,0.05514324124147068
Bay_of_Biscay,4,536,0.05514324124147068
Bay_of_Biscay,4,560,0.05421944563858138
Bay_of_Biscay,4,584,0.05087239666765201
Bay_of_Biscay,4,608,0.05087239666765201
Bay_of_Biscay,4,640,0.04491257099872861
Bay_of_Biscay,4,672,0.04047379749056784
Bay_of_Biscay,4,696,0.03862464669704079
Bay_of_Biscay,4,736,0.035119293717499195
Bay_of_Biscay,4,768,0.03347972915478658
Bay_of_Biscay,4,800,0.03253987489274444
Bay_of_Biscay,4,840,0.02866291693223789
Bay_of_Biscay,4,880,0.02656922902134626
Bay_of_Biscay,4,920,0.023818044065130745
Bay_of_Biscay,4,960,0.01756823686702643
Bay_of_Biscay,4,1008,0.016993712360695613
Bay_of_Biscay,4,1056,0.013576281550516458
Bay_of_Biscay,4,1104,0.011082386532116508
Bay_of_Biscay,4,1152,0.009675259365158366
Bay_of_Biscay,4,1208,0.00913716094815916
Bay_of_Biscay,4,1264,0.006783095507539775
Bay_of_Biscay,4,1328,0.004500919754004963
Bay_of_Biscay,4,1384,0.004477690733990691
Bay_of_Biscay,4,1448,0.004000378246459955
Bay_of_Biscay,4,1520,0.003857334884672937
Bay_of_Biscay,4,1592,0.0035431449061797144
Bay_of_Biscay,4,1664,0.003469872582483372
Bay_of_Biscay,4,1744,0.003465854795353194
Bay_of_Biscay,4,1824,0.0034657487905278687
Bay_of_Biscay,5,8,0.46941073525345495
Bay_of_Biscay,5,16,0.2896149822797653
Bay_of_Biscay,5,24,0.2205655452867392
Bay_of_Biscay,5,32,0.2205655452867392
Bay_of_Biscay,5,40,0.18304152658276815
Bay_of_Biscay,5,48,0.18304152658276815
Bay_of_Biscay,5,56,0.1580196718221546
Bay_of_Biscay,5,64,0.1580196718221546
Bay_of_Biscay,5,72,0.1580196718221546
Bay_of_Biscay,5,80,0.1298255973241027
Bay_of_Biscay,5,88,0.1298255973241027
Bay_of_Biscay,5,96,0.1298255973241027
Bay_of_Biscay,5,104,0.1298255973241027
Bay_of_Biscay,5,112,0.1298255973241027
Bay_of_Biscay,5,120,0.1298255973241027
Bay_of_Biscay,5,128,0.1298255973241027
Bay_of_Biscay,5,136,0.1298255973241027
Bay_of_Biscay,5,144,0.1298255973241027
Bay_of_Biscay,5,152,0.1298255973241027
Bay_of_Biscay,5,160,0.1298255973241027
Bay_of_Biscay,5,168,0.1298255973241027
Bay_of_Biscay,5,176,0.1298255973241027
Bay_of_Biscay,5,184,0.1298255973241027
Bay_of_Biscay,5,192,0.1298255973241027
Bay_of_Biscay,5,200,0.1298255973241027
Bay_of_Biscay,5,208,0.1298255973241027
Bay_of_Biscay,5,224,0.1298255973241027
Bay_of_Biscay,5,232,0.1298255973241027
Bay_of_Biscay,5,248,0.11856483550341564
Bay_of_Biscay,5,256,0.11856483550341564
Bay_of_Biscay,5,272,0.11330468481461474
Bay_of_Biscay,5,280,0.11330468481461474
Bay_of_Biscay,5,296,0.11330468481461474
Bay_of_Biscay,5,312,0.11330468481461474
Bay_of_Biscay,5,328,0.11330468481461474
Bay_of_Biscay,5,344,0.1128284916285639
Bay_of_Biscay,5,360,0.11070892687090621
Bay_of_Biscay,5,376,0.10760255811258819
Bay_of_Biscay,5,400,0.10760255811258819
Bay_of_Biscay,5,416,0.10193770019497027
Bay_of_Biscay,5,440,0.09902717744226215
Bay_of_Biscay,5,464,0.09765488590013491
Bay_of_Biscay,5,480,0.09492240035307799
Bay_of_Biscay,5,504,0.08885586678675218
Bay_of_Biscay,5,536,0.07931539197530786
Bay_of_Biscay,5,560,0.07699126126800818
Bay_of_Biscay,5,592,0.07699126126800818
Bay_of_Biscay,5,616,0.07228618858507531
Bay_of_Biscay,5,648,0.06917149500913004
Bay_of_Biscay,5,680,0.068713004248251
Bay_of_Biscay,5,712,0.06438607336467485
Bay_of_Biscay,5,752,0.06045768975677645
Bay_of_Biscay,5,792,0.059436504213264456
Bay_of_Biscay,5,824,0.048030284866672684
Bay_of_Biscay,5,872,0.044412550374438184
Bay_of_Biscay,5,912,0.03780090499182509
Bay_of_Biscay,5,960,0.03299879702991996
Bay_of_Biscay,5,1008,0.030236382816808106
Bay_of_Biscay,5,1056,0.028636622456859925
Bay_of_Biscay,5,1112,0.02619921137321617
Bay_of_Biscay,5,1168,0.021895968670374903
Bay_of_Biscay,5,1224,0.01871481383446042
Bay_of_Biscay,5,1288,0.01655356040052292
Bay_of_Biscay,5,1352,0.015752608086639936
Bay_of_Biscay,5,1416,0.01563734060627695
Bay_of_Biscay,5,1488,0.015472500151426068
Bay_of_Biscay,5,1560,0.01512597594570954
Bay_of_Biscay,5,1640,0.014871974646574719
Bay_of_Biscay,5,1720,0.01455174364060954
Bay_of_Biscay,5,1808,0.013182306921375347
Bay_of_Biscay,5,1896,0.005554611700821987
Bay_of_Biscay,5,1992,0.004276209883367688
Bay_of_Biscay,5,2096,0.0031890301526642487
Bay_of_Biscay,5,2200,0.0014478248497551494
Bay_of_Biscay,5,2304,0.0008704584532067371
Bay_of_Biscay,5,2424,0.0005690039069478391
Bay_of_Biscay,5,2544,0.00010249019891054625
Bay_of_Biscay,5,2672,1.4289381336911895e-05
Bay_of_Biscay,6,8,0.5065137080385463
Bay_of_Biscay,6,16,0.13413885257980904
Bay_of_Biscay,6,24,0.13413885257980904
Bay_of_Biscay,6,32,0.13413885257980904
Bay_of_Biscay,6,40,0.13413885257980904
Bay_of_Biscay,6,48,0.13413885257980904
Bay_of_Biscay,6,56,0.13413885257980904
Bay_of_Biscay,6,64,0.13413885257980904
Bay_of_Biscay,6,72,0.13413885257980904
Bay_of_Biscay,6,80,0.13413885257980904
Bay_of_Biscay,6,88,0.13413885257980904
Bay_of_Biscay,6,96,0.13413885257980904
Bay_of_Biscay,6,104,0.13413320769716397
Bay_of_Biscay,6,112,0.13413320769716397
Bay_of_Biscay,6,120,0.13413320769716397
Bay_of_Biscay,6,128,0.13413320769716397
Bay_of_Biscay,6,136,0.13363502505449762
Bay_of_Biscay,6,144,0.13363502505449762
Bay_of_Biscay,6,152,0.13363502505449762
Bay_of_Biscay,6,160,0.12908028595813775
Bay_of_Biscay,6,168,0.12908028595813775
Bay_of_Biscay,6,176,0.12908028595813775
Bay_of_Biscay,6,184,0.12908028595813775
Bay_of_Biscay,6,192,0.12908028595813775
Bay_of_Biscay,6,200,0.12908028595813775
Bay_of_Biscay,6,216,0.12908028595813775
Bay_of_Biscay,6,224,0.12908028595813775
Bay_of_Biscay,6,240,0.12908028595813775
Bay_of_Biscay,6,248,0.12908028595813775
Bay_of_Biscay,6,264,0.1277230763258896
Bay_of_Biscay,6,280,0.11746475444405538
Bay_of_Biscay,6,288,0.11746475444405538
Bay_of_Biscay,6,304,0.11605799473964933
Bay_of_Biscay,6,320,0.11150012705595776
Bay_of_Biscay,6,336,0.10886206252277583
Bay_of_Biscay,6,360,0.10422098363350234
Bay_of_Biscay,6,376,0.09659327054753056
Bay_of_Biscay,6,400,0.0965559246097135
Bay_of_Biscay,6,416,0.09655586384998131
Bay_of_Biscay,6,440,0.09527853829847015
Bay_of_Biscay,6,464,0.09527853829847015
Bay_of_Biscay,6,488,0.09527853829847015
Bay_of_Biscay,6,512,0.09527853829847015
Bay_of_Biscay,6,536,0.09112360898149698
Bay_of_Biscay,6,568,0.08631799249745535
Bay_of_Biscay,6,600,0.07602377482907582
Bay_of_Biscay,6,632,0.07364799995448705
Bay_of_Biscay,6,664,0.06898252170443944
Bay_of_Biscay,6,696,0.0674486893343341
Bay_of_Biscay,6,736,0.06397858733685975
Bay_of_Biscay,6,776,0.06052363185711908
Bay_of_Biscay,6,816,0.058451220005140775
Bay_of_Biscay,6,856,0.0534078960342811
Bay_of_Biscay,6,904,0.0492527291543252
Bay_of_Biscay,6,952,0.04326607347520874
Bay_of_Biscay,6,1000,0.04133076590624489
Bay_of_Biscay,6,1048,0.03846414564265953
Bay_of_Biscay,6,1104,0.03522162139782907
Bay_of_Biscay,6,1168,0.03195959595888903
Bay_of_Biscay,6,1224,0.030913574388918712
Bay_of_Biscay,6,1288,0.02584490391981411
Bay_of_Biscay,6,1360,0.020393823857181147
Bay_of_Biscay,6,1432,0.012905829796712795
Bay_of_Biscay,6,1504,0.011154704185225978
Bay_of_Biscay,6,1584,0.010448961564090708
Bay_of_Biscay,6,1672,0.009829999133992896
Bay_of_Biscay,6,1760,0.009688745472220218
Bay_of_Biscay,6,1848,0.009594432149768394
Bay_of_Biscay,6,1952,0.009594432149768394
Bay_of_Biscay,6,2048,0.009386467604329245
Bay_of_Biscay,6,2160,0.009386467604329245
Bay_of_Biscay,6,2272,0.009029908661884418
Bay_of_Biscay,6,2392,0.009029908661884418
Bay_of_Biscay,6,2520,0.009029908661884418
Bay_of_Biscay,6,2648,0.009029463737999507
Bay_of_Biscay,6,2792,0.009028110408992481
Bay_of_Biscay,6,2936,0.009010938299293624
Bay_of_Biscay,6,3096,0.009005791140368476
Bay_of_Biscay,6,3256,0.009005448244016025
Bay_of_Biscay,6,3424,0.00900457165681661
Bay_of_Biscay,6,3608,0.009004551060626509
Bay_of_Biscay,7,8,0.7653368734749719
Bay_of_Biscay,7,16,0.6922437062324389
Bay_of_Biscay,7,24,0.5283803052327779
Bay_of_Biscay,7,32,0.5283803052327779
Bay_of_Biscay,7,40,0.5283803052327779
Bay_of_Biscay,7,48,0.5283803052327779
Bay_of_Biscay,7,56,0.2210444800028027
Bay_of_Biscay,7,64,0.2210444800028027
Bay_of_Biscay,7,72,0.2210444800028027
Bay_of_Biscay,7,80,0.2210444800028027
Bay_of_Biscay,7,88,0.17547003294159047
Bay_of_Biscay,7,96,0.17547003294159047
Bay_of_Biscay,7,104,0.17547003294159047
Bay_of_Biscay,7,112,0.15706977604798386
Bay_of_Biscay,7,120,0.15706977604798386
Bay_of_Biscay,7,128,0.15706977604798386
Bay_of_Biscay,7,136,0.15706977604798386
Bay_of_Biscay,7,144,0.15706977604798386
Bay_of_Biscay,7,152,0.13960057386618405
Bay_of_Biscay,7,160,0.13960057386618405
Bay_of_Biscay,7,168,0.13960057386618405
Bay_of_Biscay,7,176,0.13960057386618405
Bay_of_Biscay,7,184,0.13960057386618405
Bay_of_Biscay,7,192,0.13960057386618405
Bay_of_Biscay,7,208,0.13960057386618405
Bay_of_Biscay,7,216,0.13960057386618405
Bay_of_Biscay,7,224,0.13960057386618405
Bay_of_Biscay,7,240,0.13960057386618405
Bay_of_Biscay,7,248,0.13960057386618405
Bay_of_Biscay,7,264,0.13105480191523536
Bay_of_Biscay,7,272,0.13105480191523536
Bay_of_Biscay,7,288,0.13105480191523536
Bay_of_Biscay,7,304,0.13105480191523536
Bay_of_Biscay,7,312,0.13105480191523536
Bay_of_Biscay,7,328,0.11909250444727217
Bay_of_Biscay,7,344,0.11163033744322232
Bay_of_Biscay,7,368,0.10863965034453646
Bay_of_Biscay,7,384,0.09607800956350489
Bay_of_Biscay,7,400,0.09086828258658736
Bay_of_Biscay,7,424,0.09086828258658736
Bay_of_Biscay,7,440,0.0896824473802216
Bay_of_Biscay,7,464,0.08637867360860199
Bay_of_Biscay,7,488,0.0793657886965387
Bay_of_Biscay,7,512,0.07290262521315186
Bay_of_Biscay,7,536,0.06615547965571736
Bay_of_Biscay,7,560,0.06400005605046898
Bay_of_Biscay,7,584,0.06018719972054888
Bay_of_Biscay,7,616,0.057607056915790475
Bay_of_Biscay,7,648,0.05218845972436268
Bay_of_Biscay,7,680,0.051782273651493876
Bay_of_Biscay,7,712,0.049199281203825586
Bay_of_Biscay,7,744,0.04716054042302256
Bay_of_Biscay,7,784,0.04164759603084305
Bay_of_Biscay,7,824,0.03788424171568577
Bay_of_Biscay,7,864,0.03788424171568577
Bay_of_Biscay,7,904,0.03433165001921387
Bay_of_Biscay,7,944,0.03299183536141059
Bay_of_Biscay,7,992,0.030288413056518377
Bay_of_Biscay,7,1040,0.028625388700625448
Bay_of_Biscay,7,1096,0.023426661794007157
Bay_of_Biscay,7,1144,0.01923045877859071
Bay_of_Biscay,7,1200,0.01874423005192642
Bay_of_Biscay,7,1264,0.01743584912872458
Bay_of_Biscay,7,1320,0.016717055534524666
Bay_of_Biscay,7,1384,0.015741567801798
Bay_of_Biscay,7,1456,0.013873925357632018
Bay_of_Biscay,7,1528,0.009707342020837367
Bay_of_Biscay,7,1600,0.006258186312335388
Bay_of_Biscay,7,1680,0.005419828756256687
Bay_of_Biscay,7,1760,0.0031595709885690283
Bay_of_Biscay,7,1848,0.002323508525346728
Bay_of_Biscay,7,1936,0.0010877854201288139
Bay_of_Biscay,7,2032,0.0005564892175062657
Bay_of_Biscay,7,2128,0.00028061424250038023
Bay_of_Biscay,7,2232,9.357271349986676e-05
Bay_of_Biscay,7,2344,1.9055547118218287e-05
Bay_of_Biscay,8,8,0.784324745544283
Bay_of_Biscay,8,16,0.20591868339165928
Bay_of_Biscay,8,24,0.16925272096634486
Bay_of_Biscay,8,32,0.16925272096634486
Bay_of_Biscay,8,40,0.16925272096634486
Bay_of_Biscay,8,48,0.16925272096634486
Bay_of_Biscay,8,56,0.1575944474918124
Bay_of_Biscay,8,64,0.1575944474918124
Bay_of_Biscay,8,72,0.1575944474918124
Bay_of_Biscay,8,80,0.1575944474918124
Bay_of_Biscay,8,88,0.1575944474918124
Bay_of_Biscay,8,96,0.1575944474918124
Bay_of_Biscay,8,104,0.14882093046684766
Bay_of_Biscay,8,112,0.1183760290467818
Bay_of_Biscay,8,120,0.1183760290467818
Bay_of_Biscay,8,128,0.1183760290467818
Bay_of_Biscay,8,136,0.1183760290467818
Bay_of_Biscay,8,144,0.08148667196617286
Bay_of_Biscay,8,152,0.08148667196617286
Bay_of_Biscay,8,160,0.08148667196617286
Bay_of_Biscay,8,168,0.08148667196617286
Bay_of_Biscay,8,176,0.08148667196617286
Bay_of_Biscay,8,184,0.08148667196617286
Bay_of_Biscay,8,192,0.07733796282496593
Bay_of_Biscay,8,200,0.07733796282496593
Bay_of_Biscay,8,208,0.07733796282496593
Bay_of_Biscay,8,216,0.07733796282496593
Bay_of_Biscay,8,224,0.06422384221274817
Bay_of_Biscay,8,240,0.044654847012427765
Bay_of_Biscay,8,248,0.044654847012427765
Bay_of_Biscay,8,256,0.044654847012427765
Bay_of_Biscay,8,272,0.044654847012427765
Bay_of_Biscay,8,280,0.044654847012427765
Bay_of_Biscay,8,296,0.044654847012427765
Bay_of_Biscay,8,312,0.044654847012427765
Bay_of_Biscay,8,320,0.044654847012427765
Bay_of_Biscay,8,336,0.044654847012427765
Bay_of_Biscay,8,352,0.044654847012427765
Bay_of_Biscay,8,368,0.044654847012427765
Bay_of_Biscay,8,384,0.04411489442845509
Bay_of_Biscay,8,400,0.04171044601709754
Bay_of_Biscay,8,424,0.039380245676163876
Bay_of_Biscay,8,440,0.03902607797912213
Bay_of_Biscay,8,464,0.038179823619174214
Bay_of_Biscay,8,480,0.036564195445224004
Bay_of_Biscay,8,504,0.034700443321064
Bay_of_Biscay,8,528,0.0317118129121226
Bay_of_Biscay,8,552,0.029273799317966982
Bay_of_Biscay,8,576,0.02543469741686746
Bay_of_Biscay,8,600,0.022869977287945677
Bay_of_Biscay,8,624,0.020137430777428605
Bay_of_Biscay,8,656,0.017216207473909062
Bay_of_Biscay,8,688,0.017216207473909062
Bay_of_Biscay,8,712,0.016937983249817386
Bay_of_Biscay,8,744,0.01484610291460994
Bay_of_Biscay,8,784,0.012995969444010482
Bay_of_Biscay,8,816,0.011685698022027893
Bay_of_Biscay,8,856,0.010778219693889386
Bay_of_Biscay,8,888,0.009970845428090215
Bay_of_Biscay,8,928,0.006409017778360186
Bay_of_Biscay,8,976,0.006409017778360186
Bay_of_Biscay,8,1016,0.006409017778360186
Bay_of_Biscay,8,1064,0.006409017778360186
Bay_of_Biscay,8,1112,0.006409017778360186
Bay_of_Biscay,8,1160,0.006409017778360186
Bay_of_Biscay,8,1216,0.006409017778360186
Bay_of_Biscay,8,1264,0.006409017778360186
Bay_of_Biscay,8,1328,0.006409017778360186
Bay_of_Biscay,8,1384,0.006409017778360186
Bay_of_Biscay,8,1448,0.006409017778360186
Bay_of_Biscay,8,1512,0.006409017778360186
Bay_of_Biscay,9,8,0.3440576374346593
Bay_of_Biscay,9,16,0.24898405654445127
Bay_of_Biscay,9,24,0.24798504635098778
Bay_of_Biscay,9,32,0.24798504635098778
Bay_of_Biscay,9,40,0.21539722390966423
Bay_of_Biscay,9,48,0.21539722390966423
Bay_of_Biscay,9,56,0.19053558562754017
Bay_of_Biscay,9,64,0.19053558562754017
Bay_of_Biscay,9,72,0.15273676024069058
Bay_of_Biscay,9,80,0.15273676024069058
Bay_of_Biscay,9,88,0.15273676024069058
Bay_of_Biscay,9,96,0.15273676024069058
Bay_of_Biscay,9,104,0.15273676024069058
Bay_of_Biscay,9,112,0.15273676024069058
Bay_of_Biscay,9,120,0.1495890325265773
Bay_of_Biscay,9,128,0.1495890325265773
Bay_of_Biscay,9,136,0.1495890325265773
Bay_of_Biscay,9,144,0.1495890325265773
Bay_of_Biscay,9,152,0.1495890325265773
Bay_of_Biscay,9,160,0.1495890325265773
Bay_of_Biscay,9,168,0.1436080933089736
Bay_of_Biscay,9,176,0.1436080933089736
Bay_of_Biscay,9,184,0.1436080933089736
Bay_of_Biscay,9,192,0.13828193426211094
Bay_of_Biscay,9,200,0.13690566694908549
Bay_of_Biscay,9,208,0.13196133250446107
Bay_of_Biscay,9,216,0.12743667717978366
Bay_of_Biscay,9,232,0.12743667717978366
Bay_of_Biscay,9,240,0.12743667717978366
Bay_of_Biscay,9,256,0.12743667717978366
Bay_of_Biscay,9,264,0.12743667717978366
Bay_of_Biscay,9,280,0.11960396681484242
Bay_of_Biscay,9,288,0.11960396681484242
Bay_of_Biscay,9,304,0.11960396681484242
Bay_of_Biscay,9,320,0.11628430814675023
Bay_of_Biscay,9,336,0.10336927490972463
Bay_of_Biscay,9,352,0.10336927490972463
Bay_of_Biscay,9,368,0.10139308058982553
Bay_of_Biscay,9,384,0.09274618613504663
Bay_of_Biscay,9,400,0.09163871640766132
Bay_of_Biscay,9,424,0.09163871640766132
Bay_of_Biscay,9,440,0.09097465632338929
Bay_of_Biscay,9,464,0.08434009676368934
Bay_of_Biscay,9,488,0.08269452783827504
Bay_of_Biscay,9,504,0.08005796141417344
Bay_of_Biscay,9,528,0.07690378389877807
Bay_of_Biscay,9,560,0.07432612321458647
Bay_of_Biscay,9,584,0.07432612321458647
Bay_of_Biscay,9,608,0.07341490854211268
Bay_of_Biscay,9,640,0.06721766052743919
Bay_of_Biscay,9,672,0.06293257330722218
Bay_of_Biscay,9,704,0.060141789436055644
Bay_of_Biscay,9,736,0.05076132659288971
Bay_of_Biscay,9,776,0.04638229024232509
Bay_of_Biscay,9,808,0.04638229024232509
Bay_of_Biscay,9,848,0.04362304804773939
Bay_of_Biscay,9,888,0.04149204687707835
Bay_of_Biscay,9,928,0.036634806279398004
Bay_of_Biscay,9,976,0.034353221682143935
Bay_of_Biscay,9,1024,0.026747608029462164
Bay_of_Biscay,9,1072,0.020178511126805306
Bay_of_Biscay,9,1120,0.018799553295821933
Bay_of_Biscay,9,1176,0.018329092806762405
Bay_of_Biscay,9,1232,0.01684833247372102
Bay_of_Biscay,9,1288,0.01662707313150298
Bay_of_Biscay,9,1352,0.016038572758277865
Bay_of_Biscay,9,1416,0.016038572758277865
Bay_of_Biscay,9,1480,0.01602603413790194
Bay_of_Biscay,9,1552,0.01586307039761516
Bay_of_Biscay,9,1632,0.01584483635387001
Bay_of_Biscay,9,1704,0.015804616724690076
Bay_of_Biscay,9,1784,0.01580201027031982
Bay_of_Biscay,9,1872,0.015801831160927086
Bay_of_Biscay,9,1960,0.015801266163168858
Bay_of_Biscay,9,2056,0.01580113801269369
BATS,0,8,0.3043955540040271
BATS,0,16,0.3043955540040271
BATS,0,24,0.3043955540040271
BATS,0,32,0.2322614866060418
BATS,0,40,0.2322614866060418
BATS,0,48,0.2322614866060418
BATS,0,56,0.1704218908978824
BATS,0,64,0.1704218908978824
BATS,0,72,0.15194396634510776
BATS,0,80,0.15194396634510776
BATS,0,88,0.15194396634510776
BATS,0,96,0.15194396634510776
BATS,0,104,0.141193521207597
BATS,0,112,0.141193521207597
BATS,0,120,0.141193521207597
BATS,0,128,0.141193521207597
BATS,0,136,0.141193521207597
BATS,0,144,0.141193521207597
BATS,0,152,0.141193521207597
BATS,0,160,0.141193521207597
BATS,0,168,0.141193521207597
BATS,0,176,0.141193521207597
BATS,0,192,0.141193521207597
BATS,0,200,0.141193521207597
BATS,0,208,0.141193521207597
BATS,0,216,0.13052165848632946
BATS,0,224,0.13052165848632946
BATS,0,240,0.13052165848632946
BATS,0,248,0.13052165848632946
BATS,0,264,0.10855836162012708
BATS,0,272,0.10855836162012708
BATS,0,288,0.10855836162012708
BATS,0,296,0.10855836162012708
BATS,0,312,0.10595428183707203
BATS,0,328,0.1003167594021772
BATS,0,344,0.1003167594021772
BATS,0,360,0.08858984237385696
BATS,0,376,0.08858984237385696
BATS,0,400,0.08780637502462901
BATS,0,416,0.0809127342524546
BATS,0,432,0.07989201163748086
BATS,0,456,0.07902376602143012
BATS,0,480,0.07559369338261909
BATS,0,504,0.07493200512402519
BATS,0,520,0.07275012261963652
BATS,0,552,0.067992736853338
BATS,0,576,0.056911922646204885
BATS,0,600,0.056911922646204885
BATS,0,632,0.049302703344851
BATS,0,664,0.04451113484599608
BATS,0,696,0.03792564598301179
BATS,0,728,0.03636261648586342
BATS,0,760,0.032925112680643416
BATS,0,792,0.029166135011859107
BATS,0,832,0.026137204090171867
BATS,0,872,0.02551934168692839
BATS,0,912,0.02405532170653127
BATS,0,960,0.022379846086520733
BATS,0,1008,0.02069548941663625
BATS,0,1048,0.016784718866513747
BATS,0,1104,0.01527565609177692
BATS,0,1152,0.013280797715474687
BATS,0,1208,0.013280797715474687
BATS,0,1264,0.008746224755884234
BATS,0,1328,0.00609701284258624
BATS,0,1392,0.0035151968909645868
BATS,0,1456,0.0032224633034099942
BATS,0,1528,0.0012865259846115361
BATS,0,1600,0.0012865259846115361
BATS,0,1672,0.0007725019916815348
BATS,0,1752,0.0005493982017310486
BATS,0,1840,9.439569020613462e-05
BATS,0,1928,3.1279821666502256e-05
BATS,0,2016,1.0129400255147743e-05
BATS,1,8,0.3203270310527472
BATS,1,16,0.19219296483790563
BATS,1,24,0.19219296483790563
BATS,1,32,0.19219296483790563
BATS,1,40,0.19219296483790563
BATS,1,48,0.17203351153142776
BATS,1,56,0.15191599467664046
BATS,1,64,0.15191599467664046
BATS,1,72,0.15191599467664046
BATS,1,80,0.15191599467664046
BATS,1,88,0.15191599467664046
BATS,1,96,0.15191599467664046
BATS,1,104,0.15191599467664046
BATS,1,112,0.15191599467664046
BATS,1,120,0.15103532189203364
BATS,1,128,0.15103532189203364
BATS,1,136,0.15103532189203364
BATS,1,144,0.14550230750757287
BATS,1,152,0.1415356022102886
BATS,1,160,0.1415356022102886
BATS,1,168,0.1415356022102886
BATS,1,176,0.1415356022102886
BATS,1,184,0.1415356022102886
BATS,1,192,0.1415356022102886
BATS,1,200,0.1415356022102886
BATS,1,208,0.1415356022102886
BATS,1,224,0.14103550441443916
BATS,1,232,0.14060374815909962
BATS,1,240,0.14060374815909962
BATS,1,256,0.14060374815909962
BATS,1,264,0.14060374815909962
BATS,1,280,0.1363963413501253
BATS,1,296,0.1363963413501253
BATS,1,304,0.1363963413501253
BATS,1,320,0.1363963413501253
BATS,1,336,0.1363963413501253
BATS,1,352,0.1363963413501253
BATS,1,368,0.1363963413501253
BATS,1,392,0.1345098868405771
BATS,1,408,0.1327691443898254
BATS,1,432,0.12737735154300805
BATS,1,448,0.12120790306039467
BATS,1,472,0.11294645066085054
BATS,1,496,0.11294645066085054
BATS,1,520,0.11294645066085054
BATS,1,544,0.10092267952532388
BATS,1,568,0.09644270968376965
BATS,1,600,0.09644270968376965
BATS,1,624,0.08810951890848924
BATS,1,656,0.08549305547250413
BATS,1,688,0.07757616948730156
BATS,1,720,0.07524962337148618
BATS,1,752,0.07425078011427796
BATS,1,792,0.0696616846009886
BATS,1,832,0.06264534575446216
BATS,1,872,0.06264534575446216
BATS,1,912,0.0617458600196369
BATS,1,960,0.056192241480456095
BATS,1,1008,0.046582639223738655
BATS,1,1056,0.046582639223738655
BATS,1,1104,0.03947053147494801
BATS,1,1160,0.034924415837406644
BATS,1,1216,0.029167626858265627
BATS,1,1272,0.02267734917461166
BATS,1,1336,0.017768734713234566
BATS,1,1400,0.017473723577895853
BATS,1,1464,0.017473723577895853
BATS,1,1536,0.015131234736393051
BATS,1,1616,0.013510392714266786
BATS,1,1688,0.010025189594144479
BATS,1,1776,0.007021682292348981
BATS,1,1856,0.0029830494385250884
BATS,1,1952,0.0009652044316253529
BATS,1,2048,0.0003331825690608577
BATS,1,2144,8.961602764910258e-05
BATS,1,2248,6.322821457044004e-06
BATS,10,8,0.23148229446367782
BATS,10,16,0.23148229446367782
BATS,10,24,0.2218740758510136
BATS,10,32,0.10508671093570855
BATS,10,40,0.10508671093570855
BATS,10,48,0.10508671093570855
BATS,10,56,0.10508671093570855
BATS,10,64,0.10508671093570855
BATS,10,72,0.10508671093570855
BATS,10,80,0.10508671093570855
BATS,10,88,0.10508671093570855
BATS,10,96,0.10508671093570855
BATS,10,104,0.10508671093570855
BATS,10,112,0.10508671093570855
BATS,10,120,0.10508671093570855
BATS,10,128,0.10508671093570855
BATS,10,136,0.10508671093570855
BATS,10,144,0.10508671093570855
BATS,10,152,0.10508671093570855
BATS,10,160,0.10508671093570855
BATS,10,168,0.10508671093570855
BATS,10,176,0.10508671093570855
BATS,10,184,0.10508671093570855
BATS,10,192,0.10508671093570855
BATS,10,200,0.10508671093570855
BATS,10,208,0.10508671093570855
BATS,10,216,0.10508671093570855
BATS,10,224,0.10508671093570855
BATS,10,240,0.10508671093570855
BATS,10,248,0.10508671093570855
BATS,10,256,0.10508671093570855
BATS,10,272,0.10508671093570855
BATS,10,280,0.10508671093570855
BATS,10,296,0.10508671093570855
BATS,10,312,0.10508671093570855
BATS,10,328,0.10508671093570855
BATS,10,336,0.10508671093570855
BATS,10,352,0.10508671093570855
BATS,10,376,0.09375971165441883
BATS,10,392,0.09375971165441883
BATS,10,408,0.09350622661170167
BATS,10,424,0.09350622661170167
BATS,10,448,0.09298080681704313
BATS,10,464,0.09058472029399642
BATS,10,488,0.08817494948217638
BATS,10,512,0.08062164601014293
BATS,10,536,0.07402092800341983
BATS,10,560,0.06044886272728737
BATS,10,584,0.04696244459531648
BATS,10,608,0.04214782381281237
BATS,10,640,0.04214782381281237
BATS,10,672,0.04214782381281237
BATS,10,704,0.03713013740506333
BATS,10,736,0.03483820674221146
BATS,10,768,0.02915216530060795
BATS,10,800,0.024912932041242463
BATS,10,840,0.022336860659560732
BATS,10,880,0.02192495457748335
BATS,10,920,0.02157410702464812
BATS,10,960,0.021307485871859464
BATS,10,1008,0.021164090795924028
BATS,10,1048,0.021146231779064852
BATS,10,1096,0.021146231779064852
BATS,10,1152,0.02112490795353786
BATS,10,1200,0.02111789384064353
BATS,10,1256,0.02111789384064353
BATS,10,1320,0.02111789384064353
BATS,10,1376,0.02111789384064353
BATS,10,1440,0.02111789384064353
BATS,10,1512,0.02111789384064353
BATS,10,1576,0.02111789384064353
BATS,10,1648,0.02111789384064353
BATS,10,1728,0.02111789384064353
BATS,11,8,0.18199209027277227
BATS,11,16,0.13712965364269752
BATS,11,24,0.13712965364269752
BATS,11,32,0.13712965364269752
BATS,11,40,0.13712965364269752
BATS,11,48,0.13712965364269752
BATS,11,56,0.13712965364269752
BATS,11,64,0.13712965364269752
BATS,11,72,0.13712965364269752
BATS,11,80,0.13712965364269752
BATS,11,88,0.13712965364269752
BATS,11,96,0.13712965364269752
BATS,11,104,0.13712965364269752
BATS,11,112,0.13712965364269752
BATS,11,120,0.13712965364269752
BATS,11,128,0.13712965364269752
BATS,11,136,0.13712965364269752
BATS,11,144,0.13712965364269752
BATS,11,152,0.13712965364269752
BATS,11,160,0.13712965364269752
BATS,11,168,0.13712965364269752
BATS,11,176,0.13712965364269752
BATS,11,184,0.13712965364269752
BATS,11,192,0.13712965364269752
BATS,11,200,0.13712965364269752
BATS,11,208,0.13712965364269752
BATS,11,224,0.11430060022994157
BATS,11,232,0.08678839411295436
BATS,11,240,0.08678839411295436
BATS,11,256,0.08678839411295436
BATS,11,264,0.08678839411295436
BATS,11,280,0.08678839411295436
BATS,11,288,0.08678839411295436
BATS,11,304,0.08678839411295436
BATS,11,320,0.08678839411295436
BATS,11,336,0.08678839411295436
BATS,11,352,0.08678839411295436
BATS,11,368,0.07432517180337697
BATS,11,384,0.06911680934284392
BATS,11,400,0.0659011433457594
BATS,11,416,0.0659011433457594
BATS,11,440,0.06568166983170802
BATS,11,456,0.0644172219878581
BATS,11,480,0.061410072826533525
BATS,11,504,0.05896795497593187
BATS,11,528,0.05896795497593187
BATS,11,552,0.05817260957707489
BATS,11,576,0.05474225127866218
BATS,11,600,0.054522048901287506
BATS,11,632,0.049283024238760395
BATS,11,656,0.04583533020557149
BATS,11,688,0.04482503323211256
BATS,11,720,0.041490359944420865
BATS,11,752,0.04068352763561056
BATS,11,792,0.03800636353052469
BATS,11,824,0.03612847456466951
BATS,11,864,0.035346191034844765
BATS,11,904,0.03408106473241967
BATS,11,952,0.032847229693137185
BATS,11,992,0.03267726365918396
BATS,11,1040,0.03179250353164161
BATS,11,1088,0.03088297451412154
BATS,11,1136,0.030129985709232872
BATS,11,1192,0.029386621229461108
BATS,11,1248,0.029308449494983315
BATS,11,1304,0.028715186102284584
BATS,11,1368,0.02855215365564084
BATS,11,1424,0.028484553111624004
BATS,11,1496,0.028401844865828405
BATS,11,1560,0.02837956513557643
BATS,11,1640,0.028378225433502473
BATS,11,1712,0.028377955847567884
BATS,11,1792,0.02837794608275251
BATS,12,8,0.20808795629059526
BATS,12,16,0.20808795629059526
BATS,12,24,0.20808795629059526
BATS,12,32,0.20808795629059526
BATS,12,40,0.20808795629059526
BATS,12,48,0.17108609667703562
BATS,12,56,0.17108609667703562
BATS,12,64,0.17108609667703562
BATS,12,72,0.17108609667703562
BATS,12,80,0.17108609667703562
BATS,12,88,0.17108609667703562
BATS,12,96,0.1414906472613029
BATS,12,104,0.1414906472613029
BATS,12,112,0.1414906472613029
BATS,12,120,0.1414906472613029
BATS,12,128,0.1414906472613029
BATS,12,136,0.1414906472613029
BATS,12,144,0.1414906472613029
BATS,12,152,0.1414906472613029
BATS,12,160,0.1414906472613029
BATS,12,168,0.1414906472613029
BATS,12,176,0.1414906472613029
BATS,12,192,0.1414906472613029
BATS,12,200,0.13333790958022454
BATS,12,208,0.12426355502842433
BATS,12,216,0.12426355502842433
BATS,12,232,0.12426355502842433
BATS,12,240,0.12426355502842433
BATS,12,248,0.12382747018950631
BATS,12,264,0.10428574910942229
BATS,12,280,0.09748979198159778
BATS,12,288,0.09748979198159778
BATS,12,304,0.09692610006513282
BATS,12,320,0.09692610006513282
BATS,12,336,0.0949482921345658
BATS,12,352,0.0949482921345658
BATS,12,368,0.09272916704504727
BATS,12,384,0.09272916704504727
BATS,12,408,0.0768117371560413
BATS,12,424,0.07660500411962966
BATS,12,448,0.07302526863496271
BATS,12,472,0.07028431811161413
BATS,12,488,0.067286439326299
BATS,12,512,0.067286439326299
BATS,12,544,0.06291026708578008
BATS,12,568,0.06136008099430587
BATS,12,592,0.05763664622012762
BATS,12,624,0.055525499393401234
BATS,12,656,0.05334565658552318
BATS,12,688,0.05284938506510565
BATS,12,720,0.05164823737378108
BATS,12,752,0.049728193686858595
BATS,12,792,0.0483420586451426
BATS,12,832,0.047369214183145665
BATS,12,872,0.04652818165407935
BATS,12,912,0.046281461053377666
BATS,12,960,0.045224719566736356
BATS,12,1008,0.0447314354692969
BATS,12,1056,0.04313073464329103
BATS,12,1112,0.04229890568781435
BATS,12,1160,0.04198440508186925
BATS,12,1216,0.04167054738069643
BATS,12,1280,0.04126146941832538
BATS,12,1344,0.04108081783222681
BATS,12,1408,0.04096929465992905
BATS,12,1480,0.04096929465992905
BATS,12,1552,0.040909181511971184
BATS,12,1624,0.04090307168244432
BATS,12,1704,0.04085621598491212
BATS,12,1792,0.04085621598491212
BATS,12,1880,0.04085362343672791
BATS,12,1968,0.040851278558435844
BATS,12,2064,0.04085105929715279
BATS,12,2168,0.04085056312569165
BATS,12,2272,0.04085018616660628
BATS,12,2384,0.04084985578286305
BATS,13,8,0.8409517367126258
BATS,13,16,0.7238552164338007
BATS,13,24,0.7238552164338007
BATS,13,32,0.7238552164338007
BATS,13,40,0.607126529584281
BATS,13,48,0.5007025974912235
BATS,13,56,0.5007025974912235
BATS,13,64,0.3756765901954223
BATS,13,72,0.24315988970113958
BATS,13,80,0.24315988970113958
BATS,13,88,0.19521656164802587
BATS,13,96,0.171662203374048
BATS,13,104,0.08108448967703805
BATS,13,112,0.08108448967703805
BATS,13,120,0.08108448967703805
BATS,13,128,0.08108448967703805
BATS,13,136,0.08108448967703805
BATS,13,144,0.08108448967703805
BATS,13,152,0.08108448967703805
BATS,13,160,0.08108448967703805
BATS,13,168,0.08108448967703805
BATS,13,176,0.08108448967703805
BATS,13,184,0.08108448967703805
BATS,13,192,0.08108448967703805
BATS,13,200,0.08108448967703805
BATS,13,216,0.08108448967703805
BATS,13,224,0.08108448967703805
BATS,13,232,0.08108448967703805
BATS,13,248,0.08108448967703805
BATS,13,256,0.08108448967703805
BATS,13,272,0.08108448967703805
BATS,13,280,0.08108448967703805
BATS,13,296,0.08108448967703805
BATS,13,312,0.08108448967703805
BATS,13,328,0.08108448967703805
BATS,13,344,0.08108448967703805
BATS,13,360,0.08108448967703805
BATS,13,376,0.08108448967703805
BATS,13,392,0.08108448967703805
BATS,13,416,0.08108448967703805
BATS,13,432,0.08108448967703805
BATS,13,456,0.08108448967703805
BATS,13,480,0.08108448967703805
BATS,13,496,0.08108448967703805
BATS,13,528,0.08108448967703805
BATS,13,552,0.08108448967703805
BATS,13,576,0.08108448967703805
BATS,13,608,0.08108448967703805
BATS,13,632,0.08108448967703805
BATS,13,664,0.07890348618992532
BATS,13,696,0.07811154394691198
BATS,13,728,0.07751546275299097
BATS,13,768,0.07751546275299097
BATS,13,808,0.07258408953970695
BATS,13,840,0.06565143388227872
BATS,13,888,0.05729209536700474
BATS,13,928,0.040885645252146795
BATS,13,976,0.024881400105559042
BATS,13,1016,0.02432977006864612
BATS,13,1072,0.02432977006864612
BATS,13,1120,0.02432977006864612
BATS,13,1176,0.023950643950070332
BATS,13,1232,0.023264930027147062
BATS,13,1296,0.023056239504241065
BATS,13,1360,0.022779014451590383
BATS,13,1424,0.02266438879085493
BATS,13,1488,0.022461536300720984
BATS,13,1568,0.02240196008606741
BATS,13,1640,0.022396354215073924
BATS,13,1720,0.022385380155230748
BATS,13,1808,0.022381130495377745
BATS,13,1888,0.02237521732807332
BATS,13,1984,0.02237273906941037
BATS,13,2080,0.02237273906941037
BATS,13,2184,0.02237273906941037
BATS,13,2288,0.02237273906941037
BATS,14,8,1.048227341565023
BATS,14,16,0.6694549751387251
BATS,14,24,0.4053022336144129
BATS,14,32,0.26313652611098576
BATS,14,40,0.26313652611098576
BATS,14,48,0.26313652611098576
BATS,14,56,0.26313652611098576
BATS,14,64,0.26313652611098576
BATS,14,72,0.10638885646649754
BATS,14,80,0.10638885646649754
BATS,14,88,0.10638885646649754
BATS,14,96,0.10638885646649754
BATS,14,104,0.10638885646649754
BATS,14,112,0.10638885646649754
BATS,14,120,0.10638885646649754
BATS,14,128,0.10638885646649754
BATS,14,136,0.10638885646649754
BATS,14,144,0.10638885646649754
BATS,14,152,0.10638885646649754
BATS,14,160,0.10268175214565181
BATS,14,168,0.10268175214565181
BATS,14,176,0.10268175214565181
BATS,14,184,0.10268175214565181
BATS,14,192,0.10268175214565181
BATS,14,200,0.10268175214565181
BATS,14,208,0.10268175214565181
BATS,14,216,0.10268175214565181
BATS,14,232,0.10268175214565181
BATS,14,240,0.10268175214565181
BATS,14,256,0.10268175214565181
BATS,14,264,0.0873284228876636
BATS,14,280,0.08174288297706256
BATS,14,288,0.08174288297706256
BATS,14,304,0.08174288297706256
BATS,14,320,0.08174288297706256
BATS,14,336,0.07738388289158121
BATS,14,352,0.07656463025343518
BATS,14,368,0.07656463025343518
BATS,14,384,0.07656463025343518
BATS,14,408,0.07585960522575837
BATS,14,424,0.07539101025078933
BATS,14,448,0.07473100409856644
BATS,14,464,0.07473100409856644
BATS,14,488,0.07473100409856644
BATS,14,512,0.07473100409856644
BATS,14,536,0.07430015670515282
BATS,14,560,0.07380324836202364
BATS,14,592,0.0711095517479116
BATS,14,616,0.06916727726720039
BATS,14,648,0.059939111481213204
BATS,14,680,0.05109497371251215
BATS,14,712,0.05109497371251215
BATS,14,744,0.042604631008306415
BATS,14,784,0.042214107581522026
BATS,14,824,0.038786569714459984
BATS,14,864,0.038786569714459984
BATS,14,904,0.038786569714459984
BATS,14,944,0.0359898584262673
BATS,14,992,0.03368404789892073
BATS,14,1040,0.03368404789892073
BATS,14,1088,0.031977023173600634
BATS,14,1144,0.02511175645291638
BATS,14,1200,0.02054331471287187
BATS,14,1256,0.020235983321921683
BATS,14,1320,0.018281912988203985
BATS,14,1384,0.016102927962217038
BATS,14,1448,0.014693262775446832
BATS,14,1520,0.014144530927875511
BATS,14,1592,0.0140401290866153
BATS,14,1672,0.014035213752618491
BATS,14,1752,0.014034412193823112
BATS,14,1832,0.014034368286361601
BATS,14,1920,0.014034367781832946
BATS,14,2016,0.014034367770146609
BATS,14,2112,0.014034367736420177
BATS,14,2216,0.014034367735411814
BATS,15,8,0.7170967897848354
BATS,15,16,0.14841332326862122
BATS,15,24,0.14841332326862122
BATS,15,32,0.14841332326862122
BATS,15,40,0.14841332326862122
BATS,15,48,0.14841332326862122
BATS,15,56,0.14841332326862122
BATS,15,64,0.14841332326862122
BATS,15,72,0.14841332326862122
BATS,15,80,0.14841332326862122
BATS,15,88,0.14841332326862122
BATS,15,96,0.14841332326862122
BATS,15,104,0.14841332326862122
BATS,15,112,0.14841332326862122
BATS,15,120,0.14841332326862122
BATS,15,128,0.14841332326862122
BATS,15,136,0.14841332326862122
BATS,15,144,0.14841332326862122
BATS,15,152,0.14841332326862122
BATS,15,160,0.13947615848606368
BATS,15,168,0.13947615848606368
BATS,15,176,0.13766619144322784
BATS,15,184,0.12809922723040185
BATS,15,192,0.12809922723040185
BATS,15,200,0.12809922723040185
BATS,15,208,0.12809922723040185
BATS,15,216,0.11658189035055071
BATS,15,224,0.11048282425046785
BATS,15,240,0.11048282425046785
BATS,15,248,0.11048282425046785
BATS,15,264,0.10885522174134411
BATS,15,272,0.10690030108004044
BATS,15,288,0.09304767763559768
BATS,15,304,0.09304767763559768
BATS,15,312,0.09304767763559768
BATS,15,328,0.09224997128557827
BATS,15,344,0.09224997128557827
BATS,15,360,0.08910389042441584
BATS,15,376,0.08524330341116611
BATS,15,400,0.08524330341116611
BATS,15,416,0.08524330341116611
BATS,15,440,0.08144972240252323
BATS,15,456,0.08144972240252323
BATS,15,480,0.0788028670037138
BATS,15,504,0.0788028670037138
BATS,15,528,0.0788028670037138
BATS,15,552,0.0788028670037138
BATS,15,576,0.0780668327458194
BATS,15,608,0.07733470218837443
BATS,15,632,0.07645601682748243
BATS,15,664,0.07432264877735324
BATS,15,696,0.06951786569212877
BATS,15,728,0.06548350260895525
BATS,15,760,0.06068573523900609
BATS,15,800,0.04876967000697709
BATS,15,840,0.046386607546400276
BATS,15,880,0.04440389676647987
BATS,15,920,0.04440389676647987
BATS,15,960,0.043922172825397225
BATS,15,1008,0.043922172825397225
BATS,15,1056,0.036307600528444346
BATS,15,1104,0.03324859333130676
BATS,15,1160,0.032960960595379805
BATS,15,1216,0.030550474648926764
BATS,15,1272,0.023194406954879433
BATS,15,1328,0.023194406954879433
BATS,15,1392,0.016397026370394946
BATS,15,1464,0.014510204437960614
BATS,15,1528,0.014510204437960614
BATS,15,1608,0.014435209506475866
BATS,15,1680,0.014104822228452083
BATS,15,1760,0.014035566454804574
BATS,15,1848,0.014034485549656014
BATS,15,1936,0.01403436912217035
BATS,15,2024,0.014034367861855584
BATS,16,8,0.4012121661222567
BATS,16,16,0.39748424995711107
BATS,16,24,0.22329353215815803
BATS,16,32,0.22329353215815803
BATS,16,40,0.22329353215815803
BATS,16,48,0.15475013366368637
BATS,16,56,0.15475013366368637
BATS,16,64,0.15475013366368637
BATS,16,72,0.15475013366368637
BATS,16,80,0.15475013366368637
BATS,16,88,0.15475013366368637
BATS,16,96,0.15475013366368637
BATS,16,104,0.15475013366368637
BATS,16,112,0.15475013366368637
BATS,16,120,0.15054131224719197
BATS,16,128,0.14926158930602473
BATS,16,136,0.14501767591699713
BATS,16,144,0.14501767591699713
BATS,16,152,0.14501767591699713
BATS,16,160,0.13530877423096108
BATS,16,168,0.13530877423096108
BATS,16,176,0.12963955628840887
BATS,16,184,0.12311424099767779
BATS,16,192,0.12311424099767779
BATS,16,200,0.12311424099767779
BATS,16,208,0.12311424099767779
BATS,16,216,0.12311424099767779
BATS,16,232,0.1152238112170651
BATS,16,240,0.1144891998049088
BATS,16,256,0.09077364761522962
BATS,16,264,0.09077364761522962
BATS,16,280,0.09077364761522962
BATS,16,288,0.09077364761522962
BATS,16,304,0.07718944801850149
BATS,16,320,0.07718944801850149
BATS,16,336,0.07330862463402728
BATS,16,352,0.07330862463402728
BATS,16,368,0.07330862463402728
BATS,16,384,0.07330862463402728
BATS,16,408,0.07330862463402728
BATS,16,424,0.07325226702380395
BATS,16,448,0.07325226702380395
BATS,16,464,0.07105452358651801
BATS,16,488,0.06629351765158266
BATS,16,512,0.06409008967876204
BATS,16,536,0.06104600409172214
BATS,16,560,0.06104600409172214
BATS,16,592,0.059501405394215265
BATS,16,616,0.05554308297029724
BATS,16,648,0.05535819380797194
BATS,16,680,0.05404003158026551
BATS,16,712,0.05404003158026551
BATS,16,744,0.053331655747905556
BATS,16,784,0.04740659967635312
BATS,16,824,0.044716675334803294
BATS,16,864,0.04169726627656927
BATS,16,904,0.03818643489735476
BATS,16,944,0.03561064281296403
BATS,16,992,0.034479857578435955
BATS,16,1040,0.03324489954907937
BATS,16,1088,0.029894479111548508
BATS,16,1144,0.027400743029361
BATS,16,1200,0.02399437444614181
BATS,16,1256,0.022437232015341643
BATS,16,1320,0.016177482283591785
BATS,16,1384,0.009813659977467979
BATS,16,1448,0.009318106284214693
BATS,16,1520,0.006730083904529466
BATS,16,1592,0.006730083904529466
BATS,16,1672,0.006271940408518378
BATS,16,1752,0.0053454670541942554
BATS,16,1832,0.0032331942722327906
BATS,16,1920,0.001456441459747103
BATS,16,2016,0.00061821675557813
BATS,16,2112,6.142724673798095e-05
BATS,16,2216,3.1383455735452354e-05
BATS,17,8,0.5275949511128138
BATS,17,16,0.3661842622252883
BATS,17,24,0.3165746920741411
BATS,17,32,0.24047502967830858
BATS,17,40,0.24047502967830858
BATS,17,48,0.1477366842320905
BATS,17,56,0.14414194070983816
BATS,17,64,0.1259491759933041
BATS,17,72,0.055540225649899744
BATS,17,80,0.055540225649899744
BATS,17,88,0.055540225649899744
BATS,17,96,0.055540225649899744
BATS,17,104,0.055540225649899744
BATS,17,112,0.055540225649899744
BATS,17,120,0.055540225649899744
BATS,17,128,0.055540225649899744
BATS,17,136,0.055540225649899744
BATS,17,144,0.055540225649899744
BATS,17,152,0.055540225649899744
BATS,17,160,0.055540225649899744
BATS,17,168,0.055540225649899744
BATS,17,176,0.055540225649899744
BATS,17,184,0.055540225649899744
BATS,17,192,0.055540225649899744
BATS,17,200,0.055540225649899744
BATS,17,216,0.055540225649899744
BATS,17,224,0.055540225649899744
BATS,17,232,0.055540225649899744
BATS,17,248,0.055540225649899744
BATS,17,256,0.055540225649899744
BATS,17,272,0.055540225649899744
BATS,17,288,0.055540225649899744
BATS,17,296,0.055540225649899744
BATS,17,312,0.055540225649899744
BATS,17,328,0.055540225649899744
BATS,17,344,0.055540225649899744
BATS,17,360,0.055540225649899744
BATS,17,376,0.055540225649899744
BATS,17,400,0.055540225649899744
BATS,17,416,0.055540225649899744
BATS,17,440,0.047726546647842566
BATS,17,456,0.047726546647842566
BATS,17,480,0.047726546647842566
BATS,17,504,0.047726546647842566
BATS,17,528,0.04640815518738845
BATS,17,552,0.04498377808246682
BATS,17,584,0.042243157191394064
BATS,17,608,0.04019024281685604
BATS,17,640,0.04019024281685604
BATS,17,672,0.038071515839197205
BATS,17,704,0.03579014668817516
BATS,17,736,0.03522052340536781
BATS,17,776,0.03449681963863971
BATS,17,808,0.031223649938035506
BATS,17,848,0.02912052759160956
BATS,17,896,0.0274808643816314
BATS,17,936,0.02693966581260997
BATS,17,984,0.025269392101040487
BATS,17,1032,0.02426102055401033
BATS,17,1080,0.02230851340959863
BATS,17,1128,0.021571872401425756
BATS,17,1184,0.02121628225345093
BATS,17,1248,0.019366401768254125
BATS,17,1304,0.005931679458406851
BATS,17,1368,0.005931679458406851
BATS,17,1440,0.005931679458406851
BATS,17,1504,0.005931679458406851
BATS,17,1576,0.005931679458406851
BATS,17,1656,0.003647531395586078
BATS,17,1736,0.0014903134657422588
BATS,17,1824,0.0006216206390644305
BATS,17,1912,0.0006216206390644305
BATS,17,2008,0.0005433706041908998
BATS,17,2104,0.00011516068925970967
BATS,17,2208,4.279533076888466e-05
BATS,17,2312,1.6534557320799e-06
BATS,18,8,0.9102653645118931
BATS,18,16,0.31697046294526104
BATS,18,24,0.31697046294526104
BATS,18,32,0.26334603658046274
BATS,18,40,0.26334603658046274
BATS,18,48,0.26334603658046274
BATS,18,56,0.18678347348354826
BATS,18,64,0.18678347348354826
BATS,18,72,0.18678347348354826
BATS,18,80,0.18678347348354826
BATS,18,88,0.18678347348354826
BATS,18,96,0.18678347348354826
BATS,18,104,0.18678347348354826
BATS,18,112,0.1734319889455994
BATS,18,120,0.1734319889455994
BATS,18,128,0.1734319889455994
BATS,18,136,0.1734319889455994
BATS,18,144,0.15631327680705517
BATS,18,152,0.15631327680705517
BATS,18,160,0.14546935919124176
BATS,18,168,0.14546935919124176
BATS,18,176,0.14546935919124176
BATS,18,184,0.14546935919124176
BATS,18,192,0.14546935919124176
BATS,18,200,0.1421787673192201
BATS,18,208,0.1421787673192201
BATS,18,224,0.1421787673192201
BATS,18,232,0.1421787673192201
BATS,18,240,0.1421787673192201
BATS,18,256,0.1421787673192201
BATS,18,264,0.1421787673192201
BATS,18,280,0.1421787673192201
BATS,18,296,0.10850437282566115
BATS,18,304,0.10846255391631276
BATS,18,320,0.10333172739368687
BATS,18,336,0.10333172739368687
BATS,18,352,0.0948513595452967
BATS,18,368,0.09221834744061194
BATS,18,384,0.09055802923971133
BATS,18,400,0.08640086637956475
BATS,18,424,0.08640086637956475
BATS,18,440,0.08493547905718932
BATS,18,464,0.08493547905718932
BATS,18,488,0.08414586710344096
BATS,18,512,0.07428313234159183
BATS,18,536,0.06843456918327524
BATS,18,560,0.06843456918327524
BATS,18,584,0.058139635263277076
BATS,18,608,0.052440239529140266
BATS,18,640,0.0439606521299411
BATS,18,672,0.035660560838513364
BATS,18,704,0.028755294142421287
BATS,18,736,0.028755294142421287
BATS,18,768,0.028755294142421287
BATS,18,808,0.028755294142421287
BATS,18,840,0.028755294142421287
BATS,18,880,0.028755294142421287
BATS,18,928,0.0283141542796684
BATS,18,968,0.025378563107901535
BATS,18,1016,0.02311475317610949
BATS,18,1064,0.020184823060009256
BATS,18,1112,0.014309482169917483
BATS,18,1168,0.011333166290495503
BATS,18,1224,0.010983744642042822
BATS,18,1280,0.01005627135579399
BATS,18,1336,0.008225547473183709
BATS,18,1400,0.006352006667034625
BATS,18,1464,0.005344060556162032
BATS,18,1536,0.003035691150450746
BATS,18,1608,0.0016041964451320443
BATS,18,1688,0.0006862794216759693
BATS,18,1768,0.00016107987558655918
BATS,18,1848,2.9618687450327437e-05
BATS,18,1936,5.736673687468011e-06
BATS,19,8,0.1836058015646873
BATS,19,16,0.1836058015646873
BATS,19,24,0.16977272836890178
BATS,19,32,0.16977272836890178
BATS,19,40,0.16977272836890178
BATS,19,48,0.16977272836890178
BATS,19,56,0.16977272836890178
BATS,19,64,0.16977272836890178
BATS,19,72,0.16977272836890178
BATS,19,80,0.16977272836890178
BATS,19,88,0.16977272836890178
BATS,19,96,0.16977272836890178
BATS,19,104,0.16977272836890178
BATS,19,112,0.16977272836890178
BATS,19,120,0.16977272836890178
BATS,19,128,0.14342855593352433
BATS,19,136,0.14342855593352433
BATS,19,144,0.14342855593352433
BATS,19,152,0.14342855593352433
BATS,19,160,0.14342855593352433
BATS,19,168,0.1327845351148197
BATS,19,176,0.1327845351148197
BATS,19,184,0.1327845351148197
BATS,19,192,0.1327845351148197
BATS,19,200,0.11940703715628387
BATS,19,216,0.11940703715628387
BATS,19,224,0.11940703715628387
BATS,19,232,0.11940703715628387
BATS,19,240,0.11940703715628387
BATS,19,256,0.10881513442143487
BATS,19,264,0.10188994564071004
BATS,19,280,0.09158412160985634
BATS,19,288,0.09158412160985634
BATS,19,304,0.09158412160985634
BATS,19,320,0.09158412160985634
BATS,19,328,0.09158412160985634
BATS,19,344,0.08590562243481324
BATS,19,360,0.08590562243481324
BATS,19,376,0.07661811061449299
BATS,19,392,0.07496253602827266
BATS,19,416,0.07496253602827266
BATS,19,432,0.07242870392943868
BATS,19,448,0.06406204982089321
BATS,19,472,0.06406204982089321
BATS,19,496,0.06259048450641026
BATS,19,512,0.061303522939795616
BATS,19,536,0.05755786484593337
BATS,19,560,0.05352444266425926
BATS,19,592,0.05277175540677107
BATS,19,616,0.050720772802230654
BATS,19,640,0.049148750505919554
BATS,19,672,0.04259808087286104
BATS,19,704,0.03967856637469945
BATS,19,736,0.03967856637469945
BATS,19,768,0.034264905382782165
BATS,19,800,0.030686970061970017
BATS,19,840,0.030292386377449906
BATS,19,880,0.030292386377449906
BATS,19,920,0.028528440343124208
BATS,19,960,0.028528440343124208
BATS,19,1000,0.02841866865010388
BATS,19,1048,0.02839018436387472
BATS,19,1096,0.028364486031421613
BATS,19,1144,0.0283295208458556
BATS,19,1192,0.028327342743877177
BATS,19,1248,0.028325976340839578
BATS,19,1304,0.028325926540573927
BATS,19,1368,0.028325743984564833
BATS,19,1424,0.028325596560417693
BATS,19,1496,0.028325589619022973
BATS,19,1560,0.028325589619022973
BATS,2,8,0.3735225479259222
BATS,2,16,0.3291885001887633
BATS,2,24,0.3211582052178966
BATS,2,32,0.3074490659091822
BATS,2,40,0.3074490659091822
BATS,2,48,0.30347727035666366
BATS,2,56,0.30347727035666366
BATS,2,64,0.30347727035666366
BATS,2,72,0.30347727035666366
BATS,2,80,0.1900625916232595
BATS,2,88,0.1276369316816671
BATS,2,96,0.1276369316816671
BATS,2,104,0.1276369316816671
BATS,2,112,0.1276369316816671
BATS,2,120,0.08290063386503527
BATS,2,128,0.08290063386503527
BATS,2,136,0.08290063386503527
BATS,2,144,0.08290063386503527
BATS,2,152,0.08290063386503527
BATS,2,160,0.08290063386503527
BATS,2,168,0.08290063386503527
BATS,2,176,0.08290063386503527
BATS,2,184,0.08290063386503527
BATS,2,192,0.08290063386503527
BATS,2,200,0.08290063386503527
BATS,2,208,0.08290063386503527
BATS,2,216,0.07091133740974022
BATS,2,224,0.07091133740974022
BATS,2,240,0.07091133740974022
BATS,2,248,0.07091133740974022
BATS,2,264,0.07091133740974022
BATS,2,272,0.07091133740974022
BATS,2,288,0.06620026503084665
BATS,2,296,0.06620026503084665
BATS,2,312,0.06245179870933014
BATS,2,328,0.06002062428878222
BATS,2,344,0.0563447682036722
BATS,2,360,0.05617084027526975
BATS,2,376,0.05431660488390235
BATS,2,392,0.05126511055690841
BATS,2,416,0.0505715678488286
BATS,2,432,0.0505715678488286
BATS,2,448,0.04796477792985142
BATS,2,472,0.042005180929827406
BATS,2,496,0.042005180929827406
BATS,2,520,0.03795662997161402
BATS,2,544,0.037023160861462186
BATS,2,568,0.03211080185018573
BATS,2,592,0.03147028625229753
BATS,2,624,0.028261525283139313
BATS,2,656,0.02788271740509155
BATS,2,680,0.027776996923656958
BATS,2,712,0.026446902438939122
BATS,2,752,0.025694998122236884
BATS,2,784,0.024050948203735583
BATS,2,824,0.023224716489893195
BATS,2,856,0.02211972042617871
BATS,2,896,0.02138251943005192
BATS,2,944,0.02130080765231209
BATS,2,984,0.021226047351194127
BATS,2,1032,0.020917481554156583
BATS,2,1080,0.017809642930188097
BATS,2,1128,0.010733075508493303
BATS,2,1184,0.007534109228238839
BATS,2,1240,0.006428955139057336
BATS,2,1296,0.006428955139057336
BATS,2,1360,0.0027496399516371626
BATS,2,1424,0.0018869781648088017
BATS,2,1488,0.001099657458725075
BATS,2,1560,0.0007577837375707613
BATS,2,1632,0.0005885177504532208
BATS,2,1704,0.0003392111004650216
BATS,2,1792,6.142543981014577e-05
BATS,2,1872,1.5768992692674822e-05
BATS,3,8,0.5978159244770938
BATS,3,16,0.4112028890316555
BATS,3,24,0.35750827349581293
BATS,3,32,0.27276515778063604
BATS,3,40,0.15722543140080833
BATS,3,48,0.15722543140080833
BATS,3,56,0.15722543140080833
BATS,3,64,0.15722543140080833
BATS,3,72,0.15722543140080833
BATS,3,80,0.130488719940422
BATS,3,88,0.130488719940422
BATS,3,96,0.130488719940422
BATS,3,104,0.130488719940422
BATS,3,112,0.130488719940422
BATS,3,120,0.130488719940422
BATS,3,128,0.130488719940422
BATS,3,136,0.130488719940422
BATS,3,144,0.130488719940422
BATS,3,152,0.130488719940422
BATS,3,160,0.130488719940422
BATS,3,168,0.130488719940422
BATS,3,176,0.130488719940422
BATS,3,184,0.130488719940422
BATS,3,192,0.130488719940422
BATS,3,208,0.130488719940422
BATS,3,216,0.130488719940422
BATS,3,224,0.130488719940422
BATS,3,240,0.130488719940422
BATS,3,248,0.130488719940422
BATS,3,264,0.130488719940422
BATS,3,272,0.1276700757207493
BATS,3,288,0.12249990469630564
BATS,3,304,0.12249990469630564
BATS,3,320,0.12249990469630564
BATS,3,336,0.11992327018830005
BATS,3,352,0.11572245912594864
BATS,3,368,0.10840146160782374
BATS,3,384,0.10599684498570203
BATS,3,408,0.09614609588107084
BATS,3,424,0.09445344851467952
BATS,3,448,0.09445344851467952
BATS,3,472,0.0944042844256578
BATS,3,496,0.09216316997262279
BATS,3,520,0.09190038635351895
BATS,3,544,0.0905211007086446
BATS,3,576,0.0905211007086446
BATS,3,600,0.08940811498330359
BATS,3,632,0.08496949510258693
BATS,3,664,0.08304566028483563
BATS,3,696,0.07907719632328168
BATS,3,736,0.06833650825989045
BATS,3,768,0.06833650825989045
BATS,3,808,0.05858775527029937
BATS,3,848,0.05126848209351491
BATS,3,896,0.04614559892324791
BATS,3,936,0.04384364549930274
BATS,3,984,0.04108713803252073
BATS,3,1032,0.039379067438814
BATS,3,1088,0.036523348861303026
BATS,3,1144,0.03491651048685343
BATS,3,1200,0.03041033253935498
BATS,3,1256,0.03041033253935498
BATS,3,1320,0.027734046607787975
BATS,3,1384,0.025880891284284592
BATS,3,1456,0.024703902948977483
BATS,3,1528,0.023673993874963075
BATS,3,1608,0.022691438741886266
BATS,3,1688,0.021737033632597196
BATS,3,1776,0.02136190150216537
BATS,3,1864,0.021158781267758556
BATS,3,1960,0.021116321240857612
BATS,3,2056,0.021115834029600513
BATS,3,2160,0.021108886832599254
BATS,3,2264,0.021107403793072726
BATS,3,2384,0.021103925571825447
BATS,3,2504,0.021102403388256894
BATS,3,2624,0.0211023538910634
BATS,3,2760,0.021102341186443076
BATS,4,8,0.5247405181075171
BATS,4,16,0.5247405181075171
BATS,4,24,0.5247405181075171
BATS,4,32,0.43373346915370337
BATS,4,40,0.21674576983483776
BATS,4,48,0.21674576983483776
BATS,4,56,0.19646614051562541
BATS,4,64,0.19646614051562541
BATS,4,72,0.19646614051562541
BATS,4,80,0.19646614051562541
BATS,4,88,0.19069543073366277
BATS,4,96,0.19069543073366277
BATS,4,104,0.19069543073366277
BATS,4,112,0.19069543073366277
BATS,4,120,0.19069543073366277
BATS,4,128,0.19069543073366277
BATS,4,136,0.19069543073366277
BATS,4,144,0.19069543073366277
BATS,4,152,0.1492869110184197
BATS,4,160,0.1492869110184197
BATS,4,168,0.1492869110184197
BATS,4,176,0.1492869110184197
BATS,4,184,0.1492869110184197
BATS,4,192,0.1492869110184197
BATS,4,200,0.1492869110184197
BATS,4,208,0.1492869110184197
BATS,4,224,0.1492869110184197
BATS,4,232,0.13544493788753464
BATS,4,248,0.13544493788753464
BATS,4,256,0.13544493788753464
BATS,4,272,0.11588136623794296
BATS,4,280,0.11312404892046735
BATS,4,296,0.11312404892046735
BATS,4,312,0.11312404892046735
BATS,4,328,0.10020014500366582
BATS,4,344,0.09991714835953248
BATS,4,360,0.09407775013050909
BATS,4,376,0.08953726336686475
BATS,4,400,0.08953726336686475
BATS,4,416,0.08953726336686475
BATS,4,440,0.08953726336686475
BATS,4,464,0.08775816224916753
BATS,4,488,0.08245861432701469
BATS,4,512,0.08159432867875538
BATS,4,536,0.08159432867875538
BATS,4,560,0.08029480861742778
BATS,4,592,0.08029480861742778
BATS,4,616,0.08029480861742778
BATS,4,648,0.08029480861742778
BATS,4,680,0.07942132466673392
BATS,4,720,0.07942132466673392
BATS,4,752,0.07942132466673392
BATS,4,792,0.07942132466673392
BATS,4,832,0.07942132466673392
BATS,4,872,0.0789361630307214
BATS,4,912,0.07747704360948227
BATS,4,960,0.07602166577091136
BATS,4,1008,0.07373187101577051
BATS,4,1056,0.06860752997287188
BATS,4,1112,0.06655221157048818
BATS,4,1168,0.05702479963797639
BATS,4,1224,0.04261853807724042
BATS,4,1288,0.031805628873213344
BATS,4,1352,0.031805628873213344
BATS,4,1424,0.031805628873213344
BATS,4,1488,0.030068686217807887
BATS,4,1568,0.023985810912260354
BATS,4,1648,0.020742105150513283
BATS,4,1728,0.018084668714595437
BATS,4,1816,0.015956245232223328
BATS,4,1904,0.014327713777334392
BATS,4,2000,0.014064770301946944
BATS,4,2096,0.014040826714321964
BATS,4,2208,0.01403447238967627
BATS,4,2312,0.014034370733082653
BATS,4,2432,0.014034367776730438
BATS,4,2552,0.014034367761025096
BATS,4,2680,0.014034367736489391
BATS,5,8,0.19733798492465393
BATS,5,16,0.19733798492465393
BATS,5,24,0.19733798492465393
BATS,5,32,0.19733798492465393
BATS,5,40,0.16087664642324212
BATS,5,48,0.1490701561270864
BATS,5,56,0.1490701561270864
BATS,5,64,0.1490701561270864
BATS,5,72,0.1490701561270864
BATS,5,80,0.1490701561270864
BATS,5,88,0.1490701561270864
BATS,5,96,0.1490701561270864
BATS,5,104,0.1490701561270864
BATS,5,112,0.1490701561270864
BATS,5,120,0.1490701561270864
BATS,5,128,0.1490701561270864
BATS,5,136,0.1490701561270864
BATS,5,144,0.1490701561270864
BATS,5,152,0.1490701561270864
BATS,5,160,0.1490701561270864
BATS,5,168,0.1490701561270864
BATS,5,176,0.1490701561270864
BATS,5,184,0.1490701561270864
BATS,5,192,0.1490701561270864
BATS,5,200,0.1490701561270864
BATS,5,216,0.1490701561270864
BATS,5,224,0.1490701561270864
BATS,5,232,0.1490701561270864
BATS,5,248,0.1490701561270864
BATS,5,264,0.1490701561270864
BATS,5,272,0.1490701561270864
BATS,5,288,0.1490701561270864
BATS,5,304,0.1490701561270864
BATS,5,320,0.1490701561270864
BATS,5,336,0.14733108093400213
BATS,5,352,0.14733108093400213
BATS,5,368,0.14641068256237857
BATS,5,384,0.1444607714498725
BATS,5,408,0.14328834480742675
BATS,5,432,0.14061575578205895
BATS,5,448,0.1334219210688673
BATS,5,472,0.12036313490121471
BATS,5,496,0.10832056733480346
BATS,5,520,0.10832056733480346
BATS,5,552,0.10374910401149955
BATS,5,576,0.09962235005572646
BATS,5,608,0.09529037512631944
BATS,5,640,0.08663085041590894
BATS,5,672,0.08572684784272527
BATS,5,704,0.0841777297501949
BATS,5,744,0.08171812238221976
BATS,5,776,0.07993274348391914
BATS,5,816,0.07905150820280013
BATS,5,864,0.07684181555344814
BATS,5,904,0.07684181555344814
BATS,5,952,0.07684181555344814
BATS,5,1000,0.07680232977486912
BATS,5,1048,0.07672992299721039
BATS,5,1104,0.07601664663113648
BATS,5,1160,0.07568071443618472
BATS,5,1216,0.07468515796147283
BATS,5,1280,0.07197315855887623
BATS,5,1344,0.07072367644003848
BATS,5,1416,0.06926781035800425
BATS,5,1488,0.0686748527559905
BATS,5,1560,0.06764063436749962
BATS,5,1640,0.06272683449162678
BATS,5,1728,0.0541012558357288
BATS,5,1816,0.049814876664928766
BATS,5,1904,0.04806013927820253
BATS,5,2008,0.04270245325445452
BATS,5,2104,0.029744164755367355
BATS,5,2216,0.025035140647480005
BATS,5,2328,0.025035140647480005
BATS,5,2448,0.025035140647480005
BATS,5,2568,0.025035140647480005
BATS,5,2704,0.025035140647480005
BATS,5,2840,0.025035140647480005
BATS,5,2984,0.025035140647480005
BATS,6,8,0.323743683474198
BATS,6,16,0.09493427385368174
BATS,6,24,0.09493427385368174
BATS,6,32,0.09493427385368174
BATS,6,40,0.09493427385368174
BATS,6,48,0.09493427385368174
BATS,6,56,0.09493427385368174
BATS,6,64,0.09493427385368174
BATS,6,72,0.09493427385368174
BATS,6,80,0.09493427385368174
BATS,6,88,0.09493427385368174
BATS,6,96,0.09493427385368174
BATS,6,104,0.09493427385368174
BATS,6,112,0.09493427385368174
BATS,6,120,0.09493427385368174
BATS,6,128,0.09493427385368174
BATS,6,136,0.09493427385368174
BATS,6,144,0.09493427385368174
BATS,6,152,0.09493427385368174
BATS,6,160,0.09493427385368174
BATS,6,168,0.09493427385368174
BATS,6,176,0.09493427385368174
BATS,6,184,0.09493427385368174
BATS,6,192,0.09493427385368174
BATS,6,200,0.09493427385368174
BATS,6,208,0.09493427385368174
BATS,6,224,0.09493427385368174
BATS,6,232,0.09493427385368174
BATS,6,240,0.09493427385368174
BATS,6,256,0.09493427385368174
BATS,6,264,0.09493427385368174
BATS,6,280,0.09493427385368174
BATS,6,296,0.09493427385368174
BATS,6,304,0.09493427385368174
BATS,6,320,0.09493427385368174
BATS,6,336,0.09493427385368174
BATS,6,352,0.09493427385368174
BATS,6,368,0.09493427385368174
BATS,6,392,0.09493427385368174
BATS,6,408,0.09493427385368174
BATS,6,424,0.09364945078500522
BATS,6,448,0.09311328731857298
BATS,6,472,0.09311328731857298
BATS,6,496,0.09089934344829172
BATS,6,520,0.08962454922581939
BATS,6,544,0.08764118247833354
BATS,6,568,0.08299581494097089
BATS,6,592,0.08288929672517938
BATS,6,624,0.08160769624929018
BATS,6,656,0.07969912358081419
BATS,6,688,0.07838739278737882
BATS,6,720,0.074930039786623
BATS,6,752,0.0716180591616385
BATS,6,792,0.06784921570748512
BATS,6,832,0.06302961981730859
BATS,6,872,0.059245590316722836
BATS,6,912,0.054762487489189965
BATS,6,952,0.05162436281804728
BATS,6,1000,0.047217143218891984
BATS,6,1048,0.047195994509840335
BATS,6,1104,0.045922066109568976
BATS,6,1152,0.045106226749182986
BATS,6,1208,0.04445999221130794
BATS,6,1272,0.04239613088637356
BATS,6,1328,0.04094064256868159
BATS,6,1392,0.03426982342404631
BATS,6,1464,0.03030604866813301
BATS,6,1536,0.029040349631772284
BATS,6,1608,0.02887444648734598
BATS,6,1688,0.028595160245123395
BATS,6,1768,0.028398814536753397
BATS,6,1856,0.028325393698366858
BATS,6,1944,0.02828383742554576
BATS,6,2040,0.028257332819563333
BATS,6,2136,0.02824791238204433
BATS,6,2240,0.028247853313316557
BATS,7,8,0.6744429674422294
BATS,7,16,0.47664289064802573
BATS,7,24,0.47664289064802573
BATS,7,32,0.47664289064802573
BATS,7,40,0.47664289064802573
BATS,7,48,0.47664289064802573
BATS,7,56,0.3101588580465114
BATS,7,64,0.17779603990916631
BATS,7,72,0.17017500109632228
BATS,7,80,0.17017500109632228
BATS,7,88,0.17017500109632228
BATS,7,96,0.17017500109632228
BATS,7,104,0.17017500109632228
BATS,7,112,0.16163478926566335
BATS,7,120,0.16163478926566335
BATS,7,128,0.16163478926566335
BATS,7,136,0.16163478926566335
BATS,7,144,0.16163478926566335
BATS,7,152,0.16130190752633505
BATS,7,160,0.16130190752633505
BATS,7,168,0.15730890132851166
BATS,7,176,0.15483826345316734
BATS,7,184,0.1495258246917287
BATS,7,192,0.14120736660369881
BATS,7,200,0.1402986904220908
BATS,7,208,0.1402986904220908
BATS,7,224,0.13090943786027864
BATS,7,232,0.13090943786027864
BATS,7,248,0.13090943786027864
BATS,7,256,0.13090943786027864
BATS,7,272,0.13090943786027864
BATS,7,288,0.13090943786027864
BATS,7,296,0.13090943786027864
BATS,7,312,0.12511543307487172
BATS,7,328,0.12511543307487172
BATS,7,344,0.12282775543856703
BATS,7,368,0.10910383156246882
BATS,7,384,0.09707116203741566
BATS,7,400,0.09707116203741566
BATS,7,424,0.09707116203741566
BATS,7,448,0.09707116203741566
BATS,7,472,0.09314899172106951
BATS,7,488,0.09314899172106951
BATS,7,520,0.09314899172106951
BATS,7,544,0.0910055693897006
BATS,7,568,0.0852034896648385
BATS,7,600,0.08388246757509628
BATS,7,632,0.08388246757509628
BATS,7,664,0.08388246757509628
BATS,7,696,0.0822983298893503
BATS,7,728,0.0816903853520559
BATS,7,768,0.0816903853520559
BATS,7,808,0.08155631108815971
BATS,7,848,0.08041292650000562
BATS,7,896,0.0803164186126056
BATS,7,936,0.07838412451455912
BATS,7,984,0.07719507280702097
BATS,7,1032,0.07666439847477106
BATS,7,1088,0.07483254204468956
BATS,7,1144,0.0710908912112594
BATS,7,1200,0.06630554441797963
BATS,7,1264,0.04478769051089614
BATS,7,1328,0.042871993761748925
BATS,7,1392,0.04257577106695462
BATS,7,1464,0.037105295441699215
BATS,7,1544,0.025614160725770184
BATS,7,1616,0.022183212797668227
BATS,7,1704,0.021259364496921923
BATS,7,1784,0.019745973036939115
BATS,7,1880,0.014497022243105772
BATS,7,1976,0.013941894434910049
BATS,7,2072,0.01358569454226396
BATS,7,2176,0.008504337235007684
BATS,7,2288,0.008504337235007684
BATS,7,2408,0.008504337235007684
BATS,7,2528,0.008504337235007684
BATS,7,2656,0.008504337235007684
BATS,7,2792,0.008504337235007684
BATS,7,2936,0.008504337235007684
BATS,8,8,0.8233404973293995
BATS,8,16,0.1088737284135614
BATS,8,24,0.1088737284135614
BATS,8,32,0.10161217813883408
BATS,8,40,0.10161217813883408
BATS,8,48,0.10161217813883408
BATS,8,56,0.10161217813883408
BATS,8,64,0.10161217813883408
BATS,8,72,0.10161217813883408
BATS,8,80,0.10161217813883408
BATS,8,88,0.07959123517518955
BATS,8,96,0.07959123517518955
BATS,8,104,0.07959123517518955
BATS,8,112,0.07959123517518955
BATS,8,120,0.07959123517518955
BATS,8,128,0.07959123517518955
BATS,8,136,0.07959123517518955
BATS,8,144,0.07959123517518955
BATS,8,152,0.07959123517518955
BATS,8,160,0.07959123517518955
BATS,8,168,0.07959123517518955
BATS,8,176,0.07959123517518955
BATS,8,184,0.07959123517518955
BATS,8,192,0.07959123517518955
BATS,8,200,0.07959123517518955
BATS,8,208,0.07959123517518955
BATS,8,216,0.07959123517518955
BATS,8,232,0.07959123517518955
BATS,8,240,0.07959123517518955
BATS,8,248,0.07959123517518955
BATS,8,264,0.07959123517518955
BATS,8,272,0.07959123517518955
BATS,8,288,0.07641806379229643
BATS,8,304,0.073803684712836
BATS,8,312,0.06831163035577838
BATS,8,328,0.06831163035577838
BATS,8,344,0.06831163035577838
BATS,8,360,0.06638459445415154
BATS,8,376,0.06638459445415154
BATS,8,392,0.06638459445415154
BATS,8,416,0.06585277117285218
BATS,8,432,0.0631133607657988
BATS,8,456,0.05946829762997248
BATS,8,472,0.058037972276562814
BATS,8,496,0.05623188873784171
BATS,8,520,0.05514374903777551
BATS,8,544,0.05177192816131217
BATS,8,568,0.05101747917748437
BATS,8,592,0.049048214777477825
BATS,8,624,0.04573801165644607
BATS,8,648,0.04386677237310255
BATS,8,680,0.041864525759506936
BATS,8,712,0.03759188738890404
BATS,8,744,0.03759188738890404
BATS,8,784,0.026519569367887946
BATS,8,816,0.026364840005894147
BATS,8,856,0.02475539362689336
BATS,8,896,0.02241081425479378
BATS,8,936,0.018653377559399987
BATS,8,984,0.017062274156366315
BATS,8,1024,0.015983302160386778
BATS,8,1072,0.014844351130929986
BATS,8,1120,0.01460644225421018
BATS,8,1176,0.013227493213199886
BATS,8,1232,0.011551250761854898
BATS,8,1288,0.008129690178488955
BATS,8,1344,0.004900501283454148
BATS,8,1408,0.004900501283454148
BATS,8,1472,0.0023895364572691117
BATS,8,1544,0.0008960264022019362
BATS,8,1616,0.0003476378764623511
BATS,8,1688,4.8357812025723976e-05
BATS,8,1768,1.754771552939043e-05
BATS,9,8,0.6867935889183321
BATS,9,16,0.20857757154083473
BATS,9,24,0.20857757154083473
BATS,9,32,0.20857757154083473
BATS,9,40,0.20857757154083473
BATS,9,48,0.20857757154083473
BATS,9,56,0.20857757154083473
BATS,9,64,0.16621492123687504
BATS,9,72,0.16014356136943558
BATS,9,80,0.16014356136943558
BATS,9,88,0.16014356136943558
BATS,9,96,0.16014356136943558
BATS,9,104,0.16014356136943558
BATS,9,112,0.14998112728779342
BATS,9,120,0.1310531360010132
BATS,9,128,0.1310531360010132
BATS,9,136,0.1310531360010132
BATS,9,144,0.1310531360010132
BATS,9,152,0.1310531360010132
BATS,9,160,0.1310531360010132
BATS,9,168,0.1310531360010132
BATS,9,176,0.1310531360010132
BATS,9,184,0.1310531360010132
BATS,9,192,0.1310531360010132
BATS,9,200,0.1310531360010132
BATS,9,208,0.1310531360010132
BATS,9,224,0.1310531360010132
BATS,9,232,0.1310531360010132
BATS,9,240,0.1310531360010132
BATS,9,256,0.1310531360010132
BATS,9,272,0.1310531360010132
BATS,9,280,0.1310531360010132
BATS,9,296,0.1310531360010132
BATS,9,312,0.12484944712519423
BATS,9,328,0.11648695916017927
BATS,9,344,0.11075331234652694
BATS,9,360,0.10940060409064431
BATS,9,376,0.10940060409064431
BATS,9,400,0.09867913261966435
BATS,9,416,0.09164609730445739
BATS,9,440,0.09164609730445739
BATS,9,456,0.09164609730445739
BATS,9,480,0.09164609730445739
BATS,9,504,0.09164609730445739
BATS,9,536,0.09010553279709459
BATS,9,560,0.08781355662346244
BATS,9,584,0.08685045156071326
BATS,9,616,0.08461204141355023
BATS,9,648,0.08285098439007575
BATS,9,680,0.08025931251541008
BATS,9,712,0.07954383443666069
BATS,9,752,0.07570867136609423
BATS,9,784,0.07374040285820402
BATS,9,824,0.06659060976289419
BATS,9,864,0.058954678629543386
BATS,9,912,0.04771395861234619
BATS,9,952,0.04129796210691803
BATS,9,1000,0.037418728287132524
BATS,9,1056,0.03365450182801626
BATS,9,1104,0.031128138428854472
BATS,9,1160,0.02933656289958979
BATS,9,1224,0.023762527217379453
BATS,9,1280,0.023762527217379453
BATS,9,1344,0.021295286933573493
BATS,9,1416,0.01916657839156914
BATS,9,1480,0.01773614169912047
BATS,9,1560,0.015676655651675375
BATS,9,1632,0.015612506508327158
BATS,9,1720,0.014541621233467035
BATS,9,1800,0.013847083901473068
BATS,9,1896,0.010908116364579926
BATS,9,1984,0.007963583953660406
BATS,9,2088,0.0055824818906792745
BATS,9,2192,0.0013580268482635456
BATS,9,2304,0.0006855536536170064
BATS,9,2416,0.00024395017574480366
BATS,9,2536,0.00011587981757614239
BATS,9,2664,9.972539675089523e-06
Canaries,0,8,0.32210381006212846
Canaries,0,16,0.32210381006212846
Canaries,0,24,0.32210381006212846
Canaries,0,32,0.32210381006212846
Canaries,0,40,0.1960756304440554
Canaries,0,48,0.1960756304440554
Canaries,0,56,0.1960756304440554
Canaries,0,64,0.1960756304440554
Canaries,0,72,0.1960756304440554
Canaries,0,80,0.1960756304440554
Canaries,0,88,0.14185962618596434
Canaries,0,96,0.14185962618596434
Canaries,0,104,0.14185962618596434
Canaries,0,112,0.14185962618596434
Canaries,0,120,0.10363165415926857
Canaries,0,128,0.10363165415926857
Canaries,0,136,0.10363165415926857
Canaries,0,144,0.10363165415926857
Canaries,0,152,0.10363165415926857
Canaries,0,160,0.10363165415926857
Canaries,0,168,0.10363165415926857
Canaries,0,184,0.10363165415926857
Canaries,0,192,0.10363165415926857
Canaries,0,200,0.10363165415926857
Canaries,0,208,0.10363165415926857
Canaries,0,216,0.10363165415926857
Canaries,0,232,0.10363165415926857
Canaries,0,240,0.0991880602985155
Canaries,0,248,0.07636852608353584
Canaries,0,264,0.07636852608353584
Canaries,0,280,0.07636852608353584
Canaries,0,288,0.07636852608353584
Canaries,0,304,0.07636852608353584
Canaries,0,320,0.07636852608353584
Canaries,0,336,0.07636852608353584
Canaries,0,352,0.07636852608353584
Canaries,0,368,0.07636852608353584
Canaries,0,384,0.07636852608353584
Canaries,0,408,0.07636852608353584
Canaries,0,424,0.07636852608353584
Canaries,0,448,0.07636852608353584
Canaries,0,472,0.07231226930132899
Canaries,0,496,0.07160286180115256
Canaries,0,520,0.054797874738791205
Canaries,0,544,0.0383784959442533
Canaries,0,568,0.0383784959442533
Canaries,0,600,0.03463259703861407
Canaries,0,624,0.03262958092405039
Canaries,0,656,0.03262958092405039
Canaries,0,688,0.032012469375142474
Canaries,0,720,0.032012469375142474
Canaries,0,760,0.031043018754566123
Canaries,0,792,0.031043018754566123
Canaries,0,832,0.030100260179915777
Canaries,0,872,0.0252044324603228
Canaries,0,920,0.022901582881984007
Canaries,0,960,0.01647133046576544
Canaries,0,1008,0.01647133046576544
Canaries,0,1056,0.01647133046576544
Canaries,0,1112,0.013243387772350276
Canaries,0,1168,0.011289518115570208
Canaries,0,1224,0.011289518115570208
Canaries,0,1280,0.008944006428886653
Canaries,0,1344,0.006639411675489729
Canaries,0,1416,0.005628688426927951
Canaries,0,1480,0.003666630507510666
Canaries,0,1552,0.002417788159485503
Canaries,0,1632,0.0011536515482038203
Canaries,0,1712,0.0003872660101837793
Canaries,0,1792,0.00010423520207734652
Canaries,0,1880,3.5984347687300344e-05
Canaries,0,1976,5.769588473339665e-06
Canaries,0,2072,2.060507447828213e-06
Canaries,0,2176,2.542925093852687e-07
Canaries,0,2280,2.2227812428836421e-07
Canaries,0,2392,1.9147108150989348e-08
Canaries,1,8,0.13932037451247295
Canaries,1,16,0.13932037451247295
Canaries,1,24,0.13932037451247295
Canaries,1,32,0.13932037451247295
Canaries,1,40,0.13932037451247295
Canaries,1,48,0.13932037451247295
Canaries,1,56,0.13932037451247295
Canaries,1,64,0.13932037451247295
Canaries,1,72,0.13932037451247295
Canaries,1,80,0.13932037451247295
Canaries,1,88,0.13932037451247295
Canaries,1,96,0.13932037451247295
Canaries,1,104,0.13865459569313812
Canaries,1,112,0.13865459569313812
Canaries,1,120,0.13865459569313812
Canaries,1,128,0.13636170020251406
Canaries,1,136,0.13636170020251406
Canaries,1,144,0.13636170020251406
Canaries,1,152,0.13636170020251406
Canaries,1,160,0.13636170020251406
Canaries,1,168,0.13255304567715262
Canaries,1,176,0.12711829902182428
Canaries,1,184,0.12711829902182428
Canaries,1,192,0.12711829902182428
Canaries,1,200,0.12711829902182428
Canaries,1,208,0.12711829902182428
Canaries,1,216,0.12711829902182428
Canaries,1,232,0.12711829902182428
Canaries,1,240,0.12711829902182428
Canaries,1,248,0.12711829902182428
Canaries,1,264,0.12711829902182428
Canaries,1,280,0.12711829902182428
Canaries,1,288,0.12112909701299683
Canaries,1,304,0.12111427827382655
Canaries,1,320,0.12111427827382655
Canaries,1,336,0.12111427827382655
Canaries,1,352,0.11382178628081899
Canaries,1,368,0.1106865368545602
Canaries,1,384,0.1075745140931471
Canaries,1,400,0.1026564312930727
Canaries,1,424,0.10254473426126474
Canaries,1,440,0.10254473426126474
Canaries,1,464,0.09861492471254024
Canaries,1,488,0.09861492471254024
Canaries,1,512,0.09861492471254024
Canaries,1,536,0.09861492471254024
Canaries,1,560,0.0944977120517838
Canaries,1,592,0.09293528037776075
Canaries,1,616,0.08845284861378924
Canaries,1,648,0.08370339367766925
Canaries,1,680,0.08000764875786837
Canaries,1,712,0.08000764875786837
Canaries,1,744,0.07878021962466221
Canaries,1,784,0.07702294929022761
Canaries,1,816,0.06942486541940113
Canaries,1,856,0.06424894868024261
Canaries,1,904,0.06098984945386295
Canaries,1,944,0.05224000564017204
Canaries,1,992,0.03893608300671481
Canaries,1,1040,0.030330159908113708
Canaries,1,1088,0.013427429389592415
Canaries,1,1136,0.013427429389592415
Canaries,1,1192,0.013427429389592415
Canaries,1,1256,0.01077759867233924
Canaries,1,1312,0.01077759867233924
Canaries,1,1376,0.007743348118692552
Canaries,1,1440,0.0063420935606787075
Canaries,1,1512,0.0059353098697437585
Canaries,1,1584,0.005029534396807098
Canaries,1,1664,0.004130312250976138
Canaries,1,1744,0.0016974453196646822
Canaries,1,1824,0.00040002495640110167
Canaries,1,1920,6.809395773440429e-05
Canaries,1,2008,1.0600847408730769e-05
Canaries,1,2104,1.1219317107181874e-06
Canaries,1,2208,6.004792787655377e-07
Canaries,10,8,0.14551626374924612
Canaries,10,16,0.13383736406128224
Canaries,10,24,0.13383736406128224
Canaries,10,32,0.13383736406128224
Canaries,10,40,0.10521493174234142
Canaries,10,48,0.10521493174234142
Canaries,10,56,0.10521493174234142
Canaries,10,64,0.10521493174234142
Canaries,10,72,0.10521493174234142
Canaries,10,80,0.10521493174234142
Canaries,10,88,0.10521493174234142
Canaries,10,96,0.10521493174234142
Canaries,10,104,0.10521493174234142
Canaries,10,112,0.10521493174234142
Canaries,10,120,0.10521493174234142
Canaries,10,128,0.10521493174234142
Canaries,10,136,0.10521493174234142
Canaries,10,144,0.10461686223680061
Canaries,10,152,0.09530550505661795
Canaries,10,160,0.09440458684437855
Canaries,10,168,0.09440458684437855
Canaries,10,176,0.09440458684437855
Canaries,10,184,0.09440458684437855
Canaries,10,192,0.09006372164266391
Canaries,10,200,0.09006372164266391
Canaries,10,208,0.09006372164266391
Canaries,10,224,0.09006372164266391
Canaries,10,232,0.08956998920721437
Canaries,10,240,0.08136782300253986
Canaries,10,256,0.07846509017287116
Canaries,10,264,0.07846509017287116
Canaries,10,280,0.07846509017287116
Canaries,10,288,0.07846509017287116
Canaries,10,304,0.07210913289187587
Canaries,10,320,0.06429587078458579
Canaries,10,336,0.05433870113431801
Canaries,10,352,0.05433870113431801
Canaries,10,368,0.05433870113431801
Canaries,10,384,0.05433870113431801
Canaries,10,400,0.043068869746381196
Canaries,10,416,0.043068869746381196
Canaries,10,440,0.043068869746381196
Canaries,10,456,0.043068869746381196
Canaries,10,480,0.04056672419764006
Canaries,10,504,0.04056672419764006
Canaries,10,528,0.03735154527920493
Canaries,10,552,0.03418135074527773
Canaries,10,576,0.032687168321991686
Canaries,10,600,0.030753340095867474
Canaries,10,632,0.027448708793576273
Canaries,10,656,0.025929741180575956
Canaries,10,688,0.02399243611521391
Canaries,10,720,0.02008994061938495
Canaries,10,752,0.01844187200046695
Canaries,10,792,0.011614923933623128
Canaries,10,824,0.011614923933623128
Canaries,10,864,0.011614923933623128
Canaries,10,904,0.011614923933623128
Canaries,10,952,0.011614923933623128
Canaries,10,992,0.011614923933623128
Canaries,10,1040,0.011614923933623128
Canaries,10,1088,0.011614923933623128
Canaries,10,1136,0.011614923933623128
Canaries,10,1192,0.011614923933623128
Canaries,10,1248,0.011614923933623128
Canaries,10,1304,0.011614923933623128
Canaries,10,1368,0.011614923933623128
Canaries,10,1424,0.011614923933623128
Canaries,10,1496,0.011614923933623128
Canaries,10,1560,0.011614923933623128
Canaries,10,1640,0.011614923933623128
Canaries,10,1712,0.011614923933623128
Canaries,10,1792,0.011614923933623128
Canaries,11,8,0.15184370298367875
Canaries,11,16,0.15184370298367875
Canaries,11,24,0.15184370298367875
Canaries,11,32,0.15184370298367875
Canaries,11,40,0.15184370298367875
Canaries,11,48,0.15184370298367875
Canaries,11,56,0.15184370298367875
Canaries,11,64,0.15184370298367875
Canaries,11,72,0.15184370298367875
Canaries,11,80,0.15184370298367875
Canaries,11,88,0.15184370298367875
Canaries,11,96,0.12520693463711574
Canaries,11,104,0.11761568831411882
Canaries,11,112,0.11761568831411882
Canaries,11,120,0.11761568831411882
Canaries,11,128,0.11761568831411882
Canaries,11,136,0.11761568831411882
Canaries,11,144,0.11761568831411882
Canaries,11,152,0.10486519657260165
Canaries,11,160,0.10486519657260165
Canaries,11,168,0.10486519657260165
Canaries,11,176,0.10486519657260165
Canaries,11,184,0.10486519657260165
Canaries,11,192,0.10312628988775642
Canaries,11,200,0.10312628988775642
Canaries,11,208,0.10312628988775642
Canaries,11,224,0.10312628988775642
Canaries,11,232,0.10312628988775642
Canaries,11,248,0.10312628988775642
Canaries,11,256,0.10312628988775642
Canaries,11,272,0.10312628988775642
Canaries,11,280,0.10312628988775642
Canaries,11,296,0.10312628988775642
Canaries,11,312,0.10312628988775642
Canaries,11,328,0.10312628988775642
Canaries,11,344,0.10312628988775642
Canaries,11,360,0.10312628988775642
Canaries,11,376,0.10312628988775642
Canaries,11,400,0.10312628988775642
Canaries,11,416,0.10312628988775642
Canaries,11,440,0.10312628988775642
Canaries,11,456,0.10312628988775642
Canaries,11,480,0.10188195817068312
Canaries,11,504,0.09723887088116667
Canaries,11,528,0.09629482988224661
Canaries,11,552,0.09629482988224661
Canaries,11,584,0.0906672286991659
Canaries,11,608,0.08658597146652564
Canaries,11,640,0.08555775308095843
Canaries,11,672,0.07877647744716827
Canaries,11,704,0.07877647744716827
Canaries,11,744,0.07471819104109828
Canaries,11,776,0.0697433139794791
Canaries,11,816,0.06614637147810866
Canaries,11,856,0.06614637147810866
Canaries,11,896,0.06252166191453362
Canaries,11,944,0.05791252688539429
Canaries,11,992,0.05513788336213207
Canaries,11,1040,0.0516625052247581
Canaries,11,1088,0.0516625052247581
Canaries,11,1144,0.04948595142622876
Canaries,11,1200,0.04226541708969484
Canaries,11,1256,0.03676335550265275
Canaries,11,1320,0.03381608488006775
Canaries,11,1384,0.027768024594779367
Canaries,11,1456,0.023789651020207647
Canaries,11,1528,0.01526739457116201
Canaries,11,1600,0.013027360234439853
Canaries,11,1680,0.013027360234439853
Canaries,11,1768,0.006050329356431257
Canaries,11,1848,0.0010620470178977803
Canaries,11,1944,0.000501845558479248
Canaries,11,2040,0.00019665938466309008
Canaries,11,2136,3.733780747353304e-05
Canaries,11,2248,9.661957656851007e-06
Canaries,11,2352,9.035808967037383e-07
Canaries,11,2472,1.3209864944733998e-07
Canaries,12,8,0.23452917249177171
Canaries,12,16,0.2186785878480747
Canaries,12,24,0.2186785878480747
Canaries,12,32,0.16230414957303915
Canaries,12,40,0.14634652923538874
Canaries,12,48,0.14634652923538874
Canaries,12,56,0.14634652923538874
Canaries,12,64,0.13463938778285683
Canaries,12,72,0.13463938778285683
Canaries,12,80,0.13463938778285683
Canaries,12,88,0.13463938778285683
Canaries,12,96,0.13463938778285683
Canaries,12,104,0.1287323375870839
Canaries,12,112,0.1279232684767335
Canaries,12,120,0.1279232684767335
Canaries,12,128,0.1279232684767335
Canaries,12,136,0.1279232684767335
Canaries,12,144,0.1279232684767335
Canaries,12,152,0.1279232684767335
Canaries,12,160,0.1279232684767335
Canaries,12,168,0.1279232684767335
Canaries,12,176,0.1279232684767335
Canaries,12,184,0.1279232684767335
Canaries,12,192,0.1279232684767335
Canaries,12,208,0.1279232684767335
Canaries,12,216,0.1279232684767335
Canaries,12,224,0.1279232684767335
Canaries,12,240,0.1279232684767335
Canaries,12,248,0.1279232684767335
Canaries,12,264,0.1263724290678625
Canaries,12,272,0.12432360838384854
Canaries,12,288,0.12291914494741217
Canaries,12,304,0.12089429977301396
Canaries,12,320,0.11946691919478347
Canaries,12,336,0.11453263983511891
Canaries,12,352,0.11453263983511891
Canaries,12,368,0.10980471690524056
Canaries,12,384,0.10980471690524056
Canaries,12,408,0.10608464588295656
Canaries,12,424,0.10561607603893831
Canaries,12,448,0.09754973691226393
Canaries,12,472,0.09754973691226393
Canaries,12,496,0.09754973691226393
Canaries,12,520,0.09754973691226393
Canaries,12,544,0.09754973691226393
Canaries,12,576,0.09690600419978908
Canaries,12,600,0.09482772475219126
Canaries,12,632,0.0937936025941444
Canaries,12,664,0.0937936025941444
Canaries,12,696,0.0912057732231326
Canaries,12,736,0.0912057732231326
Canaries,12,768,0.09061888930572443
Canaries,12,808,0.09043054868857847
Canaries,12,848,0.08963783278122249
Canaries,12,896,0.08902716403803028
Canaries,12,936,0.08711856642761154
Canaries,12,984,0.08534807874182786
Canaries,12,1032,0.08466983454893613
Canaries,12,1088,0.08301353143277533
Canaries,12,1144,0.07969086519528482
Canaries,12,1200,0.07377637256167908
Canaries,12,1256,0.07329251819152482
Canaries,12,1320,0.06837825253548935
Canaries,12,1384,0.06577954347762675
Canaries,12,1456,0.059000485927300485
Canaries,12,1528,0.048062061237676444
Canaries,12,1608,0.032875995063101314
Canaries,12,1688,0.03124983604829682
Canaries,12,1776,0.03088557519410637
Canaries,12,1864,0.026698540680287312
Canaries,12,1960,0.018205556161596963
Canaries,12,2056,0.008205081305813914
Canaries,12,2160,0.005476733784253285
Canaries,12,2264,0.003030322900137226
Canaries,12,2384,0.0027400092039088506
Canaries,12,2504,0.0024474644514768935
Canaries,12,2624,0.002441282193299357
Canaries,12,2760,0.002441232543865545
Canaries,13,8,0.4403733803676377
Canaries,13,16,0.4403733803676377
Canaries,13,24,0.41510167540508613
Canaries,13,32,0.41510167540508613
Canaries,13,40,0.3980761848160323
Canaries,13,48,0.32714929475060317
Canaries,13,56,0.32714929475060317
Canaries,13,64,0.20164282744577972
Canaries,13,72,0.20164282744577972
Canaries,13,80,0.20164282744577972
Canaries,13,88,0.20164282744577972
Canaries,13,96,0.20164282744577972
Canaries,13,104,0.20164282744577972
Canaries,13,112,0.20164282744577972
Canaries,13,120,0.20164282744577972
Canaries,13,128,0.20164282744577972
Canaries,13,136,0.20164282744577972
Canaries,13,144,0.20164282744577972
Canaries,13,152,0.20164282744577972
Canaries,13,160,0.17572564339101768
Canaries,13,168,0.13434198629675964
Canaries,13,176,0.13434198629675964
Canaries,13,184,0.13434198629675964
Canaries,13,192,0.1214389895304073
Canaries,13,200,0.11426986876894407
Canaries,13,208,0.11426986876894407
Canaries,13,224,0.1058368776884751
Canaries,13,232,0.10520878728034282
Canaries,13,240,0.09857989969326246
Canaries,13,248,0.09857989969326246
Canaries,13,264,0.09857989969326246
Canaries,13,272,0.07969462765957469
Canaries,13,288,0.07969462765957469
Canaries,13,304,0.0670020512730666
Canaries,13,312,0.0670020512730666
Canaries,13,328,0.0670020512730666
Canaries,13,344,0.05877778747076402
Canaries,13,360,0.05734042841108783
Canaries,13,376,0.05734042841108783
Canaries,13,392,0.05734042841108783
Canaries,13,408,0.05734042841108783
Canaries,13,432,0.05734042841108783
Canaries,13,448,0.05473180112820121
Canaries,13,464,0.04822226364030906
Canaries,13,488,0.04016510377851321
Canaries,13,512,0.04016510377851321
Canaries,13,536,0.024127573824240935
Canaries,13,560,0.02261224442324694
Canaries,13,584,0.02261224442324694
Canaries,13,608,0.02261224442324694
Canaries,13,640,0.02261224442324694
Canaries,13,664,0.021412668223183676
Canaries,13,696,0.019445660900891375
Canaries,13,728,0.019445660900891375
Canaries,13,760,0.017581894741391838
Canaries,13,792,0.014613429683113648
Canaries,13,832,0.013558898046951045
Canaries,13,872,0.011740777480760547
Canaries,13,912,0.009864849927726533
Canaries,13,952,0.008486824643349359
Canaries,13,992,0.007690455586645647
Canaries,13,1040,0.006771409897016685
Canaries,13,1080,0.004916720272444682
Canaries,13,1136,0.0031906361958363998
Canaries,13,1184,0.002916305373343173
Canaries,13,1240,0.00249476554299596
Canaries,13,1296,0.002433135541289138
Canaries,13,1352,0.0024320686364192657
Canaries,13,1416,0.002432012782163641
Canaries,13,1480,0.0024319225702706705
Canaries,13,1544,0.002431921953364392
Canaries,14,8,0.9508685618714823
Canaries,14,16,0.6195341565149425
Canaries,14,24,0.2616148837764219
Canaries,14,32,0.2616148837764219
Canaries,14,40,0.1595998214478697
Canaries,14,48,0.1595998214478697
Canaries,14,56,0.15146529819854093
Canaries,14,64,0.12618867514892665
Canaries,14,72,0.12618867514892665
Canaries,14,80,0.0861494502253976
Canaries,14,88,0.0861494502253976
Canaries,14,96,0.0861494502253976
Canaries,14,104,0.0861494502253976
Canaries,14,112,0.0861494502253976
Canaries,14,120,0.0861494502253976
Canaries,14,128,0.0861494502253976
Canaries,14,136,0.0861494502253976
Canaries,14,144,0.0861494502253976
Canaries,14,152,0.0861494502253976
Canaries,14,160,0.0861494502253976
Canaries,14,168,0.0861494502253976
Canaries,14,176,0.0861494502253976
Canaries,14,184,0.0861494502253976
Canaries,14,192,0.0861494502253976
Canaries,14,200,0.0861494502253976
Canaries,14,208,0.0861494502253976
Canaries,14,216,0.0861494502253976
Canaries,14,224,0.0861494502253976
Canaries,14,240,0.0861494502253976
Canaries,14,248,0.0861494502253976
Canaries,14,264,0.0861494502253976
Canaries,14,272,0.0861494502253976
Canaries,14,288,0.0861494502253976
Canaries,14,304,0.0861494502253976
Canaries,14,312,0.0861494502253976
Canaries,14,328,0.0861494502253976
Canaries,14,344,0.08468612832341817
Canaries,14,360,0.08282283158024985
Canaries,14,376,0.06927587380789497
Canaries,14,400,0.06927587380789497
Canaries,14,416,0.06927587380789497
Canaries,14,440,0.06285487925961543
Canaries,14,456,0.06285487925961543
Canaries,14,480,0.058181290570709296
Canaries,14,504,0.04597703285777993
Canaries,14,528,0.04597703285777993
Canaries,14,552,0.04597703285777993
Canaries,14,576,0.04588698460930031
Canaries,14,608,0.04507261952681872
Canaries,14,632,0.044350807543163666
Canaries,14,664,0.042322133771337825
Canaries,14,696,0.04177105115013269
Canaries,14,728,0.04134038569627049
Canaries,14,760,0.040639589482257155
Canaries,14,800,0.040559845105220864
Canaries,14,840,0.040021157232630236
Canaries,14,880,0.038897723728239644
Canaries,14,920,0.037911399691955706
Canaries,14,960,0.03295513743936251
Canaries,14,1008,0.02414260608916145
Canaries,14,1056,0.02380635042633009
Canaries,14,1104,0.018231828909481388
Canaries,14,1160,0.016746927190632015
Canaries,14,1216,0.015490962052561456
Canaries,14,1272,0.013046485416757922
Canaries,14,1328,0.01175440089802272
Canaries,14,1392,0.009242129897781549
Canaries,14,1464,0.0039092805563269665
Canaries,14,1528,0.0029371931336409454
Canaries,14,1608,0.0015636673307187583
Canaries,14,1680,0.0008053579720262724
Canaries,14,1760,5.334484159042627e-05
Canaries,14,1848,1.50376505219581e-05
Canaries,14,1936,3.441183943987072e-06
Canaries,14,2024,1.427295441477775e-06
Canaries,15,8,0.6803737884196154
Canaries,15,16,0.3432480519407069
Canaries,15,24,0.3262822862723788
Canaries,15,32,0.3262822862723788
Canaries,15,40,0.07688895521214478
Canaries,15,48,0.07688895521214478
Canaries,15,56,0.07688895521214478
Canaries,15,64,0.07688895521214478
Canaries,15,72,0.07688895521214478
Canaries,15,80,0.07688895521214478
Canaries,15,88,0.07688895521214478
Canaries,15,96,0.07688895521214478
Canaries,15,104,0.07688895521214478
Canaries,15,112,0.07688895521214478
Canaries,15,120,0.07688895521214478
Canaries,15,128,0.07688895521214478
Canaries,15,136,0.07688895521214478
Canaries,15,144,0.07688895521214478
Canaries,15,152,0.07688895521214478
Canaries,15,160,0.07688895521214478
Canaries,15,168,0.07688895521214478
Canaries,15,176,0.07688895521214478
Canaries,15,184,0.07688895521214478
Canaries,15,192,0.07688895521214478
Canaries,15,200,0.07688895521214478
Canaries,15,208,0.07688895521214478
Canaries,15,224,0.07688895521214478
Canaries,15,232,0.07688895521214478
Canaries,15,240,0.07688895521214478
Canaries,15,256,0.07688895521214478
Canaries,15,264,0.07688895521214478
Canaries,15,280,0.07688895521214478
Canaries,15,296,0.07688895521214478
Canaries,15,304,0.07688895521214478
Canaries,15,320,0.07688895521214478
Canaries,15,336,0.07688895521214478
Canaries,15,352,0.07688895521214478
Canaries,15,376,0.07688895521214478
Canaries,15,392,0.07688895521214478
Canaries,15,408,0.07688895521214478
Canaries,15,432,0.07688895521214478
Canaries,15,448,0.07688895521214478
Canaries,15,472,0.07688895521214478
Canaries,15,496,0.07688895521214478
Canaries,15,520,0.07688895521214478
Canaries,15,544,0.07121522790471746
Canaries,15,568,0.06912498663566653
Canaries,15,600,0.06641258564447769
Canaries,15,624,0.06470458246335298
Canaries,15,656,0.06470458246335298
Canaries,15,688,0.06130243887003808
Canaries,15,720,0.05719161431722551
Canaries,15,760,0.053778928164237114
Canaries,15,792,0.05088793730061427
Canaries,15,832,0.048625503187263885
Canaries,15,872,0.04542940509893868
Canaries,15,920,0.0393202900196378
Canaries,15,960,0.035682619317863644
Canaries,15,1008,0.03146457438860134
Canaries,15,1056,0.02843803450063372
Canaries,15,1104,0.02588810666614951
Canaries,15,1160,0.025408998215295853
Canaries,15,1216,0.022979641814544944
Canaries,15,1280,0.022642265685336
Canaries,15,1336,0.02222271945902194
Canaries,15,1408,0.02171397435055358
Canaries,15,1472,0.021497019686735435
Canaries,15,1544,0.021292839548418988
Canaries,15,1616,0.021277749410842307
Canaries,15,1696,0.021192729541092102
Canaries,15,1776,0.021176100780387588
Canaries,15,1864,0.02114651597325358
Canaries,15,1960,0.021145572547276746
Canaries,15,2048,0.021145572547276746
Canaries,15,2152,0.021145572547276746
Canaries,15,2256,0.021145572547276746
Canaries,16,8,0.403790686693904
Canaries,16,16,0.403790686693904
Canaries,16,24,0.403790686693904
Canaries,16,32,0.19223185862536116
Canaries,16,40,0.14606713136355598
Canaries,16,48,0.14606713136355598
Canaries,16,56,0.14606713136355598
Canaries,16,64,0.14606713136355598
Canaries,16,72,0.14606713136355598
Canaries,16,80,0.14606713136355598
Canaries,16,88,0.11448949483841861
Canaries,16,96,0.11448949483841861
Canaries,16,104,0.11448949483841861
Canaries,16,112,0.11448949483841861
Canaries,16,120,0.11448949483841861
Canaries,16,128,0.11448949483841861
Canaries,16,136,0.10711303304506443
Canaries,16,144,0.10711303304506443
Canaries,16,152,0.10711303304506443
Canaries,16,160,0.10711303304506443
Canaries,16,168,0.10711303304506443
Canaries,16,176,0.10711303304506443
Canaries,16,184,0.06870713236204566
Canaries,16,192,0.06870713236204566
Canaries,16,200,0.06870713236204566
Canaries,16,216,0.06870713236204566
Canaries,16,224,0.06870713236204566
Canaries,16,232,0.06870713236204566
Canaries,16,248,0.06870713236204566
Canaries,16,256,0.06870713236204566
Canaries,16,264,0.06870713236204566
Canaries,16,280,0.06870713236204566
Canaries,16,296,0.06870713236204566
Canaries,16,304,0.06870713236204566
Canaries,16,320,0.053060894244392164
Canaries,16,336,0.042760809054306716
Canaries,16,352,0.042760809054306716
Canaries,16,368,0.042760809054306716
Canaries,16,384,0.0423097335300111
Canaries,16,400,0.0423097335300111
Canaries,16,416,0.0423097335300111
Canaries,16,440,0.03584552183470817
Canaries,16,456,0.03584552183470817
Canaries,16,480,0.03584552183470817
Canaries,16,504,0.03584552183470817
Canaries,16,528,0.033863466060856114
Canaries,16,552,0.031369928197571055
Canaries,16,576,0.028551674148304482
Canaries,16,600,0.025479166804452433
Canaries,16,624,0.025479166804452433
Canaries,16,656,0.023496671871816765
Canaries,16,688,0.020827523245591915
Canaries,16,720,0.020827523245591915
Canaries,16,752,0.018095988324194283
Canaries,16,784,0.015512187326504159
Canaries,16,824,0.013481786673136627
Canaries,16,856,0.012945537991027616
Canaries,16,896,0.010692818041360836
Canaries,16,944,0.006662904226942982
Canaries,16,984,0.0046171038466688566
Canaries,16,1032,0.0046171038466688566
Canaries,16,1080,0.0031706010571646626
Canaries,16,1128,0.002443003021353087
Canaries,16,1176,0.002266378651330777
Canaries,16,1232,0.0012456516365582369
Canaries,16,1288,0.0008279567851886142
Canaries,16,1352,0.00034152910206350714
Canaries,16,1408,0.0001276337015872869
Canaries,16,1472,5.607264086767276e-05
Canaries,16,1544,5.560149392950954e-06
Canaries,16,1616,4.6405865514239486e-06
Canaries,16,1688,7.28979592282659e-07
Canaries,17,8,0.3572182658350926
Canaries,17,16,0.27587421057804334
Canaries,17,24,0.27587421057804334
Canaries,17,32,0.22406577969510344
Canaries,17,40,0.22270298255249793
Canaries,17,48,0.22270298255249793
Canaries,17,56,0.22270298255249793
Canaries,17,64,0.22270298255249793
Canaries,17,72,0.1493590512544543
Canaries,17,80,0.12119476476841441
Canaries,17,88,0.12119476476841441
Canaries,17,96,0.12119476476841441
Canaries,17,104,0.12119476476841441
Canaries,17,112,0.12119476476841441
Canaries,17,120,0.12119476476841441
Canaries,17,128,0.12119476476841441
Canaries,17,136,0.11976347399139531
Canaries,17,144,0.11976347399139531
Canaries,17,152,0.11976347399139531
Canaries,17,160,0.11976347399139531
Canaries,17,168,0.11976347399139531
Canaries,17,176,0.11976347399139531
Canaries,17,184,0.10697905874027828
Canaries,17,200,0.10697905874027828
Canaries,17,208,0.08797104411365177
Canaries,17,216,0.08797104411365177
Canaries,17,224,0.08797104411365177
Canaries,17,240,0.08797104411365177
Canaries,17,248,0.08797104411365177
Canaries,17,264,0.08797104411365177
Canaries,17,272,0.08797104411365177
Canaries,17,288,0.08797104411365177
Canaries,17,304,0.08797104411365177
Canaries,17,320,0.08797104411365177
Canaries,17,336,0.08797104411365177
Canaries,17,352,0.08797104411365177
Canaries,17,368,0.08797104411365177
Canaries,17,384,0.08797104411365177
Canaries,17,408,0.08797104411365177
Canaries,17,424,0.08797104411365177
Canaries,17,448,0.08797104411365177
Canaries,17,472,0.08797104411365177
Canaries,17,496,0.086208999912224
Canaries,17,520,0.086208999912224
Canaries,17,544,0.086208999912224
Canaries,17,568,0.08523697831829045
Canaries,17,600,0.08346845507944155
Canaries,17,624,0.07887368730254324
Canaries,17,656,0.06272222241676842
Canaries,17,688,0.05307740656203001
Canaries,17,728,0.04646895054392379
Canaries,17,760,0.044867507549827865
Canaries,17,800,0.043101097572183535
Canaries,17,840,0.04135075832249857
Canaries,17,880,0.04135075832249857
Canaries,17,928,0.04012689433037056
Canaries,17,968,0.039541187590294465
Canaries,17,1016,0.03808755544254437
Canaries,17,1072,0.03454937606458087
Canaries,17,1120,0.03183489458340846
Canaries,17,1176,0.0307834429112057
Canaries,17,1240,0.02785705708916583
Canaries,17,1296,0.026611341697208014
Canaries,17,1360,0.026589599895961158
Canaries,17,1432,0.025884185052201032
Canaries,17,1504,0.023185225214586
Canaries,17,1576,0.0200793306171632
Canaries,17,1656,0.012478439180723486
Canaries,17,1736,0.008659812900077857
Canaries,17,1824,0.00666860957913593
Canaries,17,1912,0.002677443385372204
Canaries,17,2008,0.0011394932579240251
Canaries,17,2112,0.00024568603629544804
Canaries,17,2216,8.245398387265451e-05
Canaries,17,2320,7.812700700948599e-06
Canaries,17,2440,4.6136192736217133e-07
Canaries,17,2560,4.6136192736217133e-07
Canaries,18,8,0.8218200855960283
Canaries,18,16,0.4838134141140551
Canaries,18,24,0.2206358716713515
Canaries,18,32,0.2206358716713515
Canaries,18,40,0.17054877122742199
Canaries,18,48,0.11363346400696628
Canaries,18,56,0.11363346400696628
Canaries,18,64,0.11363346400696628
Canaries,18,72,0.0922907661286702
Canaries,18,80,0.0922907661286702
Canaries,18,88,0.0922907661286702
Canaries,18,96,0.0922907661286702
Canaries,18,104,0.0922907661286702
Canaries,18,112,0.0922907661286702
Canaries,18,120,0.0922907661286702
Canaries,18,128,0.0922907661286702
Canaries,18,136,0.0922907661286702
Canaries,18,144,0.0922907661286702
Canaries,18,152,0.0922907661286702
Canaries,18,160,0.0922907661286702
Canaries,18,168,0.0922907661286702
Canaries,18,176,0.0922907661286702
Canaries,18,184,0.0922907661286702
Canaries,18,192,0.0922907661286702
Canaries,18,200,0.0922907661286702
Canaries,18,216,0.0922907661286702
Canaries,18,224,0.0922907661286702
Canaries,18,232,0.0922907661286702
Canaries,18,248,0.0922907661286702
Canaries,18,256,0.0922907661286702
Canaries,18,272,0.0922907661286702
Canaries,18,280,0.0922907661286702
Canaries,18,296,0.0922907661286702
Canaries,18,312,0.0922907661286702
Canaries,18,320,0.0922907661286702
Canaries,18,336,0.0922907661286702
Canaries,18,352,0.0922907661286702
Canaries,18,376,0.0922907661286702
Canaries,18,392,0.0922907661286702
Canaries,18,408,0.0922907661286702
Canaries,18,424,0.0922907661286702
Canaries,18,448,0.0922907661286702
Canaries,18,472,0.0922907661286702
Canaries,18,488,0.0922907661286702
Canaries,18,512,0.0922907661286702
Canaries,18,536,0.0922907661286702
Canaries,18,568,0.08378426486154306
Canaries,18,592,0.07668193477127734
Canaries,18,616,0.07033221170095233
Canaries,18,648,0.06131082831409395
Canaries,18,680,0.06131082831409395
Canaries,18,712,0.054306587801208187
Canaries,18,744,0.051033114578253276
Canaries,18,784,0.04633586750576226
Canaries,18,816,0.03668486299802449
Canaries,18,856,0.03668486299802449
Canaries,18,896,0.03453173619021313
Canaries,18,936,0.0310757775253255
Canaries,18,984,0.03033497786638496
Canaries,18,1032,0.028177759066737054
Canaries,18,1080,0.024857816312309048
Canaries,18,1128,0.020031589416494622
Canaries,18,1184,0.015309265241003255
Canaries,18,1240,0.010356665587521999
Canaries,18,1296,0.008154687681278666
Canaries,18,1360,0.006440684160919222
Canaries,18,1424,0.004193369706262558
Canaries,18,1488,0.0011295686572466669
Canaries,18,1560,0.00040431909947350446
Canaries,18,1632,5.967714278828258e-05
Canaries,18,1712,4.0195770089261914e-05
Canaries,18,1792,1.8268277561889473e-05
Canaries,18,1880,2.972241426940475e-06
Canaries,18,1968,2.8390867547773e-07
Canaries,19,8,0.27363292668230194
Canaries,19,16,0.14578103389052813
Canaries,19,24,0.14578103389052813
Canaries,19,32,0.14578103389052813
Canaries,19,40,0.14578103389052813
Canaries,19,48,0.14578103389052813
Canaries,19,56,0.13128672909796926
Canaries,19,64,0.13128672909796926
Canaries,19,72,0.13128672909796926
Canaries,19,80,0.13128672909796926
Canaries,19,88,0.12462408124924587
Canaries,19,96,0.1145704422523554
Canaries,19,104,0.1145704422523554
Canaries,19,112,0.1145704422523554
Canaries,19,120,0.1145704422523554
Canaries,19,128,0.1145704422523554
Canaries,19,136,0.1145704422523554
Canaries,19,144,0.1145704422523554
Canaries,19,152,0.1145704422523554
Canaries,19,160,0.1145704422523554
Canaries,19,168,0.1145704422523554
Canaries,19,176,0.1145704422523554
Canaries,19,184,0.1145704422523554
Canaries,19,192,0.10838214352953995
Canaries,19,200,0.10838214352953995
Canaries,19,208,0.10838214352953995
Canaries,19,224,0.10838214352953995
Canaries,19,232,0.10838214352953995
Canaries,19,240,0.10278604453845301
Canaries,19,256,0.10278604453845301
Canaries,19,264,0.10278604453845301
Canaries,19,280,0.10278604453845301
Canaries,19,296,0.10278604453845301
Canaries,19,304,0.10278604453845301
Canaries,19,320,0.0959128710202671
Canaries,19,336,0.09346922078868358
Canaries,19,352,0.09346922078868358
Canaries,19,368,0.09346922078868358
Canaries,19,384,0.09023878490106504
Canaries,19,408,0.08180473134475037
Canaries,19,424,0.08180473134475037
Canaries,19,448,0.08136384600920495
Canaries,19,464,0.07720027701275113
Canaries,19,488,0.07666230189764625
Canaries,19,512,0.07082566901503085
Canaries,19,536,0.07022968895689276
Canaries,19,560,0.07022968895689276
Canaries,19,592,0.06386011111548771
Canaries,19,616,0.05766477313057036
Canaries,19,648,0.056290264853386396
Canaries,19,680,0.04931441048448081
Canaries,19,712,0.04931441048448081
Canaries,19,744,0.04819436803331762
Canaries,19,776,0.04677194546169309
Canaries,19,816,0.04634355431315554
Canaries,19,856,0.04118613823432352
Canaries,19,896,0.039597442445516655
Canaries,19,936,0.039597442445516655
Canaries,19,984,0.039597442445516655
Canaries,19,1032,0.038753379248419394
Canaries,19,1080,0.035915898806208116
Canaries,19,1136,0.02669674049288121
Canaries,19,1184,0.026042768564212154
Canaries,19,1248,0.01874678333773897
Canaries,19,1304,0.015279668231543152
Canaries,19,1368,0.012682620560806632
Canaries,19,1432,0.008268553482880771
Canaries,19,1496,0.007066216226013373
Canaries,19,1568,0.003358468746639265
Canaries,19,1648,0.00043563288172310233
Canaries,19,1728,0.000203930250296662
Canaries,19,1808,4.409745334685435e-05
Canaries,19,1896,3.6063819755136194e-06
Canaries,19,1984,2.3409504437357384e-06
Canaries,19,2080,6.101427060314907e-07
Canaries,2,8,0.21754491026079945
Canaries,2,16,0.21754491026079945
Canaries,2,24,0.1296717691111394
Canaries,2,32,0.1296717691111394
Canaries,2,40,0.1296717691111394
Canaries,2,48,0.1296717691111394
Canaries,2,56,0.1296717691111394
Canaries,2,64,0.1296717691111394
Canaries,2,72,0.1296717691111394
Canaries,2,80,0.12233129180809918
Canaries,2,88,0.12233129180809918
Canaries,2,96,0.12233129180809918
Canaries,2,104,0.12233129180809918
Canaries,2,112,0.10474802836640511
Canaries,2,120,0.10474802836640511
Canaries,2,128,0.10474802836640511
Canaries,2,136,0.10474802836640511
Canaries,2,144,0.10474802836640511
Canaries,2,152,0.10474802836640511
Canaries,2,160,0.10474802836640511
Canaries,2,168,0.10474802836640511
Canaries,2,176,0.10474802836640511
Canaries,2,184,0.10474802836640511
Canaries,2,192,0.10474802836640511
Canaries,2,200,0.10474802836640511
Canaries,2,208,0.10474802836640511
Canaries,2,224,0.10474802836640511
Canaries,2,232,0.10474802836640511
Canaries,2,240,0.10474802836640511
Canaries,2,256,0.10238388375190685
Canaries,2,264,0.10238388375190685
Canaries,2,280,0.09936737723889451
Canaries,2,296,0.08799560159732783
Canaries,2,312,0.08799560159732783
Canaries,2,328,0.08799560159732783
Canaries,2,336,0.08799560159732783
Canaries,2,360,0.07377509239391997
Canaries,2,376,0.07377509239391997
Canaries,2,392,0.07377509239391997
Canaries,2,416,0.07377509239391997
Canaries,2,432,0.07377509239391997
Canaries,2,456,0.07377509239391997
Canaries,2,472,0.07377509239391997
Canaries,2,496,0.07377509239391997
Canaries,2,528,0.07377509239391997
Canaries,2,552,0.07377509239391997
Canaries,2,576,0.07377509239391997
Canaries,2,608,0.07377509239391997
Canaries,2,632,0.07377509239391997
Canaries,2,664,0.07377509239391997
Canaries,2,696,0.07377509239391997
Canaries,2,736,0.07099721064734296
Canaries,2,768,0.06499196941465417
Canaries,2,808,0.06386336834971473
Canaries,2,848,0.057085128109835716
Canaries,2,888,0.05404184736763982
Canaries,2,936,0.052614992681925106
Canaries,2,976,0.04974287825070222
Canaries,2,1024,0.04335823314620985
Canaries,2,1080,0.0379601684537082
Canaries,2,1128,0.03615502672058064
Canaries,2,1184,0.030076268993395328
Canaries,2,1248,0.02335072045342808
Canaries,2,1304,0.022017045338443605
Canaries,2,1368,0.0175884915768871
Canaries,2,1440,0.013765975846545481
Canaries,2,1512,0.008276224985013389
Canaries,2,1584,0.005495236129760517
Canaries,2,1664,0.003576452616848848
Canaries,2,1744,0.0030563212862170087
Canaries,2,1832,0.002129159901983833
Canaries,2,1920,0.0005237620621767591
Canaries,2,2016,0.00011973427121940374
Canaries,2,2112,4.176709013367991e-05
Canaries,2,2216,4.6219124743348074e-06
Canaries,2,2328,8.498563338901818e-07
Canaries,2,2440,2.558907144485331e-07
Canaries,3,8,0.5806378695657561
Canaries,3,16,0.5806378695657561
Canaries,3,24,0.172524749996152
Canaries,3,32,0.13175711929690018
Canaries,3,40,0.12396307167866233
Canaries,3,48,0.12396307167866233
Canaries,3,56,0.12396307167866233
Canaries,3,64,0.12396307167866233
Canaries,3,72,0.12396307167866233
Canaries,3,80,0.12396307167866233
Canaries,3,88,0.12038567374915163
Canaries,3,96,0.12038567374915163
Canaries,3,104,0.12038567374915163
Canaries,3,112,0.10642729174011684
Canaries,3,120,0.10464569152659929
Canaries,3,128,0.10464569152659929
Canaries,3,136,0.10188553903955096
Canaries,3,144,0.10188553903955096
Canaries,3,152,0.10188553903955096
Canaries,3,160,0.10188553903955096
Canaries,3,168,0.10106952461128633
Canaries,3,176,0.10106952461128633
Canaries,3,184,0.10106952461128633
Canaries,3,192,0.09973818242076375
Canaries,3,200,0.09973818242076375
Canaries,3,216,0.09894147095860753
Canaries,3,224,0.09810120521123229
Canaries,3,232,0.0967098942671881
Canaries,3,248,0.0967098942671881
Canaries,3,256,0.09415176339729464
Canaries,3,264,0.09415176339729464
Canaries,3,280,0.09123193764900922
Canaries,3,296,0.0873487649914833
Canaries,3,304,0.0873487649914833
Canaries,3,320,0.08521240450436683
Canaries,3,336,0.08242871653095851
Canaries,3,352,0.07551068443642758
Canaries,3,368,0.0727168832347919
Canaries,3,384,0.06594635451110284
Canaries,3,400,0.050158172520428805
Canaries,3,424,0.050158172520428805
Canaries,3,440,0.04649577195990911
Canaries,3,464,0.04649577195990911
Canaries,3,488,0.042382369313961214
Canaries,3,504,0.042382369313961214
Canaries,3,528,0.03798310275420878
Canaries,3,552,0.037666619520388314
Canaries,3,584,0.0342203372528825
Canaries,3,608,0.03270137065138508
Canaries,3,640,0.031728875161806815
Canaries,3,664,0.031728875161806815
Canaries,3,696,0.029235724919426394
Canaries,3,728,0.025954465428722543
Canaries,3,760,0.022919251760405702
Canaries,3,800,0.02132226779834086
Canaries,3,840,0.01797499107392901
Canaries,3,872,0.016373541468623916
Canaries,3,920,0.013587710392491263
Canaries,3,960,0.011020840405296283
Canaries,3,1008,0.007823223265959727
Canaries,3,1048,0.005807474855399396
Canaries,3,1096,0.00358233250808032
Canaries,3,1152,0.0009321210975377548
Canaries,3,1208,0.00036229547121757776
Canaries,3,1264,0.0002505780356359567
Canaries,3,1320,8.319833398505115e-05
Canaries,3,1384,2.620940053009608e-05
Canaries,3,1448,8.00096497768979e-06
Canaries,3,1512,4.606484582404938e-06
Canaries,3,1584,4.606484582404938e-06
Canaries,3,1656,9.5127400873383e-07
Canaries,3,1736,1.5576894659496517e-07
Canaries,3,1816,7.326518210396999e-08
Canaries,4,8,0.3516288239628852
Canaries,4,16,0.3516288239628852
Canaries,4,24,0.3516288239628852
Canaries,4,32,0.3464960359712346
Canaries,4,40,0.2853787681511497
Canaries,4,48,0.2853787681511497
Canaries,4,56,0.2853787681511497
Canaries,4,64,0.2853787681511497
Canaries,4,72,0.2853787681511497
Canaries,4,80,0.2853787681511497
Canaries,4,88,0.2853787681511497
Canaries,4,96,0.28155230186581287
Canaries,4,104,0.11293019260946052
Canaries,4,112,0.11293019260946052
Canaries,4,120,0.11293019260946052
Canaries,4,128,0.11293019260946052
Canaries,4,136,0.11293019260946052
Canaries,4,144,0.09152236017654633
Canaries,4,152,0.08372476193386034
Canaries,4,160,0.08372476193386034
Canaries,4,168,0.08372476193386034
Canaries,4,176,0.08372476193386034
Canaries,4,184,0.08372476193386034
Canaries,4,192,0.0811878148827851
Canaries,4,200,0.0811878148827851
Canaries,4,208,0.0811878148827851
Canaries,4,224,0.0811878148827851
Canaries,4,232,0.0811878148827851
Canaries,4,240,0.0811878148827851
Canaries,4,256,0.07898775706806818
Canaries,4,264,0.07898775706806818
Canaries,4,280,0.07289535769841467
Canaries,4,288,0.07289535769841467
Canaries,4,304,0.07289535769841467
Canaries,4,320,0.07289535769841467
Canaries,4,328,0.07289535769841467
Canaries,4,344,0.06747005695137412
Canaries,4,360,0.0658427849400142
Canaries,4,376,0.0658427849400142
Canaries,4,400,0.062374295178796155
Canaries,4,416,0.062374295178796155
Canaries,4,432,0.06117525231489125
Canaries,4,456,0.056339350480053764
Canaries,4,480,0.05564086681178385
Canaries,4,496,0.05461284564305063
Canaries,4,520,0.054559441167134286
Canaries,4,544,0.05027211685343397
Canaries,4,568,0.049135439976923184
Canaries,4,600,0.04705211028374488
Canaries,4,624,0.04217064079808446
Canaries,4,656,0.04217064079808446
Canaries,4,688,0.03952577121001232
Canaries,4,720,0.03906201943996979
Canaries,4,752,0.0361657988609059
Canaries,4,784,0.03142771736519637
Canaries,4,824,0.02919086246454947
Canaries,4,856,0.02919086246454947
Canaries,4,896,0.02919086246454947
Canaries,4,944,0.0290301566019104
Canaries,4,984,0.02822201733119218
Canaries,4,1032,0.027547626236540373
Canaries,4,1080,0.02380078272277763
Canaries,4,1128,0.019260290444306563
Canaries,4,1184,0.017426104370811112
Canaries,4,1232,0.017390374229088047
Canaries,4,1296,0.0164709646579572
Canaries,4,1352,0.01608284576390848
Canaries,4,1416,0.015717122924671312
Canaries,4,1480,0.015703550609698975
Canaries,4,1552,0.015698718434139124
Canaries,4,1624,0.0156986186685578
Canaries,4,1696,0.015698573548237654
Canaries,4,1776,0.0156985716210623
Canaries,5,8,0.27751436424534787
Canaries,5,16,0.26165442543067946
Canaries,5,24,0.26165442543067946
Canaries,5,32,0.26165442543067946
Canaries,5,40,0.26165442543067946
Canaries,5,48,0.26165442543067946
Canaries,5,56,0.26165442543067946
Canaries,5,64,0.26165442543067946
Canaries,5,72,0.26165442543067946
Canaries,5,80,0.2008901290668735
Canaries,5,88,0.13539514894471424
Canaries,5,96,0.13539514894471424
Canaries,5,104,0.13539514894471424
Canaries,5,112,0.13539514894471424
Canaries,5,120,0.13539514894471424
Canaries,5,128,0.13539514894471424
Canaries,5,136,0.13539514894471424
Canaries,5,144,0.13539514894471424
Canaries,5,152,0.13539514894471424
Canaries,5,160,0.13539514894471424
Canaries,5,168,0.13539514894471424
Canaries,5,176,0.13539514894471424
Canaries,5,184,0.13539514894471424
Canaries,5,192,0.13539514894471424
Canaries,5,208,0.13539514894471424
Canaries,5,216,0.1289114509415353
Canaries,5,224,0.1289114509415353
Canaries,5,240,0.1289114509415353
Canaries,5,248,0.1289114509415353
Canaries,5,264,0.1289114509415353
Canaries,5,272,0.1289114509415353
Canaries,5,288,0.1289114509415353
Canaries,5,304,0.1289114509415353
Canaries,5,320,0.1289114509415353
Canaries,5,336,0.1289114509415353
Canaries,5,352,0.1289114509415353
Canaries,5,368,0.12316671089868773
Canaries,5,392,0.12105215139907229
Canaries,5,408,0.09958417420838639
Canaries,5,432,0.09958417420838639
Canaries,5,448,0.09015130081751789
Canaries,5,472,0.07664613036515844
Canaries,5,496,0.07664613036515844
Canaries,5,520,0.07664613036515844
Canaries,5,552,0.06746670641719686
Canaries,5,576,0.06746670641719686
Canaries,5,608,0.06523790525352974
Canaries,5,640,0.05895691613931277
Canaries,5,672,0.05775109387908914
Canaries,5,704,0.05775109387908914
Canaries,5,736,0.057293071669372427
Canaries,5,776,0.05631448955745564
Canaries,5,816,0.05462513852620554
Canaries,5,856,0.05071519863035648
Canaries,5,896,0.04549828208568239
Canaries,5,944,0.035390266668220774
Canaries,5,992,0.03098205651228144
Canaries,5,1040,0.030085512083564084
Canaries,5,1096,0.02949513998543741
Canaries,5,1152,0.027014116608092317
Canaries,5,1208,0.024439094530056472
Canaries,5,1264,0.024140365767038836
Canaries,5,1328,0.020356123680180877
Canaries,5,1400,0.018468847745914674
Canaries,5,1472,0.017098916997556255
Canaries,5,1544,0.01641781197614877
Canaries,5,1624,0.012143258315108183
Canaries,5,1704,0.007134233833595729
Canaries,5,1792,0.004905813815923327
Canaries,5,1880,0.0029917192426183997
Canaries,5,1976,0.0026097668047763765
Canaries,5,2072,0.002289231133550462
Canaries,5,2176,0.000323052384652063
Canaries,5,2288,8.711639177042739e-05
Canaries,5,2400,2.087400025449198e-05
Canaries,5,2520,2.067101881210373e-06
Canaries,5,2648,6.491143227078223e-07
Canaries,5,2784,1.009152609064149e-07
Canaries,6,8,0.3686987940669682
Canaries,6,16,0.11168436000208354
Canaries,6,24,0.11168436000208354
Canaries,6,32,0.11168436000208354
Canaries,6,40,0.11168436000208354
Canaries,6,48,0.11168436000208354
Canaries,6,56,0.11168436000208354
Canaries,6,64,0.11035277038828326
Canaries,6,72,0.11035277038828326
Canaries,6,80,0.11035277038828326
Canaries,6,88,0.10461787114264737
Canaries,6,96,0.10461787114264737
Canaries,6,104,0.10461787114264737
Canaries,6,112,0.10461787114264737
Canaries,6,120,0.10383356707369017
Canaries,6,128,0.09376032998245623
Canaries,6,136,0.09376032998245623
Canaries,6,144,0.09376032998245623
Canaries,6,152,0.09376032998245623
Canaries,6,160,0.09376032998245623
Canaries,6,168,0.09376032998245623
Canaries,6,176,0.09376032998245623
Canaries,6,184,0.09376032998245623
Canaries,6,192,0.09376032998245623
Canaries,6,200,0.09376032998245623
Canaries,6,208,0.09376032998245623
Canaries,6,216,0.09376032998245623
Canaries,6,232,0.09376032998245623
Canaries,6,240,0.09376032998245623
Canaries,6,248,0.09334239631245755
Canaries,6,256,0.09197908978113506
Canaries,6,272,0.08107382743838402
Canaries,6,280,0.08089496228994493
Canaries,6,296,0.05582087351764343
Canaries,6,304,0.05582087351764343
Canaries,6,320,0.05582087351764343
Canaries,6,336,0.03148655729166976
Canaries,6,352,0.025866905332947415
Canaries,6,368,0.025866905332947415
Canaries,6,384,0.025866905332947415
Canaries,6,400,0.025866905332947415
Canaries,6,416,0.022277367166382966
Canaries,6,432,0.022277367166382966
Canaries,6,448,0.022277367166382966
Canaries,6,472,0.022277367166382966
Canaries,6,488,0.021714964707170336
Canaries,6,512,0.019914901801841987
Canaries,6,536,0.019914901801841987
Canaries,6,560,0.019914901801841987
Canaries,6,584,0.019455185415846173
Canaries,6,608,0.018114964112573337
Canaries,6,632,0.016679328749204768
Canaries,6,664,0.016070839452132075
Canaries,6,688,0.015006035168684421
Canaries,6,720,0.015006035168684421
Canaries,6,752,0.014888361161941581
Canaries,6,784,0.014888361161941581
Canaries,6,816,0.014886122531351385
Canaries,6,848,0.014886122531351385
Canaries,6,888,0.014886122531351385
Canaries,6,928,0.014886122531351385
Canaries,6,968,0.014885194598419959
Canaries,6,1008,0.014884574320932398
Canaries,6,1056,0.01488448245018088
Canaries,6,1096,0.01488448245018088
Canaries,6,1144,0.014884476799906779
Canaries,6,1200,0.014884476062260394
Canaries,6,1248,0.014884475858066876
Canaries,7,8,0.6502380140644134
Canaries,7,16,0.3848513440106019
Canaries,7,24,0.30430459695458717
Canaries,7,32,0.26318447255641486
Canaries,7,40,0.169178743427038
Canaries,7,48,0.169178743427038
Canaries,7,56,0.169178743427038
Canaries,7,64,0.169178743427038
Canaries,7,72,0.169178743427038
Canaries,7,80,0.11805198864055094
Canaries,7,88,0.11805198864055094
Canaries,7,96,0.11805198864055094
Canaries,7,104,0.11805198864055094
Canaries,7,112,0.11805198864055094
Canaries,7,120,0.11805198864055094
Canaries,7,128,0.11805198864055094
Canaries,7,136,0.11805198864055094
Canaries,7,144,0.11805198864055094
Canaries,7,152,0.11805198864055094
Canaries,7,160,0.11805198864055094
Canaries,7,168,0.11805198864055094
Canaries,7,176,0.11805198864055094
Canaries,7,184,0.11805198864055094
Canaries,7,192,0.11805198864055094
Canaries,7,200,0.11805198864055094
Canaries,7,216,0.11805198864055094
Canaries,7,224,0.11805198864055094
Canaries,7,232,0.11626922826702477
Canaries,7,248,0.1110819980838192
Canaries,7,256,0.11106857407009997
Canaries,7,272,0.11106857407009997
Canaries,7,288,0.11106857407009997
Canaries,7,296,0.11106857407009997
Canaries,7,312,0.11106857407009997
Canaries,7,328,0.10773523721902215
Canaries,7,344,0.10664858689108461
Canaries,7,368,0.1048819947749481
Canaries,7,384,0.10463335443058099
Canaries,7,400,0.10114832728913592
Canaries,7,424,0.09626006312662234
Canaries,7,440,0.08495832897766126
Canaries,7,464,0.08495832897766126
Canaries,7,488,0.08495832897766126
Canaries,7,512,0.08495832897766126
Canaries,7,536,0.08444182393757185
Canaries,7,568,0.07904486256205784
Canaries,7,592,0.07626120836200899
Canaries,7,624,0.07346921218981547
Canaries,7,656,0.07287585798550028
Canaries,7,688,0.07137808858584326
Canaries,7,720,0.06931138734099332
Canaries,7,760,0.06746543479448061
Canaries,7,800,0.06631551047394636
Canaries,7,840,0.06002982486628857
Canaries,7,880,0.0593332947204109
Canaries,7,920,0.05752175984655969
Canaries,7,968,0.0543795734686861
Canaries,7,1016,0.05008307107016518
Canaries,7,1072,0.04509006425579817
Canaries,7,1120,0.04117829621099432
Canaries,7,1176,0.039780806283075225
Canaries,7,1240,0.038658133404163575
Canaries,7,1304,0.03586868960083512
Canaries,7,1368,0.0347931872754814
Canaries,7,1432,0.030748704480104836
Canaries,7,1504,0.02636978367051325
Canaries,7,1584,0.023268131925615228
Canaries,7,1664,0.013610442591697811
Canaries,7,1744,0.012767889157391474
Canaries,7,1832,0.00909787892355867
Canaries,7,1928,0.006506139994251643
Canaries,7,2024,0.002881699142042409
Canaries,7,2120,0.001646981052075973
Canaries,7,2232,0.00012490282095725804
Canaries,7,2344,1.627940624244715e-05
Canaries,7,2456,3.6112220474992737e-06
Canaries,7,2584,1.8397779405441792e-06
Canaries,7,2712,1.764857795994848e-07
Canaries,8,8,0.7526879808014927
Canaries,8,16,0.11036887763387528
Canaries,8,24,0.11036887763387528
Canaries,8,32,0.11036887763387528
Canaries,8,40,0.11036887763387528
Canaries,8,48,0.11036887763387528
Canaries,8,56,0.11036887763387528
Canaries,8,64,0.11036887763387528
Canaries,8,72,0.11036887763387528
Canaries,8,80,0.11036887763387528
Canaries,8,88,0.11036887763387528
Canaries,8,96,0.11036887763387528
Canaries,8,104,0.11036887763387528
Canaries,8,112,0.11036887763387528
Canaries,8,120,0.11036887763387528
Canaries,8,128,0.11036887763387528
Canaries,8,136,0.11036887763387528
Canaries,8,144,0.11036887763387528
Canaries,8,152,0.11036887763387528
Canaries,8,160,0.11036887763387528
Canaries,8,168,0.11036887763387528
Canaries,8,176,0.11036887763387528
Canaries,8,184,0.11036887763387528
Canaries,8,192,0.10973743005482292
Canaries,8,200,0.10973743005482292
Canaries,8,208,0.10973743005482292
Canaries,8,224,0.10973743005482292
Canaries,8,232,0.10973743005482292
Canaries,8,240,0.10973743005482292
Canaries,8,256,0.10843335258351232
Canaries,8,264,0.10843335258351232
Canaries,8,280,0.10371675997548818
Canaries,8,296,0.09601027169986406
Canaries,8,304,0.09601027169986406
Canaries,8,320,0.09044171878891677
Canaries,8,336,0.08371423807305516
Canaries,8,352,0.07823356038297466
Canaries,8,368,0.07823356038297466
Canaries,8,392,0.07655011540556875
Canaries,8,408,0.0763915971240661
Canaries,8,424,0.06979999183187816
Canaries,8,448,0.06979999183187816
Canaries,8,472,0.06603532356299069
Canaries,8,488,0.06603532356299069
Canaries,8,512,0.06305873306074386
Canaries,8,536,0.05777661864816902
Canaries,8,568,0.05755581590633213
Canaries,8,592,0.056044978676808396
Canaries,8,624,0.05572126258734274
Canaries,8,648,0.053735314487318914
Canaries,8,680,0.050971622609966336
Canaries,8,712,0.04888454582611653
Canaries,8,752,0.04726788798675157
Canaries,8,784,0.043514546377891844
Canaries,8,824,0.040216756408247484
Canaries,8,864,0.039112560171445925
Canaries,8,904,0.03867622015397875
Canaries,8,944,0.03585053079049534
Canaries,8,992,0.032775854975298994
Canaries,8,1040,0.029827872924646982
Canaries,8,1088,0.027662397184683447
Canaries,8,1144,0.025130380079962773
Canaries,8,1192,0.022486827612476445
Canaries,8,1256,0.019289140707212823
Canaries,8,1312,0.014513858692457603
Canaries,8,1376,0.00938713384856716
Canaries,8,1440,0.005717586427313513
Canaries,8,1512,0.004193998485360788
Canaries,8,1584,0.002925536609522854
Canaries,8,1656,0.002490292164140842
Canaries,8,1736,0.00244184035297231
Canaries,8,1824,0.0024319396133323833
Canaries,8,1912,0.0024319327415573493
Canaries,8,2000,0.0024319230194475507
Canaries,8,2096,0.0024319213933847368
Canaries,9,8,0.30545167072319224
Canaries,9,16,0.25855876334375427
Canaries,9,24,0.13921152760150826
Canaries,9,32,0.13921152760150826
Canaries,9,40,0.13921152760150826
Canaries,9,48,0.13921152760150826
Canaries,9,56,0.12581440001798383
Canaries,9,64,0.12581440001798383
Canaries,9,72,0.12581440001798383
Canaries,9,80,0.12581440001798383
Canaries,9,88,0.12581440001798383
Canaries,9,96,0.12581440001798383
Canaries,9,104,0.12581440001798383
Canaries,9,112,0.12581440001798383
Canaries,9,120,0.12581440001798383
Canaries,9,128,0.12581440001798383
Canaries,9,136,0.12581440001798383
Canaries,9,144,0.12581440001798383
Canaries,9,152,0.11913479146481767
Canaries,9,160,0.11913479146481767
Canaries,9,168,0.11913479146481767
Canaries,9,176,0.11913479146481767
Canaries,9,184,0.11913479146481767
Canaries,9,192,0.11803702030056153
Canaries,9,200,0.1168039254198443
Canaries,9,208,0.1168039254198443
Canaries,9,216,0.1168039254198443
Canaries,9,232,0.11063259492011421
Canaries,9,240,0.11063259492011421
Canaries,9,248,0.11002154419814539
Canaries,9,264,0.10994727584176293
Canaries,9,272,0.10378006092568398
Canaries,9,288,0.09497537310594525
Canaries,9,304,0.09367582752285404
Canaries,9,320,0.08805188723616823
Canaries,9,328,0.07197712821509701
Canaries,9,344,0.07197712821509701
Canaries,9,360,0.06972938942868165
Canaries,9,384,0.0646561950798323
Canaries,9,400,0.0646561950798323
Canaries,9,416,0.0646561950798323
Canaries,9,440,0.06353604477252497
Canaries,9,456,0.06105926472976633
Canaries,9,480,0.060930228278836325
Canaries,9,504,0.05961628971891973
Canaries,9,528,0.05771058069482406
Canaries,9,552,0.05398589132101277
Canaries,9,576,0.05201255731320446
Canaries,9,600,0.05201255731320446
Canaries,9,632,0.04847167737905263
Canaries,9,664,0.04438688070861284
Canaries,9,696,0.03537697322591797
Canaries,9,728,0.03466401118475913
Canaries,9,760,0.03389565554204128
Canaries,9,792,0.02669425039949882
Canaries,9,832,0.019049226531361114
Canaries,9,872,0.018654802509070447
Canaries,9,912,0.018654802509070447
Canaries,9,952,0.01702953930754784
Canaries,9,1000,0.01702953930754784
Canaries,9,1048,0.01702953930754784
Canaries,9,1096,0.01702953930754784
Canaries,9,1152,0.01702953930754784
Canaries,9,1200,0.01702953930754784
Canaries,9,1256,0.016987801469664415
Canaries,9,1320,0.01685015060624428
Canaries,9,1376,0.016818992975072916
Canaries,9,1448,0.01678195137976016
Canaries,9,1512,0.016756107395331322
Canaries,9,1584,0.016756107395331322
Canaries,9,1656,0.016744640937001214
Canaries,9,1736,0.01673744513554308
Canaries,9,1816,0.016737132893248127
Canaries,9,1904,0.01673711604450285
HOT,0,8,0.1854114725086757
HOT,0,16,0.1854114725086757
HOT,0,24,0.0954324910656686
HOT,0,32,0.0954324910656686
HOT,0,40,0.0954324910656686
HOT,0,48,0.0954324910656686
HOT,0,56,0.0954324910656686
HOT,0,64,0.0954324910656686
HOT,0,72,0.0954324910656686
HOT,0,80,0.0954324910656686
HOT,0,88,0.09093177223524188
HOT,0,96,0.08223596539417798
HOT,0,104,0.08223596539417798
HOT,0,112,0.08223596539417798
HOT,0,120,0.0796882512073239
HOT,0,128,0.0796882512073239
HOT,0,136,0.0796882512073239
HOT,0,144,0.07758464281930604
HOT,0,152,0.07277104296605055
HOT,0,160,0.07277104296605055
HOT,0,168,0.07277104296605055
HOT,0,176,0.07277104296605055
HOT,0,184,0.07012884693053345
HOT,0,192,0.07012884693053345
HOT,0,208,0.06708870826043382
HOT,0,216,0.06708870826043382
HOT,0,224,0.06708870826043382
HOT,0,232,0.06708870826043382
HOT,0,248,0.06555636061833853
HOT,0,256,0.06534362141378149
HOT,0,272,0.06345719247411627
HOT,0,288,0.061333367120761685
HOT,0,304,0.061333367120761685
HOT,0,312,0.05913575787386077
HOT,0,328,0.05799938618450301
HOT,0,344,0.057381140669515135
HOT,0,368,0.057381140669515135
HOT,0,384,0.05669928029481663
HOT,0,400,0.05669928029481663
HOT,0,424,0.05601209514665993
HOT,0,440,0.05556163587507781
HOT,0,464,0.055059981024043345
HOT,0,488,0.05358522399535905
HOT,0,512,0.05215508202556513
HOT,0,536,0.051687974521131864
HOT,0,560,0.049154737970130855
HOT,0,592,0.04591477843205962
HOT,0,624,0.0444150779954744
HOT,0,648,0.0430423846061573
HOT,0,680,0.040906850378678784
HOT,0,720,0.04054308777821708
HOT,0,752,0.03596336774040255
HOT,0,792,0.03433537638411395
HOT,0,832,0.0340995496157691
HOT,0,872,0.03362312997575872
HOT,0,912,0.02901927020462734
HOT,0,960,0.02901927020462734
HOT,0,1008,0.02901927020462734
HOT,0,1056,0.02901927020462734
HOT,0,1104,0.02901927020462734
HOT,0,1160,0.02901927020462734
HOT,0,1224,0.02901927020462734
HOT,0,1280,0.02901927020462734
HOT,0,1344,0.028989689550331828
HOT,0,1408,0.028989689550331828
HOT,0,1480,0.028989689550331828
HOT,0,1552,0.02115326436125699
HOT,0,1632,0.02115326436125699
HOT,0,1712,0.02115326436125699
HOT,0,1800,0.02115326436125699
HOT,0,1888,0.02115326436125699
HOT,0,1976,0.02115326436125699
HOT,0,2080,0.02115326436125699
HOT,0,2176,0.02115326436125699
HOT,0,2288,0.02115326436125699
HOT,0,2400,0.02115326436125699
HOT,0,2520,0.02115326436125699
HOT,1,8,0.11101624901779333
HOT,1,16,0.11101624901779333
HOT,1,24,0.11101624901779333
HOT,1,32,0.11101624901779333
HOT,1,40,0.11101624901779333
HOT,1,48,0.11101624901779333
HOT,1,56,0.09655767989570611
HOT,1,64,0.09655767989570611
HOT,1,72,0.09396779870117153
HOT,1,80,0.09396779870117153
HOT,1,88,0.09396779870117153
HOT,1,96,0.09396779870117153
HOT,1,104,0.09396779870117153
HOT,1,112,0.09396779870117153
HOT,1,120,0.09396779870117153
HOT,1,128,0.09396779870117153
HOT,1,136,0.09396779870117153
HOT,1,144,0.09396779870117153
HOT,1,152,0.09396779870117153
HOT,1,160,0.09396779870117153
HOT,1,168,0.09396779870117153
HOT,1,176,0.08579003556498527
HOT,1,192,0.08579003556498527
HOT,1,200,0.08415562875531171
HOT,1,208,0.08415562875531171
HOT,1,216,0.08415562875531171
HOT,1,224,0.08415562875531171
HOT,1,240,0.08352997953745125
HOT,1,248,0.08352997953745125
HOT,1,264,0.08352997953745125
HOT,1,272,0.08352997953745125
HOT,1,288,0.0833777052477453
HOT,1,304,0.0833777052477453
HOT,1,320,0.0833777052477453
HOT,1,336,0.08178539804382248
HOT,1,352,0.0767104025394676
HOT,1,368,0.0721622281772338
HOT,1,384,0.06728833914886878
HOT,1,408,0.06669422458401472
HOT,1,424,0.06669422458401472
HOT,1,448,0.0626785956219432
HOT,1,464,0.05880406743741058
HOT,1,488,0.05695176793692512
HOT,1,512,0.05695176793692512
HOT,1,536,0.05695176793692512
HOT,1,568,0.0516574872375417
HOT,1,592,0.048995419639979255
HOT,1,624,0.048995419639979255
HOT,1,656,0.04861146589260215
HOT,1,688,0.04861146589260215
HOT,1,720,0.04808876050794241
HOT,1,752,0.048041310115553244
HOT,1,792,0.04671850733408441
HOT,1,832,0.04641301458221228
HOT,1,872,0.045994989472815995
HOT,1,912,0.0452082957506088
HOT,1,960,0.04317769710192275
HOT,1,1008,0.04184761727838297
HOT,1,1056,0.03619940463310663
HOT,1,1104,0.03619940463310663
HOT,1,1160,0.03288972025493893
HOT,1,1216,0.03274871837675164
HOT,1,1272,0.03146382999091027
HOT,1,1336,0.030767355811466144
HOT,1,1400,0.0304369127530231
HOT,1,1472,0.030371062995309298
HOT,1,1544,0.023155283920942318
HOT,1,1624,0.023155283920942318
HOT,1,1696,0.023155283920942318
HOT,1,1784,0.023155283920942318
HOT,1,1872,0.023155283920942318
HOT,1,1960,0.023155283920942318
HOT,1,2056,0.023155283920942318
HOT,1,2160,0.023155283920942318
HOT,1,2264,0.023155283920942318
HOT,1,2376,0.023155283920942318
HOT,10,8,0.22156093831467613
HOT,10,16,0.22156093831467613
HOT,10,24,0.22156093831467613
HOT,10,32,0.19082259293002357
HOT,10,40,0.19082259293002357
HOT,10,48,0.12722655712677117
HOT,10,56,0.12722655712677117
HOT,10,64,0.12722655712677117
HOT,10,72,0.11451346154052736
HOT,10,80,0.11451346154052736
HOT,10,88,0.11451346154052736
HOT,10,96,0.11451346154052736
HOT,10,104,0.11451346154052736
HOT,10,112,0.11451346154052736
HOT,10,120,0.11451346154052736
HOT,10,128,0.11451346154052736
HOT,10,136,0.09655495103636806
HOT,10,144,0.09655495103636806
HOT,10,152,0.09655495103636806
HOT,10,160,0.09655495103636806
HOT,10,168,0.0645941847776076
HOT,10,176,0.0645941847776076
HOT,10,184,0.0645941847776076
HOT,10,192,0.0645941847776076
HOT,10,200,0.0645941847776076
HOT,10,208,0.0645941847776076
HOT,10,216,0.0645941847776076
HOT,10,232,0.0645941847776076
HOT,10,240,0.0645941847776076
HOT,10,256,0.06350424692252939
HOT,10,264,0.06350424692252939
HOT,10,280,0.06350424692252939
HOT,10,296,0.06350424692252939
HOT,10,304,0.06350424692252939
HOT,10,320,0.05686645870277095
HOT,10,336,0.05686645870277095
HOT,10,352,0.05584720458467883
HOT,10,368,0.05242355866605102
HOT,10,392,0.05242355866605102
HOT,10,408,0.05242355866605102
HOT,10,432,0.05242355866605102
HOT,10,448,0.05242355866605102
HOT,10,472,0.05242355866605102
HOT,10,496,0.05234184351904941
HOT,10,520,0.05199877356670476
HOT,10,544,0.051660112519248715
HOT,10,576,0.051660112519248715
HOT,10,600,0.05130185610886679
HOT,10,632,0.05118099779232116
HOT,10,664,0.050924840350463955
HOT,10,696,0.05056669570162956
HOT,10,728,0.05047909787485612
HOT,10,760,0.05042430299753025
HOT,10,800,0.05030034464046778
HOT,10,840,0.05021030751148646
HOT,10,880,0.04999276637008691
HOT,10,928,0.049839664246888044
HOT,10,968,0.04905361349822097
HOT,10,1016,0.04824817050545139
HOT,10,1072,0.046278238816407295
HOT,10,1120,0.04601818827556769
HOT,10,1176,0.0396095601663835
HOT,10,1232,0.0360365520965075
HOT,10,1296,0.03511123879167453
HOT,10,1360,0.03462717393362439
HOT,10,1424,0.03345765413052327
HOT,10,1496,0.03194065228068112
HOT,10,1568,0.031670304214388316
HOT,10,1648,0.03136147210213919
HOT,10,1728,0.030774448870099082
HOT,10,1808,0.029862378806974517
HOT,10,1904,0.029797494101467037
HOT,10,1992,0.029746843888971777
HOT,10,2096,0.02974649450914544
HOT,10,2192,0.02974648259805752
HOT,10,2304,0.029746480384324057
HOT,10,2416,0.02974648037474997
HOT,11,8,0.13409774962875987
HOT,11,16,0.13409774962875987
HOT,11,24,0.13409774962875987
HOT,11,32,0.13409774962875987
HOT,11,40,0.13409774962875987
HOT,11,48,0.13409774962875987
HOT,11,56,0.13409774962875987
HOT,11,64,0.13409774962875987
HOT,11,72,0.13409774962875987
HOT,11,80,0.13409774962875987
HOT,11,88,0.13409774962875987
HOT,11,96,0.13409774962875987
HOT,11,104,0.13409774962875987
HOT,11,112,0.13396090769228902
HOT,11,120,0.13396090769228902
HOT,11,128,0.13396090769228902
HOT,11,136,0.13396090769228902
HOT,11,144,0.13396090769228902
HOT,11,152,0.13396090769228902
HOT,11,160,0.13396090769228902
HOT,11,168,0.13396090769228902
HOT,11,176,0.13396090769228902
HOT,11,184,0.13396090769228902
HOT,11,192,0.12421795834384236
HOT,11,200,0.11613474123668922
HOT,11,208,0.11613474123668922
HOT,11,216,0.05867665223897278
HOT,11,224,0.05867665223897278
HOT,11,232,0.05867665223897278
HOT,11,248,0.051576046427657424
HOT,11,256,0.051576046427657424
HOT,11,272,0.051576046427657424
HOT,11,280,0.051576046427657424
HOT,11,296,0.04517284357901648
HOT,11,312,0.04517284357901648
HOT,11,320,0.04517284357901648
HOT,11,336,0.04517284357901648
HOT,11,352,0.04517284357901648
HOT,11,368,0.04517284357901648
HOT,11,384,0.0373848903017418
HOT,11,400,0.0373848903017418
HOT,11,424,0.0373848903017418
HOT,11,440,0.0373848903017418
HOT,11,456,0.028124236922728797
HOT,11,480,0.028124236922728797
HOT,11,504,0.028124236922728797
HOT,11,528,0.028124236922728797
HOT,11,552,0.028124236922728797
HOT,11,576,0.028124236922728797
HOT,11,600,0.028124236922728797
HOT,11,632,0.028124236922728797
HOT,11,656,0.028124236922728797
HOT,11,688,0.028124236922728797
HOT,11,720,0.028124236922728797
HOT,11,752,0.028124236922728797
HOT,11,784,0.028124236922728797
HOT,11,824,0.028124236922728797
HOT,11,856,0.028124236922728797
HOT,11,896,0.028124236922728797
HOT,11,936,0.028124236922728797
HOT,11,984,0.028124236922728797
HOT,11,1024,0.028124236922728797
HOT,11,1072,0.028124236922728797
HOT,11,1120,0.028124236922728797
HOT,11,1168,0.028124236922728797
HOT,11,1224,0.028124236922728797
HOT,11,1280,0.028124236922728797
HOT,11,1336,0.028124236922728797
HOT,11,1400,0.028124236922728797
HOT,11,1464,0.028124236922728797
HOT,11,1528,0.028124236922728797
HOT,11,1600,0.028124236922728797
HOT,12,8,0.1379699781297704
HOT,12,16,0.1379699781297704
HOT,12,24,0.09436182518583486
HOT,12,32,0.09436182518583486
HOT,12,40,0.09436182518583486
HOT,12,48,0.07861223185364324
HOT,12,56,0.07861223185364324
HOT,12,64,0.07861223185364324
HOT,12,72,0.07861223185364324
HOT,12,80,0.07861223185364324
HOT,12,88,0.07861223185364324
HOT,12,96,0.07861223185364324
HOT,12,104,0.07861223185364324
HOT,12,112,0.07861223185364324
HOT,12,120,0.07861223185364324
HOT,12,128,0.07861223185364324
HOT,12,136,0.07861223185364324
HOT,12,144,0.07861223185364324
HOT,12,152,0.07861223185364324
HOT,12,160,0.07861223185364324
HOT,12,168,0.07633240618167228
HOT,12,176,0.07633240618167228
HOT,12,192,0.07633240618167228
HOT,12,200,0.07633240618167228
HOT,12,208,0.07633240618167228
HOT,12,216,0.07633240618167228
HOT,12,232,0.07633240618167228
HOT,12,240,0.07633240618167228
HOT,12,256,0.07633240618167228
HOT,12,264,0.07324800546445316
HOT,12,280,0.07324800546445316
HOT,12,296,0.07152781252813059
HOT,12,312,0.07152781252813059
HOT,12,328,0.07152781252813059
HOT,12,344,0.07013321973170678
HOT,12,360,0.06510033730664365
HOT,12,376,0.06219794207256428
HOT,12,400,0.06048283659543802
HOT,12,416,0.06048283659543802
HOT,12,440,0.06048283659543802
HOT,12,464,0.05949481879589058
HOT,12,480,0.057355042722649734
HOT,12,504,0.049329433740908646
HOT,12,536,0.04640512605589206
HOT,12,560,0.04640512605589206
HOT,12,592,0.04640512605589206
HOT,12,616,0.04640512605589206
HOT,12,648,0.04640512605589206
HOT,12,680,0.04640512605589206
HOT,12,720,0.04640512605589206
HOT,12,752,0.04640512605589206
HOT,12,792,0.04640512605589206
HOT,12,832,0.04585459940173485
HOT,12,872,0.04500346817013013
HOT,12,920,0.04337315234267367
HOT,12,968,0.041911124394773035
HOT,12,1016,0.04130470958509689
HOT,12,1064,0.04091520806812508
HOT,12,1120,0.040128497708486074
HOT,12,1176,0.03956666513683639
HOT,12,1240,0.03942678760774234
HOT,12,1296,0.039225921119310066
HOT,12,1368,0.03888376171129559
HOT,12,1432,0.038013469734555674
HOT,12,1504,0.0358444147767532
HOT,12,1584,0.031587267640243735
HOT,12,1664,0.027725763212808344
HOT,12,1744,0.024926355300097732
HOT,12,1832,0.019371248201513643
HOT,12,1928,0.018278126563038524
HOT,12,2024,0.017142716337623605
HOT,12,2128,0.016325332774803015
HOT,12,2240,0.015176686077641204
HOT,12,2352,0.01463522249808012
HOT,12,2472,0.01388373292694331
HOT,12,2592,0.013527154227162158
HOT,12,2728,0.01350608964945901
HOT,12,2864,0.013506026443559712
HOT,13,8,0.41649900551703134
HOT,13,16,0.41250304372023555
HOT,13,24,0.41250304372023555
HOT,13,32,0.31210592660763187
HOT,13,40,0.31210592660763187
HOT,13,48,0.31210592660763187
HOT,13,56,0.09555606141214626
HOT,13,64,0.09555606141214626
HOT,13,72,0.09555606141214626
HOT,13,80,0.09555606141214626
HOT,13,88,0.09555606141214626
HOT,13,96,0.09555606141214626
HOT,13,104,0.05189190159080837
HOT,13,112,0.05189190159080837
HOT,13,120,0.05189190159080837
HOT,13,128,0.05189190159080837
HOT,13,136,0.05189190159080837
HOT,13,144,0.05189190159080837
HOT,13,152,0.05189190159080837
HOT,13,160,0.05189190159080837
HOT,13,168,0.05189190159080837
HOT,13,176,0.05189190159080837
HOT,13,184,0.05189190159080837
HOT,13,192,0.05189190159080837
HOT,13,200,0.05189190159080837
HOT,13,216,0.05189190159080837
HOT,13,224,0.05189190159080837
HOT,13,240,0.05189190159080837
HOT,13,248,0.05189190159080837
HOT,13,264,0.05189190159080837
HOT,13,280,0.05189190159080837
HOT,13,288,0.05189190159080837
HOT,13,304,0.05189190159080837
HOT,13,320,0.05189190159080837
HOT,13,344,0.05189190159080837
HOT,13,360,0.05189190159080837
HOT,13,376,0.05189190159080837
HOT,13,400,0.05189190159080837
HOT,13,416,0.05189190159080837
HOT,13,440,0.05189190159080837
HOT,13,464,0.05189190159080837
HOT,13,488,0.05189190159080837
HOT,13,512,0.05189190159080837
HOT,13,544,0.05189190159080837
HOT,13,568,0.05189190159080837
HOT,13,600,0.05189190159080837
HOT,13,632,0.05189190159080837
HOT,13,664,0.05189190159080837
HOT,13,696,0.05189190159080837
HOT,13,736,0.05189190159080837
HOT,13,776,0.05189190159080837
HOT,13,816,0.05189190159080837
HOT,13,856,0.05189190159080837
HOT,13,904,0.05189190159080837
HOT,13,952,0.05189190159080837
HOT,13,1000,0.05189190159080837
HOT,13,1056,0.05189190159080837
HOT,13,1112,0.05189190159080837
HOT,13,1168,0.05189190159080837
HOT,13,1232,0.05033720783235241
HOT,13,1296,0.04899044281785985
HOT,13,1360,0.043593583871869145
HOT,13,1432,0.04178357193347431
HOT,13,1512,0.03891737824728997
HOT,13,1592,0.032488268920496825
HOT,13,1672,0.028147523767997226
HOT,13,1760,0.025018228255473545
HOT,13,1856,0.024810138876477296
HOT,13,1952,0.023921902320429896
HOT,13,2056,0.022879963337350002
HOT,13,2160,0.022101740774731163
HOT,13,2280,0.02089640239822774
HOT,13,2400,0.016782020125948236
HOT,13,2520,0.015860096908404286
HOT,13,2656,0.015156799644185962
HOT,13,2800,0.014220435589601949
HOT,13,2944,0.01411542229587373
HOT,13,3096,0.014080083430467134
HOT,13,3264,0.013983196502625214
HOT,13,3432,0.013954304367417956
HOT,13,3616,0.013951024785321469
HOT,14,8,0.9419993949445409
HOT,14,16,0.5841747678992729
HOT,14,24,0.43349696254104536
HOT,14,32,0.2509066410858575
HOT,14,40,0.2509066410858575
HOT,14,48,0.2509066410858575
HOT,14,56,0.15215114733897214
HOT,14,64,0.15215114733897214
HOT,14,72,0.15215114733897214
HOT,14,80,0.15215114733897214
HOT,14,88,0.15215114733897214
HOT,14,96,0.15215114733897214
HOT,14,104,0.15215114733897214
HOT,14,112,0.10108999333096452
HOT,14,120,0.10108999333096452
HOT,14,128,0.10052700041961199
HOT,14,136,0.10052700041961199
HOT,14,144,0.08631894283440487
HOT,14,152,0.08631894283440487
HOT,14,160,0.06658963831234449
HOT,14,168,0.06658963831234449
HOT,14,176,0.06658963831234449
HOT,14,184,0.06658963831234449
HOT,14,200,0.06658963831234449
HOT,14,208,0.06658963831234449
HOT,14,216,0.06658963831234449
HOT,14,232,0.06658963831234449
HOT,14,240,0.06658963831234449
HOT,14,256,0.06658963831234449
HOT,14,264,0.06658963831234449
HOT,14,280,0.0661504867034877
HOT,14,296,0.05941076147992086
HOT,14,304,0.05941076147992086
HOT,14,320,0.05941076147992086
HOT,14,336,0.05941076147992086
HOT,14,360,0.05941076147992086
HOT,14,376,0.05941076147992086
HOT,14,392,0.05941076147992086
HOT,14,416,0.05941076147992086
HOT,14,432,0.05941076147992086
HOT,14,456,0.05941076147992086
HOT,14,480,0.05941076147992086
HOT,14,504,0.05941076147992086
HOT,14,528,0.05941076147992086
HOT,14,552,0.05941076147992086
HOT,14,584,0.05941076147992086
HOT,14,616,0.05941076147992086
HOT,14,640,0.05933060904238521
HOT,14,680,0.05814462790456699
HOT,14,712,0.05727962205293418
HOT,14,744,0.05727962205293418
HOT,14,784,0.05628376369289662
HOT,14,824,0.05505269480635204
HOT,14,864,0.05401998605594169
HOT,14,912,0.05386133698727463
HOT,14,952,0.05292173936005809
HOT,14,1000,0.05081592208171285
HOT,14,1056,0.05081592208171285
HOT,14,1104,0.05035145352566089
HOT,14,1160,0.04943653956829043
HOT,14,1224,0.048887655048373016
HOT,14,1280,0.04814574753694217
HOT,14,1352,0.046980984428826034
HOT,14,1416,0.04546115798145405
HOT,14,1488,0.044706736713527775
HOT,14,1560,0.042660402051993104
HOT,14,1640,0.04131987880427683
HOT,14,1728,0.03958147774804219
HOT,14,1816,0.036952148346391704
HOT,14,1904,0.034803442973315925
HOT,14,2000,0.030481268022493308
HOT,14,2104,0.0256083971465707
HOT,14,2208,0.0256083971465707
HOT,14,2320,0.0256083971465707
HOT,14,2432,0.0256083971465707
HOT,14,2560,0.0256083971465707
HOT,14,2688,0.0256083971465707
HOT,14,2824,0.0256083971465707
HOT,15,8,0.5884331091929079
HOT,15,16,0.31563839731333504
HOT,15,24,0.11778235087807887
HOT,15,32,0.11778235087807887
HOT,15,40,0.10210779804962224
HOT,15,48,0.04643547787554053
HOT,15,56,0.04643547787554053
HOT,15,64,0.04643547787554053
HOT,15,72,0.04643547787554053
HOT,15,80,0.04643547787554053
HOT,15,88,0.04643547787554053
HOT,15,96,0.04643547787554053
HOT,15,104,0.04643547787554053
HOT,15,112,0.04643547787554053
HOT,15,120,0.04643547787554053
HOT,15,128,0.04643547787554053
HOT,15,136,0.04643547787554053
HOT,15,144,0.04643547787554053
HOT,15,152,0.04643547787554053
HOT,15,160,0.04643547787554053
HOT,15,168,0.04643547787554053
HOT,15,176,0.04643547787554053
HOT,15,184,0.04643547787554053
HOT,15,192,0.04643547787554053
HOT,15,200,0.04643547787554053
HOT,15,208,0.04643547787554053
HOT,15,224,0.04643547787554053
HOT,15,232,0.04643547787554053
HOT,15,240,0.04643547787554053
HOT,15,256,0.04643547787554053
HOT,15,264,0.04643547787554053
HOT,15,280,0.04643547787554053
HOT,15,296,0.04643547787554053
HOT,15,304,0.04643547787554053
HOT,15,320,0.04643547787554053
HOT,15,336,0.04643547787554053
HOT,15,352,0.04643547787554053
HOT,15,368,0.04643547787554053
HOT,15,392,0.04643547787554053
HOT,15,408,0.04643547787554053
HOT,15,424,0.04643547787554053
HOT,15,448,0.04643547787554053
HOT,15,472,0.04643547787554053
HOT,15,496,0.04643547787554053
HOT,15,520,0.04643547787554053
HOT,15,544,0.04643547787554053
HOT,15,568,0.04643547787554053
HOT,15,592,0.04643547787554053
HOT,15,624,0.04643547787554053
HOT,15,656,0.04643547787554053
HOT,15,688,0.04643547787554053
HOT,15,720,0.04643547787554053
HOT,15,752,0.04643547787554053
HOT,15,792,0.043932139333847466
HOT,15,832,0.043932139333847466
HOT,15,872,0.043932139333847466
HOT,15,912,0.04275548304184497
HOT,15,952,0.040911066157725336
HOT,15,1000,0.038166894622337744
HOT,15,1048,0.036040104554530834
HOT,15,1104,0.027279557518298126
HOT,15,1152,0.027279557518298126
HOT,15,1208,0.027279557518298126
HOT,15,1272,0.027279557518298126
HOT,15,1328,0.027279557518298126
HOT,15,1392,0.027279557518298126
HOT,15,1464,0.027279557518298126
HOT,15,1536,0.027279557518298126
HOT,15,1608,0.027279557518298126
HOT,15,1688,0.027279557518298126
HOT,15,1768,0.027279557518298126
HOT,15,1856,0.027279557518298126
HOT,15,1944,0.027279557518298126
HOT,15,2040,0.027279557518298126
HOT,15,2136,0.027279557518298126
HOT,15,2240,0.027279557518298126
HOT,16,8,0.2760814638972446
HOT,16,16,0.19738993991444215
HOT,16,24,0.10301802584849235
HOT,16,32,0.10301802584849235
HOT,16,40,0.10301802584849235
HOT,16,48,0.10301802584849235
HOT,16,56,0.10301802584849235
HOT,16,64,0.10301802584849235
HOT,16,72,0.10301802584849235
HOT,16,80,0.09299869186161337
HOT,16,88,0.09299869186161337
HOT,16,96,0.09299869186161337
HOT,16,104,0.09299869186161337
HOT,16,112,0.09299869186161337
HOT,16,120,0.09299869186161337
HOT,16,128,0.09299869186161337
HOT,16,136,0.08256898950389557
HOT,16,144,0.08256898950389557
HOT,16,152,0.07568738847126284
HOT,16,160,0.07038482381811366
HOT,16,168,0.06829928145415796
HOT,16,176,0.06829928145415796
HOT,16,184,0.06829928145415796
HOT,16,192,0.06829928145415796
HOT,16,208,0.06829928145415796
HOT,16,216,0.06829928145415796
HOT,16,224,0.06829928145415796
HOT,16,232,0.06829928145415796
HOT,16,248,0.06599707722683776
HOT,16,256,0.06599707722683776
HOT,16,272,0.0636667402067148
HOT,16,288,0.0636667402067148
HOT,16,296,0.06321776848810219
HOT,16,312,0.05863008556229772
HOT,16,328,0.05640786231903328
HOT,16,344,0.05448653785425696
HOT,16,360,0.05448653785425696
HOT,16,376,0.05448653785425696
HOT,16,392,0.05448653785425696
HOT,16,416,0.0535867803685436
HOT,16,432,0.05225609744871729
HOT,16,456,0.051237750331259255
HOT,16,480,0.051237750331259255
HOT,16,496,0.051131063106180416
HOT,16,520,0.050459361290157774
HOT,16,552,0.049769133440976075
HOT,16,576,0.04930128542969543
HOT,16,600,0.04888983959872181
HOT,16,632,0.04845454365200519
HOT,16,664,0.048170792660700824
HOT,16,696,0.04723118795645061
HOT,16,728,0.046454224743451546
HOT,16,760,0.045341912089057336
HOT,16,800,0.04339360908085648
HOT,16,840,0.0391585355238618
HOT,16,880,0.03552124729915908
HOT,16,920,0.03503186499017131
HOT,16,968,0.03236721083917582
HOT,16,1008,0.03087619780150273
HOT,16,1056,0.03087619780150273
HOT,16,1112,0.030515719836197847
HOT,16,1168,0.03040493742197495
HOT,16,1224,0.03026971805856877
HOT,16,1280,0.030114777090492966
HOT,16,1344,0.02979097508138124
HOT,16,1408,0.029759757862349873
HOT,16,1472,0.029752718201490794
HOT,16,1544,0.029752718201490794
HOT,16,1616,0.02974649794871294
HOT,16,1696,0.02974649794871294
HOT,16,1776,0.02974648407948609
HOT,16,1864,0.02974648047830685
HOT,16,1952,0.029746480386829394
HOT,16,2048,0.029746480374675192
HOT,16,2144,0.029746480374599083
HOT,17,8,0.25812665949315067
HOT,17,16,0.1284990556143894
HOT,17,24,0.1284990556143894
HOT,17,32,0.1284990556143894
HOT,17,40,0.1284990556143894
HOT,17,48,0.1284990556143894
HOT,17,56,0.1284990556143894
HOT,17,64,0.09053925533614682
HOT,17,72,0.09053925533614682
HOT,17,80,0.09053925533614682
HOT,17,88,0.07838031670701061
HOT,17,96,0.07838031670701061
HOT,17,104,0.07838031670701061
HOT,17,112,0.07838031670701061
HOT,17,120,0.05775927482481406
HOT,17,128,0.05775927482481406
HOT,17,136,0.05775927482481406
HOT,17,144,0.05775927482481406
HOT,17,152,0.05775927482481406
HOT,17,160,0.05775927482481406
HOT,17,168,0.05775927482481406
HOT,17,176,0.05775927482481406
HOT,17,184,0.05775927482481406
HOT,17,192,0.05775927482481406
HOT,17,200,0.05775927482481406
HOT,17,208,0.05775927482481406
HOT,17,224,0.05775927482481406
HOT,17,232,0.05775927482481406
HOT,17,240,0.05775927482481406
HOT,17,256,0.05775927482481406
HOT,17,264,0.05775927482481406
HOT,17,280,0.05414813966111501
HOT,17,288,0.0523725095870113
HOT,17,304,0.050216751880577094
HOT,17,320,0.050216751880577094
HOT,17,336,0.04860632002956246
HOT,17,352,0.04860632002956246
HOT,17,368,0.04860632002956246
HOT,17,384,0.047027984774871134
HOT,17,400,0.04685821966495594
HOT,17,416,0.04597542196549221
HOT,17,440,0.0448166555807435
HOT,17,456,0.04201542653977834
HOT,17,480,0.03884037391682016
HOT,17,504,0.03884037391682016
HOT,17,528,0.038699719923148156
HOT,17,552,0.036409162971325515
HOT,17,576,0.035400617911776684
HOT,17,600,0.03423944186421151
HOT,17,632,0.03423944186421151
HOT,17,656,0.03419719510037737
HOT,17,688,0.03366403014668331
HOT,17,720,0.033097104291730774
HOT,17,752,0.03223094494884314
HOT,17,792,0.03139056603627871
HOT,17,824,0.03122674278005474
HOT,17,864,0.030579186642082576
HOT,17,904,0.030264721143745083
HOT,17,952,0.030264721143745083
HOT,17,992,0.030162079503765173
HOT,17,1040,0.03000794828398784
HOT,17,1088,0.02991951467310221
HOT,17,1136,0.029807769267339846
HOT,17,1192,0.029770777341988353
HOT,17,1248,0.02975279681015532
HOT,17,1304,0.02974825528184603
HOT,17,1368,0.029746544015130497
HOT,17,1424,0.029746540165879173
HOT,17,1496,0.02974648267512276
HOT,17,1560,0.029746480474197923
HOT,17,1640,0.029746480420735466
HOT,17,1712,0.02974648037517089
HOT,17,1792,0.029746480374600096
HOT,18,8,0.822841116175813
HOT,18,16,0.14837556280565306
HOT,18,24,0.14837556280565306
HOT,18,32,0.14837556280565306
HOT,18,40,0.14837556280565306
HOT,18,48,0.14837556280565306
HOT,18,56,0.14837556280565306
HOT,18,64,0.14837556280565306
HOT,18,72,0.13761971557054722
HOT,18,80,0.13761971557054722
HOT,18,88,0.09216321506903945
HOT,18,96,0.09216321506903945
HOT,18,104,0.09216321506903945
HOT,18,112,0.09216321506903945
HOT,18,120,0.09216321506903945
HOT,18,128,0.09216321506903945
HOT,18,136,0.09216321506903945
HOT,18,144,0.08162749183430533
HOT,18,152,0.08162749183430533
HOT,18,160,0.08162749183430533
HOT,18,176,0.08162749183430533
HOT,18,184,0.08162749183430533
HOT,18,192,0.08162749183430533
HOT,18,200,0.08162749183430533
HOT,18,208,0.08162749183430533
HOT,18,216,0.08162749183430533
HOT,18,232,0.08162749183430533
HOT,18,240,0.08162749183430533
HOT,18,256,0.08162749183430533
HOT,18,264,0.08162749183430533
HOT,18,280,0.08162749183430533
HOT,18,296,0.08152001910045423
HOT,18,312,0.08119375574159665
HOT,18,328,0.08096709616568924
HOT,18,344,0.08091917189440756
HOT,18,360,0.08057613850931133
HOT,18,376,0.08057613850931133
HOT,18,392,0.07904845437083399
HOT,18,416,0.07400326179376725
HOT,18,432,0.07400326179376725
HOT,18,456,0.06898089473123893
HOT,18,480,0.06898089473123893
HOT,18,504,0.06709166801207585
HOT,18,528,0.06709166801207585
HOT,18,552,0.06709166801207585
HOT,18,584,0.06709166801207585
HOT,18,608,0.06702376779015913
HOT,18,640,0.06365193996372777
HOT,18,672,0.06147550889446333
HOT,18,704,0.06018921002311657
HOT,18,744,0.05894207167207775
HOT,18,776,0.05879986894402938
HOT,18,816,0.0510360626176971
HOT,18,856,0.0510360626176971
HOT,18,904,0.04924653168275973
HOT,18,944,0.04924653168275973
HOT,18,992,0.04853516642381783
HOT,18,1040,0.04853516642381783
HOT,18,1096,0.046868233353424923
HOT,18,1152,0.04588652139972077
HOT,18,1208,0.04314485452935765
HOT,18,1264,0.04191009337563381
HOT,18,1328,0.03426865469152704
HOT,18,1400,0.033638014683311825
HOT,18,1464,0.02317220300949061
HOT,18,1544,0.02317220300949061
HOT,18,1616,0.013397515488250527
HOT,18,1696,0.013397515488250527
HOT,18,1784,0.013397515488250527
HOT,18,1872,0.013397515488250527
HOT,18,1968,0.013397515488250527
HOT,18,2064,0.013397515488250527
HOT,18,2168,0.013397515488250527
HOT,18,2272,0.013397515488250527
HOT,18,2384,0.013397515488250527
HOT,18,2504,0.013397515488250527
HOT,18,2632,0.013397515488250527
HOT,19,8,0.2057614586921317
HOT,19,16,0.2057614586921317
HOT,19,24,0.07927471155157252
HOT,19,32,0.07927471155157252
HOT,19,40,0.07927471155157252
HOT,19,48,0.07927471155157252
HOT,19,56,0.07927471155157252
HOT,19,64,0.07927471155157252
HOT,19,72,0.07927471155157252
HOT,19,80,0.07927471155157252
HOT,19,88,0.07927471155157252
HOT,19,96,0.07927471155157252
HOT,19,104,0.07927471155157252
HOT,19,112,0.07927471155157252
HOT,19,120,0.07927471155157252
HOT,19,128,0.07927471155157252
HOT,19,136,0.07927471155157252
HOT,19,144,0.07927471155157252
HOT,19,152,0.07927471155157252
HOT,19,160,0.07927471155157252
HOT,19,168,0.07927471155157252
HOT,19,176,0.07927471155157252
HOT,19,184,0.07927471155157252
HOT,19,192,0.07927471155157252
HOT,19,200,0.07927471155157252
HOT,19,208,0.07927471155157252
HOT,19,216,0.07401178756646867
HOT,19,232,0.0634693154110245
HOT,19,240,0.0634693154110245
HOT,19,256,0.0634693154110245
HOT,19,264,0.0634693154110245
HOT,19,280,0.0634693154110245
HOT,19,288,0.0634693154110245
HOT,19,304,0.0634693154110245
HOT,19,320,0.0634693154110245
HOT,19,336,0.0634693154110245
HOT,19,352,0.0634693154110245
HOT,19,368,0.0634693154110245
HOT,19,384,0.05183208992114878
HOT,19,408,0.05183208992114878
HOT,19,424,0.05183208992114878
HOT,19,448,0.047599302473653154
HOT,19,464,0.04633753613053813
HOT,19,488,0.04633753613053813
HOT,19,512,0.04633753613053813
HOT,19,536,0.04542065705099466
HOT,19,568,0.04289197217647052
HOT,19,592,0.04029887605865216
HOT,19,624,0.04029887605865216
HOT,19,648,0.04029887605865216
HOT,19,680,0.03840911552531695
HOT,19,712,0.03840911552531695
HOT,19,752,0.03840911552531695
HOT,19,784,0.0377295041222362
HOT,19,824,0.035663552977376785
HOT,19,864,0.0344986392645063
HOT,19,904,0.03335745458922841
HOT,19,952,0.03263751679597772
HOT,19,992,0.03151506009200922
HOT,19,1040,0.031106582430137506
HOT,19,1096,0.03053987204020455
HOT,19,1144,0.030306367161238416
HOT,19,1200,0.03000836530918968
HOT,19,1264,0.029811514387689215
HOT,19,1320,0.029811514387689215
HOT,19,1384,0.029762199265628824
HOT,19,1456,0.02974986899326078
HOT,19,1520,0.029747761046493817
HOT,19,1600,0.02974655821628755
HOT,19,1672,0.029746483210935842
HOT,19,1752,0.02974648079040496
HOT,19,1840,0.029746480452675236
HOT,19,1928,0.02974648038403075
HOT,19,2024,0.02974648037564702
HOT,19,2120,0.029746480374616385
HOT,19,2224,0.029746480374589362
HOT,2,8,0.350908364653043
HOT,2,16,0.0756695666827888
HOT,2,24,0.0756695666827888
HOT,2,32,0.0756695666827888
HOT,2,40,0.0756695666827888
HOT,2,48,0.0756695666827888
HOT,2,56,0.0756695666827888
HOT,2,64,0.07217726562649654
HOT,2,72,0.07217726562649654
HOT,2,80,0.07217726562649654
HOT,2,88,0.07217726562649654
HOT,2,96,0.07217726562649654
HOT,2,104,0.07217726562649654
HOT,2,112,0.07217726562649654
HOT,2,120,0.07217726562649654
HOT,2,128,0.06047116476382145
HOT,2,136,0.06047116476382145
HOT,2,144,0.05782989057536803
HOT,2,152,0.05782989057536803
HOT,2,160,0.05697243174115812
HOT,2,168,0.05697243174115812
HOT,2,176,0.05697243174115812
HOT,2,184,0.05697243174115812
HOT,2,192,0.054421451785304456
HOT,2,200,0.054421451785304456
HOT,2,216,0.054421451785304456
HOT,2,224,0.054421451785304456
HOT,2,232,0.054421451785304456
HOT,2,240,0.054421451785304456
HOT,2,256,0.054421451785304456
HOT,2,264,0.054421451785304456
HOT,2,280,0.054421451785304456
HOT,2,288,0.054421451785304456
HOT,2,304,0.053445403531823844
HOT,2,320,0.053445403531823844
HOT,2,336,0.053445403531823844
HOT,2,352,0.053445403531823844
HOT,2,368,0.053445403531823844
HOT,2,384,0.05328503109575313
HOT,2,400,0.05052229951976279
HOT,2,416,0.05052229951976279
HOT,2,440,0.05052229951976279
HOT,2,456,0.05052229951976279
HOT,2,480,0.05052229951976279
HOT,2,496,0.04897557260016455
HOT,2,520,0.04897557260016455
HOT,2,544,0.04888496390948573
HOT,2,568,0.046503115169595675
HOT,2,600,0.04147402317919511
HOT,2,624,0.03978404474510401
HOT,2,656,0.03238173134371932
HOT,2,680,0.0320472808967131
HOT,2,712,0.0320472808967131
HOT,2,752,0.03054918291164015
HOT,2,784,0.03054918291164015
HOT,2,816,0.030263286812133954
HOT,2,856,0.030064303582704545
HOT,2,896,0.030008292895512077
HOT,2,936,0.02996374692346566
HOT,2,976,0.02996374692346566
HOT,2,1024,0.02987517508762273
HOT,2,1072,0.0298174627068771
HOT,2,1120,0.02976351224891305
HOT,2,1176,0.029747715687339055
HOT,2,1224,0.02974672315940546
HOT,2,1280,0.02974650826123764
HOT,2,1344,0.029746480724721285
HOT,2,1400,0.029746480724721285
HOT,2,1472,0.029746480399749094
HOT,2,1536,0.029746480380023293
HOT,2,1608,0.029746480380023293
HOT,2,1680,0.02974648037479237
HOT,3,8,0.45745962680704655
HOT,3,16,0.45745962680704655
HOT,3,24,0.3165228621346328
HOT,3,32,0.28126045642342384
HOT,3,40,0.19836880930235554
HOT,3,48,0.16510181232972876
HOT,3,56,0.13514194988447184
HOT,3,64,0.11901220034386767
HOT,3,72,0.10136979327329398
HOT,3,80,0.07805403335867711
HOT,3,88,0.07805403335867711
HOT,3,96,0.07805403335867711
HOT,3,104,0.07805403335867711
HOT,3,112,0.07262088082468456
HOT,3,120,0.07188822110406436
HOT,3,128,0.07188822110406436
HOT,3,136,0.07014214887931472
HOT,3,144,0.06299636938066129
HOT,3,152,0.06299636938066129
HOT,3,160,0.06299636938066129
HOT,3,168,0.06299636938066129
HOT,3,176,0.06299636938066129
HOT,3,184,0.06299636938066129
HOT,3,192,0.06299506557130612
HOT,3,200,0.06299506557130612
HOT,3,216,0.06299506557130612
HOT,3,224,0.06299506557130612
HOT,3,232,0.06232363874840325
HOT,3,248,0.05766162742240205
HOT,3,256,0.05766162742240205
HOT,3,272,0.05766162742240205
HOT,3,280,0.05648134278479356
HOT,3,296,0.05499418626385867
HOT,3,312,0.05499418626385867
HOT,3,328,0.05386680910888027
HOT,3,344,0.053527707082599615
HOT,3,360,0.053527707082599615
HOT,3,376,0.053527707082599615
HOT,3,400,0.053527707082599615
HOT,3,416,0.052413027017190424
HOT,3,432,0.05238945483848658
HOT,3,456,0.05103346668333185
HOT,3,480,0.05103346668333185
HOT,3,504,0.05103346668333185
HOT,3,528,0.050038146421736616
HOT,3,552,0.050038146421736616
HOT,3,576,0.049965327827317434
HOT,3,608,0.049965327827317434
HOT,3,640,0.04898775227932884
HOT,3,672,0.04898775227932884
HOT,3,704,0.048797383343319525
HOT,3,736,0.048632328120689995
HOT,3,768,0.04842398655753335
HOT,3,808,0.04751205371088732
HOT,3,848,0.0463797368493089
HOT,3,888,0.04386606978024644
HOT,3,936,0.04209165146848134
HOT,3,976,0.038165162978862174
HOT,3,1024,0.032697282026536476
HOT,3,1072,0.030462275989826624
HOT,3,1128,0.03045590449831904
HOT,3,1184,0.030406218845077326
HOT,3,1240,0.03034220827205776
HOT,3,1304,0.03033183012136247
HOT,3,1368,0.0301429944744532
HOT,3,1432,0.02983307311126339
HOT,3,1504,0.02318463476130053
HOT,3,1576,0.02318463476130053
HOT,3,1648,0.02318463476130053
HOT,3,1728,0.02318463476130053
HOT,3,1816,0.02318463476130053
HOT,3,1904,0.02318463476130053
HOT,3,2000,0.02318463476130053
HOT,3,2096,0.02318463476130053
HOT,3,2200,0.02318463476130053
HOT,3,2304,0.02318463476130053
HOT,4,8,0.40913122364484955
HOT,4,16,0.3603286476300723
HOT,4,24,0.3603286476300723
HOT,4,32,0.28560253776732053
HOT,4,40,0.19700009686990644
HOT,4,48,0.19700009686990644
HOT,4,56,0.08291460532202488
HOT,4,64,0.08291460532202488
HOT,4,72,0.08291460532202488
HOT,4,80,0.08291460532202488
HOT,4,88,0.08291460532202488
HOT,4,96,0.08291460532202488
HOT,4,104,0.08291460532202488
HOT,4,112,0.08291460532202488
HOT,4,120,0.08291460532202488
HOT,4,128,0.08291460532202488
HOT,4,136,0.08291460532202488
HOT,4,144,0.08291460532202488
HOT,4,152,0.08291460532202488
HOT,4,160,0.08291460532202488
HOT,4,168,0.08291460532202488
HOT,4,176,0.08291460532202488
HOT,4,184,0.08291460532202488
HOT,4,192,0.08291460532202488
HOT,4,200,0.08291460532202488
HOT,4,216,0.08291460532202488
HOT,4,224,0.08291460532202488
HOT,4,232,0.08291460532202488
HOT,4,248,0.08291460532202488
HOT,4,256,0.08291460532202488
HOT,4,272,0.08291460532202488
HOT,4,280,0.08291460532202488
HOT,4,296,0.08227237360531349
HOT,4,312,0.07753733163396759
HOT,4,328,0.07753733163396759
HOT,4,344,0.07048779643220807
HOT,4,360,0.07048779643220807
HOT,4,376,0.07020503160393853
HOT,4,400,0.07020503160393853
HOT,4,416,0.07020503160393853
HOT,4,440,0.06790073529476584
HOT,4,456,0.06367902143643785
HOT,4,480,0.06367902143643785
HOT,4,504,0.06367902143643785
HOT,4,528,0.06144115692877514
HOT,4,560,0.06029172870345582
HOT,4,584,0.05743288997582544
HOT,4,616,0.04577384477567706
HOT,4,640,0.04577384477567706
HOT,4,672,0.04531775129323862
HOT,4,712,0.04531775129323862
HOT,4,744,0.04531775129323862
HOT,4,776,0.04531775129323862
HOT,4,816,0.04531775129323862
HOT,4,856,0.04531775129323862
HOT,4,904,0.04531775129323862
HOT,4,944,0.04531775129323862
HOT,4,992,0.04531775129323862
HOT,4,1040,0.04531775129323862
HOT,4,1096,0.04531775129323862
HOT,4,1144,0.04531775129323862
HOT,4,1200,0.04531775129323862
HOT,4,1264,0.041746881221439804
HOT,4,1328,0.03853343702401135
HOT,4,1392,0.03795101469206497
HOT,4,1456,0.03786684091995299
HOT,4,1528,0.03778526515067011
HOT,4,1608,0.03751357666206519
HOT,4,1688,0.037070629599789254
HOT,4,1768,0.03653305212541575
HOT,4,1856,0.03612724478199155
HOT,4,1952,0.03574145692355643
HOT,4,2048,0.03558228412784323
HOT,4,2144,0.035463541513841595
HOT,4,2256,0.035463410526512175
HOT,4,2360,0.035463400992423705
HOT,4,2480,0.035463400888677936
HOT,5,8,0.27912007347632534
HOT,5,16,0.27912007347632534
HOT,5,24,0.2625554073812095
HOT,5,32,0.2625554073812095
HOT,5,40,0.2625554073812095
HOT,5,48,0.23792714097367243
HOT,5,56,0.23792714097367243
HOT,5,64,0.23792714097367243
HOT,5,72,0.14638274681609062
HOT,5,80,0.13718326366680217
HOT,5,88,0.13718326366680217
HOT,5,96,0.13718326366680217
HOT,5,104,0.13718326366680217
HOT,5,112,0.09752320203698803
HOT,5,120,0.09204059142767193
HOT,5,128,0.09204059142767193
HOT,5,136,0.09204059142767193
HOT,5,144,0.09204059142767193
HOT,5,152,0.07407376702960043
HOT,5,160,0.07407376702960043
HOT,5,168,0.07407376702960043
HOT,5,176,0.07407376702960043
HOT,5,192,0.07407376702960043
HOT,5,200,0.07407376702960043
HOT,5,208,0.07407376702960043
HOT,5,224,0.07407376702960043
HOT,5,232,0.07407376702960043
HOT,5,248,0.07407376702960043
HOT,5,256,0.07407376702960043
HOT,5,272,0.07407376702960043
HOT,5,288,0.07407376702960043
HOT,5,296,0.07407376702960043
HOT,5,312,0.07407376702960043
HOT,5,328,0.07407376702960043
HOT,5,352,0.07407376702960043
HOT,5,368,0.07407376702960043
HOT,5,384,0.07407376702960043
HOT,5,408,0.07407376702960043
HOT,5,432,0.07407376702960043
HOT,5,448,0.07407376702960043
HOT,5,472,0.07407376702960043
HOT,5,496,0.07407376702960043
HOT,5,528,0.07407376702960043
HOT,5,552,0.07407376702960043
HOT,5,584,0.07407376702960043
HOT,5,616,0.07407376702960043
HOT,5,648,0.07407376702960043
HOT,5,680,0.07292504668692422
HOT,5,712,0.06858331341478356
HOT,5,752,0.06482460666319767
HOT,5,792,0.06482460666319767
HOT,5,832,0.06482460666319767
HOT,5,872,0.06428603039118012
HOT,5,920,0.0605650570625055
HOT,5,968,0.05500502056753907
HOT,5,1024,0.052956708402428256
HOT,5,1072,0.05247532318143151
HOT,5,1128,0.05221774953245092
HOT,5,1192,0.05158796994534492
HOT,5,1248,0.05002652017313464
HOT,5,1320,0.04989734187700662
HOT,5,1384,0.04959328668371453
HOT,5,1456,0.04903829071948048
HOT,5,1536,0.04877721769775618
HOT,5,1616,0.048511538536952205
HOT,5,1696,0.04773159615345851
HOT,5,1792,0.044799143863042165
HOT,5,1880,0.042127138598131136
HOT,5,1984,0.03827090898876433
HOT,5,2088,0.0349988856385534
HOT,5,2192,0.027540012644894436
HOT,5,2312,0.027540012644894436
HOT,5,2432,0.027540012644894436
HOT,5,2560,0.027540012644894436
HOT,5,2688,0.027540012644894436
HOT,5,2832,0.018895977273762958
HOT,5,2976,0.018895977273762958
HOT,5,3136,0.018895977273762958
HOT,5,3296,0.018895977273762958
HOT,5,3472,0.018895977273762958
HOT,6,8,0.14237180682504444
HOT,6,16,0.14237180682504444
HOT,6,24,0.14237180682504444
HOT,6,32,0.14237180682504444
HOT,6,40,0.08754385200068247
HOT,6,48,0.08754385200068247
HOT,6,56,0.07359551127412045
HOT,6,64,0.07359551127412045
HOT,6,72,0.07359551127412045
HOT,6,80,0.0703009279130922
HOT,6,88,0.0635004718315225
HOT,6,96,0.0635004718315225
HOT,6,104,0.0635004718315225
HOT,6,112,0.0635004718315225
HOT,6,120,0.0635004718315225
HOT,6,128,0.0635004718315225
HOT,6,136,0.0635004718315225
HOT,6,144,0.0635004718315225
HOT,6,152,0.0635004718315225
HOT,6,160,0.0635004718315225
HOT,6,168,0.0635004718315225
HOT,6,176,0.06117437212508633
HOT,6,184,0.06117437212508633
HOT,6,192,0.06117437212508633
HOT,6,200,0.06117437212508633
HOT,6,208,0.06117437212508633
HOT,6,224,0.06117437212508633
HOT,6,232,0.06117437212508633
HOT,6,240,0.06117437212508633
HOT,6,256,0.06117437212508633
HOT,6,272,0.06117437212508633
HOT,6,280,0.06117437212508633
HOT,6,296,0.06117437212508633
HOT,6,312,0.06117437212508633
HOT,6,328,0.06117437212508633
HOT,6,344,0.06117437212508633
HOT,6,360,0.058295487184583376
HOT,6,376,0.05699659332066363
HOT,6,400,0.05699659332066363
HOT,6,416,0.05699659332066363
HOT,6,440,0.05699659332066363
HOT,6,456,0.05699659332066363
HOT,6,480,0.05699659332066363
HOT,6,504,0.05699659332066363
HOT,6,528,0.05699659332066363
HOT,6,560,0.05699659332066363
HOT,6,584,0.05699659332066363
HOT,6,616,0.05699659332066363
HOT,6,648,0.05699659332066363
HOT,6,680,0.05588938485503658
HOT,6,712,0.05588938485503658
HOT,6,744,0.05588938485503658
HOT,6,784,0.05588938485503658
HOT,6,824,0.05588938485503658
HOT,6,864,0.05429977829664093
HOT,6,912,0.05343099719884845
HOT,6,952,0.05238220238578289
HOT,6,1000,0.05169190049824257
HOT,6,1048,0.05001093437548417
HOT,6,1104,0.04359924255114105
HOT,6,1160,0.03784256608954093
HOT,6,1216,0.03381154001482207
HOT,6,1280,0.01890473926736895
HOT,6,1344,0.01890473926736895
HOT,6,1408,0.01890473926736895
HOT,6,1480,0.01890473926736895
HOT,6,1552,0.01890473926736895
HOT,6,1632,0.01890473926736895
HOT,6,1712,0.01890473926736895
HOT,6,1800,0.01890473926736895
HOT,6,1888,0.01890473926736895
HOT,6,1984,0.01890473926736895
HOT,6,2080,0.01890473926736895
HOT,6,2184,0.01890473926736895
HOT,6,2296,0.01890473926736895
HOT,6,2408,0.01890473926736895
HOT,6,2528,0.01890473926736895
HOT,6,2656,0.01890473926736895
HOT,7,8,0.38187366834665804
HOT,7,16,0.38187366834665804
HOT,7,24,0.16890810132005696
HOT,7,32,0.16890810132005696
HOT,7,40,0.16890810132005696
HOT,7,48,0.16890810132005696
HOT,7,56,0.14337156949234833
HOT,7,64,0.10603882454074419
HOT,7,72,0.10603882454074419
HOT,7,80,0.10603882454074419
HOT,7,88,0.10603882454074419
HOT,7,96,0.10603882454074419
HOT,7,104,0.09634592639138641
HOT,7,112,0.09170032703057843
HOT,7,120,0.09170032703057843
HOT,7,128,0.09170032703057843
HOT,7,136,0.09170032703057843
HOT,7,144,0.09170032703057843
HOT,7,152,0.09170032703057843
HOT,7,160,0.08729826977624242
HOT,7,168,0.0786264410686265
HOT,7,176,0.07045939250636875
HOT,7,184,0.07045939250636875
HOT,7,200,0.06514472192445549
HOT,7,208,0.06514472192445549
HOT,7,216,0.06514472192445549
HOT,7,224,0.06514472192445549
HOT,7,240,0.06514472192445549
HOT,7,248,0.06514472192445549
HOT,7,264,0.06514472192445549
HOT,7,272,0.06514472192445549
HOT,7,288,0.06514472192445549
HOT,7,296,0.06514472192445549
HOT,7,312,0.06514472192445549
HOT,7,328,0.06514472192445549
HOT,7,344,0.06514472192445549
HOT,7,360,0.06514472192445549
HOT,7,376,0.06514472192445549
HOT,7,400,0.06514472192445549
HOT,7,416,0.06514472192445549
HOT,7,440,0.06514472192445549
HOT,7,456,0.06514472192445549
HOT,7,480,0.06514472192445549
HOT,7,504,0.06484810582445384
HOT,7,528,0.06289030450211358
HOT,7,552,0.06133890526249704
HOT,7,576,0.05812214011879341
HOT,7,608,0.0555285605225868
HOT,7,632,0.05167822689281501
HOT,7,664,0.05167822689281501
HOT,7,696,0.04814028545426302
HOT,7,736,0.04735802690297712
HOT,7,768,0.04694403989365904
HOT,7,808,0.04555968334082719
HOT,7,840,0.04456905780071693
HOT,7,880,0.042671185391499056
HOT,7,928,0.04039101858869581
HOT,7,968,0.04039101858869581
HOT,7,1016,0.03802610934118949
HOT,7,1064,0.03639126066626953
HOT,7,1120,0.03427484801522901
HOT,7,1168,0.03427484801522901
HOT,7,1232,0.03410514683407495
HOT,7,1288,0.033678274375996714
HOT,7,1352,0.03312918197688494
HOT,7,1416,0.03279432976243573
HOT,7,1480,0.0324910820406339
HOT,7,1552,0.03225630341777344
HOT,7,1632,0.03216792212406987
HOT,7,1704,0.03215777538438402
HOT,7,1792,0.032155971058253185
HOT,7,1872,0.03215596919480155
HOT,7,1968,0.032155906992571065
HOT,7,2064,0.03215590365170796
HOT,7,2160,0.03215590349250856
HOT,8,8,0.7287891379482005
HOT,8,16,0.09493496188896974
HOT,8,24,0.09493496188896974
HOT,8,32,0.09493496188896974
HOT,8,40,0.09493496188896974
HOT,8,48,0.09493496188896974
HOT,8,56,0.08096168168550606
HOT,8,64,0.08096168168550606
HOT,8,72,0.08096168168550606
HOT,8,80,0.08096168168550606
HOT,8,88,0.08096168168550606
HOT,8,96,0.08096168168550606
HOT,8,104,0.08096168168550606
HOT,8,112,0.08096168168550606
HOT,8,120,0.08096168168550606
HOT,8,128,0.08096168168550606
HOT,8,136,0.08096168168550606
HOT,8,144,0.08096168168550606
HOT,8,152,0.08096168168550606
HOT,8,160,0.08096168168550606
HOT,8,168,0.08096168168550606
HOT,8,176,0.08096168168550606
HOT,8,184,0.08096168168550606
HOT,8,192,0.08096168168550606
HOT,8,208,0.07682203381783115
HOT,8,216,0.0742334232229777
HOT,8,224,0.0742334232229777
HOT,8,240,0.07030977243011644
HOT,8,248,0.07030977243011644
HOT,8,256,0.06666953199476496
HOT,8,272,0.06666953199476496
HOT,8,288,0.05976385876581889
HOT,8,296,0.05976385876581889
HOT,8,312,0.05976385876581889
HOT,8,328,0.05976385876581889
HOT,8,344,0.05976385876581889
HOT,8,360,0.05976385876581889
HOT,8,384,0.05976385876581889
HOT,8,400,0.05795004714807107
HOT,8,416,0.05795004714807107
HOT,8,440,0.056721934735038115
HOT,8,464,0.05434220862273421
HOT,8,480,0.05434220862273421
HOT,8,504,0.05434220862273421
HOT,8,528,0.05434220862273421
HOT,8,560,0.050917068235290935
HOT,8,584,0.047347354191647435
HOT,8,616,0.04644734608348593
HOT,8,640,0.04544644464104606
HOT,8,672,0.0394661484699477
HOT,8,704,0.03912161641368805
HOT,8,744,0.03419337374087652
HOT,8,776,0.03419337374087652
HOT,8,816,0.03419337374087652
HOT,8,856,0.03419337374087652
HOT,8,896,0.03419337374087652
HOT,8,944,0.03172391720887364
HOT,8,984,0.03172391720887364
HOT,8,1032,0.03172391720887364
HOT,8,1088,0.03172391720887364
HOT,8,1136,0.030809575823174676
HOT,8,1192,0.030809575823174676
HOT,8,1256,0.030809575823174676
HOT,8,1312,0.030716250206729846
HOT,8,1376,0.030357629599257824
HOT,8,1448,0.029825559934739447
HOT,8,1512,0.01717248475007392
HOT,8,1592,0.01717248475007392
HOT,8,1664,0.01717248475007392
HOT,8,1752,0.01717248475007392
HOT,8,1832,0.01717248475007392
HOT,8,1920,0.01717248475007392
HOT,8,2016,0.01717248475007392
HOT,8,2120,0.01717248475007392
HOT,8,2216,0.01717248475007392
HOT,8,2328,0.01717248475007392
HOT,9,8,0.7855660152506301
HOT,9,16,0.13714825384904408
HOT,9,24,0.13714825384904408
HOT,9,32,0.13714825384904408
HOT,9,40,0.09288489107353184
HOT,9,48,0.09288489107353184
HOT,9,56,0.09288489107353184
HOT,9,64,0.09288489107353184
HOT,9,72,0.09288489107353184
HOT,9,80,0.09288489107353184
HOT,9,88,0.09226979537348304
HOT,9,96,0.09226979537348304
HOT,9,104,0.09226979537348304
HOT,9,112,0.0827655022252345
HOT,9,120,0.0827655022252345
HOT,9,128,0.0827655022252345
HOT,9,136,0.07478467065106169
HOT,9,144,0.07370167445892367
HOT,9,152,0.07370167445892367
HOT,9,160,0.07370167445892367
HOT,9,168,0.07370167445892367
HOT,9,176,0.07370167445892367
HOT,9,184,0.07370167445892367
HOT,9,192,0.07370167445892367
HOT,9,200,0.07370167445892367
HOT,9,216,0.07370167445892367
HOT,9,224,0.07370167445892367
HOT,9,240,0.07370167445892367
HOT,9,248,0.07146770860257816
HOT,9,264,0.06423991453863413
HOT,9,272,0.06423991453863413
HOT,9,288,0.06423991453863413
HOT,9,304,0.06423991453863413
HOT,9,320,0.06423991453863413
HOT,9,336,0.06423991453863413
HOT,9,352,0.06423991453863413
HOT,9,368,0.06359605810197914
HOT,9,384,0.06359605810197914
HOT,9,408,0.06359605810197914
HOT,9,424,0.06359605810197914
HOT,9,448,0.06197930150941215
HOT,9,472,0.06041958223869263
HOT,9,496,0.058349932156604514
HOT,9,520,0.053553879969168
HOT,9,544,0.053553879969168
HOT,9,568,0.053553879969168
HOT,9,600,0.052417544876152584
HOT,9,632,0.052417544876152584
HOT,9,664,0.05181162120782372
HOT,9,696,0.04974301382149579
HOT,9,728,0.04974301382149579
HOT,9,768,0.04877448212343199
HOT,9,808,0.046032707150856396
HOT,9,848,0.046032707150856396
HOT,9,888,0.04219132464252932
HOT,9,936,0.04219132464252932
HOT,9,976,0.04219132464252932
HOT,9,1032,0.04219132464252932
HOT,9,1080,0.04219132464252932
HOT,9,1136,0.04219132464252932
HOT,9,1192,0.04219132464252932
HOT,9,1248,0.041339136185828934
HOT,9,1312,0.03268039852626941
HOT,9,1384,0.03257715100406325
HOT,9,1448,0.03257715100406325
HOT,9,1520,0.03255995263188815
HOT,9,1600,0.03251161949974993
HOT,9,1680,0.032291573646435284
HOT,9,1768,0.03227478367585133
HOT,9,1856,0.03220064861459904
HOT,9,1944,0.032190896723779366
HOT,9,2048,0.03216081620863627
HOT,9,2144,0.032158730654691194
HOT,9,2256,0.032157864321531
HOT,9,2368,0.0321559553087566
HOT,9,2488,0.0321559067825932
HOT,9,2616,0.03215590358798147
HOT,9,2744,0.03215590348988807
MERGED,0,8,0.40238770314615796
MERGED,0,16,0.40238770314615796
MERGED,0,24,0.37458512328701393
MERGED,0,32,0.37458512328701393
MERGED,0,40,0.37458512328701393
MERGED,0,48,0.37458512328701393
MERGED,0,56,0.37458512328701393
MERGED,0,64,0.28674543280270237
MERGED,0,72,0.28674543280270237
MERGED,0,80,0.28674543280270237
MERGED,0,88,0.24151477194900517
MERGED,0,96,0.24151477194900517
MERGED,0,104,0.2343809558906693
MERGED,0,112,0.2343809558906693
MERGED,0,120,0.2343809558906693
MERGED,0,128,0.2343809558906693
MERGED,0,136,0.20939123905264323
MERGED,0,144,0.180776436082236
MERGED,0,152,0.15765110329089457
MERGED,0,160,0.15765110329089457
MERGED,0,168,0.15765110329089457
MERGED,0,176,0.15765110329089457
MERGED,0,184,0.15765110329089457
MERGED,0,192,0.15494691763126353
MERGED,0,200,0.15494691763126353
MERGED,0,216,0.14460985628402598
MERGED,0,224,0.14460985628402598
MERGED,0,232,0.1360426133384526
MERGED,0,240,0.13473943277983236
MERGED,0,256,0.13109748442805505
MERGED,0,264,0.11291783579229726
MERGED,0,272,0.10674413054567156
MERGED,0,288,0.09494888108275767
MERGED,0,296,0.09494888108275767
MERGED,0,312,0.09494888108275767
MERGED,0,328,0.08840272234790418
MERGED,0,336,0.07375670248871496
MERGED,0,352,0.060945343800405255
MERGED,0,368,0.057977667563315544
MERGED,0,384,0.053742485364580546
MERGED,0,400,0.04793158994198355
MERGED,0,424,0.025824703728197146
MERGED,0,440,0.025824703728197146
MERGED,0,456,0.025824703728197146
MERGED,0,480,0.025824703728197146
MERGED,0,496,0.025824703728197146
MERGED,0,520,0.025824703728197146
MERGED,0,544,0.025824703728197146
MERGED,0,568,0.025824703728197146
MERGED,0,592,0.020223492319546038
MERGED,0,616,0.0174568864660955
MERGED,0,640,0.0174568864660955
MERGED,0,672,0.0157441630042892
MERGED,0,704,0.014658787809258582
MERGED,0,728,0.014658787809258582
MERGED,0,760,0.014457764505522344
MERGED,0,800,0.014457764505522344
MERGED,0,832,0.014355746235103412
MERGED,0,864,0.014276905709850199
MERGED,0,904,0.014173795418924126
MERGED,0,944,0.014134571034332584
MERGED,0,984,0.014120987885923692
MERGED,0,1024,0.014089769692019758
MERGED,0,1072,0.0140760654505488
MERGED,0,1120,0.014074983243994206
MERGED,0,1168,0.014074226718741416
MERGED,0,1216,0.014073209450095799
MERGED,0,1272,0.014072746187379878
MERGED,1,8,0.4685876092404457
MERGED,1,16,0.4685876092404457
MERGED,1,24,0.4276934436656132
MERGED,1,32,0.4276934436656132
MERGED,1,40,0.4276934436656132
MERGED,1,48,0.4276934436656132
MERGED,1,56,0.3608162212830963
MERGED,1,64,0.3423630593798122
MERGED,1,72,0.3423630593798122
MERGED,1,80,0.3423630593798122
MERGED,1,88,0.3423630593798122
MERGED,1,96,0.3423630593798122
MERGED,1,104,0.3423630593798122
MERGED,1,112,0.3351572010390301
MERGED,1,120,0.2790984670363796
MERGED,1,128,0.26680948420555944
MERGED,1,136,0.2608834928807672
MERGED,1,144,0.2608834928807672
MERGED,1,152,0.2608834928807672
MERGED,1,160,0.2608834928807672
MERGED,1,168,0.2608834928807672
MERGED,1,176,0.2608834928807672
MERGED,1,184,0.2608834928807672
MERGED,1,192,0.2608834928807672
MERGED,1,200,0.24006461829718964
MERGED,1,208,0.24006461829718964
MERGED,1,224,0.24006461829718964
MERGED,1,232,0.24006461829718964
MERGED,1,240,0.22910878742557142
MERGED,1,256,0.19322349559690255
MERGED,1,264,0.19322349559690255
MERGED,1,272,0.19322349559690255
MERGED,1,288,0.17858646201062833
MERGED,1,304,0.17858646201062833
MERGED,1,312,0.17858646201062833
MERGED,1,328,0.16635555869972324
MERGED,1,344,0.16635555869972324
MERGED,1,360,0.16635555869972324
MERGED,1,376,0.16635555869972324
MERGED,1,392,0.16404084310912975
MERGED,1,408,0.16322085043031911
MERGED,1,424,0.1604142048852346
MERGED,1,448,0.15754385287991704
MERGED,1,464,0.15274030002887656
MERGED,1,488,0.14937615548947075
MERGED,1,504,0.14937615548947075
MERGED,1,528,0.14797533558220602
MERGED,1,552,0.14512583793887507
MERGED,1,576,0.1328879321101109
MERGED,1,608,0.088215719007417
MERGED,1,632,0.05982523618668073
MERGED,1,656,0.05982523618668073
MERGED,1,688,0.04140740956852696
MERGED,1,720,0.04140740956852696
MERGED,1,752,0.04046826937273192
MERGED,1,784,0.02886790834231862
MERGED,1,824,0.025048788309481953
MERGED,1,856,0.023158691901414865
MERGED,1,896,0.020136073431998202
MERGED,1,936,0.01991638063414632
MERGED,1,976,0.01965154616171933
MERGED,1,1024,0.018686911148317064
MERGED,1,1064,0.0186432373260119
MERGED,1,1112,0.018459966768874247
MERGED,1,1160,0.01842072737905365
MERGED,1,1216,0.018392980784867733
MERGED,1,1272,0.018383456072082634
MERGED,1,1328,0.018375529113961602
MERGED,1,1384,0.018357646946618917
MERGED,1,1448,0.018352739916669424
MERGED,10,8,0.4519964845274409
MERGED,10,16,0.20348558129212935
MERGED,10,24,0.20348558129212935
MERGED,10,32,0.20348558129212935
MERGED,10,40,0.20348558129212935
MERGED,10,48,0.20348558129212935
MERGED,10,56,0.20348558129212935
MERGED,10,64,0.20348558129212935
MERGED,10,72,0.20348558129212935
MERGED,10,80,0.20348558129212935
MERGED,10,88,0.20348558129212935
MERGED,10,96,0.20348558129212935
MERGED,10,104,0.18781542140841892
MERGED,10,112,0.18781542140841892
MERGED,10,120,0.18781542140841892
MERGED,10,128,0.1714393245287471
MERGED,10,136,0.1714393245287471
MERGED,10,144,0.1714393245287471
MERGED,10,152,0.1714393245287471
MERGED,10,160,0.16719836803459517
MERGED,10,168,0.16719836803459517
MERGED,10,176,0.16719836803459517
MERGED,10,184,0.1555435248421434
MERGED,10,192,0.1555435248421434
MERGED,10,200,0.14736185152116243
MERGED,10,208,0.14736185152116243
MERGED,10,216,0.1329785812241886
MERGED,10,224,0.1329785812241886
MERGED,10,232,0.1329785812241886
MERGED,10,248,0.12480418835962447
MERGED,10,256,0.1217919969254434
MERGED,10,264,0.12059306485522085
MERGED,10,280,0.1098877790008661
MERGED,10,288,0.1098877790008661
MERGED,10,304,0.09135121671177528
MERGED,10,312,0.08091129643323651
MERGED,10,328,0.07220357070218698
MERGED,10,344,0.0458117209114994
MERGED,10,352,0.03745219232396094
MERGED,10,368,0.03745219232396094
MERGED,10,384,0.03745219232396094
MERGED,10,400,0.03745219232396094
MERGED,10,424,0.026654282188909095
MERGED,10,440,0.026654282188909095
MERGED,10,456,0.026654282188909095
MERGED,10,480,0.02412753535213641
MERGED,10,496,0.022663844225008997
MERGED,10,520,0.022663844225008997
MERGED,10,544,0.021526870962729164
MERGED,10,560,0.02079272618889704
MERGED,10,584,0.02050313664024221
MERGED,10,608,0.02001430897488688
MERGED,10,640,0.019918675189653047
MERGED,10,664,0.01987482326541064
MERGED,10,696,0.019856776734833253
MERGED,10,720,0.01979297685840179
MERGED,10,752,0.01979297685840179
MERGED,10,784,0.019761107396155466
MERGED,10,816,0.019759108566183677
MERGED,10,856,0.019759108566183677
MERGED,10,888,0.019756350453951268
MERGED,10,928,0.019751764170369845
MERGED,10,968,0.019748721123530516
MERGED,10,1008,0.019748107417790386
MERGED,10,1056,0.01974776415535674
MERGED,10,1096,0.019745669313782646
MERGED,10,1144,0.019745371659373404
MERGED,11,8,0.2747699878756508
MERGED,11,16,0.1856687971354728
MERGED,11,24,0.1856687971354728
MERGED,11,32,0.1856687971354728
MERGED,11,40,0.1856687971354728
MERGED,11,48,0.1856687971354728
MERGED,11,56,0.1856687971354728
MERGED,11,64,0.1856687971354728
MERGED,11,72,0.1856687971354728
MERGED,11,80,0.1856687971354728
MERGED,11,88,0.1856687971354728
MERGED,11,96,0.1856687971354728
MERGED,11,104,0.1856687971354728
MERGED,11,112,0.1856687971354728
MERGED,11,120,0.1856687971354728
MERGED,11,128,0.1856687971354728
MERGED,11,136,0.1856687971354728
MERGED,11,144,0.1856687971354728
MERGED,11,152,0.1856687971354728
MERGED,11,160,0.1856687971354728
MERGED,11,168,0.1856687971354728
MERGED,11,176,0.1856687971354728
MERGED,11,184,0.1856687971354728
MERGED,11,192,0.1856687971354728
MERGED,11,200,0.1856687971354728
MERGED,11,216,0.1856687971354728
MERGED,11,224,0.1856687971354728
MERGED,11,232,0.1856687971354728
MERGED,11,240,0.18341031740974356
MERGED,11,256,0.18341031740974356
MERGED,11,264,0.18341031740974356
MERGED,11,272,0.18116682065999268
MERGED,11,288,0.1779341433367084
MERGED,11,304,0.17429686121594798
MERGED,11,312,0.17429686121594798
MERGED,11,328,0.17163355968096464
MERGED,11,344,0.1646239022446342
MERGED,11,360,0.1631417236707066
MERGED,11,376,0.1631417236707066
MERGED,11,392,0.1578347379624199
MERGED,11,408,0.15765584563870735
MERGED,11,424,0.15480591219318648
MERGED,11,440,0.15480591219318648
MERGED,11,464,0.15148280524704247
MERGED,11,480,0.15078764001983913
MERGED,11,504,0.1502395848019302
MERGED,11,528,0.149950318156517
MERGED,11,552,0.14968226642721624
MERGED,11,576,0.1496238052554728
MERGED,11,600,0.1479644169383587
MERGED,11,624,0.1463883380976417
MERGED,11,656,0.14538749204323387
MERGED,11,680,0.1453602460356088
MERGED,11,712,0.14524496118483532
MERGED,11,744,0.14501379464135725
MERGED,11,776,0.14472414734222516
MERGED,11,808,0.14429935724685652
MERGED,11,848,0.14412414966896894
MERGED,11,880,0.14412414966896894
MERGED,11,920,0.14404836988091632
MERGED,11,960,0.1439720823119153
MERGED,11,1008,0.14396609247209782
MERGED,11,1048,0.14396609247209782
MERGED,11,1096,0.1439625291627711
MERGED,11,1144,0.1439582785251706
MERGED,11,1192,0.14395756215729785
MERGED,11,1248,0.14395713989491773
MERGED,11,1304,0.14395650829716897
MERGED,11,1360,0.14395634985400008
MERGED,12,8,0.5295319629372751
MERGED,12,16,0.5295319629372751
MERGED,12,24,0.5295319629372751
MERGED,12,32,0.5295319629372751
MERGED,12,40,0.5295319629372751
MERGED,12,48,0.5114457940318758
MERGED,12,56,0.5114457940318758
MERGED,12,64,0.5114457940318758
MERGED,12,72,0.48310704103109564
MERGED,12,80,0.4587155882860916
MERGED,12,88,0.4587155882860916
MERGED,12,96,0.45081328575373675
MERGED,12,104,0.36582550072034037
MERGED,12,112,0.36582550072034037
MERGED,12,120,0.36582550072034037
MERGED,12,128,0.36582550072034037
MERGED,12,136,0.3288913108121689
MERGED,12,144,0.29300732031484256
MERGED,12,152,0.29300732031484256
MERGED,12,160,0.29300732031484256
MERGED,12,168,0.29300732031484256
MERGED,12,176,0.29300732031484256
MERGED,12,184,0.2677097069786057
MERGED,12,192,0.2677097069786057
MERGED,12,200,0.2677097069786057
MERGED,12,208,0.22453793149266085
MERGED,12,216,0.22453793149266085
MERGED,12,232,0.17826439698816446
MERGED,12,240,0.17826439698816446
MERGED,12,256,0.17826439698816446
MERGED,12,264,0.17826439698816446
MERGED,12,280,0.1617267705284249
MERGED,12,288,0.1617267705284249
MERGED,12,304,0.16061913063026734
MERGED,12,320,0.16061913063026734
MERGED,12,336,0.16061913063026734
MERGED,12,352,0.16061913063026734
MERGED,12,368,0.15802320592175811
MERGED,12,384,0.15757385294606643
MERGED,12,400,0.15644012127257817
MERGED,12,424,0.1540979205976353
MERGED,12,440,0.15146289668055415
MERGED,12,464,0.15146289668055415
MERGED,12,488,0.15061135992572489
MERGED,12,512,0.1491239856168718
MERGED,12,536,0.1477630069539224
MERGED,12,560,0.14456881394069285
MERGED,12,584,0.1405121856218697
MERGED,12,616,0.13540877089400213
MERGED,12,640,0.13540877089400213
MERGED,12,672,0.12705436055507588
MERGED,12,704,0.11040676272820377
MERGED,12,736,0.0911601759014491
MERGED,12,776,0.07461375983258009
MERGED,12,808,0.06224568508969328
MERGED,12,848,0.05249886899007234
MERGED,12,888,0.049910570755947216
MERGED,12,936,0.03919375697373863
MERGED,12,976,0.02550950711756991
MERGED,12,1024,0.020098896790610995
MERGED,12,1072,0.010146886295994105
MERGED,12,1128,0.007609255877731772
MERGED,12,1176,0.007438666484787277
MERGED,12,1232,0.005953440876933197
MERGED,12,1296,0.005953440876933197
MERGED,12,1360,0.005154124838067526
MERGED,12,1424,0.004249359523879538
MERGED,12,1488,0.004097941999374528
MERGED,12,1560,0.003726376971078345
MERGED,12,1632,0.003506603703505862
MERGED,12,1712,0.002954574792868441
MERGED,12,1792,0.0014288386894061019
MERGED,12,1880,0.0006794880410429851
MERGED,12,1968,0.0003105729712539221
MERGED,12,2064,0.00011287931068070776
MERGED,13,8,0.64151660378136
MERGED,13,16,0.5501071199241337
MERGED,13,24,0.5501071199241337
MERGED,13,32,0.5501071199241337
MERGED,13,40,0.5501071199241337
MERGED,13,48,0.5501071199241337
MERGED,13,56,0.4643541950318435
MERGED,13,64,0.3521292581772106
MERGED,13,72,0.2971437777903342
MERGED,13,80,0.2971437777903342
MERGED,13,88,0.2971437777903342
MERGED,13,96,0.2971437777903342
MERGED,13,104,0.2971437777903342
MERGED,13,112,0.2971437777903342
MERGED,13,120,0.2971437777903342
MERGED,13,128,0.2971437777903342
MERGED,13,136,0.2971437777903342
MERGED,13,144,0.2971437777903342
MERGED,13,152,0.2971437777903342
MERGED,13,160,0.2971437777903342
MERGED,13,168,0.2971437777903342
MERGED,13,176,0.28969639878103
MERGED,13,184,0.28969639878103
MERGED,13,192,0.2626749525047734
MERGED,13,200,0.20823559794404653
MERGED,13,208,0.20823559794404653
MERGED,13,224,0.18696830456868965
MERGED,13,232,0.18309875471458323
MERGED,13,240,0.18309875471458323
MERGED,13,256,0.1793440178914316
MERGED,13,264,0.1793440178914316
MERGED,13,272,0.1793440178914316
MERGED,13,288,0.1793440178914316
MERGED,13,304,0.17192871881040925
MERGED,13,312,0.16780282980889769
MERGED,13,328,0.15939878472627414
MERGED,13,344,0.15465614229426464
MERGED,13,360,0.12362261485055916
MERGED,13,376,0.12362261485055916
MERGED,13,392,0.12362261485055916
MERGED,13,408,0.12362261485055916
MERGED,13,424,0.11852738226158259
MERGED,13,448,0.10591212126425507
MERGED,13,464,0.102616316870437
MERGED,13,488,0.07182518085907959
MERGED,13,504,0.07182518085907959
MERGED,13,528,0.06664569703073746
MERGED,13,552,0.04007801261649644
MERGED,13,576,0.02693823523252181
MERGED,13,608,0.02693823523252181
MERGED,13,632,0.02210393729057686
MERGED,13,656,0.02210393729057686
MERGED,13,688,0.02210393729057686
MERGED,13,720,0.02210393729057686
MERGED,13,752,0.018495335213561243
MERGED,13,784,0.016084207696576536
MERGED,13,824,0.01608044676038912
MERGED,13,856,0.01571828022000059
MERGED,13,896,0.015474819699531376
MERGED,13,936,0.015060201333959253
MERGED,13,976,0.014632575409303059
MERGED,13,1024,0.01433306171295339
MERGED,13,1064,0.01433306171295339
MERGED,13,1112,0.014244131027769261
MERGED,13,1160,0.014153108979834414
MERGED,13,1216,0.014147303368280165
MERGED,13,1272,0.014122654455579009
MERGED,13,1328,0.014122654455579009
MERGED,13,1384,0.014121561960728973
MERGED,13,1448,0.014119771117561861
MERGED,14,8,0.9458880155195661
MERGED,14,16,0.6320034014460768
MERGED,14,24,0.47555427396165834
MERGED,14,32,0.40266528510098815
MERGED,14,40,0.3778496005188359
MERGED,14,48,0.19671931189025096
MERGED,14,56,0.19671931189025096
MERGED,14,64,0.19671931189025096
MERGED,14,72,0.19671931189025096
MERGED,14,80,0.19671931189025096
MERGED,14,88,0.19671931189025096
MERGED,14,96,0.18096699895730553
MERGED,14,104,0.12414997465533378
MERGED,14,112,0.12414997465533378
MERGED,14,120,0.12414997465533378
MERGED,14,128,0.12414997465533378
MERGED,14,136,0.12414997465533378
MERGED,14,144,0.12414997465533378
MERGED,14,152,0.12414997465533378
MERGED,14,160,0.12414997465533378
MERGED,14,168,0.12414997465533378
MERGED,14,176,0.12414997465533378
MERGED,14,184,0.12414997465533378
MERGED,14,192,0.12414997465533378
MERGED,14,200,0.12414997465533378
MERGED,14,216,0.12414997465533378
MERGED,14,224,0.12414997465533378
MERGED,14,232,0.12414997465533378
MERGED,14,240,0.12414997465533378
MERGED,14,256,0.12414997465533378
MERGED,14,264,0.12414997465533378
MERGED,14,272,0.12414997465533378
MERGED,14,288,0.12414997465533378
MERGED,14,304,0.12414997465533378
MERGED,14,312,0.12414997465533378
MERGED,14,328,0.12414997465533378
MERGED,14,344,0.12414997465533378
MERGED,14,360,0.12414997465533378
MERGED,14,376,0.11454699245378684
MERGED,14,392,0.11052687765683585
MERGED,14,408,0.09700587170964399
MERGED,14,424,0.0921625638050153
MERGED,14,440,0.08306170607319925
MERGED,14,464,0.05582765270063681
MERGED,14,480,0.05582765270063681
MERGED,14,504,0.034261749235589896
MERGED,14,528,0.034261749235589896
MERGED,14,552,0.034261749235589896
MERGED,14,576,0.03211135929846672
MERGED,14,600,0.02908500713359082
MERGED,14,624,0.02908500713359082
MERGED,14,656,0.02443343743908974
MERGED,14,680,0.02083687443996196
MERGED,14,712,0.02083687443996196
MERGED,14,744,0.020141792047210994
MERGED,14,776,0.018777088097482502
MERGED,14,808,0.0181806304509528
MERGED,14,848,0.0181806304509528
MERGED,14,880,0.018162439885469412
MERGED,14,920,0.018051022260803445
MERGED,14,960,0.0179700113103352
MERGED,14,1008,0.0179700113103352
MERGED,14,1048,0.01793769039823966
MERGED,14,1096,0.017922336047037305
MERGED,14,1144,0.01789647221012717
MERGED,14,1192,0.01789647221012717
MERGED,14,1248,0.01789647221012717
MERGED,14,1304,0.017889605491123128
MERGED,14,1360,0.017889392006716423
MERGED,15,8,0.7493201703286273
MERGED,15,16,0.4168183603019187
MERGED,15,24,0.4168183603019187
MERGED,15,32,0.4168183603019187
MERGED,15,40,0.4168183603019187
MERGED,15,48,0.4168183603019187
MERGED,15,56,0.32652792578039513
MERGED,15,64,0.32652792578039513
MERGED,15,72,0.32652792578039513
MERGED,15,80,0.32652792578039513
MERGED,15,88,0.32652792578039513
MERGED,15,96,0.32652792578039513
MERGED,15,104,0.32652792578039513
MERGED,15,112,0.3043602042345667
MERGED,15,120,0.3043602042345667
MERGED,15,128,0.26178948679485875
MERGED,15,136,0.2190982121469213
MERGED,15,144,0.2190982121469213
MERGED,15,152,0.2190982121469213
MERGED,15,160,0.2190982121469213
MERGED,15,168,0.2190982121469213
MERGED,15,176,0.2190982121469213
MERGED,15,184,0.2190982121469213
MERGED,15,192,0.2190982121469213
MERGED,15,200,0.2190982121469213
MERGED,15,208,0.2190982121469213
MERGED,15,216,0.21590668367575763
MERGED,15,232,0.18964553789497274
MERGED,15,240,0.1880575003374554
MERGED,15,248,0.1662110433684372
MERGED,15,264,0.159305555649084
MERGED,15,272,0.159305555649084
MERGED,15,288,0.159305555649084
MERGED,15,296,0.159305555649084
MERGED,15,312,0.15496458934866203
MERGED,15,320,0.1468545360915083
MERGED,15,336,0.13704468983505877
MERGED,15,352,0.12778731996156226
MERGED,15,368,0.1235265314485674
MERGED,15,384,0.1235265314485674
MERGED,15,400,0.12147310626369863
MERGED,15,424,0.10066991884721505
MERGED,15,440,0.06901733522964733
MERGED,15,456,0.06901733522964733
MERGED,15,480,0.06551641670467223
MERGED,15,504,0.05282922146078926
MERGED,15,520,0.04300009902200805
MERGED,15,544,0.04265455243998767
MERGED,15,568,0.03037582319237402
MERGED,15,600,0.024636491996273744
MERGED,15,624,0.024636491996273744
MERGED,15,648,0.024383630063144673
MERGED,15,680,0.02313632965400687
MERGED,15,712,0.022452916798882935
MERGED,15,744,0.0220812761236838
MERGED,15,776,0.0220812761236838
MERGED,15,808,0.022038647958746212
MERGED,15,848,0.022028258548510742
MERGED,15,880,0.022025045146985636
MERGED,15,920,0.02200683149043073
MERGED,15,960,0.0219781911197455
MERGED,15,1008,0.0219079029394493
MERGED,15,1048,0.021797846344291726
MERGED,15,1096,0.021715642402487505
MERGED,15,1144,0.021715642402487505
MERGED,15,1200,0.021691940876805652
MERGED,15,1248,0.021683549272598718
MERGED,15,1304,0.021683549272598718
MERGED,15,1360,0.021683549272598718
MERGED,15,1424,0.021683549272598718
MERGED,16,8,0.4773185669741539
MERGED,16,16,0.3873301632911889
MERGED,16,24,0.3719684438842139
MERGED,16,32,0.2797252545354268
MERGED,16,40,0.2797252545354268
MERGED,16,48,0.2797252545354268
MERGED,16,56,0.2797252545354268
MERGED,16,64,0.14024985710774437
MERGED,16,72,0.14024985710774437
MERGED,16,80,0.14024985710774437
MERGED,16,88,0.14024985710774437
MERGED,16,96,0.14024985710774437
MERGED,16,104,0.14024985710774437
MERGED,16,112,0.14024985710774437
MERGED,16,120,0.14024985710774437
MERGED,16,128,0.14024985710774437
MERGED,16,136,0.14024985710774437
MERGED,16,144,0.14024985710774437
MERGED,16,152,0.14024985710774437
MERGED,16,160,0.14024985710774437
MERGED,16,168,0.14024985710774437
MERGED,16,176,0.14024985710774437
MERGED,16,184,0.14024985710774437
MERGED,16,192,0.14024985710774437
MERGED,16,200,0.14024985710774437
MERGED,16,208,0.10616713995099046
MERGED,16,216,0.10616713995099046
MERGED,16,224,0.09271608387838796
MERGED,16,240,0.09271608387838796
MERGED,16,248,0.09271608387838796
MERGED,16,256,0.09271608387838796
MERGED,16,272,0.09271608387838796
MERGED,16,280,0.09271608387838796
MERGED,16,296,0.07555295077894601
MERGED,16,312,0.07555295077894601
MERGED,16,320,0.07555295077894601
MERGED,16,336,0.07555295077894601
MERGED,16,352,0.06026858874302091
MERGED,16,368,0.06026858874302091
MERGED,16,384,0.06026858874302091
MERGED,16,400,0.051540591033977325
MERGED,16,416,0.04510313621365971
MERGED,16,440,0.038016817812046556
MERGED,16,456,0.034843150978710935
MERGED,16,480,0.02475119579415074
MERGED,16,504,0.024365174688632602
MERGED,16,520,0.024365174688632602
MERGED,16,544,0.023132438488419043
MERGED,16,568,0.023132438488419043
MERGED,16,600,0.022643390088040033
MERGED,16,624,0.022643390088040033
MERGED,16,648,0.022643390088040033
MERGED,16,680,0.022623058149130074
MERGED,16,712,0.022577519444877164
MERGED,16,744,0.022424956199018135
MERGED,16,776,0.022113181958801964
MERGED,16,816,0.021708426455617175
MERGED,16,848,0.02029449444968518
MERGED,16,888,0.019870971003076554
MERGED,16,928,0.019870971003076554
MERGED,16,968,0.0198393358867304
MERGED,16,1016,0.01981608026001806
MERGED,16,1056,0.019776076956986768
MERGED,16,1104,0.01975971816843651
MERGED,16,1152,0.019758531877325115
MERGED,16,1208,0.01975377517150372
MERGED,16,1264,0.019751896639005583
MERGED,16,1320,0.019751896639005583
MERGED,16,1376,0.019751896639005583
MERGED,16,1440,0.019751896639005583
MERGED,16,1504,0.01975157030375786
MERGED,17,8,0.5694483709636372
MERGED,17,16,0.5694483709636372
MERGED,17,24,0.4859690168780386
MERGED,17,32,0.4529259402770051
MERGED,17,40,0.43774330886986457
MERGED,17,48,0.4188478824064757
MERGED,17,56,0.31405359142378214
MERGED,17,64,0.31405359142378214
MERGED,17,72,0.31405359142378214
MERGED,17,80,0.31405359142378214
MERGED,17,88,0.31405359142378214
MERGED,17,96,0.20351781518335557
MERGED,17,104,0.20351781518335557
MERGED,17,112,0.19246547927575583
MERGED,17,120,0.1025659316726511
MERGED,17,128,0.1025659316726511
MERGED,17,136,0.1025659316726511
MERGED,17,144,0.1025659316726511
MERGED,17,152,0.1025659316726511
MERGED,17,160,0.1025659316726511
MERGED,17,168,0.08520678910038505
MERGED,17,176,0.08520678910038505
MERGED,17,184,0.08520678910038505
MERGED,17,192,0.08520678910038505
MERGED,17,200,0.08520678910038505
MERGED,17,208,0.08520678910038505
MERGED,17,224,0.08520678910038505
MERGED,17,232,0.08520678910038505
MERGED,17,240,0.08520678910038505
MERGED,17,256,0.08520678910038505
MERGED,17,264,0.08520678910038505
MERGED,17,280,0.08520678910038505
MERGED,17,288,0.08520678910038505
MERGED,17,304,0.08314239436084034
MERGED,17,320,0.06860731880857408
MERGED,17,336,0.06860731880857408
MERGED,17,344,0.06436037153406826
MERGED,17,360,0.06436037153406826
MERGED,17,384,0.06436037153406826
MERGED,17,400,0.06436037153406826
MERGED,17,416,0.049542581669297266
MERGED,17,440,0.03286385882552803
MERGED,17,456,0.03286385882552803
MERGED,17,480,0.02708774463073225
MERGED,17,496,0.02708774463073225
MERGED,17,520,0.026212554802739912
MERGED,17,544,0.024423096138732437
MERGED,17,576,0.022474679885941724
MERGED,17,600,0.022474679885941724
MERGED,17,624,0.022474139686737043
MERGED,17,656,0.020371450340395943
MERGED,17,688,0.01986396287313563
MERGED,17,720,0.01986396287313563
MERGED,17,752,0.019532966763170376
MERGED,17,784,0.01795653653886759
MERGED,17,824,0.01614124807308116
MERGED,17,864,0.011852975817581308
MERGED,17,904,0.006320890674714942
MERGED,17,944,0.006320890674714942
MERGED,17,992,0.006292503352232601
MERGED,17,1032,0.006292503352232601
MERGED,17,1080,0.0054721699819137775
MERGED,17,1136,0.004518513851822794
MERGED,17,1184,0.004195770793436084
MERGED,17,1240,0.004017117883049026
MERGED,17,1296,0.003556229259213749
MERGED,17,1360,0.003556229259213749
MERGED,17,1424,0.0028509980864518327
MERGED,17,1488,0.0012938061738029868
MERGED,17,1560,0.0008847469535246642
MERGED,17,1632,0.00040754465498947094
MERGED,17,1704,0.00029869586441234354
MERGED,17,1784,0.00029622520130683953
MERGED,18,8,0.8080470478222092
MERGED,18,16,0.4359492769435165
MERGED,18,24,0.4359492769435165
MERGED,18,32,0.27821139943697926
MERGED,18,40,0.1790843820978667
MERGED,18,48,0.1790843820978667
MERGED,18,56,0.1790843820978667
MERGED,18,64,0.1790843820978667
MERGED,18,72,0.1790843820978667
MERGED,18,80,0.1790843820978667
MERGED,18,88,0.1790843820978667
MERGED,18,96,0.16671346908724413
MERGED,18,104,0.16671346908724413
MERGED,18,112,0.16671346908724413
MERGED,18,120,0.16671346908724413
MERGED,18,128,0.11727526992141618
MERGED,18,136,0.11727526992141618
MERGED,18,144,0.11727526992141618
MERGED,18,152,0.11727526992141618
MERGED,18,160,0.11727526992141618
MERGED,18,168,0.07711442751132379
MERGED,18,176,0.07711442751132379
MERGED,18,184,0.05720885050324124
MERGED,18,192,0.05720885050324124
MERGED,18,200,0.037241884175674846
MERGED,18,208,0.037241884175674846
MERGED,18,216,0.037241884175674846
MERGED,18,224,0.037241884175674846
MERGED,18,232,0.037241884175674846
MERGED,18,248,0.037241884175674846
MERGED,18,256,0.03310813407980145
MERGED,18,264,0.03310813407980145
MERGED,18,280,0.03310813407980145
MERGED,18,288,0.03310813407980145
MERGED,18,304,0.03310813407980145
MERGED,18,320,0.03135954620802762
MERGED,18,328,0.03135954620802762
MERGED,18,344,0.028256271844801627
MERGED,18,360,0.028256271844801627
MERGED,18,376,0.028256271844801627
MERGED,18,392,0.028220338268219115
MERGED,18,408,0.028220338268219115
MERGED,18,424,0.028220338268219115
MERGED,18,448,0.023998595382296883
MERGED,18,464,0.023998595382296883
MERGED,18,488,0.023998595382296883
MERGED,18,504,0.023998595382296883
MERGED,18,528,0.023998595382296883
MERGED,18,552,0.02300612387645043
MERGED,18,576,0.0227240579880879
MERGED,18,600,0.022639794232097277
MERGED,18,624,0.02246270895179223
MERGED,18,656,0.022415966516966448
MERGED,18,680,0.022415966516966448
MERGED,18,712,0.022354069878251875
MERGED,18,744,0.022354069878251875
MERGED,18,776,0.022287857846233206
MERGED,18,808,0.022003283892367387
MERGED,18,848,0.021779217977127927
MERGED,18,880,0.021725130760745576
MERGED,18,920,0.021718936810377593
MERGED,18,960,0.021696897790541025
MERGED,18,1000,0.021690130773660332
MERGED,18,1048,0.021686953514479176
MERGED,18,1096,0.021684091330447384
MERGED,18,1136,0.021683958662027106
MERGED,18,1192,0.021683455497814336
MERGED,18,1240,0.021683026351120776
MERGED,18,1296,0.021683026351120776
MERGED,19,8,0.553478536455323
MERGED,19,16,0.553478536455323
MERGED,19,24,0.5153854503907613
MERGED,19,32,0.5153854503907613
MERGED,19,40,0.47790605724980445
MERGED,19,48,0.4097040215410388
MERGED,19,56,0.38951507320568673
MERGED,19,64,0.38951507320568673
MERGED,19,72,0.38951507320568673
MERGED,19,80,0.38951507320568673
MERGED,19,88,0.38951507320568673
MERGED,19,96,0.3154033891131708
MERGED,19,104,0.3154033891131708
MERGED,19,112,0.3154033891131708
MERGED,19,120,0.3154033891131708
MERGED,19,128,0.3154033891131708
MERGED,19,136,0.3154033891131708
MERGED,19,144,0.3154033891131708
MERGED,19,152,0.3154033891131708
MERGED,19,160,0.3154033891131708
MERGED,19,168,0.3154033891131708
MERGED,19,176,0.3154033891131708
MERGED,19,192,0.2932992998548706
MERGED,19,200,0.28022685478498754
MERGED,19,208,0.2630267588485028
MERGED,19,216,0.24006978833861028
MERGED,19,224,0.20627316983842048
MERGED,19,240,0.20627316983842048
MERGED,19,248,0.20627316983842048
MERGED,19,264,0.20627316983842048
MERGED,19,272,0.20627316983842048
MERGED,19,288,0.20627316983842048
MERGED,19,296,0.20627316983842048
MERGED,19,312,0.1593996834879297
MERGED,19,328,0.1593996834879297
MERGED,19,344,0.1593996834879297
MERGED,19,360,0.1593996834879297
MERGED,19,376,0.1593996834879297
MERGED,19,392,0.1593996834879297
MERGED,19,416,0.1511302975185934
MERGED,19,432,0.1511302975185934
MERGED,19,456,0.14874917666384138
MERGED,19,480,0.14874917666384138
MERGED,19,496,0.14874917666384138
MERGED,19,520,0.14122661901778072
MERGED,19,544,0.10477389523716724
MERGED,19,576,0.056544280197770046
MERGED,19,600,0.056544280197770046
MERGED,19,632,0.04542586944864699
MERGED,19,656,0.03264780240185069
MERGED,19,688,0.029976288796658767
MERGED,19,720,0.029976288796658767
MERGED,19,760,0.029772680952778668
MERGED,19,792,0.02516682735438988
MERGED,19,832,0.022803346598963204
MERGED,19,872,0.02203696385626321
MERGED,19,912,0.021418891489218467
MERGED,19,952,0.021311405540618805
MERGED,19,1000,0.02098613672916234
MERGED,19,1048,0.02068804677726334
MERGED,19,1096,0.020641787143740223
MERGED,19,1152,0.020572181016290426
MERGED,19,1208,0.020555085491347335
MERGED,19,1264,0.02037855288532221
MERGED,19,1320,0.02037855288532221
MERGED,19,1384,0.020216507095983955
MERGED,19,1448,0.020174350235247898
MERGED,19,1520,0.020146211486059787
MERGED,19,1592,0.020131044711778723
MERGED,19,1664,0.020127296596579507
MERGED,19,1744,0.020123399741904583
MERGED,19,1832,0.020122261952853233
MERGED,19,1920,0.020121100183718193
MERGED,19,2008,0.020120919513632058
MERGED,2,8,0.4059128096811888
MERGED,2,16,0.4059128096811888
MERGED,2,24,0.15565557624710663
MERGED,2,32,0.15565557624710663
MERGED,2,40,0.15565557624710663
MERGED,2,48,0.15565557624710663
MERGED,2,56,0.15565557624710663
MERGED,2,64,0.15565557624710663
MERGED,2,72,0.15565557624710663
MERGED,2,80,0.15565557624710663
MERGED,2,88,0.15565557624710663
MERGED,2,96,0.15565557624710663
MERGED,2,104,0.15565557624710663
MERGED,2,112,0.15565557624710663
MERGED,2,120,0.15565557624710663
MERGED,2,128,0.11839311656006456
MERGED,2,136,0.11839311656006456
MERGED,2,144,0.0893542871178188
MERGED,2,152,0.0893542871178188
MERGED,2,160,0.0893542871178188
MERGED,2,168,0.0893542871178188
MERGED,2,176,0.0893542871178188
MERGED,2,184,0.0893542871178188
MERGED,2,192,0.0893542871178188
MERGED,2,200,0.0893542871178188
MERGED,2,208,0.0893542871178188
MERGED,2,224,0.0893542871178188
MERGED,2,232,0.0893542871178188
MERGED,2,240,0.0893542871178188
MERGED,2,248,0.0893542871178188
MERGED,2,264,0.0893542871178188
MERGED,2,272,0.0893542871178188
MERGED,2,288,0.0893542871178188
MERGED,2,296,0.0893542871178188
MERGED,2,312,0.0893542871178188
MERGED,2,328,0.06917743138355778
MERGED,2,336,0.06706237022237765
MERGED,2,352,0.06304221635518632
MERGED,2,368,0.053014640666193345
MERGED,2,384,0.053014640666193345
MERGED,2,400,0.04518674701693969
MERGED,2,424,0.0375863118775853
MERGED,2,440,0.0375863118775853
MERGED,2,456,0.0375863118775853
MERGED,2,480,0.031958493952199005
MERGED,2,496,0.028175528533429754
MERGED,2,520,0.024308535254574177
MERGED,2,544,0.024308535254574177
MERGED,2,568,0.022938143002240258
MERGED,2,592,0.022938143002240258
MERGED,2,616,0.022938143002240258
MERGED,2,648,0.02280353375627635
MERGED,2,672,0.022541757217413694
MERGED,2,704,0.022531369575893367
MERGED,2,736,0.02250821227601688
MERGED,2,768,0.02249226548209914
MERGED,2,800,0.022488569216490107
MERGED,2,840,0.022484494508013254
MERGED,2,872,0.02248365440427565
MERGED,2,912,0.022483510761317868
MERGED,2,952,0.022482782419141357
MERGED,2,992,0.02248272879372433
MERGED,2,1040,0.02248272879372433
MERGED,2,1080,0.02248272879372433
MERGED,2,1128,0.02248272879372433
MERGED,2,1184,0.022482580152166327
MERGED,2,1232,0.022482562610698295
MERGED,2,1288,0.022482536739106634
MERGED,2,1344,0.022482536739106634
MERGED,3,8,0.6637813999960497
MERGED,3,16,0.39710357080419917
MERGED,3,24,0.39710357080419917
MERGED,3,32,0.39710357080419917
MERGED,3,40,0.35987431662828184
MERGED,3,48,0.35987431662828184
MERGED,3,56,0.32191936504215785
MERGED,3,64,0.2328830356301631
MERGED,3,72,0.2328830356301631
MERGED,3,80,0.2328830356301631
MERGED,3,88,0.21392828256429097
MERGED,3,96,0.19715789412897686
MERGED,3,104,0.19715789412897686
MERGED,3,112,0.19715789412897686
MERGED,3,120,0.19715789412897686
MERGED,3,128,0.19715789412897686
MERGED,3,136,0.19715789412897686
MERGED,3,144,0.19715789412897686
MERGED,3,152,0.19715789412897686
MERGED,3,160,0.18921975434207114
MERGED,3,168,0.18921975434207114
MERGED,3,176,0.18921975434207114
MERGED,3,184,0.18902898535101195
MERGED,3,192,0.16453198802634922
MERGED,3,200,0.16453198802634922
MERGED,3,216,0.15876917683171746
MERGED,3,224,0.1514965851091296
MERGED,3,232,0.1514965851091296
MERGED,3,240,0.1514965851091296
MERGED,3,248,0.1514965851091296
MERGED,3,264,0.1514965851091296
MERGED,3,272,0.13862549001686567
MERGED,3,288,0.12788195427346247
MERGED,3,296,0.12020072056104285
MERGED,3,312,0.11233167691809585
MERGED,3,320,0.11233167691809585
MERGED,3,336,0.11233167691809585
MERGED,3,352,0.11233167691809585
MERGED,3,368,0.10776997255996701
MERGED,3,384,0.0963423408373865
MERGED,3,400,0.07667477471149366
MERGED,3,416,0.05586368481828124
MERGED,3,432,0.05586368481828124
MERGED,3,456,0.029965358135751918
MERGED,3,472,0.029965358135751918
MERGED,3,496,0.029965358135751918
MERGED,3,512,0.027180157822625006
MERGED,3,536,0.022794395961737476
MERGED,3,560,0.020722135635131204
MERGED,3,584,0.01990085806562999
MERGED,3,608,0.01827262039121001
MERGED,3,632,0.018108545386248735
MERGED,3,664,0.017248244676824547
MERGED,3,688,0.01722136517983958
MERGED,3,720,0.017166914524453476
MERGED,3,752,0.016699440428298268
MERGED,3,784,0.016264441819546793
MERGED,3,816,0.015958223695542662
MERGED,3,848,0.015592174339102394
MERGED,3,888,0.01548705716228081
MERGED,3,928,0.015451200126737267
MERGED,3,968,0.015352397894527081
MERGED,3,1008,0.015352397894527081
MERGED,3,1048,0.015338169225998621
MERGED,3,1096,0.01533056186407882
MERGED,3,1144,0.01532161026514145
MERGED,3,1192,0.01532161026514145
MERGED,4,8,0.5487906081699863
MERGED,4,16,0.5487906081699863
MERGED,4,24,0.5487906081699863
MERGED,4,32,0.5487906081699863
MERGED,4,40,0.5487906081699863
MERGED,4,48,0.5487906081699863
MERGED,4,56,0.5487906081699863
MERGED,4,64,0.5487906081699863
MERGED,4,72,0.38110524296386683
MERGED,4,80,0.38110524296386683
MERGED,4,88,0.18205693413834015
MERGED,4,96,0.18205693413834015
MERGED,4,104,0.16583777213626094
MERGED,4,112,0.16583777213626094
MERGED,4,120,0.16583777213626094
MERGED,4,128,0.16583777213626094
MERGED,4,136,0.16583777213626094
MERGED,4,144,0.16583777213626094
MERGED,4,152,0.16583777213626094
MERGED,4,160,0.16583777213626094
MERGED,4,168,0.16583777213626094
MERGED,4,176,0.16583777213626094
MERGED,4,184,0.16583777213626094
MERGED,4,192,0.16583777213626094
MERGED,4,208,0.16583777213626094
MERGED,4,216,0.16583777213626094
MERGED,4,224,0.16583777213626094
MERGED,4,232,0.16583777213626094
MERGED,4,248,0.16583777213626094
MERGED,4,256,0.16583777213626094
MERGED,4,264,0.16583777213626094
MERGED,4,280,0.16583777213626094
MERGED,4,288,0.16583777213626094
MERGED,4,304,0.16583777213626094
MERGED,4,320,0.16583777213626094
MERGED,4,336,0.16583777213626094
MERGED,4,352,0.16583777213626094
MERGED,4,368,0.16583777213626094
MERGED,4,384,0.16583777213626094
MERGED,4,400,0.16583777213626094
MERGED,4,416,0.16583777213626094
MERGED,4,432,0.16583777213626094
MERGED,4,456,0.16583777213626094
MERGED,4,472,0.16583777213626094
MERGED,4,496,0.16583777213626094
MERGED,4,520,0.16583777213626094
MERGED,4,544,0.16583777213626094
MERGED,4,568,0.16583777213626094
MERGED,4,592,0.15615145045789508
MERGED,4,624,0.13926280733166566
MERGED,4,648,0.13926280733166566
MERGED,4,680,0.11182046738848471
MERGED,4,712,0.04747501175918218
MERGED,4,744,0.03757680961756087
MERGED,4,776,0.03757680961756087
MERGED,4,808,0.03565157545333064
MERGED,4,848,0.02802891475981763
MERGED,4,888,0.024269351273158827
MERGED,4,928,0.02311923555024915
MERGED,4,968,0.022584316771730163
MERGED,4,1008,0.022547032203541557
MERGED,4,1056,0.022547032203541557
MERGED,4,1104,0.022501982262932888
MERGED,4,1152,0.0224891865834304
MERGED,4,1208,0.0224891865834304
MERGED,4,1264,0.022488378849537513
MERGED,4,1320,0.022488378849537513
MERGED,4,1376,0.022488369308406576
MERGED,4,1440,0.02248790848804094
MERGED,4,1504,0.02248790848804094
MERGED,4,1576,0.02248790848804094
MERGED,5,8,0.5067639675755463
MERGED,5,16,0.5016064537591823
MERGED,5,24,0.5016064537591823
MERGED,5,32,0.5016064537591823
MERGED,5,40,0.5016064537591823
MERGED,5,48,0.5016064537591823
MERGED,5,56,0.5016064537591823
MERGED,5,64,0.46118313768614927
MERGED,5,72,0.46118313768614927
MERGED,5,80,0.46118313768614927
MERGED,5,88,0.46118313768614927
MERGED,5,96,0.44434827197047055
MERGED,5,104,0.44434827197047055
MERGED,5,112,0.3776923793574449
MERGED,5,120,0.2966645588304292
MERGED,5,128,0.2966645588304292
MERGED,5,136,0.26782272217831143
MERGED,5,144,0.26782272217831143
MERGED,5,152,0.26782272217831143
MERGED,5,160,0.26782272217831143
MERGED,5,168,0.26782272217831143
MERGED,5,176,0.25817831538214003
MERGED,5,184,0.25817831538214003
MERGED,5,192,0.17186540139239193
MERGED,5,200,0.15385766185984404
MERGED,5,208,0.15385766185984404
MERGED,5,224,0.15385766185984404
MERGED,5,232,0.15385766185984404
MERGED,5,240,0.15385766185984404
MERGED,5,256,0.15385766185984404
MERGED,5,264,0.15385766185984404
MERGED,5,280,0.15385766185984404
MERGED,5,288,0.15385766185984404
MERGED,5,304,0.15385766185984404
MERGED,5,320,0.15385766185984404
MERGED,5,336,0.1452442070743387
MERGED,5,352,0.1452442070743387
MERGED,5,368,0.13647844886147
MERGED,5,384,0.10472748977827533
MERGED,5,408,0.10371891153400559
MERGED,5,424,0.09446700716847688
MERGED,5,440,0.09446700716847688
MERGED,5,464,0.08569599617933515
MERGED,5,488,0.051142928095245295
MERGED,5,512,0.051142928095245295
MERGED,5,536,0.051142928095245295
MERGED,5,560,0.046072733531844184
MERGED,5,584,0.04043650785533677
MERGED,5,616,0.033444891946680995
MERGED,5,648,0.02371247090252514
MERGED,5,672,0.02371247090252514
MERGED,5,704,0.022989914141600357
MERGED,5,744,0.022989914141600357
MERGED,5,776,0.022989914141600357
MERGED,5,816,0.0208971686930633
MERGED,5,856,0.0208971686930633
MERGED,5,896,0.020499278902625137
MERGED,5,936,0.019619424620110154
MERGED,5,984,0.0196159069629249
MERGED,5,1032,0.01930313875466395
MERGED,5,1080,0.01914580454785986
MERGED,5,1128,0.01892645799356125
MERGED,5,1184,0.01755237171528594
MERGED,5,1240,0.017118194622488616
MERGED,5,1296,0.01667299574874524
MERGED,5,1360,0.0163146237480199
MERGED,5,1424,0.0160719906690223
MERGED,5,1496,0.01573383869893824
MERGED,5,1568,0.015512499744550226
MERGED,5,1640,0.015407284736407179
MERGED,5,1720,0.015398858869230597
MERGED,5,1800,0.015381856538146846
MERGED,5,1888,0.01536512438487205
MERGED,5,1976,0.01536260371897756
MERGED,5,2072,0.0153601700667058
MERGED,6,8,0.47209525540082087
MERGED,6,16,0.47209525540082087
MERGED,6,24,0.47209525540082087
MERGED,6,32,0.35007050526408534
MERGED,6,40,0.26501948794874386
MERGED,6,48,0.19911117323393987
MERGED,6,56,0.12553521275017873
MERGED,6,64,0.12553521275017873
MERGED,6,72,0.12553521275017873
MERGED,6,80,0.12553521275017873
MERGED,6,88,0.12553521275017873
MERGED,6,96,0.12553521275017873
MERGED,6,104,0.12553521275017873
MERGED,6,112,0.12553521275017873
MERGED,6,120,0.12553521275017873
MERGED,6,128,0.12553521275017873
MERGED,6,136,0.12553521275017873
MERGED,6,144,0.12553521275017873
MERGED,6,152,0.12553521275017873
MERGED,6,160,0.12553521275017873
MERGED,6,168,0.12553521275017873
MERGED,6,176,0.12553521275017873
MERGED,6,184,0.12553521275017873
MERGED,6,192,0.12553521275017873
MERGED,6,200,0.12553521275017873
MERGED,6,208,0.12553521275017873
MERGED,6,216,0.12553521275017873
MERGED,6,224,0.12553521275017873
MERGED,6,232,0.12553521275017873
MERGED,6,248,0.12553521275017873
MERGED,6,256,0.12553521275017873
MERGED,6,264,0.12553521275017873
MERGED,6,280,0.12553521275017873
MERGED,6,288,0.12553521275017873
MERGED,6,304,0.12553521275017873
MERGED,6,320,0.12553521275017873
MERGED,6,328,0.12553521275017873
MERGED,6,344,0.12553521275017873
MERGED,6,360,0.12553521275017873
MERGED,6,376,0.12553521275017873
MERGED,6,392,0.12553521275017873
MERGED,6,408,0.12553521275017873
MERGED,6,424,0.11865177367121414
MERGED,6,448,0.1147281386482223
MERGED,6,464,0.11132317289404252
MERGED,6,488,0.08693746174510157
MERGED,6,504,0.05208066016551865
MERGED,6,528,0.05208066016551865
MERGED,6,552,0.04636550085686956
MERGED,6,576,0.03944151850180391
MERGED,6,600,0.03052940473277534
MERGED,6,624,0.028405363281375978
MERGED,6,656,0.02382902930174463
MERGED,6,680,0.02382902930174463
MERGED,6,712,0.0228924730576278
MERGED,6,744,0.02175882526545532
MERGED,6,776,0.020763871656112192
MERGED,6,808,0.020763871656112192
MERGED,6,848,0.02043249649027079
MERGED,6,880,0.020226494834376423
MERGED,6,920,0.01998676513837247
MERGED,6,960,0.01997981375257232
MERGED,6,1000,0.019802495654801366
MERGED,6,1048,0.019765196606539817
MERGED,6,1096,0.01975797574609087
MERGED,6,1136,0.01974948520153896
MERGED,6,1192,0.0197466895244654
MERGED,6,1240,0.01974644987791879
MERGED,6,1296,0.019745634299887547
MERGED,7,8,0.7347458511621013
MERGED,7,16,0.6273975681857082
MERGED,7,24,0.5789205993443176
MERGED,7,32,0.5789205993443176
MERGED,7,40,0.5268045493798984
MERGED,7,48,0.5268045493798984
MERGED,7,56,0.5229588412923064
MERGED,7,64,0.407777736891562
MERGED,7,72,0.407777736891562
MERGED,7,80,0.2770128252623301
MERGED,7,88,0.2770128252623301
MERGED,7,96,0.2770128252623301
MERGED,7,104,0.2770128252623301
MERGED,7,112,0.2770128252623301
MERGED,7,120,0.2770128252623301
MERGED,7,128,0.2770128252623301
MERGED,7,136,0.27135858333595464
MERGED,7,144,0.27135858333595464
MERGED,7,152,0.27135858333595464
MERGED,7,160,0.27135858333595464
MERGED,7,168,0.26180702119875426
MERGED,7,176,0.24524647220502604
MERGED,7,184,0.24524647220502604
MERGED,7,192,0.20443137486730423
MERGED,7,200,0.20443137486730423
MERGED,7,208,0.15905153281212667
MERGED,7,216,0.15905153281212667
MERGED,7,224,0.15905153281212667
MERGED,7,232,0.13918466571272778
MERGED,7,248,0.13717271871963682
MERGED,7,256,0.13717271871963682
MERGED,7,264,0.13717271871963682
MERGED,7,280,0.13158989202877566
MERGED,7,288,0.12356090442223795
MERGED,7,304,0.0899133630221992
MERGED,7,312,0.08404830847333516
MERGED,7,328,0.07169543689781997
MERGED,7,344,0.03923279486269069
MERGED,7,360,0.03923279486269069
MERGED,7,376,0.03923279486269069
MERGED,7,392,0.038644170863619313
MERGED,7,408,0.032451386037651714
MERGED,7,424,0.032451386037651714
MERGED,7,440,0.027528003194215944
MERGED,7,456,0.027528003194215944
MERGED,7,480,0.022518817059549
MERGED,7,496,0.02074468303950065
MERGED,7,520,0.02074468303950065
MERGED,7,544,0.01986491968659133
MERGED,7,568,0.01899698412635216
MERGED,7,592,0.01899698412635216
MERGED,7,616,0.01899698412635216
MERGED,7,640,0.01899698412635216
MERGED,7,672,0.01881187367544446
MERGED,7,696,0.01873542092798078
MERGED,7,728,0.018663167280616243
MERGED,7,760,0.018564965011251156
MERGED,7,792,0.01853508278334255
MERGED,7,824,0.018469393639370345
MERGED,7,856,0.018439532051667127
MERGED,7,896,0.018439532051667127
MERGED,7,936,0.01841113247950227
MERGED,7,976,0.018373152745074818
MERGED,7,1016,0.0183638667918207
MERGED,7,1056,0.018354787131308847
MERGED,7,1104,0.018354787131308847
MERGED,7,1152,0.01835129886916909
MERGED,8,8,0.7822139838836577
MERGED,8,16,0.2583732887995451
MERGED,8,24,0.2583732887995451
MERGED,8,32,0.2583732887995451
MERGED,8,40,0.2583732887995451
MERGED,8,48,0.2583732887995451
MERGED,8,56,0.2583732887995451
MERGED,8,64,0.2583732887995451
MERGED,8,72,0.2583732887995451
MERGED,8,80,0.2583732887995451
MERGED,8,88,0.2583732887995451
MERGED,8,96,0.2583732887995451
MERGED,8,104,0.2583732887995451
MERGED,8,112,0.2583732887995451
MERGED,8,120,0.2583732887995451
MERGED,8,128,0.2583732887995451
MERGED,8,136,0.2583732887995451
MERGED,8,144,0.2583732887995451
MERGED,8,152,0.2583732887995451
MERGED,8,160,0.23241581612618656
MERGED,8,168,0.23241581612618656
MERGED,8,176,0.23241581612618656
MERGED,8,184,0.23241581612618656
MERGED,8,192,0.18995096102214856
MERGED,8,200,0.18995096102214856
MERGED,8,208,0.18995096102214856
MERGED,8,216,0.18995096102214856
MERGED,8,224,0.16345139911598436
MERGED,8,240,0.15697607494598106
MERGED,8,248,0.15697607494598106
MERGED,8,256,0.15697607494598106
MERGED,8,272,0.15697607494598106
MERGED,8,280,0.15697607494598106
MERGED,8,296,0.15697607494598106
MERGED,8,312,0.15697607494598106
MERGED,8,320,0.15697607494598106
MERGED,8,336,0.15663310414519419
MERGED,8,352,0.15448974372805271
MERGED,8,368,0.15448974372805271
MERGED,8,384,0.14934723144261405
MERGED,8,400,0.14934723144261405
MERGED,8,424,0.1411371839813436
MERGED,8,440,0.1358631444201623
MERGED,8,464,0.125712259576567
MERGED,8,480,0.10810886879909896
MERGED,8,504,0.08632497889740116
MERGED,8,528,0.07964668811258475
MERGED,8,552,0.046842080543868264
MERGED,8,576,0.042431368739390206
MERGED,8,600,0.042431368739390206
MERGED,8,624,0.026462961323191304
MERGED,8,656,0.019844016270742292
MERGED,8,688,0.019589813300936326
MERGED,8,712,0.019589813300936326
MERGED,8,744,0.017653357271052193
MERGED,8,784,0.017653357271052193
MERGED,8,816,0.01583362681867256
MERGED,8,856,0.015518416516393177
MERGED,8,888,0.015157497072985906
MERGED,8,928,0.014311002609221649
MERGED,8,976,0.008785544776398717
MERGED,8,1016,0.005767628390605628
MERGED,8,1064,0.00494487327448164
MERGED,8,1112,0.0035928719006792314
MERGED,8,1160,0.0035688243137023744
MERGED,8,1216,0.0027980150068465186
MERGED,8,1264,0.002114048670335219
MERGED,8,1328,0.0008597456370093796
MERGED,8,1384,0.0008596838437135275
MERGED,8,1448,0.0005068848803046112
MERGED,8,1512,0.00028726359085035904
MERGED,9,8,0.6963375320784791
MERGED,9,16,0.5571675581227074
MERGED,9,24,0.4287365875783718
MERGED,9,32,0.39682181779689946
MERGED,9,40,0.39682181779689946
MERGED,9,48,0.39682181779689946
MERGED,9,56,0.39682181779689946
MERGED,9,64,0.3330026240948652
MERGED,9,72,0.3330026240948652
MERGED,9,80,0.2785308636350449
MERGED,9,88,0.2785308636350449
MERGED,9,96,0.2785308636350449
MERGED,9,104,0.2785308636350449
MERGED,9,112,0.2130403074842442
MERGED,9,120,0.2130403074842442
MERGED,9,128,0.2130403074842442
MERGED,9,136,0.2130403074842442
MERGED,9,144,0.2130403074842442
MERGED,9,152,0.21042027409630326
MERGED,9,160,0.21042027409630326
MERGED,9,168,0.21042027409630326
MERGED,9,176,0.19758955116844076
MERGED,9,184,0.19628386027670264
MERGED,9,192,0.19628386027670264
MERGED,9,208,0.18260591259880557
MERGED,9,216,0.18260591259880557
MERGED,9,224,0.18260591259880557
MERGED,9,232,0.18260591259880557
MERGED,9,248,0.17775508980661192
MERGED,9,256,0.17775508980661192
MERGED,9,272,0.17775508980661192
MERGED,9,288,0.1764664912045761
MERGED,9,296,0.1749323550129098
MERGED,9,312,0.17151934719175818
MERGED,9,328,0.17151934719175818
MERGED,9,344,0.17151934719175818
MERGED,9,360,0.17151934719175818
MERGED,9,376,0.17151934719175818
MERGED,9,392,0.1712183251530356
MERGED,9,416,0.17021636201916493
MERGED,9,432,0.16995725076488277
MERGED,9,456,0.16989720892593851
MERGED,9,480,0.169446704545498
MERGED,9,496,0.1694327845306858
MERGED,9,520,0.16901284195316935
MERGED,9,552,0.1688597688576511
MERGED,9,576,0.16861219613426515
MERGED,9,600,0.16861219613426515
MERGED,9,632,0.16848880501697347
MERGED,9,664,0.16847738256216785
MERGED,9,696,0.16834766784910604
MERGED,9,728,0.16820126265271482
MERGED,9,760,0.16793267479006824
MERGED,9,800,0.1675703772870257
MERGED,9,840,0.1660297640409819
MERGED,9,880,0.16154943798406138
MERGED,9,920,0.15022926842378856
MERGED,9,968,0.09090286506410188
MERGED,9,1008,0.0876620484543175
MERGED,9,1056,0.0876620484543175
MERGED,9,1112,0.07480653496065262
MERGED,9,1168,0.07001079362924235
MERGED,9,1224,0.06245114381243316
MERGED,9,1280,0.0551590394444689
MERGED,9,1344,0.0418324330279932
MERGED,9,1408,0.028363117814087863
MERGED,9,1472,0.020923193156325338
MERGED,9,1544,0.01863656761587609
MERGED,9,1616,0.018375320436977503
MERGED,9,1696,0.017973037186094967
MERGED,9,1776,0.017913969255629658
MERGED,9,1864,0.017913969255629658
MERGED,9,1952,0.017913969255629658
MERGED,9,2048,0.017905791939108996
MERGED,9,2144,0.01790291157592409
