experiment,seed,evaluations,best_nrmse
BARENTS,0,8,1.4563002581445978
BARENTS,0,16,1.4563002581445978
BARENTS,0,24,1.4563002581445978
BARENTS,0,32,0.7041058525650524
BARENTS,0,40,0.7041058525650524
BARENTS,0,48,0.7041058525650524
BARENTS,0,56,0.3376391199060678
BARENTS,0,64,0.3376391199060678
BARENTS,0,72,0.3376391199060678
BARENTS,0,80,0.3376391199060678
BARENTS,0,88,0.3376391199060678
BARENTS,0,96,0.3376391199060678
BARENTS,0,104,0.3376391199060678
BARENTS,0,112,0.3376391199060678
BARENTS,0,120,0.3376391199060678
BARENTS,0,128,0.3376391199060678
BARENTS,0,136,0.3376391199060678
BARENTS,0,144,0.3376391199060678
BARENTS,0,152,0.3376391199060678
BARENTS,0,160,0.3376391199060678
BARENTS,0,168,0.3376391199060678
BARENTS,0,176,0.3376391199060678
BARENTS,0,184,0.3376391199060678
BARENTS,0,192,0.3376391199060678
BARENTS,0,200,0.3376391199060678
BARENTS,0,216,0.3376391199060678
BARENTS,0,224,0.24241922763597962
BARENTS,0,232,0.24241922763597962
BARENTS,0,240,0.19873220401256092
BARENTS,0,248,0.19873220401256092
BARENTS,0,264,0.14637507956426193
BARENTS,0,272,0.14637507956426193
BARENTS,0,288,0.14637507956426193
BARENTS,0,296,0.14637507956426193
BARENTS,0,312,0.14637507956426193
BARENTS,0,320,0.14637507956426193
BARENTS,0,336,0.14637507956426193
BARENTS,0,352,0.08320043780515148
BARENTS,0,368,0.08320043780515148
BARENTS,0,384,0.08320043780515148
BARENTS,0,400,0.08320043780515148
BARENTS,0,416,0.08320043780515148
BARENTS,0,432,0.08320043780515148
BARENTS,0,456,0.08320043780515148
BARENTS,0,472,0.06100593848798825
BARENTS,0,496,0.0484882438771811
BARENTS,0,512,0.0484882438771811
BARENTS,0,536,0.035920695098184866
BARENTS,0,560,0.023285288949814464
BARENTS,0,584,0.017659258537517267
BARENTS,0,608,0.017659258537517267
BARENTS,0,632,0.017659258537517267
BARENTS,0,664,0.010552754833590224
BARENTS,0,688,0.007544033894320897
BARENTS,0,720,0.007544033894320897
BARENTS,0,752,0.0050865330477545935
BARENTS,0,784,0.0050865330477545935
BARENTS,0,816,0.004328489164326217
BARENTS,0,848,0.003150541750848014
BARENTS,0,888,0.0022104495453127955
BARENTS,0,928,0.0015514326234360215
BARENTS,0,968,0.0009365435298706569
BARENTS,0,1008,0.0009365435298706569
BARENTS,0,1048,0.0009169130008616327
BARENTS,0,1096,0.0009054060143966438
BARENTS,0,1144,0.0009054060143966438
BARENTS,0,1192,0.0009035130703534278
BARENTS,1,8,1.8503696526995175
BARENTS,1,16,1.7362585901743568
BARENTS,1,24,1.525914138765342
BARENTS,1,32,0.7480487637266113
BARENTS,1,40,0.7480487637266113
BARENTS,1,48,0.7480487637266113
BARENTS,1,56,0.7480487637266113
BARENTS,1,64,0.7480487637266113
BARENTS,1,72,0.6243380545505635
BARENTS,1,80,0.6243380545505635
BARENTS,1,88,0.6243380545505635
BARENTS,1,96,0.6243380545505635
BARENTS,1,104,0.6243380545505635
BARENTS,1,112,0.6243380545505635
BARENTS,1,120,0.6243380545505635
BARENTS,1,128,0.6243380545505635
BARENTS,1,136,0.6243380545505635
BARENTS,1,144,0.6243380545505635
BARENTS,1,152,0.6243380545505635
BARENTS,1,160,0.617057923413456
BARENTS,1,168,0.503316310123828
BARENTS,1,176,0.503316310123828
BARENTS,1,184,0.503316310123828
BARENTS,1,192,0.503316310123828
BARENTS,1,200,0.503316310123828
BARENTS,1,208,0.503316310123828
BARENTS,1,216,0.503316310123828
BARENTS,1,224,0.503316310123828
BARENTS,1,232,0.3361874731380554
BARENTS,1,248,0.2747074469169305
BARENTS,1,256,0.2747074469169305
BARENTS,1,264,0.2747074469169305
BARENTS,1,280,0.2747074469169305
BARENTS,1,288,0.2747074469169305
BARENTS,1,304,0.2747074469169305
BARENTS,1,320,0.2747074469169305
BARENTS,1,336,0.23397363910695473
BARENTS,1,344,0.17280378893072423
BARENTS,1,360,0.08848387740420861
BARENTS,1,376,0.08848387740420861
BARENTS,1,400,0.08848387740420861
BARENTS,1,416,0.08848387740420861
BARENTS,1,432,0.033442181639124303
BARENTS,1,456,0.033442181639124303
BARENTS,1,472,0.033442181639124303
BARENTS,1,496,0.03320776097629238
BARENTS,1,520,0.0197846948936294
BARENTS,1,536,0.0197846948936294
BARENTS,1,560,0.0197846948936294
BARENTS,1,592,0.018169891786505726
BARENTS,1,616,0.018169891786505726
BARENTS,1,640,0.014663156232324486
BARENTS,1,672,0.01393915866585742
BARENTS,1,704,0.01319290115226431
BARENTS,1,736,0.012207392514523019
BARENTS,1,768,0.011554309865042018
BARENTS,1,800,0.011390757884086888
BARENTS,1,840,0.01095765574678921
BARENTS,1,872,0.010375137542629968
BARENTS,1,912,0.009102318008072059
BARENTS,1,952,0.008200931251113201
BARENTS,1,1000,0.004145761414476263
BARENTS,1,1040,0.00320345627345875
BARENTS,1,1088,0.0021198196357073355
BARENTS,1,1136,0.001777908515755082
BARENTS,1,1192,0.0013383889804204905
BARENTS,1,1240,0.0012186172816781682
BARENTS,1,1296,0.0009935278161699417
BARENTS,1,1352,0.0009181646953287866
BARENTS,1,1416,0.0009128737224505398
BARENTS,1,1480,0.0009026151233477096
BARENTS,10,8,1.440932239643648
BARENTS,10,16,0.7021210884098882
BARENTS,10,24,0.7021210884098882
BARENTS,10,32,0.7021210884098882
BARENTS,10,40,0.7021210884098882
BARENTS,10,48,0.7021210884098882
BARENTS,10,56,0.7021210884098882
BARENTS,10,64,0.7021210884098882
BARENTS,10,72,0.7021210884098882
BARENTS,10,80,0.7021210884098882
BARENTS,10,88,0.7021210884098882
BARENTS,10,96,0.7021210884098882
BARENTS,10,104,0.7021210884098882
BARENTS,10,112,0.7021210884098882
BARENTS,10,120,0.7021210884098882
BARENTS,10,128,0.7021210884098882
BARENTS,10,136,0.5781303283380013
BARENTS,10,144,0.5781303283380013
BARENTS,10,152,0.400339479910134
BARENTS,10,160,0.3909852014344018
BARENTS,10,168,0.3909852014344018
BARENTS,10,176,0.3550058406343595
BARENTS,10,184,0.3550058406343595
BARENTS,10,192,0.3550058406343595
BARENTS,10,200,0.3550058406343595
BARENTS,10,208,0.32782328745700845
BARENTS,10,216,0.32782328745700845
BARENTS,10,232,0.17735987125175745
BARENTS,10,240,0.17735987125175745
BARENTS,10,248,0.17735987125175745
BARENTS,10,264,0.14320571212318492
BARENTS,10,272,0.14320571212318492
BARENTS,10,288,0.14320571212318492
BARENTS,10,296,0.1326632454310953
BARENTS,10,312,0.10037076013976866
BARENTS,10,328,0.10037076013976866
BARENTS,10,336,0.10037076013976866
BARENTS,10,352,0.10037076013976866
BARENTS,10,368,0.08230454277776442
BARENTS,10,384,0.0705114271658866
BARENTS,10,408,0.0705114271658866
BARENTS,10,424,0.0705114271658866
BARENTS,10,440,0.0705114271658866
BARENTS,10,464,0.062093262688447094
BARENTS,10,480,0.04729013285946846
BARENTS,10,504,0.030185203093003692
BARENTS,10,528,0.029414480008742888
BARENTS,10,552,0.02053954283960448
BARENTS,10,576,0.017927420331056054
BARENTS,10,600,0.01693349215756873
BARENTS,10,632,0.015339580021204197
BARENTS,10,656,0.014305205874551937
BARENTS,10,688,0.014194098901383581
BARENTS,10,720,0.012594065820751647
BARENTS,10,752,0.012594065820751647
BARENTS,10,784,0.012594065820751647
BARENTS,10,816,0.012594065820751647
BARENTS,10,856,0.012594065820751647
BARENTS,10,896,0.012484550315126249
BARENTS,10,936,0.01243371244258949
BARENTS,10,976,0.012345665582565245
BARENTS,10,1024,0.012078072650779972
BARENTS,10,1072,0.011882977972329735
BARENTS,10,1120,0.01178422912884302
BARENTS,10,1168,0.011747429085502704
BARENTS,10,1216,0.011669699067343156
BARENTS,10,1272,0.01165774693818489
BARENTS,10,1328,0.011655795420881404
BARENTS,10,1392,0.01165142231943892
BARENTS,10,1456,0.011650948030887806
BARENTS,10,1520,0.011650437611275358
BARENTS,11,8,1.0254379712423647
BARENTS,11,16,1.0254379712423647
BARENTS,11,24,1.0254379712423647
BARENTS,11,32,1.0254379712423647
BARENTS,11,40,1.0254379712423647
BARENTS,11,48,0.9286874954831459
BARENTS,11,56,0.5635411647206676
BARENTS,11,64,0.22580188066639653
BARENTS,11,72,0.22580188066639653
BARENTS,11,80,0.22580188066639653
BARENTS,11,88,0.22580188066639653
BARENTS,11,96,0.22580188066639653
BARENTS,11,104,0.22580188066639653
BARENTS,11,112,0.22580188066639653
BARENTS,11,120,0.22580188066639653
BARENTS,11,128,0.22580188066639653
BARENTS,11,136,0.22580188066639653
BARENTS,11,144,0.22580188066639653
BARENTS,11,152,0.22580188066639653
BARENTS,11,160,0.22580188066639653
BARENTS,11,168,0.22580188066639653
BARENTS,11,176,0.22580188066639653
BARENTS,11,184,0.22580188066639653
BARENTS,11,192,0.22580188066639653
BARENTS,11,200,0.1880952730784969
BARENTS,11,208,0.1880952730784969
BARENTS,11,216,0.1880952730784969
BARENTS,11,224,0.1880952730784969
BARENTS,11,240,0.1880952730784969
BARENTS,11,248,0.1880952730784969
BARENTS,11,256,0.1880952730784969
BARENTS,11,272,0.1880952730784969
BARENTS,11,280,0.1880952730784969
BARENTS,11,296,0.1880952730784969
BARENTS,11,312,0.1880952730784969
BARENTS,11,320,0.1880952730784969
BARENTS,11,336,0.1880952730784969
BARENTS,11,352,0.1880952730784969
BARENTS,11,368,0.1788092223455182
BARENTS,11,384,0.1788092223455182
BARENTS,11,408,0.16757752979603116
BARENTS,11,424,0.16757752979603116
BARENTS,11,448,0.15017889793926384
BARENTS,11,464,0.11960752959731992
BARENTS,11,488,0.10585689125534246
BARENTS,11,512,0.10585689125534246
BARENTS,11,536,0.10458730718240686
BARENTS,11,560,0.10422536243027716
BARENTS,11,584,0.10008967270410192
BARENTS,11,608,0.08953351919026376
BARENTS,11,640,0.0758796691572168
BARENTS,11,664,0.06402624921544312
BARENTS,11,696,0.06025723608937312
BARENTS,11,728,0.030715427323114323
BARENTS,11,760,0.01920012018132135
BARENTS,11,800,0.01920012018132135
BARENTS,11,832,0.018359755446039273
BARENTS,11,872,0.015310619240269843
BARENTS,11,912,0.015005860091110797
BARENTS,11,960,0.014683752377718079
BARENTS,11,1000,0.01462188902438225
BARENTS,11,1048,0.014103448037304818
BARENTS,11,1096,0.0137486331057865
BARENTS,11,1144,0.013655314140466964
BARENTS,11,1200,0.013573749923412311
BARENTS,11,1256,0.013472319898240194
BARENTS,11,1312,0.013412859803292022
BARENTS,11,1376,0.0133999969560862
BARENTS,11,1432,0.013378988999535161
BARENTS,11,1504,0.013374050481183987
BARENTS,11,1568,0.013370615744702781
BARENTS,11,1648,0.013368462484042765
BARENTS,11,1720,0.013368267969611332
BARENTS,12,8,2.107145621371522
BARENTS,12,16,1.9946605373258313
BARENTS,12,24,1.9946605373258313
BARENTS,12,32,1.907442110733503
BARENTS,12,40,1.664119190428833
BARENTS,12,48,1.544552054381146
BARENTS,12,56,1.544552054381146
BARENTS,12,64,0.9884762188638685
BARENTS,12,72,0.9884762188638685
BARENTS,12,80,0.9884762188638685
BARENTS,12,88,0.9884762188638685
BARENTS,12,96,0.9884762188638685
BARENTS,12,104,0.9884762188638685
BARENTS,12,112,0.25547987023130325
BARENTS,12,120,0.25547987023130325
BARENTS,12,128,0.25547987023130325
BARENTS,12,136,0.25547987023130325
BARENTS,12,144,0.25547987023130325
BARENTS,12,152,0.25547987023130325
BARENTS,12,160,0.25547987023130325
BARENTS,12,168,0.25547987023130325
BARENTS,12,176,0.25547987023130325
BARENTS,12,184,0.25547987023130325
BARENTS,12,192,0.25547987023130325
BARENTS,12,200,0.25547987023130325
BARENTS,12,208,0.25547987023130325
BARENTS,12,224,0.25547987023130325
BARENTS,12,232,0.21908571501555124
BARENTS,12,240,0.21908571501555124
BARENTS,12,248,0.21908571501555124
BARENTS,12,264,0.2156958362114488
BARENTS,12,272,0.2156958362114488
BARENTS,12,288,0.2156958362114488
BARENTS,12,296,0.2156958362114488
BARENTS,12,312,0.18807055749206816
BARENTS,12,328,0.18807055749206816
BARENTS,12,344,0.18807055749206816
BARENTS,12,352,0.18807055749206816
BARENTS,12,368,0.152301673807606
BARENTS,12,384,0.152301673807606
BARENTS,12,408,0.152301673807606
BARENTS,12,424,0.13854120587617336
BARENTS,12,440,0.13854120587617336
BARENTS,12,464,0.12063415025077225
BARENTS,12,480,0.12063415025077225
BARENTS,12,504,0.12063415025077225
BARENTS,12,520,0.1146203016400069
BARENTS,12,544,0.09777087046676049
BARENTS,12,568,0.08393082592913428
BARENTS,12,600,0.06000242752009409
BARENTS,12,624,0.04551077501344864
BARENTS,12,648,0.015992240152454727
BARENTS,12,680,0.015992240152454727
BARENTS,12,712,0.01349062915783568
BARENTS,12,736,0.009583038105494018
BARENTS,12,768,0.008093051141476851
BARENTS,12,808,0.00632600134843789
BARENTS,12,840,0.00463831764656107
BARENTS,12,880,0.004009432300683573
BARENTS,12,920,0.0034204398105423394
BARENTS,12,960,0.0020451734481563262
BARENTS,12,1000,0.0017797289548864893
BARENTS,12,1040,0.0016311791422222806
BARENTS,12,1088,0.0011921807380308026
BARENTS,12,1136,0.0009158502085707428
BARENTS,12,1184,0.0009158502085707428
BARENTS,12,1240,0.0009130275545241532
BARENTS,12,1296,0.0009039468119097849
BARENTS,12,1352,0.0009021287829385066
BARENTS,13,8,2.0425615998680438
BARENTS,13,16,1.7203710350345858
BARENTS,13,24,1.3703344372355912
BARENTS,13,32,1.1078039883341395
BARENTS,13,40,1.1078039883341395
BARENTS,13,48,0.9704835395841648
BARENTS,13,56,0.9704835395841648
BARENTS,13,64,0.9704835395841648
BARENTS,13,72,0.9704835395841648
BARENTS,13,80,0.9704835395841648
BARENTS,13,88,0.8747463659648904
BARENTS,13,96,0.8747463659648904
BARENTS,13,104,0.5830646288222937
BARENTS,13,112,0.4521357615863537
BARENTS,13,120,0.4521357615863537
BARENTS,13,128,0.4521357615863537
BARENTS,13,136,0.4521357615863537
BARENTS,13,144,0.4521357615863537
BARENTS,13,152,0.4521357615863537
BARENTS,13,160,0.4521357615863537
BARENTS,13,168,0.4521357615863537
BARENTS,13,176,0.4521357615863537
BARENTS,13,184,0.4521357615863537
BARENTS,13,192,0.4521357615863537
BARENTS,13,200,0.4521357615863537
BARENTS,13,208,0.4521357615863537
BARENTS,13,216,0.4521357615863537
BARENTS,13,224,0.4521357615863537
BARENTS,13,232,0.41057740660167463
BARENTS,13,248,0.41057740660167463
BARENTS,13,256,0.41057740660167463
BARENTS,13,264,0.41057740660167463
BARENTS,13,280,0.41057740660167463
BARENTS,13,288,0.41057740660167463
BARENTS,13,304,0.34383886819963333
BARENTS,13,320,0.34383886819963333
BARENTS,13,328,0.33395648290638724
BARENTS,13,344,0.33395648290638724
BARENTS,13,360,0.3069194384629277
BARENTS,13,376,0.12340374604105488
BARENTS,13,392,0.10149626516664408
BARENTS,13,408,0.07902108855332886
BARENTS,13,432,0.07902108855332886
BARENTS,13,448,0.07902108855332886
BARENTS,13,472,0.07902108855332886
BARENTS,13,488,0.053943879621963474
BARENTS,13,512,0.053943879621963474
BARENTS,13,536,0.0479480079098451
BARENTS,13,560,0.034678404830496466
BARENTS,13,584,0.029617889822871765
BARENTS,13,608,0.029617889822871765
BARENTS,13,632,0.021629800166123207
BARENTS,13,664,0.020344073918218564
BARENTS,13,696,0.018805234701993852
BARENTS,13,720,0.018805234701993852
BARENTS,13,752,0.018805234701993852
BARENTS,13,792,0.01815633544882015
BARENTS,13,824,0.01725635563944547
BARENTS,13,856,0.016516765457042105
BARENTS,13,896,0.016516765457042105
BARENTS,13,936,0.016049556485916928
BARENTS,13,976,0.016049556485916928
BARENTS,13,1024,0.01604765106236762
BARENTS,13,1064,0.01604676797943871
BARENTS,13,1112,0.01604676797943871
BARENTS,13,1160,0.01604676797943871
BARENTS,13,1216,0.016041475252345706
BARENTS,13,1272,0.016040501532552952
BARENTS,13,1328,0.016040047272615682
BARENTS,13,1384,0.016040007222835034
BARENTS,14,8,1.9614410488625562
BARENTS,14,16,1.6819264690125764
BARENTS,14,24,1.2721955771522775
BARENTS,14,32,1.1545779811052868
BARENTS,14,40,0.8551520921329692
BARENTS,14,48,0.8551520921329692
BARENTS,14,56,0.8551520921329692
BARENTS,14,64,0.8551520921329692
BARENTS,14,72,0.8551520921329692
BARENTS,14,80,0.8551520921329692
BARENTS,14,88,0.8551520921329692
BARENTS,14,96,0.80541102783589
BARENTS,14,104,0.80541102783589
BARENTS,14,112,0.80541102783589
BARENTS,14,120,0.7420437152295342
BARENTS,14,128,0.7420437152295342
BARENTS,14,136,0.7420437152295342
BARENTS,14,144,0.7420437152295342
BARENTS,14,152,0.7420437152295342
BARENTS,14,160,0.7298819461571753
BARENTS,14,168,0.6800496197245519
BARENTS,14,176,0.6800496197245519
BARENTS,14,184,0.6800496197245519
BARENTS,14,192,0.586970035545292
BARENTS,14,200,0.586970035545292
BARENTS,14,208,0.586970035545292
BARENTS,14,216,0.211411348523038
BARENTS,14,224,0.211411348523038
BARENTS,14,232,0.211411348523038
BARENTS,14,248,0.211411348523038
BARENTS,14,256,0.211411348523038
BARENTS,14,272,0.211411348523038
BARENTS,14,280,0.211411348523038
BARENTS,14,296,0.06307014194596813
BARENTS,14,304,0.06307014194596813
BARENTS,14,320,0.06307014194596813
BARENTS,14,336,0.06307014194596813
BARENTS,14,352,0.06307014194596813
BARENTS,14,368,0.06307014194596813
BARENTS,14,384,0.06307014194596813
BARENTS,14,400,0.04143551260787958
BARENTS,14,416,0.03197335039200529
BARENTS,14,432,0.03197335039200529
BARENTS,14,456,0.024875721368486776
BARENTS,14,472,0.023278673628079772
BARENTS,14,496,0.021076982838705252
BARENTS,14,520,0.021076982838705252
BARENTS,14,544,0.01858181651054272
BARENTS,14,568,0.018465669564197533
BARENTS,14,592,0.018465669564197533
BARENTS,14,616,0.017890513643521178
BARENTS,14,648,0.017784736232341822
BARENTS,14,672,0.01753135457764899
BARENTS,14,704,0.017266324351452086
BARENTS,14,736,0.017002770777446254
BARENTS,14,768,0.01602184547452686
BARENTS,14,808,0.008111788879810233
BARENTS,14,840,0.008111788879810233
BARENTS,14,880,0.008111788879810233
BARENTS,14,920,0.004741976025171276
BARENTS,14,960,0.004741976025171276
BARENTS,14,1000,0.0029105524190301997
BARENTS,14,1048,0.002785262227000697
BARENTS,14,1096,0.0016487049852211481
BARENTS,14,1144,0.001200533799784445
BARENTS,14,1192,0.001026540547304456
BARENTS,14,1248,0.0009826393516130828
BARENTS,14,1304,0.0009650565876677416
BARENTS,14,1360,0.0009173932867744128
BARENTS,14,1424,0.0009074962433579195
BARENTS,14,1488,0.0009028714112237721
BARENTS,15,8,1.1027789709570983
BARENTS,15,16,0.9505602253027463
BARENTS,15,24,0.8633051798967515
BARENTS,15,32,0.8633051798967515
BARENTS,15,40,0.8633051798967515
BARENTS,15,48,0.6644000673178934
BARENTS,15,56,0.6644000673178934
BARENTS,15,64,0.6644000673178934
BARENTS,15,72,0.6597426808447373
BARENTS,15,80,0.6597426808447373
BARENTS,15,88,0.6597426808447373
BARENTS,15,96,0.5318567911831426
BARENTS,15,104,0.5318567911831426
BARENTS,15,112,0.5318567911831426
BARENTS,15,120,0.5106317048673155
BARENTS,15,128,0.5106317048673155
BARENTS,15,136,0.4956658042305665
BARENTS,15,144,0.4956658042305665
BARENTS,15,152,0.4956658042305665
BARENTS,15,160,0.4956658042305665
BARENTS,15,168,0.349215418686413
BARENTS,15,176,0.349215418686413
BARENTS,15,184,0.349215418686413
BARENTS,15,192,0.349215418686413
BARENTS,15,200,0.349215418686413
BARENTS,15,208,0.25653333747172147
BARENTS,15,216,0.1257919102739043
BARENTS,15,224,0.1257919102739043
BARENTS,15,232,0.1257919102739043
BARENTS,15,248,0.1257919102739043
BARENTS,15,256,0.1257919102739043
BARENTS,15,264,0.11726642390312844
BARENTS,15,280,0.09419468277047614
BARENTS,15,288,0.08683900315694074
BARENTS,15,296,0.08683900315694074
BARENTS,15,312,0.08264708114397656
BARENTS,15,328,0.08264708114397656
BARENTS,15,336,0.07828100101530353
BARENTS,15,352,0.061781963689753056
BARENTS,15,368,0.034978074749522615
BARENTS,15,384,0.028321247693941756
BARENTS,15,400,0.028321247693941756
BARENTS,15,416,0.022378172978978202
BARENTS,15,432,0.022378172978978202
BARENTS,15,448,0.022378172978978202
BARENTS,15,472,0.018866472877143544
BARENTS,15,488,0.018866472877143544
BARENTS,15,512,0.018866472877143544
BARENTS,15,528,0.018866472877143544
BARENTS,15,552,0.017950080849243304
BARENTS,15,576,0.017950080849243304
BARENTS,15,600,0.017795757255752657
BARENTS,15,624,0.01766821851423505
BARENTS,15,648,0.01766821851423505
BARENTS,15,680,0.01766821851423505
BARENTS,15,704,0.017656151113442747
BARENTS,15,736,0.017656151113442747
BARENTS,15,768,0.017646319674310997
BARENTS,15,792,0.017646319674310997
BARENTS,15,832,0.01764379513411773
BARENTS,15,864,0.01764379513411773
BARENTS,15,896,0.017643756770711276
BARENTS,15,936,0.017643756770711276
BARENTS,15,976,0.017643733035133943
BARENTS,15,1016,0.017643660154781523
BARENTS,16,8,1.5875297089991134
BARENTS,16,16,1.1459315969214618
BARENTS,16,24,1.1459315969214618
BARENTS,16,32,1.0677669015636222
BARENTS,16,40,1.0677669015636222
BARENTS,16,48,0.6610538522492148
BARENTS,16,56,0.5092525931536154
BARENTS,16,64,0.5092525931536154
BARENTS,16,72,0.5092525931536154
BARENTS,16,80,0.5092525931536154
BARENTS,16,88,0.5092525931536154
BARENTS,16,96,0.5092525931536154
BARENTS,16,104,0.5092525931536154
BARENTS,16,112,0.5092525931536154
BARENTS,16,120,0.5092525931536154
BARENTS,16,128,0.5092525931536154
BARENTS,16,136,0.5092525931536154
BARENTS,16,144,0.5092525931536154
BARENTS,16,152,0.5092525931536154
BARENTS,16,160,0.5092525931536154
BARENTS,16,168,0.5092525931536154
BARENTS,16,176,0.5092525931536154
BARENTS,16,184,0.5092525931536154
BARENTS,16,192,0.5092525931536154
BARENTS,16,200,0.5092525931536154
BARENTS,16,208,0.4323152133494514
BARENTS,16,216,0.23230310671791268
BARENTS,16,224,0.23230310671791268
BARENTS,16,232,0.23230310671791268
BARENTS,16,248,0.23230310671791268
BARENTS,16,256,0.23230310671791268
BARENTS,16,272,0.23230310671791268
BARENTS,16,280,0.23230310671791268
BARENTS,16,296,0.23230310671791268
BARENTS,16,304,0.23230310671791268
BARENTS,16,320,0.23230310671791268
BARENTS,16,336,0.23230310671791268
BARENTS,16,352,0.23230310671791268
BARENTS,16,368,0.23230310671791268
BARENTS,16,384,0.23230310671791268
BARENTS,16,400,0.23230310671791268
BARENTS,16,416,0.23230310671791268
BARENTS,16,440,0.17684656102405427
BARENTS,16,456,0.17684656102405427
BARENTS,16,480,0.12723111616022814
BARENTS,16,504,0.12244351220338633
BARENTS,16,520,0.05976894304049414
BARENTS,16,544,0.041724160295157034
BARENTS,16,576,0.041724160295157034
BARENTS,16,600,0.02918171136364742
BARENTS,16,624,0.02918171136364742
BARENTS,16,656,0.02023774777896622
BARENTS,16,680,0.02023774777896622
BARENTS,16,712,0.019477010166802443
BARENTS,16,744,0.017379300368849673
BARENTS,16,784,0.016537853552035842
BARENTS,16,816,0.013356175009095982
BARENTS,16,856,0.013356175009095982
BARENTS,16,896,0.012583870300102728
BARENTS,16,936,0.012227940366476847
BARENTS,16,976,0.009285356185972713
BARENTS,16,1024,0.005653897567547628
BARENTS,16,1064,0.004825005398668515
BARENTS,16,1112,0.003813917530512222
BARENTS,16,1168,0.002371616700769012
BARENTS,16,1216,0.0016683315682821784
BARENTS,16,1272,0.0013389801301231987
BARENTS,16,1336,0.0012229773801493366
BARENTS,16,1392,0.0011135058994444266
BARENTS,16,1456,0.0009332569595812466
BARENTS,16,1520,0.0009070491363468103
BARENTS,16,1592,0.000902902897034022
BARENTS,17,8,1.57252915277521
BARENTS,17,16,1.0453366192070022
BARENTS,17,24,0.8386505414238083
BARENTS,17,32,0.8386505414238083
BARENTS,17,40,0.8386505414238083
BARENTS,17,48,0.8386505414238083
BARENTS,17,56,0.8386505414238083
BARENTS,17,64,0.312711304137615
BARENTS,17,72,0.312711304137615
BARENTS,17,80,0.312711304137615
BARENTS,17,88,0.312711304137615
BARENTS,17,96,0.312711304137615
BARENTS,17,104,0.312711304137615
BARENTS,17,112,0.312711304137615
BARENTS,17,120,0.312711304137615
BARENTS,17,128,0.312711304137615
BARENTS,17,136,0.312711304137615
BARENTS,17,144,0.312711304137615
BARENTS,17,152,0.312711304137615
BARENTS,17,160,0.312711304137615
BARENTS,17,168,0.312711304137615
BARENTS,17,176,0.312711304137615
BARENTS,17,184,0.312711304137615
BARENTS,17,192,0.312711304137615
BARENTS,17,208,0.312711304137615
BARENTS,17,216,0.312711304137615
BARENTS,17,224,0.312711304137615
BARENTS,17,232,0.312711304137615
BARENTS,17,248,0.312711304137615
BARENTS,17,256,0.312711304137615
BARENTS,17,264,0.312711304137615
BARENTS,17,280,0.312711304137615
BARENTS,17,288,0.312711304137615
BARENTS,17,304,0.312711304137615
BARENTS,17,320,0.3116256266938959
BARENTS,17,336,0.24958913455319878
BARENTS,17,352,0.1598765091413987
BARENTS,17,368,0.06772883189509009
BARENTS,17,384,0.06772883189509009
BARENTS,17,400,0.06772883189509009
BARENTS,17,416,0.06772883189509009
BARENTS,17,432,0.06772883189509009
BARENTS,17,456,0.06772883189509009
BARENTS,17,472,0.06772883189509009
BARENTS,17,496,0.06772883189509009
BARENTS,17,520,0.05095767805225321
BARENTS,17,544,0.04228172385241067
BARENTS,17,568,0.027894576521248084
BARENTS,17,592,0.019088052008286633
BARENTS,17,624,0.017795926925152687
BARENTS,17,648,0.013799133605004343
BARENTS,17,680,0.012365012539850048
BARENTS,17,712,0.01228731193560242
BARENTS,17,744,0.01168397528910588
BARENTS,17,776,0.01168397528910588
BARENTS,17,808,0.011430676173632312
BARENTS,17,848,0.011326515063045292
BARENTS,17,888,0.01120471405188797
BARENTS,17,928,0.011174715581488389
BARENTS,17,968,0.0109982630534722
BARENTS,17,1008,0.010725279530270939
BARENTS,17,1056,0.008098628924584097
BARENTS,17,1104,0.004808164896441111
BARENTS,17,1152,0.004220057054796879
BARENTS,17,1208,0.0026080508133463146
BARENTS,17,1264,0.0022321663497456637
BARENTS,17,1320,0.0013129212789223903
BARENTS,17,1376,0.0010219660262475747
BARENTS,17,1440,0.0009056888256815755
BARENTS,17,1504,0.0009056269336401913
BARENTS,17,1576,0.0009020842901693264
BARENTS,18,8,1.6165968328093556
BARENTS,18,16,1.5110222395000628
BARENTS,18,24,1.2434124676245732
BARENTS,18,32,0.6978022298597547
BARENTS,18,40,0.6978022298597547
BARENTS,18,48,0.6978022298597547
BARENTS,18,56,0.5969939383280571
BARENTS,18,64,0.5969939383280571
BARENTS,18,72,0.5923325471689294
BARENTS,18,80,0.5923325471689294
BARENTS,18,88,0.5923325471689294
BARENTS,18,96,0.5923325471689294
BARENTS,18,104,0.5923325471689294
BARENTS,18,112,0.5923325471689294
BARENTS,18,120,0.5923325471689294
BARENTS,18,128,0.530487783066508
BARENTS,18,136,0.530487783066508
BARENTS,18,144,0.530487783066508
BARENTS,18,152,0.530487783066508
BARENTS,18,160,0.530487783066508
BARENTS,18,168,0.530487783066508
BARENTS,18,176,0.530487783066508
BARENTS,18,184,0.36019816623072826
BARENTS,18,192,0.29477496086852734
BARENTS,18,200,0.29477496086852734
BARENTS,18,216,0.2741873633728328
BARENTS,18,224,0.2741873633728328
BARENTS,18,232,0.19692746791548887
BARENTS,18,240,0.19692746791548887
BARENTS,18,256,0.19692746791548887
BARENTS,18,264,0.19692746791548887
BARENTS,18,280,0.17538708342790027
BARENTS,18,288,0.17538708342790027
BARENTS,18,304,0.12034882997049887
BARENTS,18,312,0.12034882997049887
BARENTS,18,328,0.07189623596836002
BARENTS,18,344,0.06606039771416299
BARENTS,18,360,0.04540119422873755
BARENTS,18,376,0.04540119422873755
BARENTS,18,392,0.04304512714164709
BARENTS,18,408,0.03565746823950748
BARENTS,18,424,0.03565746823950748
BARENTS,18,448,0.0338781155978803
BARENTS,18,464,0.030960162971307558
BARENTS,18,488,0.02971232484997694
BARENTS,18,512,0.025381994919885284
BARENTS,18,536,0.02406345911381216
BARENTS,18,560,0.02146021315758384
BARENTS,18,584,0.020181879205155993
BARENTS,18,608,0.01986699671006034
BARENTS,18,632,0.019856042272852585
BARENTS,18,664,0.01805211301509116
BARENTS,18,696,0.01805211301509116
BARENTS,18,720,0.01805211301509116
BARENTS,18,752,0.017775096312340328
BARENTS,18,792,0.016937306567482227
BARENTS,18,824,0.016469356742056684
BARENTS,18,864,0.01639465625226452
BARENTS,18,904,0.01612392977085632
BARENTS,18,944,0.01609144413463544
BARENTS,18,984,0.0160482242168223
BARENTS,18,1024,0.016047320410956807
BARENTS,18,1072,0.016043377555287227
BARENTS,18,1120,0.016041105135538615
BARENTS,18,1168,0.016040324486718886
BARENTS,18,1224,0.016040113294809994
BARENTS,18,1280,0.016040006688353356
BARENTS,18,1336,0.016040006688353356
BARENTS,18,1392,0.016040004237477933
BARENTS,18,1456,0.01604000419597748
BARENTS,19,8,2.190336834304406
BARENTS,19,16,2.0619791463085657
BARENTS,19,24,1.4000661667963423
BARENTS,19,32,1.0807928957809534
BARENTS,19,40,1.0807928957809534
BARENTS,19,48,1.0147900195650832
BARENTS,19,56,0.8207028980556037
BARENTS,19,64,0.8207028980556037
BARENTS,19,72,0.8207028980556037
BARENTS,19,80,0.8207028980556037
BARENTS,19,88,0.8207028980556037
BARENTS,19,96,0.8207028980556037
BARENTS,19,104,0.8207028980556037
BARENTS,19,112,0.37353184645419163
BARENTS,19,120,0.37353184645419163
BARENTS,19,128,0.37353184645419163
BARENTS,19,136,0.37353184645419163
BARENTS,19,144,0.37353184645419163
BARENTS,19,152,0.33076314411209
BARENTS,19,160,0.33076314411209
BARENTS,19,168,0.33076314411209
BARENTS,19,176,0.33076314411209
BARENTS,19,184,0.33076314411209
BARENTS,19,192,0.33076314411209
BARENTS,19,200,0.33076314411209
BARENTS,19,208,0.33076314411209
BARENTS,19,216,0.33076314411209
BARENTS,19,224,0.33076314411209
BARENTS,19,232,0.33076314411209
BARENTS,19,248,0.33076314411209
BARENTS,19,256,0.33076314411209
BARENTS,19,264,0.33076314411209
BARENTS,19,280,0.33076314411209
BARENTS,19,288,0.33076314411209
BARENTS,19,304,0.2662504928141448
BARENTS,19,320,0.2505497778990828
BARENTS,19,328,0.24411959461741467
BARENTS,19,344,0.19375429333805919
BARENTS,19,360,0.19375429333805919
BARENTS,19,376,0.19375429333805919
BARENTS,19,392,0.17323530494597011
BARENTS,19,408,0.14276829740203728
BARENTS,19,424,0.14276829740203728
BARENTS,19,440,0.11579256596496658
BARENTS,19,464,0.11579256596496658
BARENTS,19,480,0.10482051761391352
BARENTS,19,504,0.09599012950780349
BARENTS,19,528,0.09206760488871465
BARENTS,19,552,0.07916273466412434
BARENTS,19,568,0.05872454858687412
BARENTS,19,600,0.05115747468678946
BARENTS,19,624,0.035838143205879226
BARENTS,19,648,0.021444877628855295
BARENTS,19,680,0.02067155987862257
BARENTS,19,704,0.01359593323324473
BARENTS,19,736,0.013111682512041402
BARENTS,19,768,0.013111682512041402
BARENTS,19,800,0.012336238518679299
BARENTS,19,840,0.012182148066681229
BARENTS,19,872,0.012119181316421493
BARENTS,19,912,0.012119181316421493
BARENTS,19,952,0.012063521678349688
BARENTS,19,992,0.012031010674986848
BARENTS,19,1032,0.012031010674986848
BARENTS,19,1080,0.01202988500697153
BARENTS,19,1128,0.012027258141175003
BARENTS,19,1176,0.012026715989995192
BARENTS,19,1224,0.012026163656392941
BARENTS,2,8,1.3375690490102508
BARENTS,2,16,1.0823211582224013
BARENTS,2,24,1.031984941245458
BARENTS,2,32,1.031984941245458
BARENTS,2,40,1.031984941245458
BARENTS,2,48,0.9161731719451683
BARENTS,2,56,0.9161731719451683
BARENTS,2,64,0.9161731719451683
BARENTS,2,72,0.9161731719451683
BARENTS,2,80,0.9161731719451683
BARENTS,2,88,0.9161731719451683
BARENTS,2,96,0.5827039998382311
BARENTS,2,104,0.5827039998382311
BARENTS,2,112,0.5827039998382311
BARENTS,2,120,0.5827039998382311
BARENTS,2,128,0.5827039998382311
BARENTS,2,136,0.5827039998382311
BARENTS,2,144,0.5827039998382311
BARENTS,2,152,0.5827039998382311
BARENTS,2,160,0.5827039998382311
BARENTS,2,168,0.5827039998382311
BARENTS,2,176,0.5827039998382311
BARENTS,2,184,0.5827039998382311
BARENTS,2,192,0.5827039998382311
BARENTS,2,200,0.5827039998382311
BARENTS,2,208,0.5827039998382311
BARENTS,2,216,0.5827039998382311
BARENTS,2,224,0.5827039998382311
BARENTS,2,240,0.5827039998382311
BARENTS,2,248,0.5827039998382311
BARENTS,2,256,0.5827039998382311
BARENTS,2,272,0.32888804612535144
BARENTS,2,280,0.2480562068260968
BARENTS,2,296,0.2480562068260968
BARENTS,2,304,0.2480562068260968
BARENTS,2,320,0.18731315335058538
BARENTS,2,336,0.18731315335058538
BARENTS,2,352,0.17959159929569568
BARENTS,2,368,0.15356402271650166
BARENTS,2,384,0.1467650035583866
BARENTS,2,400,0.1467650035583866
BARENTS,2,416,0.1467650035583866
BARENTS,2,432,0.1467650035583866
BARENTS,2,456,0.13208761810236455
BARENTS,2,472,0.13208761810236455
BARENTS,2,496,0.11287012984917802
BARENTS,2,512,0.10641365850304146
BARENTS,2,536,0.10136514211909085
BARENTS,2,560,0.08989603228025758
BARENTS,2,584,0.07179607665635036
BARENTS,2,616,0.043869818525486534
BARENTS,2,640,0.026980116236939446
BARENTS,2,672,0.026980116236939446
BARENTS,2,696,0.026980116236939446
BARENTS,2,728,0.02247813931256626
BARENTS,2,760,0.01796154662606222
BARENTS,2,800,0.01796154662606222
BARENTS,2,832,0.017951605562945706
BARENTS,2,872,0.017951605562945706
BARENTS,2,904,0.017951605562945706
BARENTS,2,944,0.017951605562945706
BARENTS,2,992,0.017951605562945706
BARENTS,2,1032,0.017951605562945706
BARENTS,2,1080,0.017951605562945706
BARENTS,2,1128,0.017951605562945706
BARENTS,2,1176,0.017951605562945706
BARENTS,2,1232,0.017951605562945706
BARENTS,2,1280,0.017951605562945706
BARENTS,2,1344,0.017951605562945706
BARENTS,2,1400,0.017951605562945706
BARENTS,3,8,2.0075599516405203
BARENTS,3,16,1.8322189819626526
BARENTS,3,24,1.8322189819626526
BARENTS,3,32,1.428554856647231
BARENTS,3,40,1.428554856647231
BARENTS,3,48,1.037342942017572
BARENTS,3,56,1.037342942017572
BARENTS,3,64,1.0230297925092862
BARENTS,3,72,0.8529999568567034
BARENTS,3,80,0.8529999568567034
BARENTS,3,88,0.8529999568567034
BARENTS,3,96,0.747053623551355
BARENTS,3,104,0.747053623551355
BARENTS,3,112,0.747053623551355
BARENTS,3,120,0.747053623551355
BARENTS,3,128,0.747053623551355
BARENTS,3,136,0.747053623551355
BARENTS,3,144,0.747053623551355
BARENTS,3,152,0.747053623551355
BARENTS,3,160,0.747053623551355
BARENTS,3,168,0.747053623551355
BARENTS,3,176,0.747053623551355
BARENTS,3,184,0.747053623551355
BARENTS,3,192,0.73919690401522
BARENTS,3,200,0.6925154918697874
BARENTS,3,208,0.6925154918697874
BARENTS,3,216,0.6925154918697874
BARENTS,3,224,0.6689788052092082
BARENTS,3,240,0.4607920650081971
BARENTS,3,248,0.4607920650081971
BARENTS,3,256,0.4607920650081971
BARENTS,3,272,0.24544154142305652
BARENTS,3,280,0.24544154142305652
BARENTS,3,296,0.24544154142305652
BARENTS,3,304,0.22654132733664176
BARENTS,3,320,0.18386895699619815
BARENTS,3,336,0.18386895699619815
BARENTS,3,352,0.14143028912230035
BARENTS,3,368,0.14143028912230035
BARENTS,3,384,0.14143028912230035
BARENTS,3,400,0.12597406559796648
BARENTS,3,416,0.11365082459309707
BARENTS,3,440,0.11187267886779893
BARENTS,3,456,0.11187267886779893
BARENTS,3,480,0.10266629269812798
BARENTS,3,496,0.0860255195827676
BARENTS,3,520,0.0860255195827676
BARENTS,3,544,0.06140241284219716
BARENTS,3,568,0.05337141895639967
BARENTS,3,592,0.026187905631303136
BARENTS,3,624,0.026187905631303136
BARENTS,3,648,0.026187905631303136
BARENTS,3,680,0.019267953163125514
BARENTS,3,712,0.019267953163125514
BARENTS,3,744,0.019267953163125514
BARENTS,3,776,0.018318524902589724
BARENTS,3,808,0.018318524902589724
BARENTS,3,848,0.01739233529246425
BARENTS,3,880,0.017016060027326606
BARENTS,3,920,0.016775629965741362
BARENTS,3,960,0.01673785399607778
BARENTS,3,1008,0.01673785399607778
BARENTS,3,1056,0.01673785399607778
BARENTS,3,1096,0.01673315117153918
BARENTS,3,1152,0.016724148585922225
BARENTS,3,1200,0.01671237413968995
BARENTS,3,1256,0.016704239377067033
BARENTS,3,1312,0.016702122762173706
BARENTS,3,1368,0.016700320576182637
BARENTS,3,1432,0.01670008482126456
BARENTS,3,1496,0.016700076357702744
BARENTS,4,8,1.9930629853236306
BARENTS,4,16,1.6758740974686022
BARENTS,4,24,1.4419667357782937
BARENTS,4,32,1.2615732767660288
BARENTS,4,40,1.2031798645838419
BARENTS,4,48,1.2031798645838419
BARENTS,4,56,1.1090799559199898
BARENTS,4,64,1.0067650264908543
BARENTS,4,72,1.0067650264908543
BARENTS,4,80,0.8987132172541703
BARENTS,4,88,0.8522096484123376
BARENTS,4,96,0.8260174831415358
BARENTS,4,104,0.8260174831415358
BARENTS,4,112,0.793811766562446
BARENTS,4,120,0.793811766562446
BARENTS,4,128,0.793811766562446
BARENTS,4,136,0.793811766562446
BARENTS,4,144,0.793811766562446
BARENTS,4,152,0.7374187637260127
BARENTS,4,160,0.7374187637260127
BARENTS,4,168,0.7144413353627586
BARENTS,4,176,0.7144413353627586
BARENTS,4,184,0.7144413353627586
BARENTS,4,192,0.6876164694674811
BARENTS,4,200,0.6859691273489024
BARENTS,4,208,0.6537807111842795
BARENTS,4,224,0.5245524533458484
BARENTS,4,232,0.4652895077262832
BARENTS,4,240,0.4652895077262832
BARENTS,4,256,0.3687836217347161
BARENTS,4,264,0.31224229894701006
BARENTS,4,280,0.3051736749312505
BARENTS,4,288,0.22328112407786682
BARENTS,4,304,0.1690228198783478
BARENTS,4,320,0.1690228198783478
BARENTS,4,328,0.1690228198783478
BARENTS,4,344,0.1690228198783478
BARENTS,4,360,0.1690228198783478
BARENTS,4,376,0.1690228198783478
BARENTS,4,400,0.16697550712756803
BARENTS,4,416,0.16697550712756803
BARENTS,4,432,0.1540352347771304
BARENTS,4,456,0.1510073532129329
BARENTS,4,472,0.11615328308152319
BARENTS,4,496,0.09532935826116351
BARENTS,4,520,0.08932681907350841
BARENTS,4,544,0.06835631984993618
BARENTS,4,568,0.05551176499391714
BARENTS,4,592,0.039954222574476894
BARENTS,4,624,0.03589673465060134
BARENTS,4,648,0.03589673465060134
BARENTS,4,680,0.023004578880547275
BARENTS,4,712,0.016814805152321574
BARENTS,4,744,0.016814805152321574
BARENTS,4,776,0.015180395601880548
BARENTS,4,808,0.01438939136611453
BARENTS,4,848,0.012023749334607318
BARENTS,4,888,0.01098933201078819
BARENTS,4,928,0.01098933201078819
BARENTS,4,968,0.01098933201078819
BARENTS,4,1016,0.010626605364782458
BARENTS,4,1064,0.010626605364782458
BARENTS,4,1112,0.010331118606101143
BARENTS,4,1160,0.009794103437869572
BARENTS,4,1216,0.006741480639091758
BARENTS,4,1272,0.0036483337006765902
BARENTS,4,1328,0.002217871423740923
BARENTS,4,1392,0.0016907445032967748
BARENTS,4,1456,0.0012022169121737284
BARENTS,4,1520,0.0009535731925349485
BARENTS,4,1592,0.0009033365491975886
BARENTS,4,1664,0.0009020723212522337
BARENTS,5,8,2.1274208482721777
BARENTS,5,16,1.248011951717056
BARENTS,5,24,1.248011951717056
BARENTS,5,32,1.248011951717056
BARENTS,5,40,1.248011951717056
BARENTS,5,48,1.0706683289066155
BARENTS,5,56,0.7640761711330236
BARENTS,5,64,0.7640761711330236
BARENTS,5,72,0.7640761711330236
BARENTS,5,80,0.6910852492039489
BARENTS,5,88,0.6910852492039489
BARENTS,5,96,0.5008978283235275
BARENTS,5,104,0.5008978283235275
BARENTS,5,112,0.5008978283235275
BARENTS,5,120,0.5008978283235275
BARENTS,5,128,0.5008978283235275
BARENTS,5,136,0.5008978283235275
BARENTS,5,144,0.5008978283235275
BARENTS,5,152,0.4669603568034937
BARENTS,5,160,0.3623909682015458
BARENTS,5,168,0.3623909682015458
BARENTS,5,176,0.3623909682015458
BARENTS,5,184,0.3623909682015458
BARENTS,5,192,0.24736274032970076
BARENTS,5,200,0.24736274032970076
BARENTS,5,208,0.24736274032970076
BARENTS,5,216,0.24736274032970076
BARENTS,5,224,0.19656535447118675
BARENTS,5,232,0.1956441177896025
BARENTS,5,248,0.14712467665818468
BARENTS,5,256,0.14712467665818468
BARENTS,5,264,0.14712467665818468
BARENTS,5,280,0.14712467665818468
BARENTS,5,288,0.14712467665818468
BARENTS,5,304,0.14712467665818468
BARENTS,5,312,0.14712467665818468
BARENTS,5,328,0.1228844941738667
BARENTS,5,344,0.08477395423006058
BARENTS,5,360,0.08421603023587065
BARENTS,5,376,0.08421603023587065
BARENTS,5,392,0.08421603023587065
BARENTS,5,408,0.08421603023587065
BARENTS,5,424,0.08330935391642125
BARENTS,5,440,0.08330935391642125
BARENTS,5,464,0.07759180032975378
BARENTS,5,480,0.05033031332876499
BARENTS,5,504,0.02825941340491942
BARENTS,5,520,0.026469714106677766
BARENTS,5,544,0.02014783652202349
BARENTS,5,568,0.016833278855579094
BARENTS,5,592,0.016833278855579094
BARENTS,5,616,0.014700226935385865
BARENTS,5,648,0.014426781545040462
BARENTS,5,672,0.012779933216166781
BARENTS,5,704,0.012779933216166781
BARENTS,5,736,0.01257001575968794
BARENTS,5,768,0.012355938555671962
BARENTS,5,800,0.01234249606154506
BARENTS,5,832,0.012294367753949306
BARENTS,5,864,0.01226757332088515
BARENTS,5,904,0.012263434502280528
BARENTS,5,944,0.012258214654507922
BARENTS,5,984,0.012258214654507922
BARENTS,5,1024,0.01225176443955761
BARENTS,5,1072,0.0122493699102068
BARENTS,5,1120,0.012245781255578113
BARENTS,5,1168,0.012245473586321751
BARENTS,5,1216,0.012245393651202474
BARENTS,6,8,1.0234785891219833
BARENTS,6,16,1.0234785891219833
BARENTS,6,24,0.9343519655921891
BARENTS,6,32,0.9343519655921891
BARENTS,6,40,0.9343519655921891
BARENTS,6,48,0.9343519655921891
BARENTS,6,56,0.688376876388483
BARENTS,6,64,0.688376876388483
BARENTS,6,72,0.688376876388483
BARENTS,6,80,0.6313363431592498
BARENTS,6,88,0.6313363431592498
BARENTS,6,96,0.6313363431592498
BARENTS,6,104,0.6313363431592498
BARENTS,6,112,0.6313363431592498
BARENTS,6,120,0.6313363431592498
BARENTS,6,128,0.6313363431592498
BARENTS,6,136,0.6313363431592498
BARENTS,6,144,0.6313363431592498
BARENTS,6,152,0.6313363431592498
BARENTS,6,160,0.6313363431592498
BARENTS,6,168,0.6313363431592498
BARENTS,6,176,0.6313363431592498
BARENTS,6,184,0.5016194482147579
BARENTS,6,192,0.5016194482147579
BARENTS,6,208,0.5016194482147579
BARENTS,6,216,0.5016194482147579
BARENTS,6,224,0.5016194482147579
BARENTS,6,232,0.42257223930013027
BARENTS,6,240,0.3876352676515464
BARENTS,6,256,0.3876352676515464
BARENTS,6,264,0.3876352676515464
BARENTS,6,280,0.3876352676515464
BARENTS,6,288,0.3876352676515464
BARENTS,6,304,0.3876352676515464
BARENTS,6,320,0.2648472558342985
BARENTS,6,328,0.2648472558342985
BARENTS,6,344,0.19149419475446214
BARENTS,6,360,0.19149419475446214
BARENTS,6,376,0.17231554642152966
BARENTS,6,392,0.17231554642152966
BARENTS,6,408,0.13273680614981861
BARENTS,6,432,0.12377344549474951
BARENTS,6,448,0.12377344549474951
BARENTS,6,472,0.08089320212240267
BARENTS,6,488,0.057074206162712
BARENTS,6,512,0.04118022850234867
BARENTS,6,536,0.03994128873892057
BARENTS,6,560,0.01741741655325009
BARENTS,6,584,0.01741741655325009
BARENTS,6,608,0.010167527626358887
BARENTS,6,640,0.009924616267438053
BARENTS,6,664,0.009411503240141388
BARENTS,6,696,0.00893146413935922
BARENTS,6,728,0.008384477933872689
BARENTS,6,760,0.00770419731721942
BARENTS,6,792,0.007558440239594913
BARENTS,6,832,0.007107072244011959
BARENTS,6,864,0.007107072244011959
BARENTS,6,904,0.007107072244011959
BARENTS,6,944,0.007107072244011959
BARENTS,6,984,0.006670490855415475
BARENTS,6,1032,0.004820102736128476
BARENTS,6,1080,0.002417893954278442
BARENTS,6,1128,0.0010026875326398772
BARENTS,6,1176,0.0010026875326398772
BARENTS,6,1232,0.0010026875326398772
BARENTS,6,1280,0.0010026875326398772
BARENTS,6,1344,0.0009203937857501039
BARENTS,6,1400,0.0009028256591127194
BARENTS,6,1464,0.0009021299042303401
BARENTS,7,8,2.2057228311366015
BARENTS,7,16,1.73406124020754
BARENTS,7,24,1.73406124020754
BARENTS,7,32,1.5477165297614437
BARENTS,7,40,1.5477165297614437
BARENTS,7,48,1.4402882434229947
BARENTS,7,56,0.9505627356609099
BARENTS,7,64,0.9505627356609099
BARENTS,7,72,0.9505627356609099
BARENTS,7,80,0.5355585507853268
BARENTS,7,88,0.5355585507853268
BARENTS,7,96,0.5355585507853268
BARENTS,7,104,0.5355585507853268
BARENTS,7,112,0.5355585507853268
BARENTS,7,120,0.5355585507853268
BARENTS,7,128,0.5355585507853268
BARENTS,7,136,0.5355585507853268
BARENTS,7,144,0.5355585507853268
BARENTS,7,152,0.5355585507853268
BARENTS,7,160,0.5355585507853268
BARENTS,7,168,0.5355585507853268
BARENTS,7,184,0.5355585507853268
BARENTS,7,192,0.5355585507853268
BARENTS,7,200,0.48680522011909416
BARENTS,7,208,0.48680522011909416
BARENTS,7,216,0.289908209250572
BARENTS,7,232,0.289908209250572
BARENTS,7,240,0.289908209250572
BARENTS,7,248,0.289908209250572
BARENTS,7,264,0.289908209250572
BARENTS,7,280,0.289908209250572
BARENTS,7,288,0.289908209250572
BARENTS,7,304,0.289908209250572
BARENTS,7,320,0.289908209250572
BARENTS,7,336,0.289908209250572
BARENTS,7,352,0.289908209250572
BARENTS,7,368,0.2771717760524131
BARENTS,7,384,0.2158400294931203
BARENTS,7,408,0.174541021024393
BARENTS,7,424,0.174541021024393
BARENTS,7,448,0.11325153762708079
BARENTS,7,472,0.11325153762708079
BARENTS,7,496,0.11325153762708079
BARENTS,7,520,0.08754300032082402
BARENTS,7,544,0.08531116530381379
BARENTS,7,568,0.07728216201772059
BARENTS,7,600,0.0709792217619927
BARENTS,7,624,0.06537422222791177
BARENTS,7,656,0.0484146876209244
BARENTS,7,688,0.04454326387469549
BARENTS,7,720,0.03778413050477034
BARENTS,7,760,0.02467554717285626
BARENTS,7,792,0.023362075386684465
BARENTS,7,832,0.017828067219078907
BARENTS,7,872,0.013905423729306842
BARENTS,7,920,0.013265497851986517
BARENTS,7,960,0.012956310901070245
BARENTS,7,1008,0.012718679682174999
BARENTS,7,1056,0.012718679682174999
BARENTS,7,1112,0.012551024278094788
BARENTS,7,1168,0.012483434799044743
BARENTS,7,1224,0.01247636664116822
BARENTS,7,1280,0.01247167602160911
BARENTS,7,1344,0.01247167602160911
BARENTS,7,1416,0.0124513989225235
BARENTS,7,1480,0.01244520348209303
BARENTS,7,1552,0.012391029765266326
BARENTS,7,1632,0.012331045950124674
BARENTS,7,1712,0.01230061240033758
BARENTS,7,1792,0.012087275751357492
BARENTS,7,1880,0.012084755037366146
BARENTS,7,1976,0.012053251724737197
BARENTS,7,2072,0.012049316801152685
BARENTS,7,2176,0.012047340199759442
BARENTS,7,2280,0.012047340199759442
BARENTS,7,2392,0.012047340199759442
BARENTS,8,8,1.2071000993113474
BARENTS,8,16,1.2071000993113474
BARENTS,8,24,1.2071000993113474
BARENTS,8,32,1.2071000993113474
BARENTS,8,40,0.8749756706941054
BARENTS,8,48,0.8749756706941054
BARENTS,8,56,0.8749756706941054
BARENTS,8,64,0.8749756706941054
BARENTS,8,72,0.8749756706941054
BARENTS,8,80,0.8749756706941054
BARENTS,8,88,0.866818903886678
BARENTS,8,96,0.866818903886678
BARENTS,8,104,0.866818903886678
BARENTS,8,112,0.8345269876279265
BARENTS,8,120,0.8345269876279265
BARENTS,8,128,0.6664662909055481
BARENTS,8,136,0.6664662909055481
BARENTS,8,144,0.6435417390492979
BARENTS,8,152,0.6435417390492979
BARENTS,8,160,0.6435417390492979
BARENTS,8,168,0.4783422641649776
BARENTS,8,176,0.4783422641649776
BARENTS,8,184,0.4783422641649776
BARENTS,8,192,0.38599433340939676
BARENTS,8,200,0.32581623585210434
BARENTS,8,208,0.18375630632031073
BARENTS,8,216,0.18375630632031073
BARENTS,8,224,0.18375630632031073
BARENTS,8,232,0.18375630632031073
BARENTS,8,240,0.18375630632031073
BARENTS,8,256,0.12644911927602367
BARENTS,8,264,0.11795596092033021
BARENTS,8,272,0.11795596092033021
BARENTS,8,288,0.11795596092033021
BARENTS,8,296,0.11795596092033021
BARENTS,8,312,0.11795596092033021
BARENTS,8,328,0.11795596092033021
BARENTS,8,336,0.09891636209980863
BARENTS,8,352,0.09891636209980863
BARENTS,8,368,0.09891636209980863
BARENTS,8,384,0.06813374036531913
BARENTS,8,400,0.06813374036531913
BARENTS,8,416,0.06370702926641157
BARENTS,8,432,0.059241988579249116
BARENTS,8,448,0.048770908907770506
BARENTS,8,472,0.035717364147420244
BARENTS,8,488,0.02335137049539551
BARENTS,8,512,0.02335137049539551
BARENTS,8,536,0.01840186469004217
BARENTS,8,552,0.01840186469004217
BARENTS,8,576,0.017387846767288495
BARENTS,8,600,0.017327001975940837
BARENTS,8,624,0.017327001975940837
BARENTS,8,656,0.016149421540021844
BARENTS,8,680,0.016149421540021844
BARENTS,8,712,0.016149421540021844
BARENTS,8,744,0.016149421540021844
BARENTS,8,768,0.016128809813662753
BARENTS,8,800,0.01604132998405905
BARENTS,8,840,0.01604132998405905
BARENTS,8,872,0.016040700107812857
BARENTS,8,912,0.016040700107812857
BARENTS,8,944,0.016040700107812857
BARENTS,8,984,0.01604042239045866
BARENTS,8,1032,0.01604004382033012
BARENTS,8,1072,0.0160400093686479
BARENTS,9,8,2.01736635245528
BARENTS,9,16,1.1904581466656647
BARENTS,9,24,1.005292263511514
BARENTS,9,32,1.005292263511514
BARENTS,9,40,0.9422472121182225
BARENTS,9,48,0.9422472121182225
BARENTS,9,56,0.9422472121182225
BARENTS,9,64,0.9133884448540069
BARENTS,9,72,0.9133884448540069
BARENTS,9,80,0.7388340648815942
BARENTS,9,88,0.7388340648815942
BARENTS,9,96,0.7388340648815942
BARENTS,9,104,0.7388340648815942
BARENTS,9,112,0.7062516303328936
BARENTS,9,120,0.7062516303328936
BARENTS,9,128,0.7062516303328936
BARENTS,9,136,0.6761793624694306
BARENTS,9,144,0.6761793624694306
BARENTS,9,152,0.5143064908018236
BARENTS,9,160,0.3144535933483874
BARENTS,9,168,0.3144535933483874
BARENTS,9,176,0.3144535933483874
BARENTS,9,184,0.2682651548244694
BARENTS,9,192,0.2682651548244694
BARENTS,9,200,0.1956724756729193
BARENTS,9,208,0.1956724756729193
BARENTS,9,216,0.1956724756729193
BARENTS,9,224,0.1956724756729193
BARENTS,9,240,0.1956724756729193
BARENTS,9,248,0.1956724756729193
BARENTS,9,256,0.1956724756729193
BARENTS,9,272,0.1949106103000938
BARENTS,9,280,0.1949106103000938
BARENTS,9,296,0.18874378161087202
BARENTS,9,312,0.18874378161087202
BARENTS,9,320,0.18574035630441244
BARENTS,9,336,0.17684144529242996
BARENTS,9,352,0.17269596177769675
BARENTS,9,368,0.1632584904555028
BARENTS,9,384,0.15956135631958765
BARENTS,9,400,0.1582001776734063
BARENTS,9,416,0.1432375599655054
BARENTS,9,440,0.10704615972378352
BARENTS,9,456,0.10094169072332083
BARENTS,9,480,0.09470569992017734
BARENTS,9,504,0.05157858113651502
BARENTS,9,520,0.036364783930274196
BARENTS,9,544,0.036364783930274196
BARENTS,9,568,0.0356833078065888
BARENTS,9,600,0.025758946138119063
BARENTS,9,624,0.01881895487723014
BARENTS,9,648,0.016546941116328328
BARENTS,9,680,0.016546941116328328
BARENTS,9,712,0.01627850564900253
BARENTS,9,744,0.015898821849845476
BARENTS,9,776,0.015116060631363167
BARENTS,9,816,0.013927732705217941
BARENTS,9,848,0.012860533771760389
BARENTS,9,888,0.006083026009278042
BARENTS,9,928,0.006083026009278042
BARENTS,9,968,0.005548929976436398
BARENTS,9,1016,0.0024238051199873775
BARENTS,9,1056,0.002095444996744286
BARENTS,9,1104,0.002095444996744286
BARENTS,9,1152,0.001433578479044407
BARENTS,9,1208,0.0010979768436707622
BARENTS,9,1264,0.0009141220573483399
BARENTS,9,1320,0.0009141220573483399
BARENTS,9,1376,0.0009089532237737886
BARENTS,9,1440,0.0009040498254612007
BARENTS,9,1504,0.000902810160275586
PAPA,0,8,1.674226274985007
PAPA,0,16,0.8824590492387665
PAPA,0,24,0.8824590492387665
PAPA,0,32,0.8824590492387665
PAPA,0,40,0.8824590492387665
PAPA,0,48,0.8824590492387665
PAPA,0,56,0.6795407262586151
PAPA,0,64,0.6795407262586151
PAPA,0,72,0.6036165820935928
PAPA,0,80,0.6036165820935928
PAPA,0,88,0.6036165820935928
PAPA,0,96,0.6036165820935928
PAPA,0,104,0.6036165820935928
PAPA,0,112,0.6036165820935928
PAPA,0,120,0.6036165820935928
PAPA,0,128,0.6036165820935928
PAPA,0,136,0.6036165820935928
PAPA,0,144,0.6036165820935928
PAPA,0,152,0.6036165820935928
PAPA,0,160,0.6036165820935928
PAPA,0,168,0.6036165820935928
PAPA,0,176,0.6036165820935928
PAPA,0,184,0.5264496437332076
PAPA,0,192,0.5264496437332076
PAPA,0,200,0.5264496437332076
PAPA,0,208,0.5264496437332076
PAPA,0,216,0.5264496437332076
PAPA,0,232,0.5077105860221233
PAPA,0,240,0.5077105860221233
PAPA,0,248,0.5077105860221233
PAPA,0,264,0.3763156113950405
PAPA,0,272,0.2992666856045482
PAPA,0,288,0.2992666856045482
PAPA,0,304,0.2992666856045482
PAPA,0,312,0.2992666856045482
PAPA,0,328,0.2992666856045482
PAPA,0,344,0.2992666856045482
PAPA,0,360,0.2992666856045482
PAPA,0,376,0.27807149854201174
PAPA,0,400,0.27807149854201174
PAPA,0,416,0.25881866201041426
PAPA,0,432,0.25881866201041426
PAPA,0,456,0.2132706564247221
PAPA,0,480,0.20890512756345364
PAPA,0,504,0.19665972332663975
PAPA,0,520,0.19612353904714155
PAPA,0,552,0.17980980046361833
PAPA,0,576,0.16080420380264157
PAPA,0,600,0.13528465009936427
PAPA,0,632,0.10188006862445889
PAPA,0,656,0.08508733263621462
PAPA,0,688,0.08322032131165559
PAPA,0,720,0.07493319152817457
PAPA,0,760,0.06669857902858066
PAPA,0,792,0.06097204293055427
PAPA,0,832,0.05484341991262272
PAPA,0,872,0.05071540200495584
PAPA,0,912,0.0440517965290357
PAPA,0,952,0.043868684072161164
PAPA,0,1000,0.04342558381388297
PAPA,0,1040,0.03929095065309697
PAPA,0,1096,0.025374809297762948
PAPA,0,1144,0.01808576564778418
PAPA,0,1200,0.010651929173841163
PAPA,0,1256,0.00715167628962168
PAPA,0,1312,0.006099249177107751
PAPA,0,1376,0.0036774539518007712
PAPA,0,1440,0.0024188827262528047
PAPA,0,1504,0.001807573867693179
PAPA,0,1576,0.0011922602621399997
PAPA,0,1648,0.000935533624650155
PAPA,0,1728,0.00023804521064114568
PAPA,0,1808,0.00023804521064114568
PAPA,0,1896,0.00013837022995547607
PAPA,1,8,1.1737391236705454
PAPA,1,16,0.7276129597271244
PAPA,1,24,0.7276129597271244
PAPA,1,32,0.7225904063497061
PAPA,1,40,0.7225904063497061
PAPA,1,48,0.7225904063497061
PAPA,1,56,0.7169611750723354
PAPA,1,64,0.7169611750723354
PAPA,1,72,0.617858258655091
PAPA,1,80,0.617858258655091
PAPA,1,88,0.617858258655091
PAPA,1,96,0.617858258655091
PAPA,1,104,0.617858258655091
PAPA,1,112,0.617858258655091
PAPA,1,120,0.617858258655091
PAPA,1,128,0.617858258655091
PAPA,1,136,0.617858258655091
PAPA,1,144,0.617858258655091
PAPA,1,152,0.617858258655091
PAPA,1,160,0.617858258655091
PAPA,1,168,0.617858258655091
PAPA,1,176,0.617858258655091
PAPA,1,184,0.617858258655091
PAPA,1,192,0.617858258655091
PAPA,1,200,0.617858258655091
PAPA,1,208,0.617858258655091
PAPA,1,216,0.617858258655091
PAPA,1,224,0.6018800310892769
PAPA,1,240,0.5536440826205273
PAPA,1,248,0.48550946824325303
PAPA,1,256,0.46689164837350267
PAPA,1,272,0.41995407517654415
PAPA,1,280,0.32691419666580424
PAPA,1,296,0.3204260180065991
PAPA,1,312,0.3204260180065991
PAPA,1,328,0.2596150977093728
PAPA,1,336,0.24699290470310772
PAPA,1,352,0.2024152738710322
PAPA,1,376,0.19516963576999735
PAPA,1,392,0.19516963576999735
PAPA,1,408,0.19516963576999735
PAPA,1,424,0.19516963576999735
PAPA,1,448,0.19516963576999735
PAPA,1,464,0.19516963576999735
PAPA,1,488,0.13774419408521013
PAPA,1,512,0.12345864495144351
PAPA,1,536,0.10548700643307901
PAPA,1,560,0.08160884195767892
PAPA,1,584,0.08160884195767892
PAPA,1,608,0.07998507770766984
PAPA,1,640,0.07448834344220374
PAPA,1,672,0.05844248492172477
PAPA,1,704,0.05752795493861624
PAPA,1,736,0.051526750060448656
PAPA,1,768,0.04792224388759621
PAPA,1,800,0.04742972417782051
PAPA,1,840,0.04738295857882467
PAPA,1,880,0.04664086530783954
PAPA,1,920,0.04602376306550345
PAPA,1,960,0.04570873250481758
PAPA,1,1008,0.045171260427845944
PAPA,1,1048,0.04452782714596009
PAPA,1,1096,0.04452782714596009
PAPA,1,1152,0.04430232354548781
PAPA,1,1200,0.043524162094601464
PAPA,1,1256,0.04309411155575656
PAPA,1,1320,0.04293211641047139
PAPA,1,1376,0.04280154691377168
PAPA,1,1440,0.04274193776017483
PAPA,1,1512,0.04271873729529113
PAPA,1,1576,0.04271873729529113
PAPA,1,1648,0.0427154418506806
PAPA,1,1728,0.04271069060396773
PAPA,10,8,0.9293848544485547
PAPA,10,16,0.8095716980935205
PAPA,10,24,0.8095716980935205
PAPA,10,32,0.8095716980935205
PAPA,10,40,0.8095716980935205
PAPA,10,48,0.8095716980935205
PAPA,10,56,0.8095716980935205
PAPA,10,64,0.8095716980935205
PAPA,10,72,0.8095716980935205
PAPA,10,80,0.7438451307596234
PAPA,10,88,0.7438451307596234
PAPA,10,96,0.7438451307596234
PAPA,10,104,0.7438451307596234
PAPA,10,112,0.7438451307596234
PAPA,10,120,0.6475491966182231
PAPA,10,128,0.6475491966182231
PAPA,10,136,0.5282137052284284
PAPA,10,144,0.5282137052284284
PAPA,10,152,0.5282137052284284
PAPA,10,160,0.5282137052284284
PAPA,10,168,0.5282137052284284
PAPA,10,176,0.49516090167320526
PAPA,10,184,0.49516090167320526
PAPA,10,192,0.49516090167320526
PAPA,10,200,0.49516090167320526
PAPA,10,208,0.49516090167320526
PAPA,10,216,0.49005499610520276
PAPA,10,224,0.4891962323785662
PAPA,10,232,0.4746581643900113
PAPA,10,240,0.4746581643900113
PAPA,10,256,0.4103232136658403
PAPA,10,264,0.4103232136658403
PAPA,10,280,0.4103232136658403
PAPA,10,288,0.4103232136658403
PAPA,10,304,0.39577646481127987
PAPA,10,312,0.38485098441554527
PAPA,10,328,0.33094000873448337
PAPA,10,344,0.23654379312725493
PAPA,10,352,0.13616486257515406
PAPA,10,368,0.13616486257515406
PAPA,10,384,0.1198307609160519
PAPA,10,400,0.0947988593336795
PAPA,10,424,0.05992786159272653
PAPA,10,440,0.057543377946826575
PAPA,10,456,0.057543377946826575
PAPA,10,480,0.04948394850687434
PAPA,10,496,0.049320908174312644
PAPA,10,520,0.048360536067507356
PAPA,10,544,0.04763854371049094
PAPA,10,568,0.04763854371049094
PAPA,10,592,0.04573922887079983
PAPA,10,616,0.043518733738933495
PAPA,10,640,0.043518733738933495
PAPA,10,672,0.043454460105441725
PAPA,10,696,0.043454460105441725
PAPA,10,728,0.0428380966034645
PAPA,10,760,0.042366325509475104
PAPA,10,792,0.04235664545876526
PAPA,10,824,0.04235664545876526
PAPA,10,864,0.04235664545876526
PAPA,10,896,0.04228974285320492
PAPA,10,936,0.042227316621097535
PAPA,10,976,0.04207677668857766
PAPA,10,1024,0.04207677668857766
PAPA,10,1064,0.04204362193238221
PAPA,10,1112,0.042035748685722144
PAPA,10,1160,0.04203486333049654
PAPA,10,1208,0.04203416682976365
PAPA,11,8,0.6817904822553874
PAPA,11,16,0.6817904822553874
PAPA,11,24,0.6817904822553874
PAPA,11,32,0.6817904822553874
PAPA,11,40,0.6817904822553874
PAPA,11,48,0.6817904822553874
PAPA,11,56,0.6817904822553874
PAPA,11,64,0.6817904822553874
PAPA,11,72,0.6817904822553874
PAPA,11,80,0.6817904822553874
PAPA,11,88,0.6817904822553874
PAPA,11,96,0.6817904822553874
PAPA,11,104,0.6817904822553874
PAPA,11,112,0.6817904822553874
PAPA,11,120,0.6817904822553874
PAPA,11,128,0.6817904822553874
PAPA,11,136,0.6817904822553874
PAPA,11,144,0.6817904822553874
PAPA,11,152,0.6817904822553874
PAPA,11,160,0.6817904822553874
PAPA,11,168,0.6817904822553874
PAPA,11,176,0.6817904822553874
PAPA,11,184,0.6817904822553874
PAPA,11,192,0.6817904822553874
PAPA,11,200,0.6817904822553874
PAPA,11,208,0.6817904822553874
PAPA,11,224,0.6817904822553874
PAPA,11,232,0.6817904822553874
PAPA,11,240,0.6817904822553874
PAPA,11,256,0.6817904822553874
PAPA,11,264,0.6817904822553874
PAPA,11,272,0.6817904822553874
PAPA,11,288,0.6817904822553874
PAPA,11,304,0.5464110925114288
PAPA,11,312,0.5464110925114288
PAPA,11,328,0.5464110925114288
PAPA,11,344,0.41894648122443556
PAPA,11,360,0.41894648122443556
PAPA,11,376,0.41894648122443556
PAPA,11,392,0.31944891815161236
PAPA,11,408,0.29265642964920563
PAPA,11,424,0.21365154509413495
PAPA,11,448,0.21365154509413495
PAPA,11,464,0.21365154509413495
PAPA,11,488,0.1788682037079448
PAPA,11,504,0.1698902507569277
PAPA,11,528,0.15953227270654144
PAPA,11,552,0.13417337692402298
PAPA,11,576,0.10519362685000698
PAPA,11,608,0.05433067964589873
PAPA,11,632,0.05433067964589873
PAPA,11,656,0.05433067964589873
PAPA,11,688,0.05392896855026095
PAPA,11,720,0.04550706698553821
PAPA,11,752,0.04550706698553821
PAPA,11,784,0.04550706698553821
PAPA,11,824,0.04550706698553821
PAPA,11,856,0.045153848154095004
PAPA,11,896,0.04477829944954986
PAPA,11,936,0.0444553497772833
PAPA,11,976,0.0444553497772833
PAPA,11,1024,0.0441273819125542
PAPA,11,1064,0.042916953372082775
PAPA,11,1112,0.042916953372082775
PAPA,11,1160,0.042821103733214225
PAPA,11,1216,0.0427427039012055
PAPA,11,1272,0.042730962852544505
PAPA,11,1328,0.04271535939345679
PAPA,11,1384,0.04271535939345679
PAPA,11,1448,0.04271304897471874
PAPA,12,8,2.0393833239424617
PAPA,12,16,1.326726346746158
PAPA,12,24,1.326726346746158
PAPA,12,32,0.8388173407086801
PAPA,12,40,0.8388173407086801
PAPA,12,48,0.8388173407086801
PAPA,12,56,0.8388173407086801
PAPA,12,64,0.8388173407086801
PAPA,12,72,0.8388173407086801
PAPA,12,80,0.8388173407086801
PAPA,12,88,0.8285641042433121
PAPA,12,96,0.7963335910500909
PAPA,12,104,0.7963335910500909
PAPA,12,112,0.7963335910500909
PAPA,12,120,0.7963335910500909
PAPA,12,128,0.7157554185534454
PAPA,12,136,0.7107769830752478
PAPA,12,144,0.595478574748236
PAPA,12,152,0.595478574748236
PAPA,12,160,0.595478574748236
PAPA,12,168,0.595478574748236
PAPA,12,176,0.595478574748236
PAPA,12,184,0.5595944465546882
PAPA,12,192,0.5595944465546882
PAPA,12,200,0.5595944465546882
PAPA,12,208,0.5407901225496888
PAPA,12,216,0.5117020448534904
PAPA,12,224,0.4584186637785854
PAPA,12,232,0.4584186637785854
PAPA,12,248,0.3838214072747873
PAPA,12,256,0.3838214072747873
PAPA,12,272,0.3838214072747873
PAPA,12,280,0.3838214072747873
PAPA,12,296,0.3838214072747873
PAPA,12,304,0.3838214072747873
PAPA,12,320,0.3711472029449774
PAPA,12,336,0.3252355512968768
PAPA,12,352,0.2890257781087703
PAPA,12,368,0.24714453392547556
PAPA,12,384,0.24047637799613694
PAPA,12,400,0.21709246638367874
PAPA,12,416,0.20690638060583041
PAPA,12,440,0.20690638060583041
PAPA,12,456,0.20690638060583041
PAPA,12,480,0.16425082752389059
PAPA,12,504,0.1386108669658866
PAPA,12,520,0.10633681185088514
PAPA,12,544,0.10374729752238193
PAPA,12,576,0.09946511992273671
PAPA,12,600,0.07948521406745146
PAPA,12,624,0.07948521406745146
PAPA,12,656,0.07090837403118712
PAPA,12,680,0.06433720326166065
PAPA,12,712,0.058325960724392764
PAPA,12,744,0.05356321110660134
PAPA,12,784,0.05252552042534804
PAPA,12,816,0.05161222162682136
PAPA,12,856,0.05005170979079906
PAPA,12,896,0.05000189972022272
PAPA,12,936,0.04850348632462065
PAPA,12,976,0.04608759746165583
PAPA,12,1024,0.045435975588348436
PAPA,12,1064,0.0449143673413932
PAPA,12,1112,0.04390883870164354
PAPA,12,1168,0.04304570673661875
PAPA,12,1216,0.04278171824798878
PAPA,12,1272,0.04278171824798878
PAPA,12,1336,0.042730610821438704
PAPA,12,1392,0.04271671138001115
PAPA,12,1456,0.04271671138001115
PAPA,12,1520,0.04271671138001115
PAPA,12,1592,0.042716690005486474
PAPA,13,8,2.1226957764424834
PAPA,13,16,1.214733918980872
PAPA,13,24,1.214733918980872
PAPA,13,32,1.214733918980872
PAPA,13,40,0.7533516744283181
PAPA,13,48,0.7533516744283181
PAPA,13,56,0.7533516744283181
PAPA,13,64,0.7533516744283181
PAPA,13,72,0.7533516744283181
PAPA,13,80,0.7533516744283181
PAPA,13,88,0.7533516744283181
PAPA,13,96,0.6332917000567946
PAPA,13,104,0.6332917000567946
PAPA,13,112,0.5798823717931293
PAPA,13,120,0.5798823717931293
PAPA,13,128,0.5798823717931293
PAPA,13,136,0.5798823717931293
PAPA,13,144,0.5144227759380113
PAPA,13,152,0.5144227759380113
PAPA,13,160,0.5144227759380113
PAPA,13,168,0.5144227759380113
PAPA,13,176,0.5144227759380113
PAPA,13,184,0.5144227759380113
PAPA,13,192,0.5144227759380113
PAPA,13,208,0.5144227759380113
PAPA,13,216,0.5144227759380113
PAPA,13,224,0.5057166889461417
PAPA,13,232,0.4258851663456194
PAPA,13,248,0.4258851663456194
PAPA,13,256,0.4258851663456194
PAPA,13,272,0.4258851663456194
PAPA,13,288,0.4258851663456194
PAPA,13,296,0.4258851663456194
PAPA,13,312,0.4258851663456194
PAPA,13,328,0.39662725036225865
PAPA,13,344,0.34847452436183934
PAPA,13,360,0.34847452436183934
PAPA,13,376,0.34847452436183934
PAPA,13,392,0.34847452436183934
PAPA,13,416,0.27191622203421145
PAPA,13,432,0.27191622203421145
PAPA,13,456,0.24146337039953925
PAPA,13,480,0.20529639400325658
PAPA,13,496,0.18263506202659033
PAPA,13,520,0.1798899193292138
PAPA,13,552,0.16826784880164258
PAPA,13,576,0.1400439036517149
PAPA,13,600,0.13170818641279455
PAPA,13,632,0.1250425526530813
PAPA,13,664,0.08320668307843729
PAPA,13,696,0.08320668307843729
PAPA,13,728,0.07597412831781111
PAPA,13,760,0.0597705163911901
PAPA,13,800,0.05642790790338025
PAPA,13,840,0.04998694504659408
PAPA,13,880,0.04998694504659408
PAPA,13,920,0.0499029667486933
PAPA,13,968,0.04912584275712146
PAPA,13,1008,0.04912584275712146
PAPA,13,1056,0.048930784810503336
PAPA,13,1112,0.048930784810503336
PAPA,13,1168,0.048596591851189704
PAPA,13,1224,0.04839678051470893
PAPA,13,1280,0.048292861558244464
PAPA,13,1344,0.048214840083597006
PAPA,13,1408,0.047774844515368876
PAPA,13,1472,0.04726424018378969
PAPA,13,1544,0.045857661177766976
PAPA,13,1616,0.04464470549930962
PAPA,13,1696,0.044493973573194755
PAPA,13,1776,0.044410331781137756
PAPA,13,1864,0.04431242741527304
PAPA,13,1952,0.04430805812485941
PAPA,13,2048,0.04430441476859734
PAPA,13,2144,0.04429462002238386
PAPA,14,8,3.03716954451613
PAPA,14,16,2.2258286077377636
PAPA,14,24,2.206225167749108
PAPA,14,32,1.5955485476589333
PAPA,14,40,1.3744146575380107
PAPA,14,48,0.8720425290462002
PAPA,14,56,0.8720425290462002
PAPA,14,64,0.774943681234989
PAPA,14,72,0.6438136601312485
PAPA,14,80,0.6438136601312485
PAPA,14,88,0.6438136601312485
PAPA,14,96,0.6438136601312485
PAPA,14,104,0.5546979955822718
PAPA,14,112,0.5546979955822718
PAPA,14,120,0.5546979955822718
PAPA,14,128,0.5546979955822718
PAPA,14,136,0.5546979955822718
PAPA,14,144,0.5546979955822718
PAPA,14,152,0.5546979955822718
PAPA,14,160,0.5546979955822718
PAPA,14,168,0.5546979955822718
PAPA,14,176,0.5546979955822718
PAPA,14,184,0.5140471219496445
PAPA,14,192,0.5140471219496445
PAPA,14,200,0.5140471219496445
PAPA,14,208,0.48155706659018843
PAPA,14,216,0.48155706659018843
PAPA,14,224,0.47538255296519016
PAPA,14,240,0.47538255296519016
PAPA,14,248,0.47538255296519016
PAPA,14,256,0.47538255296519016
PAPA,14,272,0.4570132478480192
PAPA,14,280,0.4570132478480192
PAPA,14,296,0.4570132478480192
PAPA,14,312,0.4570132478480192
PAPA,14,320,0.4570132478480192
PAPA,14,336,0.4570132478480192
PAPA,14,352,0.4418560235695483
PAPA,14,368,0.42370703911121804
PAPA,14,384,0.41323522024986914
PAPA,14,408,0.41025093165440285
PAPA,14,424,0.40244931471706186
PAPA,14,448,0.3756464860236551
PAPA,14,464,0.3428281996515218
PAPA,14,488,0.31813027010587813
PAPA,14,512,0.291797798772186
PAPA,14,536,0.2567564697924263
PAPA,14,560,0.2567564697924263
PAPA,14,584,0.2369175712756769
PAPA,14,608,0.10933436893196137
PAPA,14,640,0.1043030153390296
PAPA,14,664,0.1031187413163036
PAPA,14,696,0.06973343407419032
PAPA,14,728,0.06973343407419032
PAPA,14,760,0.06973343407419032
PAPA,14,800,0.06973343407419032
PAPA,14,832,0.06973343407419032
PAPA,14,872,0.06973343407419032
PAPA,14,912,0.06930104224049885
PAPA,14,960,0.05376893664220451
PAPA,14,1000,0.05027667298974565
PAPA,14,1048,0.05007591876653597
PAPA,14,1096,0.04988834432077354
PAPA,14,1144,0.045371925443454746
PAPA,14,1200,0.04416501825729622
PAPA,14,1256,0.04359730553854141
PAPA,14,1312,0.04294494694221671
PAPA,14,1376,0.042852277430392195
PAPA,14,1432,0.042852277430392195
PAPA,14,1504,0.04274875636609831
PAPA,14,1568,0.04271642267673611
PAPA,14,1648,0.04271193557854354
PAPA,14,1720,0.04271187891270976
PAPA,15,8,1.089350968735466
PAPA,15,16,0.8223993403719618
PAPA,15,24,0.8223993403719618
PAPA,15,32,0.8223993403719618
PAPA,15,40,0.6948904927273646
PAPA,15,48,0.6889103082955831
PAPA,15,56,0.4847279591872287
PAPA,15,64,0.4847279591872287
PAPA,15,72,0.4847279591872287
PAPA,15,80,0.4847279591872287
PAPA,15,88,0.4847279591872287
PAPA,15,96,0.4847279591872287
PAPA,15,104,0.4847279591872287
PAPA,15,112,0.4847279591872287
PAPA,15,120,0.34285237812437946
PAPA,15,128,0.34285237812437946
PAPA,15,136,0.34285237812437946
PAPA,15,144,0.34285237812437946
PAPA,15,152,0.34285237812437946
PAPA,15,160,0.34285237812437946
PAPA,15,168,0.34285237812437946
PAPA,15,176,0.34285237812437946
PAPA,15,184,0.34285237812437946
PAPA,15,192,0.34285237812437946
PAPA,15,200,0.34285237812437946
PAPA,15,216,0.34285237812437946
PAPA,15,224,0.34285237812437946
PAPA,15,232,0.34285237812437946
PAPA,15,248,0.34285237812437946
PAPA,15,256,0.29780122170686407
PAPA,15,264,0.29780122170686407
PAPA,15,280,0.2888820124219937
PAPA,15,296,0.25501963997336013
PAPA,15,304,0.25501963997336013
PAPA,15,320,0.19523760079564131
PAPA,15,336,0.1592447862851677
PAPA,15,352,0.14425314672653344
PAPA,15,368,0.14425314672653344
PAPA,15,384,0.14425314672653344
PAPA,15,400,0.12341457319161993
PAPA,15,424,0.12341457319161993
PAPA,15,440,0.10045628536590673
PAPA,15,464,0.10045628536590673
PAPA,15,488,0.08425006195455283
PAPA,15,504,0.07813213169936398
PAPA,15,528,0.06651672554014593
PAPA,15,552,0.06651672554014593
PAPA,15,584,0.05308714814823966
PAPA,15,608,0.052277056281170485
PAPA,15,640,0.04793374248124929
PAPA,15,664,0.04434403722257466
PAPA,15,696,0.038189302944285075
PAPA,15,728,0.038189302944285075
PAPA,15,760,0.03814304200837009
PAPA,15,800,0.03578865967047922
PAPA,15,840,0.03578865967047922
PAPA,15,872,0.03514227567660618
PAPA,15,920,0.0336836600114043
PAPA,15,960,0.03279212672407133
PAPA,15,1008,0.03069480050491613
PAPA,15,1048,0.0286414523795528
PAPA,15,1096,0.026029977994044703
PAPA,15,1152,0.021343165430395907
PAPA,15,1208,0.013413422453210954
PAPA,15,1264,0.011276879453725307
PAPA,15,1320,0.0075433827022109165
PAPA,15,1384,0.005433685493301816
PAPA,15,1448,0.002200605215694726
PAPA,15,1512,0.001998131626114339
PAPA,15,1584,0.0011994011816790196
PAPA,15,1656,0.0011994011816790196
PAPA,15,1736,0.0008677421549437504
PAPA,15,1816,0.0004140500860902708
PAPA,16,8,0.9302364097377277
PAPA,16,16,0.9302364097377277
PAPA,16,24,0.9302364097377277
PAPA,16,32,0.6992238993022375
PAPA,16,40,0.5670105022326226
PAPA,16,48,0.5363566599844788
PAPA,16,56,0.5363566599844788
PAPA,16,64,0.5363566599844788
PAPA,16,72,0.5363566599844788
PAPA,16,80,0.5363566599844788
PAPA,16,88,0.5363566599844788
PAPA,16,96,0.5363566599844788
PAPA,16,104,0.5363566599844788
PAPA,16,112,0.5363566599844788
PAPA,16,120,0.5363566599844788
PAPA,16,128,0.5363566599844788
PAPA,16,136,0.4885838402429174
PAPA,16,144,0.4885838402429174
PAPA,16,152,0.4885838402429174
PAPA,16,160,0.4885838402429174
PAPA,16,168,0.4885838402429174
PAPA,16,176,0.47151207132455764
PAPA,16,184,0.47151207132455764
PAPA,16,192,0.47151207132455764
PAPA,16,200,0.47151207132455764
PAPA,16,208,0.47151207132455764
PAPA,16,216,0.4465329384763503
PAPA,16,232,0.4054186522309799
PAPA,16,240,0.3622432531617003
PAPA,16,248,0.3622432531617003
PAPA,16,264,0.34764686070900597
PAPA,16,272,0.34764686070900597
PAPA,16,288,0.33082986855159346
PAPA,16,304,0.33048120513744395
PAPA,16,312,0.3142022722054538
PAPA,16,328,0.3142022722054538
PAPA,16,344,0.27081499374635254
PAPA,16,360,0.1556348550136007
PAPA,16,376,0.14793595693731096
PAPA,16,392,0.11559076128642351
PAPA,16,416,0.11559076128642351
PAPA,16,432,0.11559076128642351
PAPA,16,448,0.11559076128642351
PAPA,16,472,0.1150681341188552
PAPA,16,496,0.08729245998920675
PAPA,16,520,0.08228449730022455
PAPA,16,544,0.069159579281238
PAPA,16,568,0.06529856040625141
PAPA,16,592,0.05578129975817353
PAPA,16,624,0.05578129975817353
PAPA,16,648,0.05192614361719261
PAPA,16,680,0.04979890057344798
PAPA,16,712,0.04787934741952298
PAPA,16,744,0.04289836042413497
PAPA,16,776,0.04289836042413497
PAPA,16,816,0.03796454794671926
PAPA,16,856,0.03745630560989163
PAPA,16,888,0.03457085784738579
PAPA,16,936,0.03340051748818866
PAPA,16,976,0.03340051748818866
PAPA,16,1024,0.033124263308561996
PAPA,16,1072,0.032537588078162524
PAPA,16,1120,0.03222561137941057
PAPA,16,1168,0.032180828668126917
PAPA,16,1224,0.032164424762386665
PAPA,16,1280,0.032147018314760065
PAPA,16,1344,0.032142400717028466
PAPA,16,1400,0.03212561488572115
PAPA,16,1472,0.03212561488572115
PAPA,16,1536,0.03212405539592361
PAPA,16,1608,0.03212333270327587
PAPA,16,1680,0.03212333270327587
PAPA,16,1760,0.03212333270327587
PAPA,17,8,0.9032619959433387
PAPA,17,16,0.8881246793730198
PAPA,17,24,0.7017299758303368
PAPA,17,32,0.7017299758303368
PAPA,17,40,0.7017299758303368
PAPA,17,48,0.6639510313376826
PAPA,17,56,0.5831915170994354
PAPA,17,64,0.5831915170994354
PAPA,17,72,0.5831915170994354
PAPA,17,80,0.5831915170994354
PAPA,17,88,0.5831915170994354
PAPA,17,96,0.5831915170994354
PAPA,17,104,0.5831915170994354
PAPA,17,112,0.5831915170994354
PAPA,17,120,0.5831915170994354
PAPA,17,128,0.5831915170994354
PAPA,17,136,0.5005150354762603
PAPA,17,144,0.5005150354762603
PAPA,17,152,0.5005150354762603
PAPA,17,160,0.5005150354762603
PAPA,17,168,0.5005150354762603
PAPA,17,176,0.5005150354762603
PAPA,17,184,0.5005150354762603
PAPA,17,192,0.5005150354762603
PAPA,17,200,0.4838438941654102
PAPA,17,208,0.4838438941654102
PAPA,17,216,0.4440098635733658
PAPA,17,224,0.4440098635733658
PAPA,17,240,0.4440098635733658
PAPA,17,248,0.4440098635733658
PAPA,17,256,0.4440098635733658
PAPA,17,272,0.4440098635733658
PAPA,17,280,0.4440098635733658
PAPA,17,296,0.4429137390436208
PAPA,17,312,0.4225264566869375
PAPA,17,320,0.40105830724212854
PAPA,17,336,0.39059716547763235
PAPA,17,352,0.3774991963781175
PAPA,17,368,0.3160844630278296
PAPA,17,384,0.3160844630278296
PAPA,17,408,0.2767664345148221
PAPA,17,424,0.2431402481394746
PAPA,17,448,0.20935171883445153
PAPA,17,464,0.20553715340648995
PAPA,17,488,0.20553715340648995
PAPA,17,512,0.1959229505070857
PAPA,17,536,0.17933328300220963
PAPA,17,560,0.1657356990861749
PAPA,17,584,0.14409538414750656
PAPA,17,608,0.09383312196609948
PAPA,17,640,0.0858822539117761
PAPA,17,664,0.0858822539117761
PAPA,17,696,0.07931698350657912
PAPA,17,728,0.06650077559751047
PAPA,17,760,0.059405888656278785
PAPA,17,800,0.053416488876238885
PAPA,17,832,0.05123847912899212
PAPA,17,872,0.05123847912899212
PAPA,17,912,0.050336033873527114
PAPA,17,960,0.04774071383202602
PAPA,17,1000,0.04716441486997033
PAPA,17,1048,0.04445218958220124
PAPA,17,1096,0.04215212224369866
PAPA,17,1144,0.040816464029796155
PAPA,17,1200,0.03864676135606146
PAPA,17,1256,0.03741197982527629
PAPA,17,1312,0.035097655010230704
PAPA,17,1376,0.03095568088088476
PAPA,17,1432,0.03095568088088476
PAPA,17,1504,0.030534717138674814
PAPA,17,1568,0.030466085469213172
PAPA,17,1648,0.030465402113984193
PAPA,17,1720,0.03046266336765825
PAPA,18,8,2.546189360426886
PAPA,18,16,1.8598987760777863
PAPA,18,24,1.0929349712767567
PAPA,18,32,0.9047738757530478
PAPA,18,40,0.9047738757530478
PAPA,18,48,0.537338272366576
PAPA,18,56,0.537338272366576
PAPA,18,64,0.537338272366576
PAPA,18,72,0.537338272366576
PAPA,18,80,0.537338272366576
PAPA,18,88,0.537338272366576
PAPA,18,96,0.537338272366576
PAPA,18,104,0.537338272366576
PAPA,18,112,0.5370049053652957
PAPA,18,120,0.517484893653669
PAPA,18,128,0.517484893653669
PAPA,18,136,0.517484893653669
PAPA,18,144,0.517484893653669
PAPA,18,152,0.517484893653669
PAPA,18,160,0.5172662155707934
PAPA,18,168,0.5172662155707934
PAPA,18,176,0.503867276409897
PAPA,18,184,0.503867276409897
PAPA,18,192,0.42982298005694797
PAPA,18,200,0.42982298005694797
PAPA,18,208,0.42982298005694797
PAPA,18,216,0.42982298005694797
PAPA,18,224,0.42982298005694797
PAPA,18,232,0.42982298005694797
PAPA,18,248,0.3656421538398413
PAPA,18,256,0.31016265933124715
PAPA,18,264,0.2982435158306664
PAPA,18,280,0.2982435158306664
PAPA,18,288,0.2982435158306664
PAPA,18,304,0.25841467043961075
PAPA,18,320,0.2567218942973565
PAPA,18,328,0.2567218942973565
PAPA,18,344,0.21810614297367278
PAPA,18,360,0.1649134390519049
PAPA,18,376,0.1649134390519049
PAPA,18,392,0.15992202621364524
PAPA,18,408,0.09879633594761016
PAPA,18,424,0.09877780560225244
PAPA,18,448,0.08602290512866723
PAPA,18,464,0.07541360871967719
PAPA,18,488,0.06631350704288404
PAPA,18,504,0.06631350704288404
PAPA,18,528,0.06457198684831941
PAPA,18,552,0.06028316595983924
PAPA,18,576,0.05875199736530641
PAPA,18,600,0.05875199736530641
PAPA,18,624,0.05222074252362678
PAPA,18,656,0.050126930963741066
PAPA,18,680,0.049295645179102565
PAPA,18,712,0.049295645179102565
PAPA,18,744,0.04840617846418009
PAPA,18,776,0.045920173725172514
PAPA,18,808,0.04487108058536694
PAPA,18,848,0.044652769754167494
PAPA,18,880,0.04457004238579734
PAPA,18,920,0.044401405682327116
PAPA,18,960,0.04427572198012551
PAPA,18,1000,0.04423922979200508
PAPA,18,1048,0.04417230485913865
PAPA,18,1096,0.04417230485913865
PAPA,18,1136,0.04415819313156487
PAPA,18,1192,0.04415036264641535
PAPA,18,1240,0.04414774329658578
PAPA,18,1296,0.04414003312146665
PAPA,19,8,2.625079711585108
PAPA,19,16,1.9631648815575422
PAPA,19,24,1.9631648815575422
PAPA,19,32,1.8266892142140643
PAPA,19,40,1.5515290004004652
PAPA,19,48,0.6934901427712812
PAPA,19,56,0.6469409118573602
PAPA,19,64,0.6469409118573602
PAPA,19,72,0.6469409118573602
PAPA,19,80,0.6469409118573602
PAPA,19,88,0.6469409118573602
PAPA,19,96,0.6469409118573602
PAPA,19,104,0.5391479230319114
PAPA,19,112,0.5391479230319114
PAPA,19,120,0.5391479230319114
PAPA,19,128,0.5391479230319114
PAPA,19,136,0.5283538076079909
PAPA,19,144,0.4577697577620426
PAPA,19,152,0.4577697577620426
PAPA,19,160,0.37969529459160856
PAPA,19,168,0.37969529459160856
PAPA,19,176,0.37969529459160856
PAPA,19,184,0.37969529459160856
PAPA,19,192,0.37969529459160856
PAPA,19,200,0.3196351382125264
PAPA,19,208,0.29178403604859465
PAPA,19,216,0.29178403604859465
PAPA,19,232,0.29178403604859465
PAPA,19,240,0.29178403604859465
PAPA,19,248,0.2887532989926801
PAPA,19,264,0.2762928754354584
PAPA,19,272,0.2762928754354584
PAPA,19,288,0.2762928754354584
PAPA,19,304,0.24327878847383505
PAPA,19,312,0.23113074148318893
PAPA,19,328,0.23113074148318893
PAPA,19,344,0.2258910321428353
PAPA,19,360,0.185436479901787
PAPA,19,376,0.18280697221722003
PAPA,19,392,0.14482539239960368
PAPA,19,408,0.12213078924726993
PAPA,19,432,0.12213078924726993
PAPA,19,448,0.1154949866597793
PAPA,19,472,0.08759184322280245
PAPA,19,488,0.06688253709032133
PAPA,19,512,0.05919038773244809
PAPA,19,536,0.05919038773244809
PAPA,19,560,0.05919038773244809
PAPA,19,592,0.056063872058864476
PAPA,19,616,0.0557129999626609
PAPA,19,640,0.0541018933282906
PAPA,19,672,0.05273149074768113
PAPA,19,704,0.052455769249410804
PAPA,19,736,0.050804689311658054
PAPA,19,768,0.050229301016548204
PAPA,19,808,0.048638030181823735
PAPA,19,840,0.047947060302514374
PAPA,19,880,0.04697255208004751
PAPA,19,920,0.046241659128203445
PAPA,19,960,0.045426639106620086
PAPA,19,1008,0.044414133864765226
PAPA,19,1056,0.04440692439335273
PAPA,19,1104,0.04383503920740594
PAPA,19,1152,0.042928177688164426
PAPA,19,1208,0.04276694854831263
PAPA,19,1256,0.04275295787427149
PAPA,19,1320,0.04273598485263727
PAPA,19,1376,0.042716595272094156
PAPA,19,1440,0.04271020443122954
PAPA,19,1504,0.04271020443122954
PAPA,19,1576,0.042705054215427134
PAPA,19,1648,0.042705054215427134
PAPA,2,8,1.1886024057094167
PAPA,2,16,1.1886024057094167
PAPA,2,24,0.9505397585961505
PAPA,2,32,0.5569135574121774
PAPA,2,40,0.5569135574121774
PAPA,2,48,0.5569135574121774
PAPA,2,56,0.5569135574121774
PAPA,2,64,0.5569135574121774
PAPA,2,72,0.5569135574121774
PAPA,2,80,0.42018765539847575
PAPA,2,88,0.42018765539847575
PAPA,2,96,0.42018765539847575
PAPA,2,104,0.42018765539847575
PAPA,2,112,0.42018765539847575
PAPA,2,120,0.42018765539847575
PAPA,2,128,0.42018765539847575
PAPA,2,136,0.42018765539847575
PAPA,2,144,0.42018765539847575
PAPA,2,152,0.42018765539847575
PAPA,2,160,0.42018765539847575
PAPA,2,168,0.42018765539847575
PAPA,2,176,0.42018765539847575
PAPA,2,184,0.42018765539847575
PAPA,2,192,0.42018765539847575
PAPA,2,200,0.42018765539847575
PAPA,2,208,0.42018765539847575
PAPA,2,216,0.42018765539847575
PAPA,2,232,0.42018765539847575
PAPA,2,240,0.42018765539847575
PAPA,2,256,0.42018765539847575
PAPA,2,264,0.42018765539847575
PAPA,2,280,0.42018765539847575
PAPA,2,288,0.42018765539847575
PAPA,2,304,0.42018765539847575
PAPA,2,320,0.42018765539847575
PAPA,2,336,0.42018765539847575
PAPA,2,352,0.42018765539847575
PAPA,2,368,0.42018765539847575
PAPA,2,384,0.42018765539847575
PAPA,2,400,0.42018765539847575
PAPA,2,416,0.42018765539847575
PAPA,2,440,0.42018765539847575
PAPA,2,456,0.40558438856573065
PAPA,2,480,0.3831442278161583
PAPA,2,504,0.3062764826175432
PAPA,2,528,0.24745625964467674
PAPA,2,552,0.13109546673538577
PAPA,2,576,0.13109546673538577
PAPA,2,608,0.11394418373140827
PAPA,2,632,0.1035329830436349
PAPA,2,664,0.07652373247618448
PAPA,2,696,0.05798213790077093
PAPA,2,728,0.05798213790077093
PAPA,2,760,0.05798213790077093
PAPA,2,800,0.05591733455222735
PAPA,2,832,0.04062883514643166
PAPA,2,872,0.04062883514643166
PAPA,2,912,0.038823472624760436
PAPA,2,960,0.037078951799365725
PAPA,2,1000,0.036198510229591654
PAPA,2,1048,0.036198510229591654
PAPA,2,1104,0.036198510229591654
PAPA,2,1152,0.036198510229591654
PAPA,2,1208,0.03526491095463136
PAPA,2,1264,0.03496713761583692
PAPA,2,1320,0.03364795143268984
PAPA,2,1384,0.03287982286223844
PAPA,2,1448,0.032243379740015655
PAPA,2,1520,0.03216221480438566
PAPA,2,1592,0.03214193667558146
PAPA,2,1664,0.03212835709763617
PAPA,2,1744,0.03212835709763617
PAPA,2,1824,0.032127384448469194
PAPA,2,1912,0.032127384448469194
PAPA,3,8,1.8678412241580136
PAPA,3,16,1.5947863625725274
PAPA,3,24,1.1969605393131477
PAPA,3,32,0.9335779138293424
PAPA,3,40,0.9335779138293424
PAPA,3,48,0.9335779138293424
PAPA,3,56,0.9335779138293424
PAPA,3,64,0.9335779138293424
PAPA,3,72,0.6336788165694973
PAPA,3,80,0.6336788165694973
PAPA,3,88,0.6336788165694973
PAPA,3,96,0.6336788165694973
PAPA,3,104,0.6336788165694973
PAPA,3,112,0.6336788165694973
PAPA,3,120,0.6336788165694973
PAPA,3,128,0.6336788165694973
PAPA,3,136,0.5992590765343554
PAPA,3,144,0.5797502205173601
PAPA,3,152,0.5797502205173601
PAPA,3,160,0.5797502205173601
PAPA,3,168,0.5797502205173601
PAPA,3,176,0.5797502205173601
PAPA,3,184,0.5797502205173601
PAPA,3,192,0.5797502205173601
PAPA,3,200,0.5797502205173601
PAPA,3,208,0.5797502205173601
PAPA,3,216,0.5797502205173601
PAPA,3,224,0.5797502205173601
PAPA,3,240,0.5080653966647801
PAPA,3,248,0.4495376911205483
PAPA,3,256,0.4495376911205483
PAPA,3,272,0.4495376911205483
PAPA,3,280,0.4495376911205483
PAPA,3,296,0.41879420938838335
PAPA,3,312,0.3990982316677433
PAPA,3,320,0.3990982316677433
PAPA,3,336,0.3990982316677433
PAPA,3,352,0.3857628596404182
PAPA,3,368,0.3857628596404182
PAPA,3,384,0.3422018181383439
PAPA,3,400,0.3422018181383439
PAPA,3,416,0.27602386675863017
PAPA,3,440,0.2590331789860085
PAPA,3,456,0.20198713108065391
PAPA,3,480,0.20198713108065391
PAPA,3,504,0.20198713108065391
PAPA,3,520,0.20198713108065391
PAPA,3,544,0.20198713108065391
PAPA,3,568,0.19706623187917088
PAPA,3,600,0.17215877868592364
PAPA,3,624,0.14853441320514796
PAPA,3,648,0.09615995397261136
PAPA,3,680,0.09126071680227213
PAPA,3,712,0.0732477213725996
PAPA,3,744,0.07322178443817287
PAPA,3,776,0.05331017062683061
PAPA,3,816,0.05331017062683061
PAPA,3,848,0.050174739188910876
PAPA,3,888,0.049078162123880144
PAPA,3,928,0.048942717865827226
PAPA,3,968,0.04890883255355174
PAPA,3,1016,0.048773786262329366
PAPA,3,1056,0.04875919146006756
PAPA,3,1104,0.048678545818965996
PAPA,3,1152,0.04867005567408155
PAPA,3,1208,0.04861320460777612
PAPA,3,1264,0.04860143829288779
PAPA,3,1320,0.04856608625688822
PAPA,3,1376,0.04854936921807779
PAPA,3,1440,0.048545161644043947
PAPA,3,1504,0.04853892156696347
PAPA,4,8,1.9901758428313256
PAPA,4,16,1.9901758428313256
PAPA,4,24,1.9901758428313256
PAPA,4,32,1.1925633261229518
PAPA,4,40,1.091796102576363
PAPA,4,48,0.4774417724859178
PAPA,4,56,0.4774417724859178
PAPA,4,64,0.4774417724859178
PAPA,4,72,0.4774417724859178
PAPA,4,80,0.4774417724859178
PAPA,4,88,0.4774417724859178
PAPA,4,96,0.46494967207064797
PAPA,4,104,0.46494967207064797
PAPA,4,112,0.46494967207064797
PAPA,4,120,0.46494967207064797
PAPA,4,128,0.46494967207064797
PAPA,4,136,0.46494967207064797
PAPA,4,144,0.46494967207064797
PAPA,4,152,0.46494967207064797
PAPA,4,160,0.46494967207064797
PAPA,4,168,0.46494967207064797
PAPA,4,176,0.46494967207064797
PAPA,4,184,0.46494967207064797
PAPA,4,192,0.46494967207064797
PAPA,4,200,0.46494967207064797
PAPA,4,208,0.46494967207064797
PAPA,4,216,0.46494967207064797
PAPA,4,224,0.46494967207064797
PAPA,4,240,0.393449361948503
PAPA,4,248,0.393449361948503
PAPA,4,256,0.393449361948503
PAPA,4,272,0.393449361948503
PAPA,4,280,0.393449361948503
PAPA,4,296,0.393449361948503
PAPA,4,312,0.393449361948503
PAPA,4,320,0.393449361948503
PAPA,4,336,0.393449361948503
PAPA,4,352,0.393449361948503
PAPA,4,368,0.393449361948503
PAPA,4,384,0.393449361948503
PAPA,4,408,0.393449361948503
PAPA,4,424,0.393449361948503
PAPA,4,448,0.2565188469696531
PAPA,4,464,0.2565188469696531
PAPA,4,488,0.2565188469696531
PAPA,4,512,0.1957464192131507
PAPA,4,536,0.1957464192131507
PAPA,4,560,0.16668270787166084
PAPA,4,584,0.11406357187915303
PAPA,4,608,0.11406357187915303
PAPA,4,640,0.11406357187915303
PAPA,4,664,0.10018222513113248
PAPA,4,696,0.08913633193886013
PAPA,4,728,0.06043413138258119
PAPA,4,760,0.06043413138258119
PAPA,4,800,0.05864861769116047
PAPA,4,832,0.05206878192561053
PAPA,4,872,0.04864750388637389
PAPA,4,912,0.04864750388637389
PAPA,4,960,0.04835398515263692
PAPA,4,1000,0.048327232204634016
PAPA,4,1048,0.047879522308711966
PAPA,4,1096,0.04726655115219413
PAPA,4,1144,0.04591474616607188
PAPA,4,1200,0.045136377210978254
PAPA,4,1256,0.044607437679911384
PAPA,4,1312,0.04445580625070833
PAPA,4,1376,0.04432134275605642
PAPA,4,1432,0.04429788481476316
PAPA,4,1504,0.044290061303001206
PAPA,4,1568,0.04428451590022132
PAPA,4,1648,0.04428451590022132
PAPA,4,1720,0.044279537031200904
PAPA,5,8,1.5588549682398156
PAPA,5,16,1.234396682126301
PAPA,5,24,1.234396682126301
PAPA,5,32,0.837785767992385
PAPA,5,40,0.837785767992385
PAPA,5,48,0.837785767992385
PAPA,5,56,0.837785767992385
PAPA,5,64,0.837785767992385
PAPA,5,72,0.7898262224499868
PAPA,5,80,0.7898262224499868
PAPA,5,88,0.7898262224499868
PAPA,5,96,0.7898262224499868
PAPA,5,104,0.7898262224499868
PAPA,5,112,0.7898262224499868
PAPA,5,120,0.7898262224499868
PAPA,5,128,0.7423496875566189
PAPA,5,136,0.7423496875566189
PAPA,5,144,0.7423496875566189
PAPA,5,152,0.7423496875566189
PAPA,5,160,0.6527176420879504
PAPA,5,168,0.6527176420879504
PAPA,5,176,0.6381845287696191
PAPA,5,184,0.5623588314439132
PAPA,5,192,0.5623588314439132
PAPA,5,200,0.5623588314439132
PAPA,5,216,0.5623588314439132
PAPA,5,224,0.5563866968881747
PAPA,5,232,0.5563866968881747
PAPA,5,240,0.5563866968881747
PAPA,5,256,0.5563866968881747
PAPA,5,264,0.5343144664959251
PAPA,5,280,0.5179058959067301
PAPA,5,296,0.5118925340456559
PAPA,5,304,0.5089320200712806
PAPA,5,320,0.5014506594956794
PAPA,5,336,0.4890096426890008
PAPA,5,352,0.4890096426890008
PAPA,5,368,0.48159995130183214
PAPA,5,384,0.4763153731506651
PAPA,5,400,0.46639190258640484
PAPA,5,424,0.45553821684915585
PAPA,5,440,0.4426515132686753
PAPA,5,464,0.42541415080762196
PAPA,5,480,0.3401374628702366
PAPA,5,504,0.27372709072176776
PAPA,5,528,0.26843151830954587
PAPA,5,552,0.20575792040113777
PAPA,5,576,0.11561921798486569
PAPA,5,608,0.10264214885679428
PAPA,5,632,0.06391543327216559
PAPA,5,664,0.06391543327216559
PAPA,5,696,0.06391543327216559
PAPA,5,728,0.06391543327216559
PAPA,5,760,0.06391543327216559
PAPA,5,800,0.0571226216911744
PAPA,5,832,0.03874297689637685
PAPA,5,872,0.03500231465696768
PAPA,5,912,0.03272850940101937
PAPA,5,952,0.03089458107361042
PAPA,5,1000,0.027330651064024592
PAPA,5,1048,0.021093736935971757
PAPA,5,1096,0.019389571617139865
PAPA,5,1144,0.018094314775198763
PAPA,5,1200,0.01726742921582338
PAPA,5,1256,0.015152957282085005
PAPA,5,1312,0.012852345662859197
PAPA,5,1376,0.00762842563587305
PAPA,5,1440,0.0028481142247170133
PAPA,5,1504,0.0023717760931386304
PAPA,5,1576,0.0008124837984456814
PAPA,5,1648,0.0008124837984456814
PAPA,5,1728,0.0007454652408308906
PAPA,5,1808,0.00011766175202005816
PAPA,6,8,0.7367634454549745
PAPA,6,16,0.7367634454549745
PAPA,6,24,0.7367634454549745
PAPA,6,32,0.6564819720031071
PAPA,6,40,0.6564819720031071
PAPA,6,48,0.5744302334639462
PAPA,6,56,0.5744302334639462
PAPA,6,64,0.5744302334639462
PAPA,6,72,0.5744302334639462
PAPA,6,80,0.4947374038413252
PAPA,6,88,0.4856987528059821
PAPA,6,96,0.4856987528059821
PAPA,6,104,0.4856987528059821
PAPA,6,112,0.4856987528059821
PAPA,6,120,0.464604302789239
PAPA,6,128,0.464604302789239
PAPA,6,136,0.428125563151479
PAPA,6,144,0.428125563151479
PAPA,6,152,0.428125563151479
PAPA,6,160,0.428125563151479
PAPA,6,168,0.42327239311359266
PAPA,6,176,0.418825431888858
PAPA,6,184,0.36077834520099694
PAPA,6,200,0.3464228721801417
PAPA,6,208,0.3464228721801417
PAPA,6,216,0.3464228721801417
PAPA,6,224,0.1913267307853783
PAPA,6,232,0.17978003128737846
PAPA,6,248,0.17978003128737846
PAPA,6,256,0.17978003128737846
PAPA,6,272,0.17978003128737846
PAPA,6,280,0.13937760496378415
PAPA,6,296,0.13937760496378415
PAPA,6,312,0.13937760496378415
PAPA,6,328,0.13925022277212246
PAPA,6,336,0.13925022277212246
PAPA,6,352,0.1331421340023068
PAPA,6,368,0.11846488254588705
PAPA,6,392,0.08230780778955285
PAPA,6,408,0.08230780778955285
PAPA,6,424,0.08085024009191719
PAPA,6,448,0.08085024009191719
PAPA,6,464,0.08085024009191719
PAPA,6,488,0.06540465799740257
PAPA,6,512,0.060649446647213466
PAPA,6,536,0.060649446647213466
PAPA,6,560,0.05234287827726922
PAPA,6,584,0.05234287827726922
PAPA,6,616,0.05194922726049678
PAPA,6,640,0.051108475095767845
PAPA,6,672,0.05038318209146092
PAPA,6,704,0.050352199737052274
PAPA,6,736,0.05015880879286126
PAPA,6,776,0.050008625718651264
PAPA,6,808,0.04998312081214607
PAPA,6,848,0.04993851098140334
PAPA,6,888,0.049907661810853925
PAPA,6,928,0.0498672122371687
PAPA,6,968,0.049849168728378815
PAPA,6,1016,0.049729773607417385
PAPA,6,1064,0.04970125591036564
PAPA,6,1112,0.04968308435255536
PAPA,6,1168,0.04964451010988676
PAPA,6,1216,0.04951159614485305
PAPA,6,1280,0.04937907427669272
PAPA,6,1336,0.04914203675892469
PAPA,6,1400,0.04890769282786444
PAPA,6,1464,0.048667355052232325
PAPA,6,1536,0.04826599398375624
PAPA,6,1608,0.048217188817086434
PAPA,6,1680,0.04820053555921647
PAPA,6,1760,0.048168038420885725
PAPA,6,1840,0.04816575524082457
PAPA,7,8,2.6971329751384365
PAPA,7,16,2.428922150841352
PAPA,7,24,1.9102244122449703
PAPA,7,32,1.9102244122449703
PAPA,7,40,1.5491220952650466
PAPA,7,48,1.5491220952650466
PAPA,7,56,1.5491220952650466
PAPA,7,64,1.0938124780362484
PAPA,7,72,1.0938124780362484
PAPA,7,80,1.0938124780362484
PAPA,7,88,1.0938124780362484
PAPA,7,96,1.0384397397321143
PAPA,7,104,1.038433998541621
PAPA,7,112,0.9897087763927199
PAPA,7,120,0.9897087763927199
PAPA,7,128,0.9609205503308117
PAPA,7,136,0.9609205503308117
PAPA,7,144,0.9609205503308117
PAPA,7,152,0.8480086189610585
PAPA,7,160,0.8408251899625708
PAPA,7,168,0.8408251899625708
PAPA,7,184,0.7466816760773496
PAPA,7,192,0.686033579971423
PAPA,7,200,0.67510190707919
PAPA,7,208,0.557863526416855
PAPA,7,216,0.557863526416855
PAPA,7,232,0.557863526416855
PAPA,7,240,0.557863526416855
PAPA,7,248,0.557863526416855
PAPA,7,264,0.44140004092481516
PAPA,7,272,0.44140004092481516
PAPA,7,288,0.44140004092481516
PAPA,7,304,0.44140004092481516
PAPA,7,320,0.44140004092481516
PAPA,7,336,0.42954531005703833
PAPA,7,352,0.4041265054420104
PAPA,7,368,0.4041265054420104
PAPA,7,384,0.35327376915172287
PAPA,7,400,0.31621924981684957
PAPA,7,424,0.2882193670905059
PAPA,7,440,0.26102667383246236
PAPA,7,464,0.21770682680654505
PAPA,7,488,0.1951929218685028
PAPA,7,512,0.18263862154852753
PAPA,7,536,0.16826836798511655
PAPA,7,560,0.16328432188877967
PAPA,7,584,0.15046311592794742
PAPA,7,616,0.1462758641702933
PAPA,7,648,0.12400331072504027
PAPA,7,680,0.12400331072504027
PAPA,7,712,0.11590721731596314
PAPA,7,744,0.10360363875834645
PAPA,7,776,0.09010143493093989
PAPA,7,816,0.08464599577999454
PAPA,7,856,0.06780379759480683
PAPA,7,896,0.0587493718526871
PAPA,7,944,0.04998592724887161
PAPA,7,984,0.04998592724887161
PAPA,7,1032,0.04894096912602247
PAPA,7,1080,0.04787664389556631
PAPA,7,1136,0.047360174499832916
PAPA,7,1192,0.04725901012084423
PAPA,7,1248,0.047145623594133906
PAPA,7,1312,0.04699526194151635
PAPA,7,1376,0.04652890340191304
PAPA,7,1440,0.045738695035753923
PAPA,7,1512,0.04510944355197221
PAPA,7,1584,0.04446582399861121
PAPA,7,1656,0.04315438251965944
PAPA,7,1736,0.042863403815946124
PAPA,7,1824,0.04278637833424194
PAPA,7,1912,0.042745046709870185
PAPA,7,2000,0.04272117051742016
PAPA,7,2096,0.042715103082898005
PAPA,7,2200,0.042715103082898005
PAPA,8,8,2.111474755481718
PAPA,8,16,0.667464372320402
PAPA,8,24,0.667464372320402
PAPA,8,32,0.667464372320402
PAPA,8,40,0.667464372320402
PAPA,8,48,0.667464372320402
PAPA,8,56,0.667464372320402
PAPA,8,64,0.667464372320402
PAPA,8,72,0.667464372320402
PAPA,8,80,0.667464372320402
PAPA,8,88,0.667464372320402
PAPA,8,96,0.667464372320402
PAPA,8,104,0.6502448771721322
PAPA,8,112,0.6502448771721322
PAPA,8,120,0.6502448771721322
PAPA,8,128,0.6343459561399487
PAPA,8,136,0.6343459561399487
PAPA,8,144,0.6231727874442049
PAPA,8,152,0.4594347547045202
PAPA,8,160,0.4594347547045202
PAPA,8,168,0.42942742556571645
PAPA,8,176,0.42942742556571645
PAPA,8,184,0.38966401856728916
PAPA,8,192,0.38966401856728916
PAPA,8,200,0.38966401856728916
PAPA,8,208,0.38966401856728916
PAPA,8,216,0.38966401856728916
PAPA,8,224,0.38966401856728916
PAPA,8,232,0.38914691268370977
PAPA,8,248,0.3647145387365027
PAPA,8,256,0.3639396731453252
PAPA,8,272,0.34761368445556245
PAPA,8,280,0.34761368445556245
PAPA,8,296,0.33094194040548514
PAPA,8,304,0.3100579573291143
PAPA,8,320,0.28611222517696483
PAPA,8,336,0.2140459904071089
PAPA,8,352,0.2140459904071089
PAPA,8,368,0.1835946412648955
PAPA,8,384,0.14391759453222172
PAPA,8,400,0.11319669126654575
PAPA,8,416,0.11319669126654575
PAPA,8,440,0.11319669126654575
PAPA,8,456,0.11319669126654575
PAPA,8,480,0.11319669126654575
PAPA,8,504,0.10024465580045769
PAPA,8,520,0.09292806361561577
PAPA,8,544,0.08703676397508589
PAPA,8,576,0.08314161545885543
PAPA,8,600,0.08314161545885543
PAPA,8,624,0.07380943678801996
PAPA,8,656,0.07235927528795827
PAPA,8,680,0.0696693741839857
PAPA,8,712,0.04228559283831223
PAPA,8,744,0.04228559283831223
PAPA,8,784,0.04228559283831223
PAPA,8,816,0.04228559283831223
PAPA,8,856,0.04228559283831223
PAPA,8,896,0.02939548125356906
PAPA,8,936,0.02939548125356906
PAPA,8,976,0.020633069072956287
PAPA,8,1024,0.012902621098605911
PAPA,8,1064,0.010156299410725806
PAPA,8,1112,0.006532211022593905
PAPA,8,1168,0.006208885273971964
PAPA,8,1216,0.00474732603609595
PAPA,8,1272,0.002076762700144369
PAPA,8,1336,0.0015481157072534447
PAPA,8,1392,0.0011951964413813366
PAPA,8,1456,0.0011951964413813366
PAPA,8,1520,0.001129343108780273
PAPA,8,1592,0.0007595076301016357
PAPA,9,8,2.0256832931814017
PAPA,9,16,0.7102697481894555
PAPA,9,24,0.7102697481894555
PAPA,9,32,0.7102697481894555
PAPA,9,40,0.7102697481894555
PAPA,9,48,0.6136954757458432
PAPA,9,56,0.6136954757458432
PAPA,9,64,0.6088159336909649
PAPA,9,72,0.6088159336909649
PAPA,9,80,0.5924985129244648
PAPA,9,88,0.5104788177167553
PAPA,9,96,0.5104788177167553
PAPA,9,104,0.5104788177167553
PAPA,9,112,0.5104788177167553
PAPA,9,120,0.5104788177167553
PAPA,9,128,0.5104788177167553
PAPA,9,136,0.5104788177167553
PAPA,9,144,0.5104788177167553
PAPA,9,152,0.5104788177167553
PAPA,9,160,0.5104788177167553
PAPA,9,168,0.5104788177167553
PAPA,9,176,0.5104788177167553
PAPA,9,184,0.5104788177167553
PAPA,9,192,0.5104788177167553
PAPA,9,200,0.5104788177167553
PAPA,9,208,0.5104788177167553
PAPA,9,224,0.5104788177167553
PAPA,9,232,0.5104788177167553
PAPA,9,240,0.5104788177167553
PAPA,9,248,0.5104788177167553
PAPA,9,264,0.5104788177167553
PAPA,9,272,0.5104788177167553
PAPA,9,288,0.5104788177167553
PAPA,9,296,0.5104788177167553
PAPA,9,312,0.5104788177167553
PAPA,9,328,0.49907676863195793
PAPA,9,344,0.4585068148120091
PAPA,9,352,0.41797637603579774
PAPA,9,368,0.41797637603579774
PAPA,9,384,0.37555541294046824
PAPA,9,408,0.3618651578741179
PAPA,9,424,0.2602070254492637
PAPA,9,440,0.23964798678593624
PAPA,9,464,0.22379532265868354
PAPA,9,480,0.18173295189121488
PAPA,9,504,0.12465454464639245
PAPA,9,520,0.08717399807259187
PAPA,9,544,0.08717399807259187
PAPA,9,568,0.08133555522831618
PAPA,9,600,0.07626431738238941
PAPA,9,624,0.07150556206186731
PAPA,9,648,0.07001940640875143
PAPA,9,680,0.06017244851301509
PAPA,9,712,0.05990758513517153
PAPA,9,736,0.05734565573139007
PAPA,9,768,0.05310048132708248
PAPA,9,808,0.05142445195924925
PAPA,9,840,0.0510335179670649
PAPA,9,880,0.05020337578275762
PAPA,9,920,0.05020337578275762
PAPA,9,960,0.05020337578275762
PAPA,9,1000,0.05020337578275762
PAPA,9,1040,0.05020337578275762
PAPA,9,1088,0.05020337578275762
PAPA,9,1136,0.05020337578275762
PAPA,9,1184,0.05020337578275762
PAPA,9,1240,0.05020337578275762
PAPA,9,1296,0.05020337578275762
PAPA,9,1352,0.05020337578275762
Bay_of_Biscay,0,8,1.112687550326276
Bay_of_Biscay,0,16,1.112687550326276
Bay_of_Biscay,0,24,0.8697492590315278
Bay_of_Biscay,0,32,0.34167168276563126
Bay_of_Biscay,0,40,0.34167168276563126
Bay_of_Biscay,0,48,0.34167168276563126
Bay_of_Biscay,0,56,0.34167168276563126
Bay_of_Biscay,0,64,0.34167168276563126
Bay_of_Biscay,0,72,0.34167168276563126
Bay_of_Biscay,0,80,0.34167168276563126
Bay_of_Biscay,0,88,0.34167168276563126
Bay_of_Biscay,0,96,0.34167168276563126
Bay_of_Biscay,0,104,0.34167168276563126
Bay_of_Biscay,0,112,0.34167168276563126
Bay_of_Biscay,0,120,0.34167168276563126
Bay_of_Biscay,0,128,0.34167168276563126
Bay_of_Biscay,0,136,0.31762406474581023
Bay_of_Biscay,0,144,0.31762406474581023
Bay_of_Biscay,0,152,0.3034047148854731
Bay_of_Biscay,0,160,0.3034047148854731
Bay_of_Biscay,0,168,0.3034047148854731
Bay_of_Biscay,0,176,0.287901921466803
Bay_of_Biscay,0,184,0.287901921466803
Bay_of_Biscay,0,192,0.287901921466803
Bay_of_Biscay,0,200,0.2771680178706364
Bay_of_Biscay,0,216,0.26052998805878796
Bay_of_Biscay,0,224,0.253681991833764
Bay_of_Biscay,0,232,0.253681991833764
Bay_of_Biscay,0,248,0.253681991833764
Bay_of_Biscay,0,256,0.253681991833764
Bay_of_Biscay,0,272,0.25247652215994126
Bay_of_Biscay,0,280,0.250677532394996
Bay_of_Biscay,0,296,0.23425212097623305
Bay_of_Biscay,0,312,0.2276565191993518
Bay_of_Biscay,0,328,0.2213371990995294
Bay_of_Biscay,0,344,0.2213371990995294
Bay_of_Biscay,0,360,0.19313788898342704
Bay_of_Biscay,0,376,0.18909077254442083
Bay_of_Biscay,0,392,0.18317191970376295
Bay_of_Biscay,0,408,0.16359591114826477
Bay_of_Biscay,0,432,0.1623068026167891
Bay_of_Biscay,0,448,0.1623068026167891
Bay_of_Biscay,0,472,0.15942571833380922
Bay_of_Biscay,0,496,0.145240509085719
Bay_of_Biscay,0,520,0.1346556605445508
Bay_of_Biscay,0,544,0.12485080456502688
Bay_of_Biscay,0,568,0.11253987492487837
Bay_of_Biscay,0,600,0.11048569467267692
Bay_of_Biscay,0,624,0.10618191459496411
Bay_of_Biscay,0,656,0.1032553774402033
Bay_of_Biscay,0,688,0.09145119691178823
Bay_of_Biscay,0,720,0.09145119691178823
Bay_of_Biscay,0,752,0.08685100026430446
Bay_of_Biscay,0,792,0.0692100950022488
Bay_of_Biscay,0,832,0.06494589485381723
Bay_of_Biscay,0,872,0.056771346737185736
Bay_of_Biscay,0,912,0.052358796726582106
Bay_of_Biscay,0,952,0.044005960421969324
Bay_of_Biscay,0,1000,0.043050162516283
Bay_of_Biscay,0,1048,0.03275978133375068
Bay_of_Biscay,0,1096,0.023352596547026695
Bay_of_Biscay,0,1152,0.022383839756271888
Bay_of_Biscay,0,1208,0.020871713057932447
Bay_of_Biscay,0,1264,0.012374917867876296
Bay_of_Biscay,0,1328,0.012374917867876296
Bay_of_Biscay,0,1392,0.012374917867876296
Bay_of_Biscay,0,1456,0.010650477371295049
Bay_of_Biscay,0,1528,0.007934555616444367
Bay_of_Biscay,0,1600,0.004528330030494197
Bay_of_Biscay,0,1680,0.004525355334862858
Bay_of_Biscay,0,1760,0.0026061937478149837
Bay_of_Biscay,0,1840,0.0015504225320459536
Bay_of_Biscay,0,1928,0.0008242901630830719
Bay_of_Biscay,0,2024,0.00012616899459364005
Bay_of_Biscay,0,2120,4.582082987696902e-05
Bay_of_Biscay,1,8,0.6414693802266828
Bay_of_Biscay,1,16,0.4568064650081268
Bay_of_Biscay,1,24,0.4568064650081268
Bay_of_Biscay,1,32,0.4568064650081268
Bay_of_Biscay,1,40,0.4568064650081268
Bay_of_Biscay,1,48,0.40243338341346613
Bay_of_Biscay,1,56,0.40243338341346613
Bay_of_Biscay,1,64,0.40243338341346613
Bay_of_Biscay,1,72,0.40243338341346613
Bay_of_Biscay,1,80,0.39032914515268374
Bay_of_Biscay,1,88,0.39032914515268374
Bay_of_Biscay,1,96,0.39032914515268374
Bay_of_Biscay,1,104,0.39032914515268374
Bay_of_Biscay,1,112,0.39032914515268374
Bay_of_Biscay,1,120,0.39032914515268374
Bay_of_Biscay,1,128,0.39032914515268374
Bay_of_Biscay,1,136,0.38065074429777157
Bay_of_Biscay,1,144,0.38065074429777157
Bay_of_Biscay,1,152,0.2619859217078356
Bay_of_Biscay,1,160,0.2619859217078356
Bay_of_Biscay,1,168,0.24299159864528483
Bay_of_Biscay,1,176,0.24299159864528483
Bay_of_Biscay,1,184,0.24299159864528483
Bay_of_Biscay,1,192,0.23467722314764894
Bay_of_Biscay,1,200,0.23071237665038796
Bay_of_Biscay,1,208,0.22304540836245457
Bay_of_Biscay,1,216,0.22304540836245457
Bay_of_Biscay,1,232,0.22304540836245457
Bay_of_Biscay,1,240,0.21096020647751587
Bay_of_Biscay,1,248,0.21096020647751587
Bay_of_Biscay,1,264,0.20212533607378427
Bay_of_Biscay,1,272,0.17862574924157276
Bay_of_Biscay,1,288,0.1622143861649888
Bay_of_Biscay,1,304,0.1622143861649888
Bay_of_Biscay,1,312,0.12967156856613818
Bay_of_Biscay,1,328,0.09115279150562386
Bay_of_Biscay,1,344,0.09115279150562386
Bay_of_Biscay,1,360,0.09115279150562386
Bay_of_Biscay,1,376,0.08801334790282635
Bay_of_Biscay,1,400,0.08801334790282635
Bay_of_Biscay,1,416,0.08437928304595996
Bay_of_Biscay,1,432,0.07327684687123269
Bay_of_Biscay,1,456,0.07327684687123269
Bay_of_Biscay,1,480,0.07327684687123269
Bay_of_Biscay,1,496,0.07327684687123269
Bay_of_Biscay,1,520,0.06585062836232297
Bay_of_Biscay,1,544,0.06585062836232297
Bay_of_Biscay,1,576,0.05977089201772093
Bay_of_Biscay,1,600,0.05625367210216873
Bay_of_Biscay,1,624,0.05072974151490449
Bay_of_Biscay,1,656,0.04602508172375666
Bay_of_Biscay,1,688,0.04298310859856007
Bay_of_Biscay,1,720,0.03508936127457027
Bay_of_Biscay,1,752,0.027217797225496276
Bay_of_Biscay,1,792,0.027217797225496276
Bay_of_Biscay,1,824,0.02605032188879154
Bay_of_Biscay,1,864,0.02295165930614335
Bay_of_Biscay,1,904,0.02295165930614335
Bay_of_Biscay,1,952,0.022716448482219813
Bay_of_Biscay,1,992,0.021951889751034764
Bay_of_Biscay,1,1040,0.02111066573665587
Bay_of_Biscay,1,1088,0.02056408357083238
Bay_of_Biscay,1,1136,0.019179731141812435
Bay_of_Biscay,1,1192,0.015621456982777084
Bay_of_Biscay,1,1248,0.012686522858996735
Bay_of_Biscay,1,1304,0.010168597260941695
Bay_of_Biscay,1,1368,0.007662421910329144
Bay_of_Biscay,1,1432,0.006931858254890141
Bay_of_Biscay,1,1504,0.00616472002945594
Bay_of_Biscay,1,1568,0.005267923616892923
Bay_of_Biscay,1,1648,0.002043569898516377
Bay_of_Biscay,1,1720,0.0011465165846920118
Bay_of_Biscay,1,1800,0.00013715503110335245
Bay_of_Biscay,1,1888,3.3512726419518546e-05
Bay_of_Biscay,10,8,0.6384561580148439
Bay_of_Biscay,10,16,0.6384561580148439
Bay_of_Biscay,10,24,0.48530956777197615
Bay_of_Biscay,10,32,0.48530956777197615
Bay_of_Biscay,10,40,0.38838719968579766
Bay_of_Biscay,10,48,0.38838719968579766
Bay_of_Biscay,10,56,0.38838719968579766
Bay_of_Biscay,10,64,0.38838719968579766
Bay_of_Biscay,10,72,0.38838719968579766
Bay_of_Biscay,10,80,0.3815919727258908
Bay_of_Biscay,10,88,0.28950332244605875
Bay_of_Biscay,10,96,0.28950332244605875
Bay_of_Biscay,10,104,0.28950332244605875
Bay_of_Biscay,10,112,0.28950332244605875
Bay_of_Biscay,10,120,0.28950332244605875
Bay_of_Biscay,10,128,0.28950332244605875
Bay_of_Biscay,10,136,0.28950332244605875
Bay_of_Biscay,10,144,0.28950332244605875
Bay_of_Biscay,10,152,0.28950332244605875
Bay_of_Biscay,10,160,0.28950332244605875
Bay_of_Biscay,10,168,0.28950332244605875
Bay_of_Biscay,10,176,0.28950332244605875
Bay_of_Biscay,10,184,0.2771731333444183
Bay_of_Biscay,10,192,0.23484780072800238
Bay_of_Biscay,10,208,0.23484780072800238
Bay_of_Biscay,10,216,0.23484780072800238
Bay_of_Biscay,10,224,0.23484780072800238
Bay_of_Biscay,10,232,0.22220602391239355
Bay_of_Biscay,10,240,0.21141076369662634
Bay_of_Biscay,10,256,0.21141076369662634
Bay_of_Biscay,10,264,0.20791562061913074
Bay_of_Biscay,10,280,0.18305800130527197
Bay_of_Biscay,10,288,0.17957041324502557
Bay_of_Biscay,10,304,0.1694126102619054
Bay_of_Biscay,10,320,0.16354241680767173
Bay_of_Biscay,10,328,0.16208538811454784
Bay_of_Biscay,10,344,0.14006312562077688
Bay_of_Biscay,10,360,0.1297025477887504
Bay_of_Biscay,10,376,0.1138899809642436
Bay_of_Biscay,10,392,0.09944822754755306
Bay_of_Biscay,10,408,0.09944822754755306
Bay_of_Biscay,10,432,0.09944822754755306
Bay_of_Biscay,10,448,0.09944822754755306
Bay_of_Biscay,10,472,0.08780275642265474
Bay_of_Biscay,10,488,0.08156054079371373
Bay_of_Biscay,10,512,0.08156054079371373
Bay_of_Biscay,10,536,0.07622861437835425
Bay_of_Biscay,10,560,0.07280707037682542
Bay_of_Biscay,10,584,0.06638586999629073
Bay_of_Biscay,10,608,0.0625742873818255
Bay_of_Biscay,10,640,0.05853123591253729
Bay_of_Biscay,10,664,0.0551817165022219
Bay_of_Biscay,10,696,0.052513541691965294
Bay_of_Biscay,10,728,0.051515745597917925
Bay_of_Biscay,10,760,0.04633482509767768
Bay_of_Biscay,10,792,0.04597469444521129
Bay_of_Biscay,10,832,0.04457754586452069
Bay_of_Biscay,10,864,0.04189085055797538
Bay_of_Biscay,10,904,0.04039561278139706
Bay_of_Biscay,10,944,0.03964175658628214
Bay_of_Biscay,10,984,0.038854734152173595
Bay_of_Biscay,10,1032,0.03819606188384326
Bay_of_Biscay,10,1080,0.03819606188384326
Bay_of_Biscay,10,1128,0.0380964609836063
Bay_of_Biscay,10,1176,0.03800121250352865
Bay_of_Biscay,10,1232,0.037973930973422894
Bay_of_Biscay,10,1280,0.03796568291165327
Bay_of_Biscay,10,1344,0.03796568291165327
Bay_of_Biscay,10,1400,0.037955252512813495
Bay_of_Biscay,10,1464,0.03795425252749601
Bay_of_Biscay,11,8,0.5107042115895977
Bay_of_Biscay,11,16,0.5107042115895977
Bay_of_Biscay,11,24,0.5107042115895977
Bay_of_Biscay,11,32,0.5107042115895977
Bay_of_Biscay,11,40,0.5107042115895977
Bay_of_Biscay,11,48,0.5107042115895977
Bay_of_Biscay,11,56,0.4547973277904667
Bay_of_Biscay,11,64,0.22460224651597996
Bay_of_Biscay,11,72,0.22460224651597996
Bay_of_Biscay,11,80,0.22460224651597996
Bay_of_Biscay,11,88,0.22460224651597996
Bay_of_Biscay,11,96,0.22460224651597996
Bay_of_Biscay,11,104,0.22460224651597996
Bay_of_Biscay,11,112,0.22460224651597996
Bay_of_Biscay,11,120,0.22460224651597996
Bay_of_Biscay,11,128,0.22460224651597996
Bay_of_Biscay,11,136,0.22460224651597996
Bay_of_Biscay,11,144,0.22460224651597996
Bay_of_Biscay,11,152,0.22460224651597996
Bay_of_Biscay,11,160,0.22460224651597996
Bay_of_Biscay,11,168,0.22460224651597996
Bay_of_Biscay,11,176,0.20118368697832456
Bay_of_Biscay,11,184,0.20118368697832456
Bay_of_Biscay,11,192,0.20118368697832456
Bay_of_Biscay,11,200,0.20118368697832456
Bay_of_Biscay,11,208,0.20118368697832456
Bay_of_Biscay,11,216,0.20118368697832456
Bay_of_Biscay,11,232,0.20118368697832456
Bay_of_Biscay,11,240,0.20118368697832456
Bay_of_Biscay,11,248,0.20118368697832456
Bay_of_Biscay,11,264,0.20118368697832456
Bay_of_Biscay,11,272,0.20118368697832456
Bay_of_Biscay,11,288,0.20118368697832456
Bay_of_Biscay,11,304,0.20118368697832456
Bay_of_Biscay,11,312,0.20118368697832456
Bay_of_Biscay,11,328,0.1886623039914404
Bay_of_Biscay,11,344,0.1776147821782052
Bay_of_Biscay,11,360,0.1776147821782052
Bay_of_Biscay,11,376,0.1776147821782052
Bay_of_Biscay,11,392,0.1776147821782052
Bay_of_Biscay,11,416,0.17628757181239807
Bay_of_Biscay,11,432,0.17439368233888022
Bay_of_Biscay,11,448,0.16988748018387773
Bay_of_Biscay,11,472,0.16747944458565955
Bay_of_Biscay,11,496,0.15952813476171432
Bay_of_Biscay,11,520,0.1446045284416804
Bay_of_Biscay,11,544,0.14007119896783993
Bay_of_Biscay,11,568,0.13288140814711905
Bay_of_Biscay,11,592,0.11585118333871937
Bay_of_Biscay,11,624,0.11048320037833123
Bay_of_Biscay,11,648,0.08822541316719033
Bay_of_Biscay,11,680,0.08350818497532946
Bay_of_Biscay,11,712,0.068539878725616
Bay_of_Biscay,11,744,0.068539878725616
Bay_of_Biscay,11,776,0.068539878725616
Bay_of_Biscay,11,816,0.06401103099703571
Bay_of_Biscay,11,856,0.05747293804658903
Bay_of_Biscay,11,888,0.05151352069600924
Bay_of_Biscay,11,936,0.04579094144863075
Bay_of_Biscay,11,976,0.04409508266757183
Bay_of_Biscay,11,1024,0.04038002005508217
Bay_of_Biscay,11,1072,0.04038002005508217
Bay_of_Biscay,11,1120,0.03991985672978174
Bay_of_Biscay,11,1168,0.039689865804282444
Bay_of_Biscay,11,1224,0.039620850244254206
Bay_of_Biscay,11,1280,0.039620850244254206
Bay_of_Biscay,11,1344,0.03957856243932488
Bay_of_Biscay,11,1400,0.0394816795627421
Bay_of_Biscay,11,1472,0.03946207167919366
Bay_of_Biscay,11,1536,0.03945801417366686
Bay_of_Biscay,11,1608,0.03945698313548818
Bay_of_Biscay,11,1680,0.03945688065534488
Bay_of_Biscay,11,1760,0.039456877865599496
Bay_of_Biscay,12,8,1.1629241206550645
Bay_of_Biscay,12,16,1.1629241206550645
Bay_of_Biscay,12,24,1.1629241206550645
Bay_of_Biscay,12,32,0.7277622719393111
Bay_of_Biscay,12,40,0.42889732824184695
Bay_of_Biscay,12,48,0.42889732824184695
Bay_of_Biscay,12,56,0.42889732824184695
Bay_of_Biscay,12,64,0.42889732824184695
Bay_of_Biscay,12,72,0.42889732824184695
Bay_of_Biscay,12,80,0.42889732824184695
Bay_of_Biscay,12,88,0.42889732824184695
Bay_of_Biscay,12,96,0.42889732824184695
Bay_of_Biscay,12,104,0.42889732824184695
Bay_of_Biscay,12,112,0.42889732824184695
Bay_of_Biscay,12,120,0.41929818464631874
Bay_of_Biscay,12,128,0.41929818464631874
Bay_of_Biscay,12,136,0.41929818464631874
Bay_of_Biscay,12,144,0.40135709507924033
Bay_of_Biscay,12,152,0.40135709507924033
Bay_of_Biscay,12,160,0.34029477331991753
Bay_of_Biscay,12,168,0.322369753088935
Bay_of_Biscay,12,176,0.28292121990618574
Bay_of_Biscay,12,184,0.28292121990618574
Bay_of_Biscay,12,192,0.2566328208589119
Bay_of_Biscay,12,200,0.23637022207834424
Bay_of_Biscay,12,208,0.23380108003006558
Bay_of_Biscay,12,216,0.23380108003006558
Bay_of_Biscay,12,232,0.23380108003006558
Bay_of_Biscay,12,240,0.23380108003006558
Bay_of_Biscay,12,256,0.1977499277811487
Bay_of_Biscay,12,264,0.1977499277811487
Bay_of_Biscay,12,280,0.1977499277811487
Bay_of_Biscay,12,288,0.1977499277811487
Bay_of_Biscay,12,304,0.1977499277811487
Bay_of_Biscay,12,320,0.18829322205708823
Bay_of_Biscay,12,336,0.1771226500032692
Bay_of_Biscay,12,352,0.16690468104062592
Bay_of_Biscay,12,368,0.1570738484470606
Bay_of_Biscay,12,392,0.14111104595942528
Bay_of_Biscay,12,408,0.13712707192875315
Bay_of_Biscay,12,432,0.11976090011271655
Bay_of_Biscay,12,448,0.11976090011271655
Bay_of_Biscay,12,472,0.09935975206840322
Bay_of_Biscay,12,496,0.09935975206840322
Bay_of_Biscay,12,520,0.08571888889519538
Bay_of_Biscay,12,544,0.08121111307907476
Bay_of_Biscay,12,568,0.07764039914609769
Bay_of_Biscay,12,600,0.06553115424964655
Bay_of_Biscay,12,632,0.0634055829664105
Bay_of_Biscay,12,656,0.059593911660642325
Bay_of_Biscay,12,696,0.05445288373000607
Bay_of_Biscay,12,728,0.050224890919403305
Bay_of_Biscay,12,760,0.04584248801149852
Bay_of_Biscay,12,800,0.04364671770621883
Bay_of_Biscay,12,840,0.041775323919522565
Bay_of_Biscay,12,880,0.040570699361107104
Bay_of_Biscay,12,920,0.03864726133951608
Bay_of_Biscay,12,968,0.03831153008656958
Bay_of_Biscay,12,1016,0.03754351074444399
Bay_of_Biscay,12,1064,0.03722279996847029
Bay_of_Biscay,12,1120,0.036503197563104176
Bay_of_Biscay,12,1176,0.03549317941558373
Bay_of_Biscay,12,1232,0.03501380781831522
Bay_of_Biscay,12,1288,0.034478908046078775
Bay_of_Biscay,12,1352,0.03314646887199371
Bay_of_Biscay,12,1424,0.015055939178054862
Bay_of_Biscay,12,1488,0.013814734249739153
Bay_of_Biscay,12,1560,0.012699662667375246
Bay_of_Biscay,12,1640,0.009798016412617004
Bay_of_Biscay,12,1720,0.0067144695995420955
Bay_of_Biscay,12,1808,0.002964586005981568
Bay_of_Biscay,12,1896,0.002616644061434558
Bay_of_Biscay,12,1984,0.0017001775078675885
Bay_of_Biscay,12,2088,0.0008392200977192419
Bay_of_Biscay,12,2184,0.0005910550048326931
Bay_of_Biscay,12,2296,0.00018296216670378134
Bay_of_Biscay,12,2408,3.863001247792937e-05
Bay_of_Biscay,13,8,1.3705764802282256
Bay_of_Biscay,13,16,1.2157904752208253
Bay_of_Biscay,13,24,1.2157904752208253
Bay_of_Biscay,13,32,1.1756907009711073
Bay_of_Biscay,13,40,0.984383080368193
Bay_of_Biscay,13,48,0.984383080368193
Bay_of_Biscay,13,56,0.984383080368193
Bay_of_Biscay,13,64,0.5802793035547008
Bay_of_Biscay,13,72,0.5802793035547008
Bay_of_Biscay,13,80,0.4946335563756963
Bay_of_Biscay,13,88,0.4946335563756963
Bay_of_Biscay,13,96,0.4946335563756963
Bay_of_Biscay,13,104,0.38555567144525765
Bay_of_Biscay,13,112,0.38555567144525765
Bay_of_Biscay,13,120,0.38555567144525765
Bay_of_Biscay,13,128,0.38555567144525765
Bay_of_Biscay,13,136,0.38555567144525765
Bay_of_Biscay,13,144,0.38555567144525765
Bay_of_Biscay,13,152,0.38555567144525765
Bay_of_Biscay,13,160,0.38555567144525765
Bay_of_Biscay,13,168,0.3343416259215775
Bay_of_Biscay,13,176,0.3343416259215775
Bay_of_Biscay,13,192,0.2991682331375442
Bay_of_Biscay,13,200,0.23536988206192197
Bay_of_Biscay,13,208,0.23536988206192197
Bay_of_Biscay,13,216,0.23536988206192197
Bay_of_Biscay,13,224,0.23536988206192197
Bay_of_Biscay,13,240,0.23536988206192197
Bay_of_Biscay,13,248,0.23536988206192197
Bay_of_Biscay,13,256,0.23536988206192197
Bay_of_Biscay,13,272,0.23536988206192197
Bay_of_Biscay,13,288,0.19507079086040363
Bay_of_Biscay,13,296,0.19507079086040363
Bay_of_Biscay,13,312,0.1847751894445487
Bay_of_Biscay,13,328,0.1847751894445487
Bay_of_Biscay,13,344,0.1847751894445487
Bay_of_Biscay,13,360,0.16101698463082975
Bay_of_Biscay,13,376,0.16101698463082975
Bay_of_Biscay,13,392,0.15193303343859563
Bay_of_Biscay,13,408,0.15193303343859563
Bay_of_Biscay,13,432,0.11469905085704012
Bay_of_Biscay,13,448,0.11469905085704012
Bay_of_Biscay,13,472,0.11469905085704012
Bay_of_Biscay,13,496,0.11469905085704012
Bay_of_Biscay,13,512,0.11469905085704012
Bay_of_Biscay,13,536,0.11058389013492495
Bay_of_Biscay,13,568,0.0873440306631434
Bay_of_Biscay,13,592,0.0873440306631434
Bay_of_Biscay,13,616,0.06789221862181602
Bay_of_Biscay,13,648,0.060722874937573744
Bay_of_Biscay,13,680,0.060722874937573744
Bay_of_Biscay,13,712,0.060722874937573744
Bay_of_Biscay,13,744,0.060722874937573744
Bay_of_Biscay,13,776,0.05945134696519969
Bay_of_Biscay,13,816,0.057681008148788036
Bay_of_Biscay,13,856,0.05289263009536769
Bay_of_Biscay,13,896,0.050535215784771964
Bay_of_Biscay,13,936,0.047887071428372806
Bay_of_Biscay,13,976,0.04449584088020601
Bay_of_Biscay,13,1024,0.04356011004750371
Bay_of_Biscay,13,1072,0.04199985344389554
Bay_of_Biscay,13,1120,0.04091355845577262
Bay_of_Biscay,13,1176,0.04038954084705847
Bay_of_Biscay,13,1232,0.039680202639991335
Bay_of_Biscay,13,1288,0.03943784893529415
Bay_of_Biscay,13,1344,0.03943784893529415
Bay_of_Biscay,13,1408,0.039391753128995954
Bay_of_Biscay,13,1480,0.03938476295161297
Bay_of_Biscay,13,1544,0.03937853350064691
Bay_of_Biscay,13,1616,0.03937751067127374
Bay_of_Biscay,13,1696,0.03937660584061489
Bay_of_Biscay,13,1776,0.03937658008366184
Bay_of_Biscay,13,1856,0.03937657850428072
Bay_of_Biscay,14,8,2.3521041588862213
Bay_of_Biscay,14,16,1.5892721684198818
Bay_of_Biscay,14,24,1.3756847649738002
Bay_of_Biscay,14,32,0.7011152639026077
Bay_of_Biscay,14,40,0.43322855168114865
Bay_of_Biscay,14,48,0.43322855168114865
Bay_of_Biscay,14,56,0.3891504272747388
Bay_of_Biscay,14,64,0.3891504272747388
Bay_of_Biscay,14,72,0.3891504272747388
Bay_of_Biscay,14,80,0.3891504272747388
Bay_of_Biscay,14,88,0.3891504272747388
Bay_of_Biscay,14,96,0.3665307271660032
Bay_of_Biscay,14,104,0.3665307271660032
Bay_of_Biscay,14,112,0.3665307271660032
Bay_of_Biscay,14,120,0.3665307271660032
Bay_of_Biscay,14,128,0.34981216311417035
Bay_of_Biscay,14,136,0.34981216311417035
Bay_of_Biscay,14,144,0.2943668306824007
Bay_of_Biscay,14,152,0.2943668306824007
Bay_of_Biscay,14,160,0.2943668306824007
Bay_of_Biscay,14,168,0.2943668306824007
Bay_of_Biscay,14,176,0.2943668306824007
Bay_of_Biscay,14,184,0.2943668306824007
Bay_of_Biscay,14,200,0.2943668306824007
Bay_of_Biscay,14,208,0.2943668306824007
Bay_of_Biscay,14,216,0.2943668306824007
Bay_of_Biscay,14,224,0.2943668306824007
Bay_of_Biscay,14,232,0.2943668306824007
Bay_of_Biscay,14,248,0.2943668306824007
Bay_of_Biscay,14,256,0.2943668306824007
Bay_of_Biscay,14,272,0.2943668306824007
Bay_of_Biscay,14,280,0.2943668306824007
Bay_of_Biscay,14,296,0.2775533866971151
Bay_of_Biscay,14,312,0.2100090751838668
Bay_of_Biscay,14,320,0.1692160997331028
Bay_of_Biscay,14,336,0.1692160997331028
Bay_of_Biscay,14,352,0.1692160997331028
Bay_of_Biscay,14,368,0.1692160997331028
Bay_of_Biscay,14,384,0.1621381901062046
Bay_of_Biscay,14,408,0.13040362217132637
Bay_of_Biscay,14,424,0.13040362217132637
Bay_of_Biscay,14,440,0.13040362217132637
Bay_of_Biscay,14,464,0.10698959756794288
Bay_of_Biscay,14,488,0.09974586204093445
Bay_of_Biscay,14,504,0.09554763859684974
Bay_of_Biscay,14,528,0.09554763859684974
Bay_of_Biscay,14,552,0.09554763859684974
Bay_of_Biscay,14,584,0.09554763859684974
Bay_of_Biscay,14,608,0.08354205037754847
Bay_of_Biscay,14,632,0.08354205037754847
Bay_of_Biscay,14,664,0.0782578315998814
Bay_of_Biscay,14,696,0.0749108192754014
Bay_of_Biscay,14,728,0.07098084411838322
Bay_of_Biscay,14,760,0.0631567028012567
Bay_of_Biscay,14,792,0.04664462270282738
Bay_of_Biscay,14,832,0.042985572056821346
Bay_of_Biscay,14,872,0.042985572056821346
Bay_of_Biscay,14,912,0.04080478801200169
Bay_of_Biscay,14,952,0.039503852964824226
Bay_of_Biscay,14,1000,0.03934809320998093
Bay_of_Biscay,14,1040,0.039175816604832485
Bay_of_Biscay,14,1088,0.038915259080190105
Bay_of_Biscay,14,1144,0.03887898318277229
Bay_of_Biscay,14,1192,0.038866709279309755
Bay_of_Biscay,14,1248,0.03879235185094894
Bay_of_Biscay,14,1304,0.03870021574888361
Bay_of_Biscay,14,1368,0.038609768462921405
Bay_of_Biscay,14,1432,0.03859834256059359
Bay_of_Biscay,14,1496,0.03859053644614443
Bay_of_Biscay,14,1568,0.03858955110913236
Bay_of_Biscay,14,1640,0.038587620918325086
Bay_of_Biscay,14,1712,0.0385875412366658
Bay_of_Biscay,15,8,1.8977654040892467
Bay_of_Biscay,15,16,0.8724439674586707
Bay_of_Biscay,15,24,0.3304308224544978
Bay_of_Biscay,15,32,0.3304308224544978
Bay_of_Biscay,15,40,0.3304308224544978
Bay_of_Biscay,15,48,0.3304308224544978
Bay_of_Biscay,15,56,0.3304308224544978
Bay_of_Biscay,15,64,0.3304308224544978
Bay_of_Biscay,15,72,0.3006430980890349
Bay_of_Biscay,15,80,0.3006430980890349
Bay_of_Biscay,15,88,0.3006430980890349
Bay_of_Biscay,15,96,0.3006430980890349
Bay_of_Biscay,15,104,0.3006430980890349
Bay_of_Biscay,15,112,0.3006430980890349
Bay_of_Biscay,15,120,0.3006430980890349
Bay_of_Biscay,15,128,0.3006430980890349
Bay_of_Biscay,15,136,0.3006430980890349
Bay_of_Biscay,15,144,0.3006430980890349
Bay_of_Biscay,15,152,0.3006430980890349
Bay_of_Biscay,15,160,0.3006430980890349
Bay_of_Biscay,15,168,0.3006430980890349
Bay_of_Biscay,15,176,0.3006430980890349
Bay_of_Biscay,15,184,0.3006430980890349
Bay_of_Biscay,15,192,0.3006430980890349
Bay_of_Biscay,15,200,0.3006430980890349
Bay_of_Biscay,15,216,0.23471457103121862
Bay_of_Biscay,15,224,0.23471457103121862
Bay_of_Biscay,15,232,0.23471457103121862
Bay_of_Biscay,15,240,0.23471457103121862
Bay_of_Biscay,15,256,0.23471457103121862
Bay_of_Biscay,15,264,0.23471457103121862
Bay_of_Biscay,15,280,0.23471457103121862
Bay_of_Biscay,15,288,0.23471457103121862
Bay_of_Biscay,15,304,0.21048146922285005
Bay_of_Biscay,15,320,0.21048146922285005
Bay_of_Biscay,15,328,0.21048146922285005
Bay_of_Biscay,15,344,0.19944284029875134
Bay_of_Biscay,15,360,0.186110285050561
Bay_of_Biscay,15,376,0.180103570649599
Bay_of_Biscay,15,392,0.180103570649599
Bay_of_Biscay,15,416,0.16336742790832606
Bay_of_Biscay,15,432,0.15369724582311378
Bay_of_Biscay,15,448,0.14800486586881922
Bay_of_Biscay,15,472,0.14249445542844888
Bay_of_Biscay,15,496,0.1313651869589832
Bay_of_Biscay,15,512,0.115028116053999
Bay_of_Biscay,15,536,0.10866649541168652
Bay_of_Biscay,15,560,0.10749005617857255
Bay_of_Biscay,15,592,0.08985685019782137
Bay_of_Biscay,15,616,0.08475676638507261
Bay_of_Biscay,15,640,0.05972545927417999
Bay_of_Biscay,15,672,0.05762377033398103
Bay_of_Biscay,15,704,0.057037531200173464
Bay_of_Biscay,15,736,0.04870107466012454
Bay_of_Biscay,15,768,0.04782026278676206
Bay_of_Biscay,15,800,0.04419553057071903
Bay_of_Biscay,15,840,0.04354474190318342
Bay_of_Biscay,15,880,0.041648144958386805
Bay_of_Biscay,15,920,0.040108952717645065
Bay_of_Biscay,15,960,0.03968130082242392
Bay_of_Biscay,15,1000,0.03902706892677096
Bay_of_Biscay,15,1048,0.03869840335173721
Bay_of_Biscay,15,1096,0.03843332235023702
Bay_of_Biscay,15,1144,0.03817940493424679
Bay_of_Biscay,15,1192,0.03812915886170315
Bay_of_Biscay,15,1248,0.0380411055785675
Bay_of_Biscay,15,1304,0.03802261932509629
Bay_of_Biscay,15,1368,0.03800588943026811
Bay_of_Biscay,15,1424,0.038005373093444185
Bay_of_Biscay,15,1496,0.0380048991784499
Bay_of_Biscay,15,1560,0.0380048978962714
Bay_of_Biscay,16,8,1.0764368573879912
Bay_of_Biscay,16,16,0.6704785078459844
Bay_of_Biscay,16,24,0.5161840648194111
Bay_of_Biscay,16,32,0.5161840648194111
Bay_of_Biscay,16,40,0.32524174181810556
Bay_of_Biscay,16,48,0.32524174181810556
Bay_of_Biscay,16,56,0.32524174181810556
Bay_of_Biscay,16,64,0.32524174181810556
Bay_of_Biscay,16,72,0.32524174181810556
Bay_of_Biscay,16,80,0.32524174181810556
Bay_of_Biscay,16,88,0.32524174181810556
Bay_of_Biscay,16,96,0.32524174181810556
Bay_of_Biscay,16,104,0.32524174181810556
Bay_of_Biscay,16,112,0.32524174181810556
Bay_of_Biscay,16,120,0.32524174181810556
Bay_of_Biscay,16,128,0.32524174181810556
Bay_of_Biscay,16,136,0.32524174181810556
Bay_of_Biscay,16,144,0.32524174181810556
Bay_of_Biscay,16,152,0.32524174181810556
Bay_of_Biscay,16,160,0.32524174181810556
Bay_of_Biscay,16,168,0.32524174181810556
Bay_of_Biscay,16,176,0.32524174181810556
Bay_of_Biscay,16,184,0.32524174181810556
Bay_of_Biscay,16,192,0.3218985713202854
Bay_of_Biscay,16,200,0.3218985713202854
Bay_of_Biscay,16,216,0.3218985713202854
Bay_of_Biscay,16,224,0.3218985713202854
Bay_of_Biscay,16,232,0.3112676693589486
Bay_of_Biscay,16,248,0.27517600126325314
Bay_of_Biscay,16,264,0.27517600126325314
Bay_of_Biscay,16,272,0.27517600126325314
Bay_of_Biscay,16,288,0.27517600126325314
Bay_of_Biscay,16,304,0.27517600126325314
Bay_of_Biscay,16,320,0.27517600126325314
Bay_of_Biscay,16,336,0.2666151314154027
Bay_of_Biscay,16,352,0.2666151314154027
Bay_of_Biscay,16,368,0.24373910539111973
Bay_of_Biscay,16,384,0.23060415098696302
Bay_of_Biscay,16,408,0.23060415098696302
Bay_of_Biscay,16,424,0.23060415098696302
Bay_of_Biscay,16,448,0.2249942918391126
Bay_of_Biscay,16,472,0.2249942918391126
Bay_of_Biscay,16,488,0.22010247916658152
Bay_of_Biscay,16,520,0.2084378894947219
Bay_of_Biscay,16,544,0.20511364974501503
Bay_of_Biscay,16,568,0.20003366070606476
Bay_of_Biscay,16,600,0.19034806305125862
Bay_of_Biscay,16,632,0.1658572212195303
Bay_of_Biscay,16,664,0.1658572212195303
Bay_of_Biscay,16,696,0.1658572212195303
Bay_of_Biscay,16,728,0.1652658674918179
Bay_of_Biscay,16,768,0.15092092151983336
Bay_of_Biscay,16,800,0.15092092151983336
Bay_of_Biscay,16,840,0.13555783677244132
Bay_of_Biscay,16,888,0.12651493811452888
Bay_of_Biscay,16,928,0.12036571295913574
Bay_of_Biscay,16,976,0.10611148558586768
Bay_of_Biscay,16,1024,0.0884998376898845
Bay_of_Biscay,16,1080,0.07602837976404675
Bay_of_Biscay,16,1128,0.05733133318202227
Bay_of_Biscay,16,1192,0.051039614154158496
Bay_of_Biscay,16,1248,0.042529869969793264
Bay_of_Biscay,16,1312,0.036601087144922134
Bay_of_Biscay,16,1376,0.03513691836204554
Bay_of_Biscay,16,1448,0.03288875771023484
Bay_of_Biscay,16,1520,0.031094616923605455
Bay_of_Biscay,16,1592,0.028768268269370706
Bay_of_Biscay,16,1672,0.023207410304342774
Bay_of_Biscay,16,1760,0.012202802843848625
Bay_of_Biscay,16,1848,0.010790199958629608
Bay_of_Biscay,16,1944,0.008825163562838528
Bay_of_Biscay,16,2040,0.008137226425645383
Bay_of_Biscay,16,2144,0.007975198201680375
Bay_of_Biscay,16,2248,0.005859024139368955
Bay_of_Biscay,16,2360,0.0036461312078418674
Bay_of_Biscay,16,2480,0.003054382843738101
Bay_of_Biscay,16,2608,0.002822949854785675
Bay_of_Biscay,16,2736,0.0028182757370397776
Bay_of_Biscay,17,8,1.4977688133686864
Bay_of_Biscay,17,16,0.9119856980697179
Bay_of_Biscay,17,24,0.9119856980697179
Bay_of_Biscay,17,32,0.9119856980697179
Bay_of_Biscay,17,40,0.9119856980697179
Bay_of_Biscay,17,48,0.9119856980697179
Bay_of_Biscay,17,56,0.5719569524403005
Bay_of_Biscay,17,64,0.5719569524403005
Bay_of_Biscay,17,72,0.5719569524403005
Bay_of_Biscay,17,80,0.4561150283402409
Bay_of_Biscay,17,88,0.23135565792482457
Bay_of_Biscay,17,96,0.23135565792482457
Bay_of_Biscay,17,104,0.23135565792482457
Bay_of_Biscay,17,112,0.23135565792482457
Bay_of_Biscay,17,120,0.23135565792482457
Bay_of_Biscay,17,128,0.23135565792482457
Bay_of_Biscay,17,136,0.23135565792482457
Bay_of_Biscay,17,144,0.23135565792482457
Bay_of_Biscay,17,152,0.23135565792482457
Bay_of_Biscay,17,160,0.23135565792482457
Bay_of_Biscay,17,168,0.23135565792482457
Bay_of_Biscay,17,176,0.23135565792482457
Bay_of_Biscay,17,184,0.23135565792482457
Bay_of_Biscay,17,192,0.23135565792482457
Bay_of_Biscay,17,200,0.23135565792482457
Bay_of_Biscay,17,208,0.23135565792482457
Bay_of_Biscay,17,224,0.23135565792482457
Bay_of_Biscay,17,232,0.23135565792482457
Bay_of_Biscay,17,240,0.23135565792482457
Bay_of_Biscay,17,256,0.23135565792482457
Bay_of_Biscay,17,264,0.23135565792482457
Bay_of_Biscay,17,280,0.23135565792482457
Bay_of_Biscay,17,296,0.23135565792482457
Bay_of_Biscay,17,304,0.23135565792482457
Bay_of_Biscay,17,320,0.23135565792482457
Bay_of_Biscay,17,336,0.23135565792482457
Bay_of_Biscay,17,352,0.23135565792482457
Bay_of_Biscay,17,368,0.23135565792482457
Bay_of_Biscay,17,392,0.23135565792482457
Bay_of_Biscay,17,408,0.23135565792482457
Bay_of_Biscay,17,432,0.23135565792482457
Bay_of_Biscay,17,448,0.23135565792482457
Bay_of_Biscay,17,472,0.18458085567566607
Bay_of_Biscay,17,496,0.18458085567566607
Bay_of_Biscay,17,520,0.18458085567566607
Bay_of_Biscay,17,544,0.18458085567566607
Bay_of_Biscay,17,568,0.18458085567566607
Bay_of_Biscay,17,600,0.18458085567566607
Bay_of_Biscay,17,624,0.16494442766920067
Bay_of_Biscay,17,656,0.1468781058553091
Bay_of_Biscay,17,688,0.1468781058553091
Bay_of_Biscay,17,720,0.1434011413240424
Bay_of_Biscay,17,752,0.13114692760594754
Bay_of_Biscay,17,792,0.12278186379213488
Bay_of_Biscay,17,832,0.11269886344675124
Bay_of_Biscay,17,872,0.09753243277423661
Bay_of_Biscay,17,912,0.09753243277423661
Bay_of_Biscay,17,960,0.09209572205214642
Bay_of_Biscay,17,1008,0.08584558096496196
Bay_of_Biscay,17,1056,0.07711209466882361
Bay_of_Biscay,17,1104,0.06270865991631157
Bay_of_Biscay,17,1160,0.05606060065389058
Bay_of_Biscay,17,1216,0.0504435585270748
Bay_of_Biscay,17,1272,0.04601274694586438
Bay_of_Biscay,17,1336,0.04580375951988737
Bay_of_Biscay,17,1400,0.03502028207570791
Bay_of_Biscay,17,1464,0.03149547446436225
Bay_of_Biscay,17,1536,0.02779397377110894
Bay_of_Biscay,17,1616,0.025429310179976898
Bay_of_Biscay,17,1688,0.01904348591674232
Bay_of_Biscay,17,1776,0.013201263546195087
Bay_of_Biscay,17,1856,0.013201263546195087
Bay_of_Biscay,17,1952,0.013201263546195087
Bay_of_Biscay,17,2048,0.013201263546195087
Bay_of_Biscay,17,2144,0.013201263546195087
Bay_of_Biscay,17,2248,0.013201263546195087
Bay_of_Biscay,18,8,1.9973764714616722
Bay_of_Biscay,18,16,1.2195855066145627
Bay_of_Biscay,18,24,0.6343890915616237
Bay_of_Biscay,18,32,0.3526622131360516
Bay_of_Biscay,18,40,0.3526622131360516
Bay_of_Biscay,18,48,0.3526622131360516
Bay_of_Biscay,18,56,0.3526622131360516
Bay_of_Biscay,18,64,0.3526622131360516
Bay_of_Biscay,18,72,0.3526622131360516
Bay_of_Biscay,18,80,0.3526622131360516
Bay_of_Biscay,18,88,0.3526622131360516
Bay_of_Biscay,18,96,0.3526622131360516
Bay_of_Biscay,18,104,0.33784056359687553
Bay_of_Biscay,18,112,0.3156018631220566
Bay_of_Biscay,18,120,0.29560363377589993
Bay_of_Biscay,18,128,0.2246964347497044
Bay_of_Biscay,18,136,0.2246964347497044
Bay_of_Biscay,18,144,0.2246964347497044
Bay_of_Biscay,18,152,0.2246964347497044
Bay_of_Biscay,18,160,0.2246964347497044
Bay_of_Biscay,18,168,0.2246964347497044
Bay_of_Biscay,18,176,0.2246964347497044
Bay_of_Biscay,18,184,0.2246964347497044
Bay_of_Biscay,18,200,0.20589616172702035
Bay_of_Biscay,18,208,0.20589616172702035
Bay_of_Biscay,18,216,0.20589616172702035
Bay_of_Biscay,18,224,0.20589616172702035
Bay_of_Biscay,18,240,0.17914372446564653
Bay_of_Biscay,18,248,0.17914372446564653
Bay_of_Biscay,18,264,0.17914372446564653
Bay_of_Biscay,18,272,0.17914372446564653
Bay_of_Biscay,18,288,0.17914372446564653
Bay_of_Biscay,18,304,0.1741765712226246
Bay_of_Biscay,18,312,0.1741765712226246
Bay_of_Biscay,18,328,0.1703217710680748
Bay_of_Biscay,18,344,0.1473492795582167
Bay_of_Biscay,18,360,0.1473492795582167
Bay_of_Biscay,18,376,0.1473492795582167
Bay_of_Biscay,18,400,0.1457632829369757
Bay_of_Biscay,18,416,0.1457632829369757
Bay_of_Biscay,18,440,0.13406136267809357
Bay_of_Biscay,18,456,0.13406136267809357
Bay_of_Biscay,18,480,0.1050617812361757
Bay_of_Biscay,18,504,0.1050617812361757
Bay_of_Biscay,18,528,0.1050617812361757
Bay_of_Biscay,18,552,0.09275104964427304
Bay_of_Biscay,18,584,0.08488001611968407
Bay_of_Biscay,18,608,0.08488001611968407
Bay_of_Biscay,18,640,0.08468201556683852
Bay_of_Biscay,18,672,0.07802149504248919
Bay_of_Biscay,18,704,0.07547426960793771
Bay_of_Biscay,18,736,0.07333832558409038
Bay_of_Biscay,18,768,0.06487459364986638
Bay_of_Biscay,18,808,0.0628332089494648
Bay_of_Biscay,18,848,0.05978727137832138
Bay_of_Biscay,18,888,0.05520520143634962
Bay_of_Biscay,18,928,0.04781421238791872
Bay_of_Biscay,18,976,0.039746509562419804
Bay_of_Biscay,18,1024,0.03822107560722442
Bay_of_Biscay,18,1072,0.03822107560722442
Bay_of_Biscay,18,1120,0.036803143745235564
Bay_of_Biscay,18,1176,0.035896676998288725
Bay_of_Biscay,18,1232,0.03581016751361014
Bay_of_Biscay,18,1288,0.035569259885795644
Bay_of_Biscay,18,1352,0.034609334942411446
Bay_of_Biscay,18,1416,0.024850769556317487
Bay_of_Biscay,18,1488,0.01623797539539395
Bay_of_Biscay,18,1560,0.013373666518213439
Bay_of_Biscay,18,1632,0.0115795617065693
Bay_of_Biscay,18,1712,0.009235968862033173
Bay_of_Biscay,18,1792,0.008953325122091899
Bay_of_Biscay,18,1880,0.008635550150599575
Bay_of_Biscay,18,1976,0.008601404052947582
Bay_of_Biscay,18,2072,0.008600669008663776
Bay_of_Biscay,18,2168,0.008600585892587687
Bay_of_Biscay,19,8,1.5659713372405966
Bay_of_Biscay,19,16,0.7964913516461309
Bay_of_Biscay,19,24,0.7964913516461309
Bay_of_Biscay,19,32,0.6117598569065004
Bay_of_Biscay,19,40,0.4342533966153003
Bay_of_Biscay,19,48,0.3233812173073142
Bay_of_Biscay,19,56,0.3233812173073142
Bay_of_Biscay,19,64,0.3233812173073142
Bay_of_Biscay,19,72,0.3233812173073142
Bay_of_Biscay,19,80,0.3233812173073142
Bay_of_Biscay,19,88,0.27359723876813574
Bay_of_Biscay,19,96,0.27359723876813574
Bay_of_Biscay,19,104,0.21394410419438703
Bay_of_Biscay,19,112,0.21394410419438703
Bay_of_Biscay,19,120,0.21394410419438703
Bay_of_Biscay,19,128,0.180274269880897
Bay_of_Biscay,19,136,0.180274269880897
Bay_of_Biscay,19,144,0.180274269880897
Bay_of_Biscay,19,152,0.180274269880897
Bay_of_Biscay,19,160,0.16607854255513863
Bay_of_Biscay,19,168,0.16607854255513863
Bay_of_Biscay,19,176,0.16607854255513863
Bay_of_Biscay,19,184,0.16607854255513863
Bay_of_Biscay,19,200,0.16607854255513863
Bay_of_Biscay,19,208,0.16607854255513863
Bay_of_Biscay,19,216,0.16607854255513863
Bay_of_Biscay,19,224,0.16607854255513863
Bay_of_Biscay,19,232,0.16607854255513863
Bay_of_Biscay,19,248,0.16607854255513863
Bay_of_Biscay,19,256,0.16607854255513863
Bay_of_Biscay,19,272,0.16607854255513863
Bay_of_Biscay,19,280,0.16607854255513863
Bay_of_Biscay,19,296,0.16160438830583798
Bay_of_Biscay,19,312,0.14788177707726738
Bay_of_Biscay,19,320,0.14788177707726738
Bay_of_Biscay,19,336,0.14018803689226078
Bay_of_Biscay,19,352,0.13769181954493734
Bay_of_Biscay,19,368,0.12698857319034765
Bay_of_Biscay,19,384,0.12698857319034765
Bay_of_Biscay,19,408,0.12583930913246485
Bay_of_Biscay,19,424,0.12448332619348931
Bay_of_Biscay,19,440,0.12391926642787215
Bay_of_Biscay,19,464,0.11592689870983336
Bay_of_Biscay,19,488,0.11089701220139041
Bay_of_Biscay,19,504,0.1061296642443512
Bay_of_Biscay,19,528,0.09736236259861097
Bay_of_Biscay,19,552,0.09031560783144733
Bay_of_Biscay,19,584,0.07500546597637821
Bay_of_Biscay,19,608,0.07348028865973939
Bay_of_Biscay,19,632,0.0668150798665608
Bay_of_Biscay,19,664,0.06655310242456905
Bay_of_Biscay,19,696,0.06350386330846476
Bay_of_Biscay,19,728,0.05995172383774088
Bay_of_Biscay,19,760,0.05594538552404763
Bay_of_Biscay,19,792,0.05204331983563354
Bay_of_Biscay,19,832,0.04422459395600548
Bay_of_Biscay,19,872,0.04140023450355943
Bay_of_Biscay,19,912,0.04080182622065804
Bay_of_Biscay,19,952,0.04029155922195885
Bay_of_Biscay,19,1000,0.03926569828070127
Bay_of_Biscay,19,1040,0.038988462659225495
Bay_of_Biscay,19,1088,0.03891090850138399
Bay_of_Biscay,19,1144,0.038580067851661945
Bay_of_Biscay,19,1192,0.038547684098552394
Bay_of_Biscay,19,1248,0.038491311344816294
Bay_of_Biscay,19,1304,0.03838607628532144
Bay_of_Biscay,19,1368,0.038069047574601264
Bay_of_Biscay,19,1432,0.03805221335035913
Bay_of_Biscay,19,1496,0.03804518906797783
Bay_of_Biscay,19,1568,0.03804518906797783
Bay_of_Biscay,19,1640,0.03804490228604073
Bay_of_Biscay,19,1712,0.03804456279411164
Bay_of_Biscay,2,8,0.47606341300644633
Bay_of_Biscay,2,16,0.47606341300644633
Bay_of_Biscay,2,24,0.47606341300644633
Bay_of_Biscay,2,32,0.29810575020630536
Bay_of_Biscay,2,40,0.29810575020630536
Bay_of_Biscay,2,48,0.29810575020630536
Bay_of_Biscay,2,56,0.29810575020630536
Bay_of_Biscay,2,64,0.29810575020630536
Bay_of_Biscay,2,72,0.29810575020630536
Bay_of_Biscay,2,80,0.29810575020630536
Bay_of_Biscay,2,88,0.29810575020630536
Bay_of_Biscay,2,96,0.29810575020630536
Bay_of_Biscay,2,104,0.29810575020630536
Bay_of_Biscay,2,112,0.29810575020630536
Bay_of_Biscay,2,120,0.29810575020630536
Bay_of_Biscay,2,128,0.29810575020630536
Bay_of_Biscay,2,136,0.29810575020630536
Bay_of_Biscay,2,144,0.29810575020630536
Bay_of_Biscay,2,152,0.29810575020630536
Bay_of_Biscay,2,160,0.29810575020630536
Bay_of_Biscay,2,168,0.29810575020630536
Bay_of_Biscay,2,184,0.29810575020630536
Bay_of_Biscay,2,192,0.29810575020630536
Bay_of_Biscay,2,200,0.29810575020630536
Bay_of_Biscay,2,208,0.29810575020630536
Bay_of_Biscay,2,216,0.29810575020630536
Bay_of_Biscay,2,232,0.29810575020630536
Bay_of_Biscay,2,240,0.29810575020630536
Bay_of_Biscay,2,256,0.29810575020630536
Bay_of_Biscay,2,272,0.28387292817351617
Bay_of_Biscay,2,280,0.273074835703739
Bay_of_Biscay,2,296,0.24609869790689526
Bay_of_Biscay,2,312,0.24609869790689526
Bay_of_Biscay,2,328,0.2107243675328914
Bay_of_Biscay,2,344,0.2107243675328914
Bay_of_Biscay,2,360,0.2107243675328914
Bay_of_Biscay,2,376,0.16394530602068555
Bay_of_Biscay,2,400,0.16394530602068555
Bay_of_Biscay,2,416,0.16149242228903898
Bay_of_Biscay,2,440,0.16149242228903898
Bay_of_Biscay,2,464,0.16149242228903898
Bay_of_Biscay,2,488,0.16149242228903898
Bay_of_Biscay,2,512,0.15880029517889813
Bay_of_Biscay,2,536,0.15880029517889813
Bay_of_Biscay,2,560,0.15772763664138756
Bay_of_Biscay,2,592,0.1348565802367353
Bay_of_Biscay,2,624,0.1323072633179547
Bay_of_Biscay,2,656,0.1323072633179547
Bay_of_Biscay,2,688,0.13177486168338715
Bay_of_Biscay,2,720,0.1273706933697286
Bay_of_Biscay,2,760,0.12383671454974036
Bay_of_Biscay,2,792,0.12267712387977597
Bay_of_Biscay,2,840,0.12216086501456547
Bay_of_Biscay,2,880,0.11756763636780965
Bay_of_Biscay,2,920,0.10926373691300456
Bay_of_Biscay,2,968,0.09777327088930944
Bay_of_Biscay,2,1016,0.08448983128305229
Bay_of_Biscay,2,1072,0.07554522839868111
Bay_of_Biscay,2,1128,0.0669291168516427
Bay_of_Biscay,2,1184,0.05720832463820799
Bay_of_Biscay,2,1240,0.05527706737804076
Bay_of_Biscay,2,1304,0.05406159907566698
Bay_of_Biscay,2,1368,0.05322297259522301
Bay_of_Biscay,2,1440,0.04719829821322983
Bay_of_Biscay,2,1512,0.04179060945079623
Bay_of_Biscay,2,1592,0.035449176022123975
Bay_of_Biscay,2,1672,0.027989086218015935
Bay_of_Biscay,2,1760,0.022349038424593414
Bay_of_Biscay,2,1848,0.022349038424593414
Bay_of_Biscay,2,1936,0.010849250786712915
Bay_of_Biscay,2,2040,0.009394659288538087
Bay_of_Biscay,2,2144,0.008989474055141224
Bay_of_Biscay,2,2248,0.008874457444558306
Bay_of_Biscay,2,2360,0.008757240294928066
Bay_of_Biscay,2,2480,0.00867873990901885
Bay_of_Biscay,2,2608,0.008615086166096938
Bay_of_Biscay,2,2744,0.008600624711860554
Bay_of_Biscay,2,2880,0.00860058342269326
Bay_of_Biscay,3,8,1.333857035961426
Bay_of_Biscay,3,16,0.8738330513366975
Bay_of_Biscay,3,24,0.8716957886211787
Bay_of_Biscay,3,32,0.6540271766820377
Bay_of_Biscay,3,40,0.6540271766820377
Bay_of_Biscay,3,48,0.6540271766820377
Bay_of_Biscay,3,56,0.6540271766820377
Bay_of_Biscay,3,64,0.4263298204305347
Bay_of_Biscay,3,72,0.3643107671880729
Bay_of_Biscay,3,80,0.3643107671880729
Bay_of_Biscay,3,88,0.2972785864595152
Bay_of_Biscay,3,96,0.2972785864595152
Bay_of_Biscay,3,104,0.2972785864595152
Bay_of_Biscay,3,112,0.2972785864595152
Bay_of_Biscay,3,120,0.2972785864595152
Bay_of_Biscay,3,128,0.2972785864595152
Bay_of_Biscay,3,136,0.2972785864595152
Bay_of_Biscay,3,144,0.2972785864595152
Bay_of_Biscay,3,152,0.2972785864595152
Bay_of_Biscay,3,160,0.2972785864595152
Bay_of_Biscay,3,168,0.2972785864595152
Bay_of_Biscay,3,176,0.2972785864595152
Bay_of_Biscay,3,184,0.2972785864595152
Bay_of_Biscay,3,192,0.2972785864595152
Bay_of_Biscay,3,200,0.2972785864595152
Bay_of_Biscay,3,208,0.2972785864595152
Bay_of_Biscay,3,224,0.2972785864595152
Bay_of_Biscay,3,232,0.2339799043888458
Bay_of_Biscay,3,240,0.2339799043888458
Bay_of_Biscay,3,256,0.2339799043888458
Bay_of_Biscay,3,264,0.2339799043888458
Bay_of_Biscay,3,280,0.2339799043888458
Bay_of_Biscay,3,296,0.2339799043888458
Bay_of_Biscay,3,304,0.2339799043888458
Bay_of_Biscay,3,320,0.2339799043888458
Bay_of_Biscay,3,336,0.2339799043888458
Bay_of_Biscay,3,352,0.2339799043888458
Bay_of_Biscay,3,368,0.2339799043888458
Bay_of_Biscay,3,384,0.2339799043888458
Bay_of_Biscay,3,400,0.2339799043888458
Bay_of_Biscay,3,424,0.2339799043888458
Bay_of_Biscay,3,440,0.2339799043888458
Bay_of_Biscay,3,464,0.2339799043888458
Bay_of_Biscay,3,488,0.22245690084917943
Bay_of_Biscay,3,512,0.21891443289363172
Bay_of_Biscay,3,536,0.21151138533571964
Bay_of_Biscay,3,560,0.1974003936787945
Bay_of_Biscay,3,584,0.1974003936787945
Bay_of_Biscay,3,608,0.1845784381133696
Bay_of_Biscay,3,640,0.18153851757217163
Bay_of_Biscay,3,672,0.15634393064937355
Bay_of_Biscay,3,704,0.15421338070637355
Bay_of_Biscay,3,736,0.12931637322326053
Bay_of_Biscay,3,768,0.11302091608093905
Bay_of_Biscay,3,808,0.1048513557178038
Bay_of_Biscay,3,840,0.10041914950453687
Bay_of_Biscay,3,880,0.09117129847685325
Bay_of_Biscay,3,928,0.08449800824502365
Bay_of_Biscay,3,968,0.07503598395674545
Bay_of_Biscay,3,1016,0.07137970752560559
Bay_of_Biscay,3,1064,0.061929717206959334
Bay_of_Biscay,3,1112,0.05661937578877978
Bay_of_Biscay,3,1168,0.04433539337351634
Bay_of_Biscay,3,1224,0.03424888042442017
Bay_of_Biscay,3,1280,0.02506439362367225
Bay_of_Biscay,3,1336,0.02506439362367225
Bay_of_Biscay,3,1400,0.02369376537744179
Bay_of_Biscay,3,1464,0.02369376537744179
Bay_of_Biscay,3,1536,0.023646323984533067
Bay_of_Biscay,3,1608,0.023646323984533067
Bay_of_Biscay,3,1688,0.023646323984533067
Bay_of_Biscay,3,1768,0.023646323984533067
Bay_of_Biscay,3,1848,0.023646323984533067
Bay_of_Biscay,3,1936,0.023646323984533067
Bay_of_Biscay,4,8,1.283464749985083
Bay_of_Biscay,4,16,1.283464749985083
Bay_of_Biscay,4,24,1.283464749985083
Bay_of_Biscay,4,32,1.283464749985083
Bay_of_Biscay,4,40,1.160618286434007
Bay_of_Biscay,4,48,1.160618286434007
Bay_of_Biscay,4,56,0.38342710306843175
Bay_of_Biscay,4,64,0.38342710306843175
Bay_of_Biscay,4,72,0.38342710306843175
Bay_of_Biscay,4,80,0.32372128604164596
Bay_of_Biscay,4,88,0.32372128604164596
Bay_of_Biscay,4,96,0.32372128604164596
Bay_of_Biscay,4,104,0.32372128604164596
Bay_of_Biscay,4,112,0.32372128604164596
Bay_of_Biscay,4,120,0.32372128604164596
Bay_of_Biscay,4,128,0.32372128604164596
Bay_of_Biscay,4,136,0.30958752337002704
Bay_of_Biscay,4,144,0.30958752337002704
Bay_of_Biscay,4,152,0.30958752337002704
Bay_of_Biscay,4,160,0.30958752337002704
Bay_of_Biscay,4,168,0.30958752337002704
Bay_of_Biscay,4,176,0.30958752337002704
Bay_of_Biscay,4,184,0.30958752337002704
Bay_of_Biscay,4,192,0.30958752337002704
Bay_of_Biscay,4,208,0.3095553364091114
Bay_of_Biscay,4,216,0.3095553364091114
Bay_of_Biscay,4,224,0.27404162367453483
Bay_of_Biscay,4,232,0.2385570247389304
Bay_of_Biscay,4,248,0.2385570247389304
Bay_of_Biscay,4,256,0.21832103632342212
Bay_of_Biscay,4,272,0.21832103632342212
Bay_of_Biscay,4,280,0.21832103632342212
Bay_of_Biscay,4,296,0.2173036288002552
Bay_of_Biscay,4,304,0.2173036288002552
Bay_of_Biscay,4,320,0.2113412030551831
Bay_of_Biscay,4,336,0.1927798354130037
Bay_of_Biscay,4,352,0.18799157490531898
Bay_of_Biscay,4,368,0.17071440784174088
Bay_of_Biscay,4,384,0.1368437874323059
Bay_of_Biscay,4,408,0.1368437874323059
Bay_of_Biscay,4,424,0.1368437874323059
Bay_of_Biscay,4,440,0.1368437874323059
Bay_of_Biscay,4,464,0.1368437874323059
Bay_of_Biscay,4,488,0.1368437874323059
Bay_of_Biscay,4,512,0.1368437874323059
Bay_of_Biscay,4,536,0.1368437874323059
Bay_of_Biscay,4,560,0.1345512909038717
Bay_of_Biscay,4,584,0.12624523475643365
Bay_of_Biscay,4,608,0.12624523475643365
Bay_of_Biscay,4,640,0.11145529679467298
Bay_of_Biscay,4,672,0.10044001070093332
Bay_of_Biscay,4,696,0.09585114736205885
Bay_of_Biscay,4,736,0.08715224306829308
Bay_of_Biscay,4,768,0.08308349013592732
Bay_of_Biscay,4,800,0.08075114234575938
Bay_of_Biscay,4,840,0.07113006097500107
Bay_of_Biscay,4,880,0.06593435290675331
Bay_of_Biscay,4,920,0.0591069963557173
Bay_of_Biscay,4,960,0.04359743854852967
Bay_of_Biscay,4,1008,0.04217169519995301
Bay_of_Biscay,4,1056,0.03369097907184358
Bay_of_Biscay,4,1104,0.02750211472341002
Bay_of_Biscay,4,1152,0.024010179781061545
Bay_of_Biscay,4,1208,0.022674831627131818
Bay_of_Biscay,4,1264,0.01683296917027662
Bay_of_Biscay,4,1328,0.011169508578028866
Bay_of_Biscay,4,1384,0.011111863307175555
Bay_of_Biscay,4,1448,0.00992736186852383
Bay_of_Biscay,4,1520,0.009572384631907134
Bay_of_Biscay,4,1592,0.008792688958197755
Bay_of_Biscay,4,1664,0.008610855934551829
Bay_of_Biscay,4,1744,0.008600885370696455
Bay_of_Biscay,4,1824,0.008600622308506837
Bay_of_Biscay,5,8,1.1648924043506774
Bay_of_Biscay,5,16,0.7187102205101763
Bay_of_Biscay,5,24,0.5473567370104085
Bay_of_Biscay,5,32,0.5473567370104085
Bay_of_Biscay,5,40,0.45423691446232184
Bay_of_Biscay,5,48,0.45423691446232184
Bay_of_Biscay,5,56,0.3921425344996088
Bay_of_Biscay,5,64,0.3921425344996088
Bay_of_Biscay,5,72,0.3921425344996088
Bay_of_Biscay,5,80,0.3221759556297318
Bay_of_Biscay,5,88,0.3221759556297318
Bay_of_Biscay,5,96,0.3221759556297318
Bay_of_Biscay,5,104,0.3221759556297318
Bay_of_Biscay,5,112,0.3221759556297318
Bay_of_Biscay,5,120,0.3221759556297318
Bay_of_Biscay,5,128,0.3221759556297318
Bay_of_Biscay,5,136,0.3221759556297318
Bay_of_Biscay,5,144,0.3221759556297318
Bay_of_Biscay,5,152,0.3221759556297318
Bay_of_Biscay,5,160,0.3221759556297318
Bay_of_Biscay,5,168,0.3221759556297318
Bay_of_Biscay,5,176,0.3221759556297318
Bay_of_Biscay,5,184,0.3221759556297318
Bay_of_Biscay,5,192,0.3221759556297318
Bay_of_Biscay,5,200,0.3221759556297318
Bay_of_Biscay,5,208,0.3221759556297318
Bay_of_Biscay,5,224,0.3221759556297318
Bay_of_Biscay,5,232,0.3221759556297318
Bay_of_Biscay,5,248,0.29423118375518625
Bay_of_Biscay,5,256,0.29423118375518625
Bay_of_Biscay,5,272,0.28117756328394666
Bay_of_Biscay,5,280,0.28117756328394666
Bay_of_Biscay,5,296,0.28117756328394666
Bay_of_Biscay,5,312,0.28117756328394666
Bay_of_Biscay,5,328,0.28117756328394666
Bay_of_Biscay,5,344,0.2799958395103422
Bay_of_Biscay,5,360,0.27473591530900987
Bay_of_Biscay,5,376,0.2670271325737299
Bay_of_Biscay,5,400,0.2670271325737299
Bay_of_Biscay,5,416,0.25296918829515297
Bay_of_Biscay,5,440,0.24574641814378678
Bay_of_Biscay,5,464,0.24234093149015162
Bay_of_Biscay,5,480,0.2355599795013865
Bay_of_Biscay,5,504,0.22050523460226173
Bay_of_Biscay,5,536,0.19682953695178146
Bay_of_Biscay,5,560,0.19106196070282808
Bay_of_Biscay,5,592,0.19106196070282808
Bay_of_Biscay,5,616,0.17938582503177872
Bay_of_Biscay,5,648,0.17165638338077044
Bay_of_Biscay,5,680,0.1705185900481902
Bay_of_Biscay,5,712,0.15978085326058414
Bay_of_Biscay,5,752,0.150032153704862
Bay_of_Biscay,5,792,0.14749797373467546
Bay_of_Biscay,5,824,0.1191922336198307
Bay_of_Biscay,5,872,0.11021444271207491
Bay_of_Biscay,5,912,0.09380694516665203
Bay_of_Biscay,5,960,0.08189000618425998
Bay_of_Biscay,5,1008,0.07503478304415251
Bay_of_Biscay,5,1056,0.07106480845232999
Bay_of_Biscay,5,1112,0.06501611496413422
Bay_of_Biscay,5,1168,0.05433716290329003
Bay_of_Biscay,5,1224,0.04644279060390208
Bay_of_Biscay,5,1288,0.041079411541616165
Bay_of_Biscay,5,1352,0.039091763631975564
Bay_of_Biscay,5,1416,0.038805715183869695
Bay_of_Biscay,5,1488,0.03839664615462855
Bay_of_Biscay,5,1560,0.037536709675023164
Bay_of_Biscay,5,1640,0.03690637857725311
Bay_of_Biscay,5,1720,0.03611169145471639
Bay_of_Biscay,5,1808,0.03271328934613768
Bay_of_Biscay,5,1896,0.01378435662727487
Bay_of_Biscay,5,1992,0.010611867259181207
Bay_of_Biscay,5,2096,0.007913915731130528
Bay_of_Biscay,5,2200,0.0035929305481249554
Bay_of_Biscay,5,2304,0.0021601347482943073
Bay_of_Biscay,5,2424,0.0014120433971146996
Bay_of_Biscay,5,2544,0.0002543402723135882
Bay_of_Biscay,5,2672,3.546061163950868e-05
Bay_of_Biscay,6,8,1.2569673569033626
Bay_of_Biscay,6,16,0.33287975489986354
Bay_of_Biscay,6,24,0.33287975489986354
Bay_of_Biscay,6,32,0.33287975489986354
Bay_of_Biscay,6,40,0.33287975489986354
Bay_of_Biscay,6,48,0.33287975489986354
Bay_of_Biscay,6,56,0.33287975489986354
Bay_of_Biscay,6,64,0.33287975489986354
Bay_of_Biscay,6,72,0.33287975489986354
Bay_of_Biscay,6,80,0.33287975489986354
Bay_of_Biscay,6,88,0.33287975489986354
Bay_of_Biscay,6,96,0.33287975489986354
Bay_of_Biscay,6,104,0.3328657465263372
Bay_of_Biscay,6,112,0.3328657465263372
Bay_of_Biscay,6,120,0.3328657465263372
Bay_of_Biscay,6,128,0.3328657465263372
Bay_of_Biscay,6,136,0.33162945358960233
Bay_of_Biscay,6,144,0.33162945358960233
Bay_of_Biscay,6,152,0.33162945358960233
Bay_of_Biscay,6,160,0.32032638661929996
Bay_of_Biscay,6,168,0.32032638661929996
Bay_of_Biscay,6,176,0.32032638661929996
Bay_of_Biscay,6,184,0.32032638661929996
Bay_of_Biscay,6,192,0.32032638661929996
Bay_of_Biscay,6,200,0.32032638661929996
Bay_of_Biscay,6,216,0.32032638661929996
Bay_of_Biscay,6,224,0.32032638661929996
Bay_of_Biscay,6,240,0.32032638661929996
Bay_of_Biscay,6,248,0.32032638661929996
Bay_of_Biscay,6,264,0.31695832732073326
Bay_of_Biscay,6,280,0.2915012162150812
Bay_of_Biscay,6,288,0.2915012162150812
Bay_of_Biscay,6,304,0.28801019316993415
Bay_of_Biscay,6,320,0.27669936227915587
Bay_of_Biscay,6,336,0.27015272602629886
Bay_of_Biscay,6,360,0.2586353977249172
Bay_of_Biscay,6,376,0.23970642067112838
Bay_of_Biscay,6,400,0.23961374277514258
Bay_of_Biscay,6,416,0.23961359199343865
Bay_of_Biscay,6,440,0.23644377349315446
Bay_of_Biscay,6,464,0.23644377349315446
Bay_of_Biscay,6,488,0.23644377349315446
Bay_of_Biscay,6,512,0.23644377349315446
Bay_of_Biscay,6,536,0.22613287679126576
Bay_of_Biscay,6,568,0.21420723103998168
Bay_of_Biscay,6,600,0.18866104074215426
Bay_of_Biscay,6,632,0.1827653040279921
Bay_of_Biscay,6,664,0.1711874261313367
Bay_of_Biscay,6,696,0.16738105882165388
Bay_of_Biscay,6,736,0.1587696335695293
Bay_of_Biscay,6,776,0.1501957960036999
Bay_of_Biscay,6,816,0.14505288672670533
Bay_of_Biscay,6,856,0.13253734469684098
Bay_of_Biscay,6,904,0.1222258584572759
Bay_of_Biscay,6,952,0.10736933898653957
Bay_of_Biscay,6,1000,0.10256666849381829
Bay_of_Biscay,6,1048,0.09545284701420238
Bay_of_Biscay,6,1104,0.08740618003355387
Bay_of_Biscay,6,1168,0.07931111877644775
Bay_of_Biscay,6,1224,0.07671530557889174
Bay_of_Biscay,6,1288,0.06413686353191028
Bay_of_Biscay,6,1360,0.0506094316187054
Bay_of_Biscay,6,1432,0.032027182109322525
Bay_of_Biscay,6,1504,0.02768157863098811
Bay_of_Biscay,6,1584,0.025930203647322427
Bay_of_Biscay,6,1672,0.0243941828892755
Bay_of_Biscay,6,1760,0.024043646982599084
Bay_of_Biscay,6,1848,0.02380959849435161
Bay_of_Biscay,6,1952,0.02380959849435161
Bay_of_Biscay,6,2048,0.023293512471680013
Bay_of_Biscay,6,2160,0.023293512471680013
Bay_of_Biscay,6,2272,0.02240867373118333
Bay_of_Biscay,6,2392,0.02240867373118333
Bay_of_Biscay,6,2520,0.02240867373118333
Bay_of_Biscay,6,2648,0.02240756960548887
Bay_of_Biscay,6,2792,0.022404211176372375
Bay_of_Biscay,6,2936,0.022361596769302897
Bay_of_Biscay,6,3096,0.022348823549847966
Bay_of_Biscay,6,3256,0.022347972616270077
Bay_of_Biscay,6,3424,0.02234579727238963
Bay_of_Biscay,6,3608,0.022345746160764762
Bay_of_Biscay,7,8,1.8992644260662517
Bay_of_Biscay,7,16,1.7178759981156495
Bay_of_Biscay,7,24,1.311231631381028
Bay_of_Biscay,7,32,1.311231631381028
Bay_of_Biscay,7,40,1.311231631381028
Bay_of_Biscay,7,48,1.311231631381028
Bay_of_Biscay,7,56,0.5485452641808001
Bay_of_Biscay,7,64,0.5485452641808001
Bay_of_Biscay,7,72,0.5485452641808001
Bay_of_Biscay,7,80,0.5485452641808001
Bay_of_Biscay,7,88,0.4354474519089462
Bay_of_Biscay,7,96,0.4354474519089462
Bay_of_Biscay,7,104,0.4354474519089462
Bay_of_Biscay,7,112,0.3897852676346768
Bay_of_Biscay,7,120,0.3897852676346768
Bay_of_Biscay,7,128,0.3897852676346768
Bay_of_Biscay,7,136,0.3897852676346768
Bay_of_Biscay,7,144,0.3897852676346768
Bay_of_Biscay,7,152,0.34643359413565217
Bay_of_Biscay,7,160,0.34643359413565217
Bay_of_Biscay,7,168,0.34643359413565217
Bay_of_Biscay,7,176,0.34643359413565217
Bay_of_Biscay,7,184,0.34643359413565217
Bay_of_Biscay,7,192,0.34643359413565217
Bay_of_Biscay,7,208,0.34643359413565217
Bay_of_Biscay,7,216,0.34643359413565217
Bay_of_Biscay,7,224,0.34643359413565217
Bay_of_Biscay,7,240,0.34643359413565217
Bay_of_Biscay,7,248,0.34643359413565217
Bay_of_Biscay,7,264,0.3252263568755198
Bay_of_Biscay,7,272,0.3252263568755198
Bay_of_Biscay,7,288,0.3252263568755198
Bay_of_Biscay,7,304,0.3252263568755198
Bay_of_Biscay,7,312,0.3252263568755198
Bay_of_Biscay,7,328,0.29554065006804836
Bay_of_Biscay,7,344,0.2770224931317346
Bay_of_Biscay,7,368,0.26960078667423815
Bay_of_Biscay,7,384,0.23842774602337952
Bay_of_Biscay,7,400,0.2254992573281321
Bay_of_Biscay,7,424,0.2254992573281321
Bay_of_Biscay,7,440,0.22255648179923157
Bay_of_Biscay,7,464,0.21435781763750403
Bay_of_Biscay,7,488,0.19695460174761376
Bay_of_Biscay,7,512,0.18091557774487377
Bay_of_Biscay,7,536,0.1641718221793772
Bay_of_Biscay,7,560,0.1588229104537937
Bay_of_Biscay,7,584,0.14936090406144706
Bay_of_Biscay,7,616,0.14295800670593542
Bay_of_Biscay,7,648,0.12951118447439444
Bay_of_Biscay,7,680,0.12850319075907726
Bay_of_Biscay,7,712,0.12209322171318547
Bay_of_Biscay,7,744,0.11703387076179511
Bay_of_Biscay,7,784,0.10335291596942107
Bay_of_Biscay,7,824,0.09401375406414422
Bay_of_Biscay,7,864,0.09401375406414422
Bay_of_Biscay,7,904,0.08519762189634258
Bay_of_Biscay,7,944,0.0818727300672922
Bay_of_Biscay,7,992,0.07516390158892186
Bay_of_Biscay,7,1040,0.07103693069767489
Bay_of_Biscay,7,1096,0.058135739840709785
Bay_of_Biscay,7,1144,0.047722418089274514
Bay_of_Biscay,7,1200,0.046515790059852666
Bay_of_Biscay,7,1264,0.043268904368982786
Bay_of_Biscay,7,1320,0.041485142014831895
Bay_of_Biscay,7,1384,0.0390643659970508
Bay_of_Biscay,7,1456,0.03442961367065335
Bay_of_Biscay,7,1528,0.024089796285553477
Bay_of_Biscay,7,1600,0.015530351465683089
Bay_of_Biscay,7,1680,0.01344987848996648
Bay_of_Biscay,7,1760,0.007840809698575662
Bay_of_Biscay,7,1848,0.005766032238608727
Bay_of_Biscay,7,1936,0.0026994546104431886
Bay_of_Biscay,7,2032,0.0013809868711802745
Bay_of_Biscay,7,2128,0.0006963739324470554
Bay_of_Biscay,7,2232,0.00023221058877492855
Bay_of_Biscay,7,2344,4.728835629797315e-05
Bay_of_Biscay,8,8,1.9463848395701735
Bay_of_Biscay,8,16,0.5110089995434769
Bay_of_Biscay,8,24,0.4200185344353575
Bay_of_Biscay,8,32,0.4200185344353575
Bay_of_Biscay,8,40,0.4200185344353575
Bay_of_Biscay,8,48,0.4200185344353575
Bay_of_Biscay,8,56,0.3910872953340765
Bay_of_Biscay,8,64,0.3910872953340765
Bay_of_Biscay,8,72,0.3910872953340765
Bay_of_Biscay,8,80,0.3910872953340765
Bay_of_Biscay,8,88,0.3910872953340765
Bay_of_Biscay,8,96,0.3910872953340765
Bay_of_Biscay,8,104,0.36931488457678
Bay_of_Biscay,8,112,0.29376264055685836
Bay_of_Biscay,8,120,0.29376264055685836
Bay_of_Biscay,8,128,0.29376264055685836
Bay_of_Biscay,8,136,0.29376264055685836
Bay_of_Biscay,8,144,0.20221779797591752
Bay_of_Biscay,8,152,0.20221779797591752
Bay_of_Biscay,8,160,0.20221779797591752
Bay_of_Biscay,8,168,0.20221779797591752
Bay_of_Biscay,8,176,0.20221779797591752
Bay_of_Biscay,8,184,0.20221779797591752
Bay_of_Biscay,8,192,0.19192233729830274
Bay_of_Biscay,8,200,0.19192233729830274
Bay_of_Biscay,8,208,0.19192233729830274
Bay_of_Biscay,8,216,0.19192233729830274
Bay_of_Biscay,8,224,0.15937825949262013
Bay_of_Biscay,8,240,0.1108157274548309
Bay_of_Biscay,8,248,0.1108157274548309
Bay_of_Biscay,8,256,0.1108157274548309
Bay_of_Biscay,8,272,0.1108157274548309
Bay_of_Biscay,8,280,0.1108157274548309
Bay_of_Biscay,8,296,0.1108157274548309
Bay_of_Biscay,8,312,0.1108157274548309
Bay_of_Biscay,8,320,0.1108157274548309
Bay_of_Biscay,8,336,0.1108157274548309
Bay_of_Biscay,8,352,0.1108157274548309
Bay_of_Biscay,8,368,0.1108157274548309
Bay_of_Biscay,8,384,0.10947577798938106
Bay_of_Biscay,8,400,0.1035088848599959
Bay_of_Biscay,8,424,0.09772624617299752
Bay_of_Biscay,8,440,0.09684734156096829
Bay_of_Biscay,8,464,0.09474727183094879
Bay_of_Biscay,8,480,0.0907379195798262
Bay_of_Biscay,8,504,0.08611282149412908
Bay_of_Biscay,8,528,0.07869621892983639
Bay_of_Biscay,8,552,0.07264603024805831
Bay_of_Biscay,8,576,0.06311889269398346
Bay_of_Biscay,8,600,0.05675426834031773
Bay_of_Biscay,8,624,0.04997316506427616
Bay_of_Biscay,8,656,0.04272384036392662
Bay_of_Biscay,8,688,0.04272384036392662
Bay_of_Biscay,8,712,0.04203339751503063
Bay_of_Biscay,8,744,0.03684217513708914
Bay_of_Biscay,8,784,0.03225087318108983
Bay_of_Biscay,8,816,0.028999296017476067
Bay_of_Biscay,8,856,0.02674729253274405
Bay_of_Biscay,8,888,0.024743707869965
Bay_of_Biscay,8,928,0.015904655706966565
Bay_of_Biscay,8,976,0.015904655706966565
Bay_of_Biscay,8,1016,0.015904655706966565
Bay_of_Biscay,8,1064,0.015904655706966565
Bay_of_Biscay,8,1112,0.015904655706966565
Bay_of_Biscay,8,1160,0.015904655706966565
Bay_of_Biscay,8,1216,0.015904655706966565
Bay_of_Biscay,8,1264,0.015904655706966565
Bay_of_Biscay,8,1328,0.015904655706966565
Bay_of_Biscay,8,1384,0.015904655706966565
Bay_of_Biscay,8,1448,0.015904655706966565
Bay_of_Biscay,8,1512,0.015904655706966565
Bay_of_Biscay,9,8,0.8538154294448979
Bay_of_Biscay,9,16,0.6178802794453477
Bay_of_Biscay,9,24,0.6154011299525135
Bay_of_Biscay,9,32,0.6154011299525135
Bay_of_Biscay,9,40,0.5345310006919856
Bay_of_Biscay,9,48,0.5345310006919856
Bay_of_Biscay,9,56,0.47283421487194466
Bay_of_Biscay,9,64,0.47283421487194466
Bay_of_Biscay,9,72,0.37903243046506674
Bay_of_Biscay,9,80,0.37903243046506674
Bay_of_Biscay,9,88,0.37903243046506674
Bay_of_Biscay,9,96,0.37903243046506674
Bay_of_Biscay,9,104,0.37903243046506674
Bay_of_Biscay,9,112,0.37903243046506674
Bay_of_Biscay,9,120,0.37122101110510075
Bay_of_Biscay,9,128,0.37122101110510075
Bay_of_Biscay,9,136,0.37122101110510075
Bay_of_Biscay,9,144,0.37122101110510075
Bay_of_Biscay,9,152,0.37122101110510075
Bay_of_Biscay,9,160,0.37122101110510075
Bay_of_Biscay,9,168,0.3563786776384241
Bay_of_Biscay,9,176,0.3563786776384241
Bay_of_Biscay,9,184,0.3563786776384241
Bay_of_Biscay,9,192,0.34316125044280643
Bay_of_Biscay,9,200,0.3397458974930409
Bay_of_Biscay,9,208,0.3274760084458666
Bay_of_Biscay,9,216,0.3162475975379318
Bay_of_Biscay,9,232,0.3162475975379318
Bay_of_Biscay,9,240,0.3162475975379318
Bay_of_Biscay,9,256,0.3162475975379318
Bay_of_Biscay,9,264,0.3162475975379318
Bay_of_Biscay,9,280,0.2968098980471601
Bay_of_Biscay,9,288,0.2968098980471601
Bay_of_Biscay,9,304,0.2968098980471601
Bay_of_Biscay,9,320,0.2885718138341744
Bay_of_Biscay,9,336,0.2565217924139689
Bay_of_Biscay,9,352,0.2565217924139689
Bay_of_Biscay,9,368,0.2516176571228822
Bay_of_Biscay,9,384,0.23015947367048367
Bay_of_Biscay,9,400,0.22741117036893496
Bay_of_Biscay,9,424,0.22741117036893496
Bay_of_Biscay,9,440,0.22576323501061113
Bay_of_Biscay,9,464,0.20929887351037046
Bay_of_Biscay,9,488,0.205215220116684
Bay_of_Biscay,9,504,0.19867230158001348
Bay_of_Biscay,9,528,0.19084487635576106
Bay_of_Biscay,9,560,0.18444813864505047
Bay_of_Biscay,9,584,0.18444813864505047
Bay_of_Biscay,9,608,0.18218686302653594
Bay_of_Biscay,9,640,0.1668077363939238
Bay_of_Biscay,9,672,0.15617383908410676
Bay_of_Biscay,9,704,0.14924821363595644
Bay_of_Biscay,9,736,0.1259696026144218
Bay_of_Biscay,9,776,0.11510256059759631
Bay_of_Biscay,9,808,0.11510256059759631
Bay_of_Biscay,9,848,0.10825520915706892
Bay_of_Biscay,9,888,0.10296690428686797
Bay_of_Biscay,9,928,0.09091314783563025
Bay_of_Biscay,9,976,0.08525115426023895
Bay_of_Biscay,9,1024,0.06637701928833409
Bay_of_Biscay,9,1072,0.050075110297657224
Bay_of_Biscay,9,1120,0.046653080542915705
Bay_of_Biscay,9,1176,0.04548558306342871
Bay_of_Biscay,9,1232,0.04181091962887319
Bay_of_Biscay,9,1288,0.041261841161372326
Bay_of_Biscay,9,1352,0.03980141522041611
Bay_of_Biscay,9,1416,0.03980141522041611
Bay_of_Biscay,9,1480,0.03977029930733614
Bay_of_Biscay,9,1552,0.03936588754384686
Bay_of_Biscay,9,1632,0.03932063783508626
Bay_of_Biscay,9,1704,0.039220828569939796
Bay_of_Biscay,9,1784,0.03921436037765068
Bay_of_Biscay,9,1872,0.03921391589874238
Bay_of_Biscay,9,1960,0.03921251379702718
Bay_of_Biscay,9,2056,0.03921219577806441
BATS,0,8,0.5216826170205073
BATS,0,16,0.5216826170205073
BATS,0,24,0.5216826170205073
BATS,0,32,0.3980569971271997
BATS,0,40,0.3980569971271997
BATS,0,48,0.3980569971271997
BATS,0,56,0.29207436466044584
BATS,0,64,0.29207436466044584
BATS,0,72,0.2604063198713573
BATS,0,80,0.2604063198713573
BATS,0,88,0.2604063198713573
BATS,0,96,0.2604063198713573
BATS,0,104,0.24198187089468862
BATS,0,112,0.24198187089468862
BATS,0,120,0.24198187089468862
BATS,0,128,0.24198187089468862
BATS,0,136,0.24198187089468862
BATS,0,144,0.24198187089468862
BATS,0,152,0.24198187089468862
BATS,0,160,0.24198187089468862
BATS,0,168,0.24198187089468862
BATS,0,176,0.24198187089468862
BATS,0,192,0.24198187089468862
BATS,0,200,0.24198187089468862
BATS,0,208,0.24198187089468862
BATS,0,216,0.2236920989197642
BATS,0,224,0.2236920989197642
BATS,0,240,0.2236920989197642
BATS,0,248,0.2236920989197642
BATS,0,264,0.1860507140938637
BATS,0,272,0.1860507140938637
BATS,0,288,0.1860507140938637
BATS,0,296,0.1860507140938637
BATS,0,312,0.18158776074817726
BATS,0,328,0.1719259985487568
BATS,0,344,0.1719259985487568
BATS,0,360,0.15182804151737544
BATS,0,376,0.15182804151737544
BATS,0,400,0.1504853106800849
BATS,0,416,0.13867077360317462
BATS,0,432,0.13692142727394252
BATS,0,456,0.1354334007924784
BATS,0,480,0.12955483506690377
BATS,0,504,0.12842081304242162
BATS,0,520,0.12468143459241417
BATS,0,552,0.11652807813207017
BATS,0,576,0.09753743231528292
BATS,0,600,0.09753743231528292
BATS,0,632,0.08449651438334513
BATS,0,664,0.07628457448726311
BATS,0,696,0.06499815778632931
BATS,0,728,0.062319388967840526
BATS,0,760,0.056428087476947525
BATS,0,792,0.0499858340281764
BATS,0,832,0.04479475751863174
BATS,0,872,0.0437358456152129
BATS,0,912,0.0412267624019483
BATS,0,960,0.03835527990260276
BATS,0,1008,0.03546857678232769
BATS,0,1048,0.02876617594789354
BATS,0,1104,0.02617989698547965
BATS,0,1152,0.02276104633327577
BATS,0,1208,0.02276104633327577
BATS,0,1264,0.014989553427047986
BATS,0,1328,0.010449251225548293
BATS,0,1392,0.006024454330224861
BATS,0,1456,0.005522758355903036
BATS,0,1528,0.0022048884541465796
BATS,0,1600,0.0022048884541465796
BATS,0,1672,0.0013239380647085458
BATS,0,1752,0.000941575814414235
BATS,0,1840,0.00016177828504532584
BATS,0,1928,5.360833629882707e-05
BATS,0,2016,1.7360082841038337e-05
BATS,1,8,0.5489864804654657
BATS,1,16,0.3293863118258372
BATS,1,24,0.3293863118258372
BATS,1,32,0.3293863118258372
BATS,1,40,0.3293863118258372
BATS,1,48,0.2948364104876365
BATS,1,56,0.2603583811514368
BATS,1,64,0.2603583811514368
BATS,1,72,0.2603583811514368
BATS,1,80,0.2603583811514368
BATS,1,88,0.2603583811514368
BATS,1,96,0.2603583811514368
BATS,1,104,0.2603583811514368
BATS,1,112,0.2603583811514368
BATS,1,120,0.2588490565999805
BATS,1,128,0.2588490565999805
BATS,1,136,0.2588490565999805
BATS,1,144,0.249366403564715
BATS,1,152,0.24256814001186103
BATS,1,160,0.24256814001186103
BATS,1,168,0.24256814001186103
BATS,1,176,0.24256814001186103
BATS,1,184,0.24256814001186103
BATS,1,192,0.24256814001186103
BATS,1,200,0.24256814001186103
BATS,1,208,0.24256814001186103
BATS,1,224,0.2417110567743658
BATS,1,232,0.2409710994056142
BATS,1,240,0.2409710994056142
BATS,1,256,0.2409710994056142
BATS,1,264,0.2409710994056142
BATS,1,280,0.23376031407677664
BATS,1,296,0.23376031407677664
BATS,1,304,0.23376031407677664
BATS,1,320,0.23376031407677664
BATS,1,336,0.23376031407677664
BATS,1,352,0.23376031407677664
BATS,1,368,0.23376031407677664
BATS,1,392,0.23052724936053498
BATS,1,408,0.22754391052617468
BATS,1,432,0.2183032873772475
BATS,1,448,0.20772989368720574
BATS,1,472,0.1935711582802901
BATS,1,496,0.1935711582802901
BATS,1,520,0.1935711582802901
BATS,1,544,0.17296444339918443
BATS,1,568,0.16528653102374927
BATS,1,600,0.16528653102374927
BATS,1,624,0.15100484814568096
BATS,1,656,0.14652067130844265
BATS,1,688,0.13295246459488855
BATS,1,720,0.1289651571248806
BATS,1,752,0.12725330832301943
BATS,1,792,0.11938837295967901
BATS,1,832,0.10736355208693352
BATS,1,872,0.10736355208693352
BATS,1,912,0.1058219853132281
BATS,1,960,0.0963040202334388
BATS,1,1008,0.0798347834529824
BATS,1,1056,0.0798347834529824
BATS,1,1104,0.06764583084143458
BATS,1,1160,0.059854555732866285
BATS,1,1216,0.049988390801188706
BATS,1,1272,0.03886514999605657
BATS,1,1336,0.030452613070099915
BATS,1,1400,0.02994701376318082
BATS,1,1464,0.02994701376318082
BATS,1,1536,0.025932383151459237
BATS,1,1616,0.023154533420222837
BATS,1,1688,0.017181483352187388
BATS,1,1776,0.012033978637252729
BATS,1,1856,0.005112443389270839
BATS,1,1952,0.0016541975308990346
BATS,1,2048,0.0005710187034170171
BATS,1,2144,0.00015358674992456512
BATS,1,2248,1.0836249088646328e-05
BATS,10,8,0.3967215932730919
BATS,10,16,0.3967215932730919
BATS,10,24,0.3802547278250719
BATS,10,32,0.18010089061383833
BATS,10,40,0.18010089061383833
BATS,10,48,0.18010089061383833
BATS,10,56,0.18010089061383833
BATS,10,64,0.18010089061383833
BATS,10,72,0.18010089061383833
BATS,10,80,0.18010089061383833
BATS,10,88,0.18010089061383833
BATS,10,96,0.18010089061383833
BATS,10,104,0.18010089061383833
BATS,10,112,0.18010089061383833
BATS,10,120,0.18010089061383833
BATS,10,128,0.18010089061383833
BATS,10,136,0.18010089061383833
BATS,10,144,0.18010089061383833
BATS,10,152,0.18010089061383833
BATS,10,160,0.18010089061383833
BATS,10,168,0.18010089061383833
BATS,10,176,0.18010089061383833
BATS,10,184,0.18010089061383833
BATS,10,192,0.18010089061383833
BATS,10,200,0.18010089061383833
BATS,10,208,0.18010089061383833
BATS,10,216,0.18010089061383833
BATS,10,224,0.18010089061383833
BATS,10,240,0.18010089061383833
BATS,10,248,0.18010089061383833
BATS,10,256,0.18010089061383833
BATS,10,272,0.18010089061383833
BATS,10,280,0.18010089061383833
BATS,10,296,0.18010089061383833
BATS,10,312,0.18010089061383833
BATS,10,328,0.18010089061383833
BATS,10,336,0.18010089061383833
BATS,10,352,0.18010089061383833
BATS,10,376,0.16068832512027514
BATS,10,392,0.16068832512027514
BATS,10,408,0.1602538945291552
BATS,10,424,0.1602538945291552
BATS,10,448,0.1593534136584385
BATS,10,464,0.15524692566441856
BATS,10,488,0.15111698510847577
BATS,10,512,0.13817189747296987
BATS,10,536,0.12685938058937526
BATS,10,560,0.10359915080450705
BATS,10,584,0.08048570577296
BATS,10,608,0.0722342581524575
BATS,10,640,0.0722342581524575
BATS,10,672,0.0722342581524575
BATS,10,704,0.0636347903148027
BATS,10,736,0.059706807890294984
BATS,10,768,0.049961892300287594
BATS,10,800,0.04269656180575315
BATS,10,840,0.03828161013398998
BATS,10,880,0.03757567261276734
BATS,10,920,0.0369743791078829
BATS,10,960,0.03651743544063745
BATS,10,1008,0.036271680476421174
BATS,10,1048,0.03624107313498679
BATS,10,1096,0.03624107313498679
BATS,10,1152,0.03620452769613436
BATS,10,1200,0.03619250669016807
BATS,10,1256,0.03619250669016807
BATS,10,1320,0.03619250669016807
BATS,10,1376,0.03619250669016807
BATS,10,1440,0.03619250669016807
BATS,10,1512,0.03619250669016807
BATS,10,1576,0.03619250669016807
BATS,10,1648,0.03619250669016807
BATS,10,1728,0.03619250669016807
BATS,11,8,0.31190373407778543
BATS,11,16,0.23501708760993187
BATS,11,24,0.23501708760993187
BATS,11,32,0.23501708760993187
BATS,11,40,0.23501708760993187
BATS,11,48,0.23501708760993187
BATS,11,56,0.23501708760993187
BATS,11,64,0.23501708760993187
BATS,11,72,0.23501708760993187
BATS,11,80,0.23501708760993187
BATS,11,88,0.23501708760993187
BATS,11,96,0.23501708760993187
BATS,11,104,0.23501708760993187
BATS,11,112,0.23501708760993187
BATS,11,120,0.23501708760993187
BATS,11,128,0.23501708760993187
BATS,11,136,0.23501708760993187
BATS,11,144,0.23501708760993187
BATS,11,152,0.23501708760993187
BATS,11,160,0.23501708760993187
BATS,11,168,0.23501708760993187
BATS,11,176,0.23501708760993187
BATS,11,184,0.23501708760993187
BATS,11,192,0.23501708760993187
BATS,11,200,0.23501708760993187
BATS,11,208,0.23501708760993187
BATS,11,224,0.1958919421476893
BATS,11,232,0.1487406631676829
BATS,11,240,0.1487406631676829
BATS,11,256,0.1487406631676829
BATS,11,264,0.1487406631676829
BATS,11,280,0.1487406631676829
BATS,11,288,0.1487406631676829
BATS,11,304,0.1487406631676829
BATS,11,320,0.1487406631676829
BATS,11,336,0.1487406631676829
BATS,11,352,0.1487406631676829
BATS,11,368,0.12738080312556582
BATS,11,384,0.1184545487073876
BATS,11,400,0.11294343978757494
BATS,11,416,0.11294343978757494
BATS,11,440,0.11256729921761281
BATS,11,456,0.11040024897135055
BATS,11,480,0.10524650272369651
BATS,11,504,0.10106112480139773
BATS,11,528,0.10106112480139773
BATS,11,552,0.09969803699129967
BATS,11,576,0.09381898169336889
BATS,11,600,0.09344159197465624
BATS,11,632,0.08446278771608298
BATS,11,656,0.07855402189391142
BATS,11,688,0.0768225433550528
BATS,11,720,0.07110747601997482
BATS,11,752,0.06972470158447407
BATS,11,792,0.06513649404279596
BATS,11,824,0.061918109223127064
BATS,11,864,0.06057740725254042
BATS,11,904,0.05840919424276081
BATS,11,952,0.05629460917803949
BATS,11,992,0.056003316075262634
BATS,11,1040,0.054486986507697455
BATS,11,1088,0.05292820724211828
BATS,11,1136,0.05163771148699215
BATS,11,1192,0.05036371020114455
BATS,11,1248,0.05022973703864932
BATS,11,1304,0.049212983688561154
BATS,11,1368,0.04893357358448572
BATS,11,1424,0.048817717658698294
BATS,11,1496,0.04867596968127792
BATS,11,1560,0.04863778598302257
BATS,11,1640,0.04863548995972402
BATS,11,1712,0.04863502793492103
BATS,11,1792,0.04863501119967516
BATS,12,8,0.35662764511563955
BATS,12,16,0.35662764511563955
BATS,12,24,0.35662764511563955
BATS,12,32,0.35662764511563955
BATS,12,40,0.35662764511563955
BATS,12,48,0.2932127012903699
BATS,12,56,0.2932127012903699
BATS,12,64,0.2932127012903699
BATS,12,72,0.2932127012903699
BATS,12,80,0.2932127012903699
BATS,12,88,0.2932127012903699
BATS,12,96,0.2424910948148258
BATS,12,104,0.2424910948148258
BATS,12,112,0.2424910948148258
BATS,12,120,0.2424910948148258
BATS,12,128,0.2424910948148258
BATS,12,136,0.2424910948148258
BATS,12,144,0.2424910948148258
BATS,12,152,0.2424910948148258
BATS,12,160,0.2424910948148258
BATS,12,168,0.2424910948148258
BATS,12,176,0.2424910948148258
BATS,12,192,0.2424910948148258
BATS,12,200,0.22851867809125434
BATS,12,208,0.21296676556137406
BATS,12,216,0.21296676556137406
BATS,12,232,0.21296676556137406
BATS,12,240,0.21296676556137406
BATS,12,248,0.2122193897307576
BATS,12,264,0.17872817719482098
BATS,12,280,0.16708105340156165
BATS,12,288,0.16708105340156165
BATS,12,304,0.16611498057196028
BATS,12,320,0.16611498057196028
BATS,12,336,0.16272535150671952
BATS,12,352,0.16272535150671952
BATS,12,368,0.15892214554997094
BATS,12,384,0.15892214554997094
BATS,12,408,0.13164235656649842
BATS,12,424,0.13128805102543128
BATS,12,448,0.12515298843559625
BATS,12,472,0.12045546173609228
BATS,12,488,0.11531760334867061
BATS,12,512,0.11531760334867061
BATS,12,544,0.10781758254699948
BATS,12,568,0.10516082515868903
BATS,12,592,0.09877948623390048
BATS,12,624,0.09516133679973829
BATS,12,656,0.09142545404537943
BATS,12,688,0.09057492839834341
BATS,12,720,0.08851636393248379
BATS,12,752,0.08522573303393205
BATS,12,792,0.08285013146356002
BATS,12,832,0.08118284020975362
BATS,12,872,0.07974145236754851
BATS,12,912,0.07931861488863703
BATS,12,960,0.07750753829105346
BATS,12,1008,0.07666213258291553
BATS,12,1056,0.07391880146328103
BATS,12,1112,0.07249318699323273
BATS,12,1160,0.07195418602227308
BATS,12,1216,0.07141628688161179
BATS,12,1280,0.07071519628035972
BATS,12,1344,0.07040558994424495
BATS,12,1408,0.07021445804492045
BATS,12,1480,0.07021445804492045
BATS,12,1552,0.07011143425258351
BATS,12,1624,0.07010096303572376
BATS,12,1704,0.07002066027640487
BATS,12,1792,0.07002066027640487
BATS,12,1880,0.07001621708627383
BATS,12,1968,0.070012198360547
BATS,12,2064,0.07001182258370517
BATS,12,2168,0.07001097222954285
BATS,12,2272,0.07001032618527717
BATS,12,2384,0.07000975996328895
BATS,13,8,1.4412493777434712
BATS,13,16,1.2405657004048587
BATS,13,24,1.2405657004048587
BATS,13,32,1.2405657004048587
BATS,13,40,1.0405124274972686
BATS,13,48,0.8581197654573213
BATS,13,56,0.8581197654573213
BATS,13,64,0.643846285362945
BATS,13,72,0.4167350210773123
BATS,13,80,0.4167350210773123
BATS,13,88,0.33456824656821366
BATS,13,96,0.2942000509590069
BATS,13,104,0.13896513341955674
BATS,13,112,0.13896513341955674
BATS,13,120,0.13896513341955674
BATS,13,128,0.13896513341955674
BATS,13,136,0.13896513341955674
BATS,13,144,0.13896513341955674
BATS,13,152,0.13896513341955674
BATS,13,160,0.13896513341955674
BATS,13,168,0.13896513341955674
BATS,13,176,0.13896513341955674
BATS,13,184,0.13896513341955674
BATS,13,192,0.13896513341955674
BATS,13,200,0.13896513341955674
BATS,13,216,0.13896513341955674
BATS,13,224,0.13896513341955674
BATS,13,232,0.13896513341955674
BATS,13,248,0.13896513341955674
BATS,13,256,0.13896513341955674
BATS,13,272,0.13896513341955674
BATS,13,280,0.13896513341955674
BATS,13,296,0.13896513341955674
BATS,13,312,0.13896513341955674
BATS,13,328,0.13896513341955674
BATS,13,344,0.13896513341955674
BATS,13,360,0.13896513341955674
BATS,13,376,0.13896513341955674
BATS,13,392,0.13896513341955674
BATS,13,416,0.13896513341955674
BATS,13,432,0.13896513341955674
BATS,13,456,0.13896513341955674
BATS,13,480,0.13896513341955674
BATS,13,496,0.13896513341955674
BATS,13,528,0.13896513341955674
BATS,13,552,0.13896513341955674
BATS,13,576,0.13896513341955674
BATS,13,608,0.13896513341955674
BATS,13,632,0.13896513341955674
BATS,13,664,0.13522726145683822
BATS,13,696,0.1338700060816207
BATS,13,728,0.13284842349570253
BATS,13,768,0.13284842349570253
BATS,13,808,0.12439688190920223
BATS,13,840,0.11251547990218955
BATS,13,888,0.09818898420984196
BATS,13,928,0.07007109707466304
BATS,13,976,0.04264252138857009
BATS,13,1016,0.04169712058524546
BATS,13,1072,0.04169712058524546
BATS,13,1120,0.04169712058524546
BATS,13,1176,0.041047362390298804
BATS,13,1232,0.0398721644311549
BATS,13,1296,0.039514504088535254
BATS,13,1360,0.039039387126187826
BATS,13,1424,0.03884293808518316
BATS,13,1488,0.038495283145647465
BATS,13,1568,0.038393179566394
BATS,13,1640,0.03838357204942441
BATS,13,1720,0.03836476436257412
BATS,13,1808,0.038357481162657435
BATS,13,1888,0.03834734699166291
BATS,13,1984,0.0383430996744865
BATS,13,2080,0.0383430996744865
BATS,13,2184,0.0383430996744865
BATS,13,2288,0.0383430996744865
BATS,14,8,1.796484789567116
BATS,14,16,1.1473328661138997
BATS,14,24,0.6946196392652524
BATS,14,32,0.4509716051025107
BATS,14,40,0.4509716051025107
BATS,14,48,0.4509716051025107
BATS,14,56,0.4509716051025107
BATS,14,64,0.4509716051025107
BATS,14,72,0.1823325483345505
BATS,14,80,0.1823325483345505
BATS,14,88,0.1823325483345505
BATS,14,96,0.1823325483345505
BATS,14,104,0.1823325483345505
BATS,14,112,0.1823325483345505
BATS,14,120,0.1823325483345505
BATS,14,128,0.1823325483345505
BATS,14,136,0.1823325483345505
BATS,14,144,0.1823325483345505
BATS,14,152,0.1823325483345505
BATS,14,160,0.17597919705123563
BATS,14,168,0.17597919705123563
BATS,14,176,0.17597919705123563
BATS,14,184,0.17597919705123563
BATS,14,192,0.17597919705123563
BATS,14,200,0.17597919705123563
BATS,14,208,0.17597919705123563
BATS,14,216,0.17597919705123563
BATS,14,232,0.17597919705123563
BATS,14,240,0.17597919705123563
BATS,14,256,0.17597919705123563
BATS,14,264,0.14966618136514304
BATS,14,280,0.14009350844102966
BATS,14,288,0.14009350844102966
BATS,14,304,0.14009350844102966
BATS,14,320,0.14009350844102966
BATS,14,336,0.13262291781552915
BATS,14,352,0.13121885703130587
BATS,14,368,0.13121885703130587
BATS,14,384,0.13121885703130587
BATS,14,408,0.13001056309709638
BATS,14,424,0.12920747037892458
BATS,14,448,0.12807633120093015
BATS,14,464,0.12807633120093015
BATS,14,488,0.12807633120093015
BATS,14,512,0.12807633120093015
BATS,14,536,0.1273379314681617
BATS,14,560,0.1264863144144529
BATS,14,592,0.12186977294193636
BATS,14,616,0.11854104221396991
BATS,14,648,0.10272552318221294
BATS,14,680,0.08756816337266449
BATS,14,712,0.08756816337266449
BATS,14,744,0.07301714860563402
BATS,14,784,0.07234785734755605
BATS,14,824,0.06647363579305149
BATS,14,864,0.06647363579305149
BATS,14,904,0.06647363579305149
BATS,14,944,0.06168054455146308
BATS,14,992,0.05772877438124674
BATS,14,1040,0.05772877438124674
BATS,14,1088,0.05480322203887606
BATS,14,1144,0.04303731329849093
BATS,14,1200,0.035207775017453445
BATS,14,1256,0.03468106087128913
BATS,14,1320,0.03133211404165673
BATS,14,1384,0.027597701380720395
BATS,14,1448,0.025181773112112196
BATS,14,1520,0.02424133931628968
BATS,14,1592,0.024062412176737352
BATS,14,1672,0.024053988123661493
BATS,14,1752,0.024052614387138183
BATS,14,1832,0.02405253913715793
BATS,14,1920,0.02405253827248095
BATS,14,2016,0.024052538252452536
BATS,14,2112,0.024052538194651123
BATS,14,2216,0.024052538192922957
BATS,15,8,1.2289828975196142
BATS,15,16,0.25435539338547813
BATS,15,24,0.25435539338547813
BATS,15,32,0.25435539338547813
BATS,15,40,0.25435539338547813
BATS,15,48,0.25435539338547813
BATS,15,56,0.25435539338547813
BATS,15,64,0.25435539338547813
BATS,15,72,0.25435539338547813
BATS,15,80,0.25435539338547813
BATS,15,88,0.25435539338547813
BATS,15,96,0.25435539338547813
BATS,15,104,0.25435539338547813
BATS,15,112,0.25435539338547813
BATS,15,120,0.25435539338547813
BATS,15,128,0.25435539338547813
BATS,15,136,0.25435539338547813
BATS,15,144,0.25435539338547813
BATS,15,152,0.25435539338547813
BATS,15,160,0.23903860097120241
BATS,15,168,0.23903860097120241
BATS,15,176,0.23593662286670297
BATS,15,184,0.21954046049889597
BATS,15,192,0.21954046049889597
BATS,15,200,0.21954046049889597
BATS,15,208,0.21954046049889597
BATS,15,216,0.19980168847823743
BATS,15,224,0.18934891831579875
BATS,15,240,0.18934891831579875
BATS,15,248,0.18934891831579875
BATS,15,264,0.1865594822505874
BATS,15,272,0.18320907810295367
BATS,15,288,0.15946801895791465
BATS,15,304,0.15946801895791465
BATS,15,312,0.15946801895791465
BATS,15,328,0.15810088487590207
BATS,15,344,0.15810088487590207
BATS,15,360,0.15270903313752998
BATS,15,376,0.14609263841751755
BATS,15,400,0.14609263841751755
BATS,15,416,0.14609263841751755
BATS,15,440,0.13959108068306414
BATS,15,456,0.13959108068306414
BATS,15,480,0.1350548171497686
BATS,15,504,0.1350548171497686
BATS,15,528,0.1350548171497686
BATS,15,552,0.1350548171497686
BATS,15,576,0.13379337862734517
BATS,15,608,0.1325386303887966
BATS,15,632,0.13103271194623722
BATS,15,664,0.1273764790846869
BATS,15,696,0.11914189161734627
BATS,15,728,0.11222767403579435
BATS,15,760,0.10400511032063063
BATS,15,800,0.08358298518423746
BATS,15,840,0.07949881823566043
BATS,15,880,0.07610078651391602
BATS,15,920,0.07610078651391602
BATS,15,960,0.07527519296315704
BATS,15,1008,0.07527519296315704
BATS,15,1056,0.06222510090000661
BATS,15,1104,0.056982478729295835
BATS,15,1160,0.05648952475396558
BATS,15,1216,0.052358358577930884
BATS,15,1272,0.039751299785081864
BATS,15,1328,0.039751299785081864
BATS,15,1392,0.028101736427295965
BATS,15,1464,0.024868042010225043
BATS,15,1528,0.024868042010225043
BATS,15,1608,0.024739513352018298
BATS,15,1680,0.024173285305772098
BATS,15,1760,0.02405459259569482
BATS,15,1848,0.024052740106657994
BATS,15,1936,0.024052540569593096
BATS,15,2024,0.024052538409626248
BATS,16,8,0.6876099537260532
BATS,16,16,0.6812209344533192
BATS,16,24,0.3826874364218853
BATS,16,32,0.3826874364218853
BATS,16,40,0.3826874364218853
BATS,16,48,0.26521561715345277
BATS,16,56,0.26521561715345277
BATS,16,64,0.26521561715345277
BATS,16,72,0.26521561715345277
BATS,16,80,0.26521561715345277
BATS,16,88,0.26521561715345277
BATS,16,96,0.26521561715345277
BATS,16,104,0.26521561715345277
BATS,16,112,0.26521561715345277
BATS,16,120,0.25800240742602126
BATS,16,128,0.25580917824041866
BATS,16,136,0.2485358267933505
BATS,16,144,0.2485358267933505
BATS,16,152,0.2485358267933505
BATS,16,160,0.2318964075464482
BATS,16,168,0.2318964075464482
BATS,16,176,0.2221803245950818
BATS,16,184,0.21099703524353142
BATS,16,192,0.21099703524353142
BATS,16,200,0.21099703524353142
BATS,16,208,0.21099703524353142
BATS,16,216,0.21099703524353142
BATS,16,232,0.19747417000052556
BATS,16,240,0.1962151699956117
BATS,16,256,0.15557071521413815
BATS,16,264,0.15557071521413815
BATS,16,280,0.15557071521413815
BATS,16,288,0.15557071521413815
BATS,16,304,0.13228968925126786
BATS,16,320,0.13228968925126786
BATS,16,336,0.1256386128055846
BATS,16,352,0.1256386128055846
BATS,16,368,0.1256386128055846
BATS,16,384,0.1256386128055846
BATS,16,408,0.1256386128055846
BATS,16,424,0.12554202537122958
BATS,16,448,0.12554202537122958
BATS,16,464,0.1217754639585494
BATS,16,488,0.11361590314001528
BATS,16,512,0.10983959939261546
BATS,16,536,0.10462255034379667
BATS,16,560,0.10462255034379667
BATS,16,592,0.10197536880595069
BATS,16,616,0.09519147208355247
BATS,16,648,0.09487460325681751
BATS,16,680,0.09261549562018503
BATS,16,712,0.09261549562018503
BATS,16,744,0.09140145897215064
BATS,16,784,0.08124691263682596
BATS,16,824,0.07663683620296216
BATS,16,864,0.07146207856069349
BATS,16,904,0.06544510598098847
BATS,16,944,0.061030632977654514
BATS,16,992,0.05909265789005206
BATS,16,1040,0.05697614820983277
BATS,16,1088,0.051234092917044345
BATS,16,1144,0.04696025005567051
BATS,16,1200,0.041122309081648545
BATS,16,1256,0.0384536297015195
BATS,16,1320,0.027725474907545466
BATS,16,1384,0.016818957281902927
BATS,16,1448,0.01596966186950301
BATS,16,1520,0.011534228203727561
BATS,16,1592,0.011534228203727561
BATS,16,1672,0.010749047556947068
BATS,16,1752,0.009161228557208387
BATS,16,1832,0.0055411494257626434
BATS,16,1920,0.002496094907641077
BATS,16,2016,0.0010595192035283778
BATS,16,2112,0.00010527593591005723
BATS,16,2216,5.3785947606190836e-05
BATS,17,8,0.9042087218517586
BATS,17,16,0.6275780369212777
BATS,17,24,0.5425556046114729
BATS,17,32,0.4121336240311988
BATS,17,40,0.4121336240311988
BATS,17,48,0.2531957482503494
BATS,17,56,0.24703496441649186
BATS,17,64,0.21585563546993877
BATS,17,72,0.09518657511852448
BATS,17,80,0.09518657511852448
BATS,17,88,0.09518657511852448
BATS,17,96,0.09518657511852448
BATS,17,104,0.09518657511852448
BATS,17,112,0.09518657511852448
BATS,17,120,0.09518657511852448
BATS,17,128,0.09518657511852448
BATS,17,136,0.09518657511852448
BATS,17,144,0.09518657511852448
BATS,17,152,0.09518657511852448
BATS,17,160,0.09518657511852448
BATS,17,168,0.09518657511852448
BATS,17,176,0.09518657511852448
BATS,17,184,0.09518657511852448
BATS,17,192,0.09518657511852448
BATS,17,200,0.09518657511852448
BATS,17,216,0.09518657511852448
BATS,17,224,0.09518657511852448
BATS,17,232,0.09518657511852448
BATS,17,248,0.09518657511852448
BATS,17,256,0.09518657511852448
BATS,17,272,0.09518657511852448
BATS,17,288,0.09518657511852448
BATS,17,296,0.09518657511852448
BATS,17,312,0.09518657511852448
BATS,17,328,0.09518657511852448
BATS,17,344,0.09518657511852448
BATS,17,360,0.09518657511852448
BATS,17,376,0.09518657511852448
BATS,17,400,0.09518657511852448
BATS,17,416,0.09518657511852448
BATS,17,440,0.08179524775932973
BATS,17,456,0.08179524775932973
BATS,17,480,0.08179524775932973
BATS,17,504,0.08179524775932973
BATS,17,528,0.07953574725644758
BATS,17,552,0.07709460524256066
BATS,17,584,0.07239764347715658
BATS,17,608,0.06887929464012381
BATS,17,640,0.06887929464012381
BATS,17,672,0.06524815410630909
BATS,17,704,0.06133827233096855
BATS,17,736,0.06036203414029242
BATS,17,776,0.05912172799912808
BATS,17,808,0.053512067434437836
BATS,17,848,0.04990767060549045
BATS,17,896,0.04709756453409121
BATS,17,936,0.04617004150656658
BATS,17,984,0.043307474200538855
BATS,17,1032,0.04157929551769005
BATS,17,1080,0.03823302773076155
BATS,17,1128,0.036970549340741544
BATS,17,1184,0.03636112782803522
BATS,17,1248,0.033190744818170796
BATS,17,1304,0.01016589770278817
BATS,17,1368,0.01016589770278817
BATS,17,1440,0.01016589770278817
BATS,17,1504,0.01016589770278817
BATS,17,1576,0.01016589770278817
BATS,17,1656,0.006251253341527564
BATS,17,1736,0.00255414581048394
BATS,17,1824,0.0010653528854656072
BATS,17,1912,0.0010653528854656072
BATS,17,2008,0.0009312455293041914
BATS,17,2104,0.00019736598961657618
BATS,17,2208,7.334397581731639e-05
BATS,17,2312,2.833744126984158e-06
BATS,18,8,1.5600412400747743
BATS,18,16,0.5432338891037083
BATS,18,24,0.5432338891037083
BATS,18,32,0.4513306706951984
BATS,18,40,0.4513306706951984
BATS,18,48,0.4513306706951984
BATS,18,56,0.32011535642136496
BATS,18,64,0.32011535642136496
BATS,18,72,0.32011535642136496
BATS,18,80,0.32011535642136496
BATS,18,88,0.32011535642136496
BATS,18,96,0.32011535642136496
BATS,18,104,0.32011535642136496
BATS,18,112,0.29723316480179274
BATS,18,120,0.29723316480179274
BATS,18,128,0.29723316480179274
BATS,18,136,0.29723316480179274
BATS,18,144,0.26789458074238715
BATS,18,152,0.26789458074238715
BATS,18,160,0.24930993571009646
BATS,18,168,0.24930993571009646
BATS,18,176,0.24930993571009646
BATS,18,184,0.24930993571009646
BATS,18,192,0.24930993571009646
BATS,18,200,0.2436704164833473
BATS,18,208,0.2436704164833473
BATS,18,224,0.2436704164833473
BATS,18,232,0.2436704164833473
BATS,18,240,0.2436704164833473
BATS,18,256,0.2436704164833473
BATS,18,264,0.2436704164833473
BATS,18,280,0.2436704164833473
BATS,18,296,0.18595818641001194
BATS,18,304,0.18588651585575172
BATS,18,320,0.17709314495202855
BATS,18,336,0.17709314495202855
BATS,18,352,0.16255922540474693
BATS,18,368,0.1580466869417165
BATS,18,384,0.15520118170112043
BATS,18,400,0.1480765060226017
BATS,18,424,0.1480765060226017
BATS,18,440,0.14556507941590635
BATS,18,464,0.14556507941590635
BATS,18,488,0.14421181776328487
BATS,18,512,0.1273087545816442
BATS,18,536,0.11728530419248392
BATS,18,560,0.11728530419248392
BATS,18,584,0.0996415245814099
BATS,18,608,0.08987372198735273
BATS,18,640,0.07534113999829448
BATS,18,672,0.06111618405046924
BATS,18,704,0.04928172210167806
BATS,18,736,0.04928172210167806
BATS,18,768,0.04928172210167806
BATS,18,808,0.04928172210167806
BATS,18,840,0.04928172210167806
BATS,18,880,0.04928172210167806
BATS,18,928,0.048525682813174036
BATS,18,968,0.04349457488520024
BATS,18,1016,0.03961478664874438
BATS,18,1064,0.03459338081495829
BATS,18,1112,0.02452403791190747
BATS,18,1168,0.019423134706744335
BATS,18,1224,0.018824284961369925
BATS,18,1280,0.017234752247036984
BATS,18,1336,0.01409720042159396
BATS,18,1400,0.010886267613969464
BATS,18,1464,0.009158818056908258
BATS,18,1536,0.0052026624009501405
BATS,18,1608,0.002749322020979346
BATS,18,1688,0.00117616712858593
BATS,18,1768,0.0002760637267527967
BATS,18,1848,5.0761432545742283e-05
BATS,18,1936,9.83169071592748e-06
BATS,19,8,0.31466936294065195
BATS,19,16,0.31466936294065195
BATS,19,24,0.2909618096229772
BATS,19,32,0.2909618096229772
BATS,19,40,0.2909618096229772
BATS,19,48,0.2909618096229772
BATS,19,56,0.2909618096229772
BATS,19,64,0.2909618096229772
BATS,19,72,0.2909618096229772
BATS,19,80,0.2909618096229772
BATS,19,88,0.2909618096229772
BATS,19,96,0.2909618096229772
BATS,19,104,0.2909618096229772
BATS,19,112,0.2909618096229772
BATS,19,120,0.2909618096229772
BATS,19,128,0.2458123432837106
BATS,19,136,0.2458123432837106
BATS,19,144,0.2458123432837106
BATS,19,152,0.2458123432837106
BATS,19,160,0.2458123432837106
BATS,19,168,0.22757028763184278
BATS,19,176,0.22757028763184278
BATS,19,184,0.22757028763184278
BATS,19,192,0.22757028763184278
BATS,19,200,0.20464351339878964
BATS,19,216,0.20464351339878964
BATS,19,224,0.20464351339878964
BATS,19,232,0.20464351339878964
BATS,19,240,0.20464351339878964
BATS,19,256,0.18649077934844413
BATS,19,264,0.17462217430816884
BATS,19,280,0.1569597308846441
BATS,19,288,0.1569597308846441
BATS,19,304,0.1569597308846441
BATS,19,320,0.1569597308846441
BATS,19,328,0.1569597308846441
BATS,19,344,0.14722774146686804
BATS,19,360,0.14722774146686804
BATS,19,376,0.1313105133460872
BATS,19,392,0.1284731378606337
BATS,19,416,0.1284731378606337
BATS,19,432,0.12413057719237641
BATS,19,448,0.10979154380756675
BATS,19,472,0.10979154380756675
BATS,19,496,0.10726952916484987
BATS,19,512,0.1050638941966484
BATS,19,536,0.09864446825179952
BATS,19,560,0.09173186321665344
BATS,19,592,0.09044188426288978
BATS,19,616,0.08692684615367344
BATS,19,640,0.08423266519483028
BATS,19,672,0.07300592277872547
BATS,19,704,0.06800236755659467
BATS,19,736,0.06800236755659467
BATS,19,768,0.05872426609691342
BATS,19,800,0.052592288684172706
BATS,19,840,0.051916038829448084
BATS,19,880,0.051916038829448084
BATS,19,920,0.048892932968125934
BATS,19,960,0.048892932968125934
BATS,19,1000,0.048704802808745035
BATS,19,1048,0.048655985548477845
BATS,19,1096,0.04861194294289162
BATS,19,1144,0.048552018514723246
BATS,19,1192,0.048548285615456835
BATS,19,1248,0.04854594383121202
BATS,19,1304,0.048545858481959796
BATS,19,1368,0.04854554561176401
BATS,19,1424,0.0485452929516516
BATS,19,1496,0.04854528105527232
BATS,19,1560,0.04854528105527232
BATS,2,8,0.6401546203778817
BATS,2,16,0.5641735433141635
BATS,2,24,0.55041097273538
BATS,2,32,0.5269158211880146
BATS,2,40,0.5269158211880146
BATS,2,48,0.5201088337965993
BATS,2,56,0.5201088337965993
BATS,2,64,0.5201088337965993
BATS,2,72,0.5201088337965993
BATS,2,80,0.3257352116069678
BATS,2,88,0.21874816393434862
BATS,2,96,0.21874816393434862
BATS,2,104,0.21874816393434862
BATS,2,112,0.21874816393434862
BATS,2,120,0.14207769810855495
BATS,2,128,0.14207769810855495
BATS,2,136,0.14207769810855495
BATS,2,144,0.14207769810855495
BATS,2,152,0.14207769810855495
BATS,2,160,0.14207769810855495
BATS,2,168,0.14207769810855495
BATS,2,176,0.14207769810855495
BATS,2,184,0.14207769810855495
BATS,2,192,0.14207769810855495
BATS,2,200,0.14207769810855495
BATS,2,208,0.14207769810855495
BATS,2,216,0.12153006701224046
BATS,2,224,0.12153006701224046
BATS,2,240,0.12153006701224046
BATS,2,248,0.12153006701224046
BATS,2,264,0.12153006701224046
BATS,2,272,0.12153006701224046
BATS,2,288,0.11345608388316458
BATS,2,296,0.11345608388316458
BATS,2,312,0.10703184510996588
BATS,2,328,0.10286522238022663
BATS,2,344,0.09656542530025489
BATS,2,360,0.09626734217890698
BATS,2,376,0.09308949559469638
BATS,2,392,0.08785974921571882
BATS,2,416,0.0866711340398159
BATS,2,432,0.0866711340398159
BATS,2,448,0.08220353597845688
BATS,2,472,0.07198979232003616
BATS,2,496,0.07198979232003616
BATS,2,520,0.06505125911467372
BATS,2,544,0.06345145056988344
BATS,2,568,0.055032496117240315
BATS,2,592,0.05393476046061391
BATS,2,624,0.048435485593538906
BATS,2,656,0.04778627280915859
BATS,2,680,0.04760508574284968
BATS,2,712,0.0453255282311031
BATS,2,752,0.04403689110573611
BATS,2,784,0.04121926695612464
BATS,2,824,0.039803245213780356
BATS,2,856,0.037909468413386264
BATS,2,896,0.03664603029850349
BATS,2,944,0.0365059900991905
BATS,2,984,0.03637786355784178
BATS,2,1032,0.0358490338479327
BATS,2,1080,0.03052272285126209
BATS,2,1128,0.018394680363417598
BATS,2,1184,0.012912191940405257
BATS,2,1240,0.011018144311025315
BATS,2,1296,0.011018144311025315
BATS,2,1360,0.004712418913369669
BATS,2,1424,0.0032339621729987104
BATS,2,1488,0.0018846273322580395
BATS,2,1560,0.001298713460664626
BATS,2,1632,0.0010086201200409
BATS,2,1704,0.0005813505890124057
BATS,2,1792,0.00010527283914064182
BATS,2,1872,2.7025392675686133e-05
BATS,3,8,1.0245556213794706
BATS,3,16,0.7047323669963632
BATS,3,24,0.6127088561921358
BATS,3,32,0.46747345508578364
BATS,3,40,0.2694578598026001
BATS,3,48,0.2694578598026001
BATS,3,56,0.2694578598026001
BATS,3,64,0.2694578598026001
BATS,3,72,0.2694578598026001
BATS,3,80,0.22363564781000314
BATS,3,88,0.22363564781000314
BATS,3,96,0.22363564781000314
BATS,3,104,0.22363564781000314
BATS,3,112,0.22363564781000314
BATS,3,120,0.22363564781000314
BATS,3,128,0.22363564781000314
BATS,3,136,0.22363564781000314
BATS,3,144,0.22363564781000314
BATS,3,152,0.22363564781000314
BATS,3,160,0.22363564781000314
BATS,3,168,0.22363564781000314
BATS,3,176,0.22363564781000314
BATS,3,184,0.22363564781000314
BATS,3,192,0.22363564781000314
BATS,3,208,0.22363564781000314
BATS,3,216,0.22363564781000314
BATS,3,224,0.22363564781000314
BATS,3,240,0.22363564781000314
BATS,3,248,0.22363564781000314
BATS,3,264,0.22363564781000314
BATS,3,272,0.218804967224737
BATS,3,288,0.2099441664837391
BATS,3,304,0.2099441664837391
BATS,3,320,0.2099441664837391
BATS,3,336,0.2055282497084766
BATS,3,352,0.19832876837640961
BATS,3,368,0.18578181394748416
BATS,3,384,0.18166070680298602
BATS,3,408,0.16477818501540292
BATS,3,424,0.16187727304025556
BATS,3,448,0.16187727304025556
BATS,3,472,0.16179301408743285
BATS,3,496,0.1579521220720182
BATS,3,520,0.15750175528997773
BATS,3,544,0.15513789243005124
BATS,3,576,0.15513789243005124
BATS,3,600,0.15323042269777423
BATS,3,632,0.14562337717798035
BATS,3,664,0.14232624892088896
BATS,3,696,0.13552497131422706
BATS,3,736,0.1171172443162278
BATS,3,768,0.1171172443162278
BATS,3,808,0.10040952665938883
BATS,3,848,0.08786552746056216
BATS,3,896,0.07908577012245122
BATS,3,936,0.07514061037663199
BATS,3,984,0.0704164217011023
BATS,3,1032,0.06748907691679278
BATS,3,1088,0.06259485713797729
BATS,3,1144,0.05984100729593671
BATS,3,1200,0.0521181786491688
BATS,3,1256,0.0521181786491688
BATS,3,1320,0.04753147614872239
BATS,3,1384,0.0443554806185842
BATS,3,1456,0.04233832121238111
BATS,3,1528,0.04057323084244129
BATS,3,1608,0.038889297136945514
BATS,3,1688,0.03725360782229449
BATS,3,1776,0.03661069464909629
BATS,3,1864,0.03626258084105505
BATS,3,1960,0.03618981151948948
BATS,3,2056,0.036188976521604986
BATS,3,2160,0.0361770701981883
BATS,3,2264,0.03617452851868225
BATS,3,2384,0.036168567434366174
BATS,3,2504,0.03616595866857711
BATS,3,2624,0.03616587383873943
BATS,3,2760,0.03616585206516392
BATS,4,8,0.8993167053267958
BATS,4,16,0.8993167053267958
BATS,4,24,0.8993167053267958
BATS,4,32,0.7433459796015742
BATS,4,40,0.3714656766441035
BATS,4,48,0.3714656766441035
BATS,4,56,0.33670981389811694
BATS,4,64,0.33670981389811694
BATS,4,72,0.33670981389811694
BATS,4,80,0.33670981389811694
BATS,4,88,0.32681979105934617
BATS,4,96,0.32681979105934617
BATS,4,104,0.32681979105934617
BATS,4,112,0.32681979105934617
BATS,4,120,0.32681979105934617
BATS,4,128,0.32681979105934617
BATS,4,136,0.32681979105934617
BATS,4,144,0.32681979105934617
BATS,4,152,0.25585257538277467
BATS,4,160,0.25585257538277467
BATS,4,168,0.25585257538277467
BATS,4,176,0.25585257538277467
BATS,4,184,0.25585257538277467
BATS,4,192,0.25585257538277467
BATS,4,200,0.25585257538277467
BATS,4,208,0.25585257538277467
BATS,4,224,0.25585257538277467
BATS,4,232,0.23212976907808028
BATS,4,248,0.23212976907808028
BATS,4,256,0.23212976907808028
BATS,4,272,0.1986011083529891
BATS,4,280,0.19387553173002173
BATS,4,296,0.19387553173002173
BATS,4,312,0.19387553173002173
BATS,4,328,0.1717261411467762
BATS,4,344,0.17124113265050378
BATS,4,360,0.16123338940369691
BATS,4,376,0.15345176123519344
BATS,4,400,0.15345176123519344
BATS,4,416,0.15345176123519344
BATS,4,440,0.15345176123519344
BATS,4,464,0.15040268211818336
BATS,4,488,0.1413201512050751
BATS,4,512,0.13983891144021568
BATS,4,536,0.13983891144021568
BATS,4,560,0.1376117533311486
BATS,4,592,0.1376117533311486
BATS,4,616,0.1376117533311486
BATS,4,648,0.1376117533311486
BATS,4,680,0.13611474922800276
BATS,4,720,0.13611474922800276
BATS,4,752,0.13611474922800276
BATS,4,792,0.13611474922800276
BATS,4,832,0.13611474922800276
BATS,4,872,0.1352832640481975
BATS,4,912,0.13278257956642806
BATS,4,960,0.13028830752601162
BATS,4,1008,0.12636398568691568
BATS,4,1056,0.11758172980110997
BATS,4,1112,0.11405926086599619
BATS,4,1168,0.09773088443274709
BATS,4,1224,0.07304098297516125
BATS,4,1288,0.054509481128431424
BATS,4,1352,0.054509481128431424
BATS,4,1424,0.054509481128431424
BATS,4,1488,0.051532654502131625
BATS,4,1568,0.041107632629553706
BATS,4,1648,0.03554846828443215
BATS,4,1728,0.030994070638936548
BATS,4,1816,0.027346311932194424
BATS,4,1904,0.024555283810688302
BATS,4,2000,0.024104643061951293
BATS,4,2096,0.024063607792911543
BATS,4,2208,0.024052717552673276
BATS,4,2312,0.02405254333042496
BATS,4,2432,0.024052538263736108
BATS,4,2552,0.024052538236819805
BATS,4,2680,0.024052538194769747
BATS,5,8,0.33820400810349843
BATS,5,16,0.33820400810349843
BATS,5,24,0.33820400810349843
BATS,5,32,0.33820400810349843
BATS,5,40,0.2757154262589836
BATS,5,48,0.2554810940734213
BATS,5,56,0.2554810940734213
BATS,5,64,0.2554810940734213
BATS,5,72,0.2554810940734213
BATS,5,80,0.2554810940734213
BATS,5,88,0.2554810940734213
BATS,5,96,0.2554810940734213
BATS,5,104,0.2554810940734213
BATS,5,112,0.2554810940734213
BATS,5,120,0.2554810940734213
BATS,5,128,0.2554810940734213
BATS,5,136,0.2554810940734213
BATS,5,144,0.2554810940734213
BATS,5,152,0.2554810940734213
BATS,5,160,0.2554810940734213
BATS,5,168,0.2554810940734213
BATS,5,176,0.2554810940734213
BATS,5,184,0.2554810940734213
BATS,5,192,0.2554810940734213
BATS,5,200,0.2554810940734213
BATS,5,216,0.2554810940734213
BATS,5,224,0.2554810940734213
BATS,5,232,0.2554810940734213
BATS,5,248,0.2554810940734213
BATS,5,264,0.2554810940734213
BATS,5,272,0.2554810940734213
BATS,5,288,0.2554810940734213
BATS,5,304,0.2554810940734213
BATS,5,320,0.2554810940734213
BATS,5,336,0.2525006126373763
BATS,5,352,0.2525006126373763
BATS,5,368,0.250923205132917
BATS,5,384,0.24758138650663022
BATS,5,408,0.24557204507226887
BATS,5,432,0.2409916784452461
BATS,5,448,0.22866265960701054
BATS,5,472,0.2062821036053218
BATS,5,496,0.18564317481331788
BATS,5,520,0.18564317481331788
BATS,5,552,0.17780845804842418
BATS,5,576,0.17073589810091933
BATS,5,608,0.16331162403280866
BATS,5,640,0.14847065985426836
BATS,5,672,0.14692135198177067
BATS,5,704,0.14426642496343986
BATS,5,744,0.14005107295947725
BATS,5,776,0.13699123478580164
BATS,5,816,0.13548094621023693
BATS,5,864,0.13169390586433993
BATS,5,904,0.13169390586433993
BATS,5,952,0.13169390586433993
BATS,5,1000,0.13162623390253483
BATS,5,1048,0.1315021409032707
BATS,5,1104,0.13027970556734794
BATS,5,1160,0.12970397446911527
BATS,5,1216,0.12799775865785365
BATS,5,1280,0.12334984929421712
BATS,5,1344,0.12120844777536648
BATS,5,1416,0.11871333896803823
BATS,5,1488,0.11769710969158617
BATS,5,1560,0.11592463388377094
BATS,5,1640,0.1075032100323356
BATS,5,1728,0.09272042366330224
BATS,5,1816,0.0853742930317899
BATS,5,1904,0.08236696923862125
BATS,5,2008,0.07318479942937993
BATS,5,2104,0.05097647947401982
BATS,5,2216,0.04290600673583116
BATS,5,2328,0.04290600673583116
BATS,5,2448,0.04290600673583116
BATS,5,2568,0.04290600673583116
BATS,5,2704,0.04290600673583116
BATS,5,2840,0.04290600673583116
BATS,5,2984,0.04290600673583116
BATS,6,8,0.5548420462029612
BATS,6,16,0.16270132653867536
BATS,6,24,0.16270132653867536
BATS,6,32,0.16270132653867536
BATS,6,40,0.16270132653867536
BATS,6,48,0.16270132653867536
BATS,6,56,0.16270132653867536
BATS,6,64,0.16270132653867536
BATS,6,72,0.16270132653867536
BATS,6,80,0.16270132653867536
BATS,6,88,0.16270132653867536
BATS,6,96,0.16270132653867536
BATS,6,104,0.16270132653867536
BATS,6,112,0.16270132653867536
BATS,6,120,0.16270132653867536
BATS,6,128,0.16270132653867536
BATS,6,136,0.16270132653867536
BATS,6,144,0.16270132653867536
BATS,6,152,0.16270132653867536
BATS,6,160,0.16270132653867536
BATS,6,168,0.16270132653867536
BATS,6,176,0.16270132653867536
BATS,6,184,0.16270132653867536
BATS,6,192,0.16270132653867536
BATS,6,200,0.16270132653867536
BATS,6,208,0.16270132653867536
BATS,6,224,0.16270132653867536
BATS,6,232,0.16270132653867536
BATS,6,240,0.16270132653867536
BATS,6,256,0.16270132653867536
BATS,6,264,0.16270132653867536
BATS,6,280,0.16270132653867536
BATS,6,296,0.16270132653867536
BATS,6,304,0.16270132653867536
BATS,6,320,0.16270132653867536
BATS,6,336,0.16270132653867536
BATS,6,352,0.16270132653867536
BATS,6,368,0.16270132653867536
BATS,6,392,0.16270132653867536
BATS,6,408,0.16270132653867536
BATS,6,424,0.1604993565950979
BATS,6,448,0.15958046288380714
BATS,6,472,0.15958046288380714
BATS,6,496,0.15578613666257213
BATS,6,520,0.15360135446915946
BATS,6,544,0.15020219852969333
BATS,6,568,0.14224082241221758
BATS,6,592,0.14205826816382755
BATS,6,624,0.13986182120051957
BATS,6,656,0.1365908496920093
BATS,6,688,0.13434276444850177
BATS,6,720,0.1284174447857378
BATS,6,752,0.12274126884546678
BATS,6,792,0.11628210710528795
BATS,6,832,0.10802213298971561
BATS,6,872,0.10153694492838714
BATS,6,912,0.09385366314363268
BATS,6,952,0.08847544697245735
BATS,6,1000,0.0809222162368961
BATS,6,1048,0.08088597091813392
BATS,6,1104,0.07870267259787816
BATS,6,1152,0.07730446159579216
BATS,6,1208,0.07619692464102036
BATS,6,1272,0.07265981457815482
BATS,6,1328,0.07016535319516667
BATS,6,1392,0.058732694789788674
BATS,6,1464,0.051939453690356206
BATS,6,1536,0.04977025911125187
BATS,6,1608,0.0494859291155677
BATS,6,1688,0.049007279622091275
BATS,6,1768,0.04867077620856951
BATS,6,1856,0.048544945280326636
BATS,6,1944,0.04847372484075793
BATS,6,2040,0.04842830041838996
BATS,6,2136,0.048412155378051006
BATS,6,2240,0.04841205414421864
BATS,7,8,1.1558814432673488
BATS,7,16,0.816885487671058
BATS,7,24,0.816885487671058
BATS,7,32,0.816885487671058
BATS,7,40,0.816885487671058
BATS,7,48,0.816885487671058
BATS,7,56,0.5315599476714283
BATS,7,64,0.30471241178006603
BATS,7,72,0.29165123719981334
BATS,7,80,0.29165123719981334
BATS,7,88,0.29165123719981334
BATS,7,96,0.29165123719981334
BATS,7,104,0.29165123719981334
BATS,7,112,0.2770147551647679
BATS,7,120,0.2770147551647679
BATS,7,128,0.2770147551647679
BATS,7,136,0.2770147551647679
BATS,7,144,0.2770147551647679
BATS,7,152,0.27644425203275164
BATS,7,160,0.27644425203275164
BATS,7,168,0.269600913174287
BATS,7,176,0.2653666567419393
BATS,7,184,0.25626203310544615
BATS,7,192,0.2420055995673879
BATS,7,200,0.24044828191865775
BATS,7,208,0.24044828191865775
BATS,7,224,0.2243566873343036
BATS,7,232,0.2243566873343036
BATS,7,248,0.2243566873343036
BATS,7,256,0.2243566873343036
BATS,7,272,0.2243566873343036
BATS,7,288,0.2243566873343036
BATS,7,296,0.2243566873343036
BATS,7,312,0.21442674079033916
BATS,7,328,0.21442674079033916
BATS,7,344,0.21050604733569386
BATS,7,368,0.18698555753452414
BATS,7,384,0.1663635923152503
BATS,7,400,0.1663635923152503
BATS,7,424,0.1663635923152503
BATS,7,448,0.1663635923152503
BATS,7,472,0.1596416542050618
BATS,7,488,0.1596416542050618
BATS,7,520,0.1596416542050618
BATS,7,544,0.1559681900019876
BATS,7,568,0.14602440437433142
BATS,7,600,0.1437603954167318
BATS,7,632,0.1437603954167318
BATS,7,664,0.1437603954167318
BATS,7,696,0.14104545072470176
BATS,7,728,0.14000353637001686
BATS,7,768,0.14000353637001686
BATS,7,808,0.13977375570487763
BATS,7,848,0.13781418745112695
BATS,7,896,0.1376487892164954
BATS,7,936,0.13433716318036468
BATS,7,984,0.13229932918968493
BATS,7,1032,0.1313898429281672
BATS,7,1088,0.12825035010746022
BATS,7,1144,0.12183779193082211
BATS,7,1200,0.1136365149882691
BATS,7,1264,0.07675854423195591
BATS,7,1328,0.07347536325126533
BATS,7,1392,0.07296768753587325
BATS,7,1464,0.06359221538133455
BATS,7,1544,0.04389834944838551
BATS,7,1616,0.038018283624659206
BATS,7,1704,0.03643496352381139
BATS,7,1784,0.0338412659252917
BATS,7,1880,0.02484544995255702
BATS,7,1976,0.02389405455945423
BATS,7,2072,0.02328358804726734
BATS,7,2176,0.014574999031441369
BATS,7,2288,0.014574999031441369
BATS,7,2408,0.014574999031441369
BATS,7,2528,0.014574999031441369
BATS,7,2656,0.014574999031441369
BATS,7,2792,0.014574999031441369
BATS,7,2936,0.014574999031441369
BATS,8,8,1.4110666850938454
BATS,8,16,0.1865911995640227
BATS,8,24,0.1865911995640227
BATS,8,32,0.1741461276793801
BATS,8,40,0.1741461276793801
BATS,8,48,0.1741461276793801
BATS,8,56,0.1741461276793801
BATS,8,64,0.1741461276793801
BATS,8,72,0.1741461276793801
BATS,8,80,0.1741461276793801
BATS,8,88,0.1364059471694459
BATS,8,96,0.1364059471694459
BATS,8,104,0.1364059471694459
BATS,8,112,0.1364059471694459
BATS,8,120,0.1364059471694459
BATS,8,128,0.1364059471694459
BATS,8,136,0.1364059471694459
BATS,8,144,0.1364059471694459
BATS,8,152,0.1364059471694459
BATS,8,160,0.1364059471694459
BATS,8,168,0.1364059471694459
BATS,8,176,0.1364059471694459
BATS,8,184,0.1364059471694459
BATS,8,192,0.1364059471694459
BATS,8,200,0.1364059471694459
BATS,8,208,0.1364059471694459
BATS,8,216,0.1364059471694459
BATS,8,232,0.1364059471694459
BATS,8,240,0.1364059471694459
BATS,8,248,0.1364059471694459
BATS,8,264,0.1364059471694459
BATS,8,272,0.1364059471694459
BATS,8,288,0.13096766684797853
BATS,8,304,0.12648706224611717
BATS,8,312,0.11707460778638218
BATS,8,328,0.11707460778638218
BATS,8,344,0.11707460778638218
BATS,8,360,0.11377199341166677
BATS,8,376,0.11377199341166677
BATS,8,392,0.11377199341166677
BATS,8,416,0.11286053804534754
BATS,8,432,0.10816565084530023
BATS,8,456,0.10191862768451616
BATS,8,472,0.09946729137640549
BATS,8,496,0.09637196894267107
BATS,8,520,0.09450708110529177
BATS,8,544,0.08872834907120132
BATS,8,568,0.08743535081575854
BATS,8,592,0.08406036392029573
BATS,8,624,0.07838723432187049
BATS,8,648,0.07518024593598455
BATS,8,680,0.07174873309172275
BATS,8,712,0.06442615187317818
BATS,8,744,0.06442615187317818
BATS,8,784,0.04545006708578152
BATS,8,816,0.04518488706776532
BATS,8,856,0.04242656754598873
BATS,8,896,0.03840835411757241
BATS,8,936,0.031968741637174655
BATS,8,984,0.029241858881082036
BATS,8,1024,0.027392682941583923
BATS,8,1072,0.025440713059338673
BATS,8,1120,0.025032977388475503
BATS,8,1176,0.022669691410774753
BATS,8,1232,0.019796894691914153
BATS,8,1288,0.013932917193080695
BATS,8,1344,0.008398632307983357
BATS,8,1408,0.008398632307983357
BATS,8,1472,0.0040952622865101694
BATS,8,1544,0.0015356380613035876
BATS,8,1616,0.0005957926611698534
BATS,8,1688,8.287713009971128e-05
BATS,8,1768,3.0073823482923424e-05
BATS,9,8,1.1770483244807244
BATS,9,16,0.357466763038744
BATS,9,24,0.357466763038744
BATS,9,32,0.357466763038744
BATS,9,40,0.357466763038744
BATS,9,48,0.357466763038744
BATS,9,56,0.357466763038744
BATS,9,64,0.284864328529461
BATS,9,72,0.27445904217472933
BATS,9,80,0.27445904217472933
BATS,9,88,0.27445904217472933
BATS,9,96,0.27445904217472933
BATS,9,104,0.27445904217472933
BATS,9,112,0.2570423449290812
BATS,9,120,0.22460296170044758
BATS,9,128,0.22460296170044758
BATS,9,136,0.22460296170044758
BATS,9,144,0.22460296170044758
BATS,9,152,0.22460296170044758
BATS,9,160,0.22460296170044758
BATS,9,168,0.22460296170044758
BATS,9,176,0.22460296170044758
BATS,9,184,0.22460296170044758
BATS,9,192,0.22460296170044758
BATS,9,200,0.22460296170044758
BATS,9,208,0.22460296170044758
BATS,9,224,0.22460296170044758
BATS,9,232,0.22460296170044758
BATS,9,240,0.22460296170044758
BATS,9,256,0.22460296170044758
BATS,9,272,0.22460296170044758
BATS,9,280,0.22460296170044758
BATS,9,296,0.22460296170044758
BATS,9,312,0.21397088575404455
BATS,9,328,0.199638992436267
BATS,9,344,0.1898124892713165
BATS,9,360,0.18749417557155476
BATS,9,376,0.18749417557155476
BATS,9,400,0.1691193825704141
BATS,9,416,0.15706594676764848
BATS,9,440,0.15706594676764848
BATS,9,456,0.15706594676764848
BATS,9,480,0.15706594676764848
BATS,9,504,0.15706594676764848
BATS,9,536,0.15442567915099562
BATS,9,560,0.15049761872868983
BATS,9,584,0.1488470191618051
BATS,9,616,0.14501076187034076
BATS,9,648,0.14199260728613694
BATS,9,680,0.13755091900176686
BATS,9,712,0.13632471030182688
BATS,9,752,0.12975188792963466
BATS,9,784,0.1263786078252162
BATS,9,824,0.11412506888861587
BATS,9,864,0.1010383713838878
BATS,9,912,0.08177367399054593
BATS,9,952,0.07077773859097072
BATS,9,1000,0.06412938639094684
BATS,9,1056,0.05767813740120756
BATS,9,1104,0.05334837682394856
BATS,9,1160,0.05027791867039638
BATS,9,1224,0.040724962052565136
BATS,9,1280,0.040724962052565136
BATS,9,1344,0.03649652851881752
BATS,9,1416,0.032848281267965594
BATS,9,1480,0.030396754143528992
BATS,9,1560,0.02686714256801247
BATS,9,1632,0.0267572017605949
BATS,9,1720,0.02492188509657305
BATS,9,1800,0.023731565303110293
BATS,9,1896,0.018694670855025013
BATS,9,1984,0.013648239151854088
BATS,9,2088,0.009567431993966062
BATS,9,2192,0.0023274288696636647
BATS,9,2304,0.001174923284596196
BATS,9,2416,0.000418089438006306
BATS,9,2536,0.0001985984542079782
BATS,9,2664,1.7091250274873308e-05
Canaries,0,8,0.9411221763927495
Canaries,0,16,0.9411221763927495
Canaries,0,24,0.9411221763927495
Canaries,0,32,0.9411221763927495
Canaries,0,40,0.572893329096284
Canaries,0,48,0.572893329096284
Canaries,0,56,0.572893329096284
Canaries,0,64,0.572893329096284
Canaries,0,72,0.572893329096284
Canaries,0,80,0.572893329096284
Canaries,0,88,0.41448513171156015
Canaries,0,96,0.41448513171156015
Canaries,0,104,0.41448513171156015
Canaries,0,112,0.41448513171156015
Canaries,0,120,0.3027907303758365
Canaries,0,128,0.3027907303758365
Canaries,0,136,0.3027907303758365
Canaries,0,144,0.3027907303758365
Canaries,0,152,0.3027907303758365
Canaries,0,160,0.3027907303758365
Canaries,0,168,0.3027907303758365
Canaries,0,184,0.3027907303758365
Canaries,0,192,0.3027907303758365
Canaries,0,200,0.3027907303758365
Canaries,0,208,0.3027907303758365
Canaries,0,216,0.3027907303758365
Canaries,0,232,0.3027907303758365
Canaries,0,240,0.2898074479848869
Canaries,0,248,0.2231333850468294
Canaries,0,264,0.2231333850468294
Canaries,0,280,0.2231333850468294
Canaries,0,288,0.2231333850468294
Canaries,0,304,0.2231333850468294
Canaries,0,320,0.2231333850468294
Canaries,0,336,0.2231333850468294
Canaries,0,352,0.2231333850468294
Canaries,0,368,0.2231333850468294
Canaries,0,384,0.2231333850468294
Canaries,0,408,0.2231333850468294
Canaries,0,424,0.2231333850468294
Canaries,0,448,0.2231333850468294
Canaries,0,472,0.2112818232471039
Canaries,0,496,0.20920907803373123
Canaries,0,520,0.16010830522594927
Canaries,0,544,0.11213420177417105
Canaries,0,568,0.11213420177417105
Canaries,0,600,0.10118944290918766
Canaries,0,624,0.09533703500154966
Canaries,0,656,0.09533703500154966
Canaries,0,688,0.09353395988774305
Canaries,0,720,0.09353395988774305
Canaries,0,760,0.09070142127925489
Canaries,0,792,0.09070142127925489
Canaries,0,832,0.08794687142957529
Canaries,0,872,0.07364225318299643
Canaries,0,920,0.06691379254587046
Canaries,0,960,0.048125895726087144
Canaries,0,1008,0.048125895726087144
Canaries,0,1056,0.048125895726087144
Canaries,0,1112,0.038694500138708045
Canaries,0,1168,0.03298568823914705
Canaries,0,1224,0.03298568823914705
Canaries,0,1280,0.02613257755132103
Canaries,0,1344,0.01939901786569707
Canaries,0,1416,0.016445888987048483
Canaries,0,1480,0.010713152640420175
Canaries,0,1552,0.007064287920943014
Canaries,0,1632,0.003370736458022728
Canaries,0,1712,0.0011315129438450168
Canaries,0,1792,0.00030455417530407026
Canaries,0,1880,0.00010513898486644222
Canaries,0,1976,1.68575704207678e-05
Canaries,0,2072,6.020385953831222e-06
Canaries,0,2176,7.429912729901483e-07
Canaries,0,2280,6.494517157509374e-07
Canaries,0,2392,5.594397685395506e-08
Canaries,1,8,0.4070659519728783
Canaries,1,16,0.4070659519728783
Canaries,1,24,0.4070659519728783
Canaries,1,32,0.4070659519728783
Canaries,1,40,0.4070659519728783
Canaries,1,48,0.4070659519728783
Canaries,1,56,0.4070659519728783
Canaries,1,64,0.4070659519728783
Canaries,1,72,0.4070659519728783
Canaries,1,80,0.4070659519728783
Canaries,1,88,0.4070659519728783
Canaries,1,96,0.4070659519728783
Canaries,1,104,0.40512068093951886
Canaries,1,112,0.40512068093951886
Canaries,1,120,0.40512068093951886
Canaries,1,128,0.39842130413313764
Canaries,1,136,0.39842130413313764
Canaries,1,144,0.39842130413313764
Canaries,1,152,0.39842130413313764
Canaries,1,160,0.39842130413313764
Canaries,1,168,0.3872931860418152
Canaries,1,176,0.3714139556799661
Canaries,1,184,0.3714139556799661
Canaries,1,192,0.3714139556799661
Canaries,1,200,0.3714139556799661
Canaries,1,208,0.3714139556799661
Canaries,1,216,0.3714139556799661
Canaries,1,232,0.3714139556799661
Canaries,1,240,0.3714139556799661
Canaries,1,248,0.3714139556799661
Canaries,1,264,0.3714139556799661
Canaries,1,280,0.3714139556799661
Canaries,1,288,0.35391471893291765
Canaries,1,304,0.35387142157466334
Canaries,1,320,0.35387142157466334
Canaries,1,336,0.35387142157466334
Canaries,1,352,0.3325642351292059
Canaries,1,368,0.32340367051804636
Canaries,1,384,0.31431096952317156
Canaries,1,400,0.29994132643328386
Canaries,1,424,0.2996149703009195
Canaries,1,440,0.2996149703009195
Canaries,1,464,0.2881328617391138
Canaries,1,488,0.2881328617391138
Canaries,1,512,0.2881328617391138
Canaries,1,536,0.2881328617391138
Canaries,1,560,0.2761031991926959
Canaries,1,592,0.2715380898969135
Canaries,1,616,0.2584413310090656
Canaries,1,648,0.24456438442684922
Canaries,1,680,0.2337661653631114
Canaries,1,712,0.2337661653631114
Canaries,1,744,0.23017986572577387
Canaries,1,784,0.22504547727711036
Canaries,1,816,0.20284541318116683
Canaries,1,856,0.18772243147708528
Canaries,1,904,0.17820000280286769
Canaries,1,944,0.1526347291370607
Canaries,1,992,0.11376335837946236
Canaries,1,1040,0.08861859193021764
Canaries,1,1088,0.03923223251552269
Canaries,1,1136,0.03923223251552269
Canaries,1,1192,0.03923223251552269
Canaries,1,1256,0.031489963179395765
Canaries,1,1312,0.031489963179395765
Canaries,1,1376,0.022624496843502137
Canaries,1,1440,0.01853031447706604
Canaries,1,1512,0.017341774818190433
Canaries,1,1584,0.014695282110609918
Canaries,1,1664,0.012067936899195752
Canaries,1,1744,0.004959591857179151
Canaries,1,1824,0.001168792003754952
Canaries,1,1920,0.00019895677014760424
Canaries,1,2008,3.0973531741173144e-05
Canaries,1,2104,3.278057509321236e-06
Canaries,1,2208,1.754478984901074e-06
Canaries,10,8,0.4251690869903612
Canaries,10,16,0.3910457045625373
Canaries,10,24,0.3910457045625373
Canaries,10,32,0.3910457045625373
Canaries,10,40,0.307416747201058
Canaries,10,48,0.307416747201058
Canaries,10,56,0.307416747201058
Canaries,10,64,0.307416747201058
Canaries,10,72,0.307416747201058
Canaries,10,80,0.307416747201058
Canaries,10,88,0.307416747201058
Canaries,10,96,0.307416747201058
Canaries,10,104,0.307416747201058
Canaries,10,112,0.307416747201058
Canaries,10,120,0.307416747201058
Canaries,10,128,0.307416747201058
Canaries,10,136,0.307416747201058
Canaries,10,144,0.3056693090860598
Canaries,10,152,0.2784634069488156
Canaries,10,160,0.27583110617444395
Canaries,10,168,0.27583110617444395
Canaries,10,176,0.27583110617444395
Canaries,10,184,0.27583110617444395
Canaries,10,192,0.263147976144789
Canaries,10,200,0.263147976144789
Canaries,10,208,0.263147976144789
Canaries,10,224,0.263147976144789
Canaries,10,232,0.26170538984282526
Canaries,10,240,0.23774031936387188
Canaries,10,256,0.22925912121344463
Canaries,10,264,0.22925912121344463
Canaries,10,280,0.22925912121344463
Canaries,10,288,0.22925912121344463
Canaries,10,304,0.21068829975002928
Canaries,10,320,0.18785952837436154
Canaries,10,336,0.15876669283738248
Canaries,10,352,0.15876669283738248
Canaries,10,368,0.15876669283738248
Canaries,10,384,0.15876669283738248
Canaries,10,400,0.1258385252340603
Canaries,10,416,0.1258385252340603
Canaries,10,440,0.1258385252340603
Canaries,10,456,0.1258385252340603
Canaries,10,480,0.1185277620859048
Canaries,10,504,0.1185277620859048
Canaries,10,528,0.10913365966710349
Canaries,10,552,0.09987099252019055
Canaries,10,576,0.09550529372929602
Canaries,10,600,0.08985503883604062
Canaries,10,632,0.0801995746464428
Canaries,10,656,0.07576145854486294
Canaries,10,688,0.07010104503066528
Canaries,10,720,0.05869874260621073
Canaries,10,752,0.05388341948047207
Canaries,10,792,0.03393645821494386
Canaries,10,824,0.03393645821494386
Canaries,10,864,0.03393645821494386
Canaries,10,904,0.03393645821494386
Canaries,10,952,0.03393645821494386
Canaries,10,992,0.03393645821494386
Canaries,10,1040,0.03393645821494386
Canaries,10,1088,0.03393645821494386
Canaries,10,1136,0.03393645821494386
Canaries,10,1192,0.03393645821494386
Canaries,10,1248,0.03393645821494386
Canaries,10,1304,0.03393645821494386
Canaries,10,1368,0.03393645821494386
Canaries,10,1424,0.03393645821494386
Canaries,10,1496,0.03393645821494386
Canaries,10,1560,0.03393645821494386
Canaries,10,1640,0.03393645821494386
Canaries,10,1712,0.03393645821494386
Canaries,10,1792,0.03393645821494386
Canaries,11,8,0.4436565844904793
Canaries,11,16,0.4436565844904793
Canaries,11,24,0.4436565844904793
Canaries,11,32,0.4436565844904793
Canaries,11,40,0.4436565844904793
Canaries,11,48,0.4436565844904793
Canaries,11,56,0.4436565844904793
Canaries,11,64,0.4436565844904793
Canaries,11,72,0.4436565844904793
Canaries,11,80,0.4436565844904793
Canaries,11,88,0.4436565844904793
Canaries,11,96,0.3658293355872403
Canaries,11,104,0.34364924942292485
Canaries,11,112,0.34364924942292485
Canaries,11,120,0.34364924942292485
Canaries,11,128,0.34364924942292485
Canaries,11,136,0.34364924942292485
Canaries,11,144,0.34364924942292485
Canaries,11,152,0.30639489178108303
Canaries,11,160,0.30639489178108303
Canaries,11,168,0.30639489178108303
Canaries,11,176,0.30639489178108303
Canaries,11,184,0.30639489178108303
Canaries,11,192,0.30131415820183793
Canaries,11,200,0.30131415820183793
Canaries,11,208,0.30131415820183793
Canaries,11,224,0.30131415820183793
Canaries,11,232,0.30131415820183793
Canaries,11,248,0.30131415820183793
Canaries,11,256,0.30131415820183793
Canaries,11,272,0.30131415820183793
Canaries,11,280,0.30131415820183793
Canaries,11,296,0.30131415820183793
Canaries,11,312,0.30131415820183793
Canaries,11,328,0.30131415820183793
Canaries,11,344,0.30131415820183793
Canaries,11,360,0.30131415820183793
Canaries,11,376,0.30131415820183793
Canaries,11,400,0.30131415820183793
Canaries,11,416,0.30131415820183793
Canaries,11,440,0.30131415820183793
Canaries,11,456,0.30131415820183793
Canaries,11,480,0.29767847263357133
Canaries,11,504,0.2841123107982041
Canaries,11,528,0.28135401396422294
Canaries,11,552,0.28135401396422294
Canaries,11,584,0.2649113016837635
Canaries,11,608,0.25298669362507525
Canaries,11,640,0.24998244749509188
Canaries,11,672,0.23016893184012108
Canaries,11,704,0.23016893184012108
Canaries,11,744,0.21831143989002896
Canaries,11,776,0.20377585545650628
Canaries,11,816,0.19326631707322425
Canaries,11,856,0.19326631707322425
Canaries,11,896,0.1826756489510267
Canaries,11,944,0.1692086887524653
Canaries,11,992,0.16110174164487626
Canaries,11,1040,0.15094738974260508
Canaries,11,1088,0.15094738974260508
Canaries,11,1144,0.14458793982640342
Canaries,11,1200,0.12349099909724326
Canaries,11,1256,0.10741508812169402
Canaries,11,1320,0.0988037595496706
Canaries,11,1384,0.08113255082492044
Canaries,11,1456,0.06950854800333892
Canaries,11,1528,0.04460823857962872
Canaries,11,1600,0.0380633113719567
Canaries,11,1680,0.0380633113719567
Canaries,11,1768,0.017677838491631723
Canaries,11,1848,0.003103086550645267
Canaries,11,1944,0.0014662912062975175
Canaries,11,2040,0.0005745989408398718
Canaries,11,2136,0.0001090935205778754
Canaries,11,2248,2.823028580902631e-05
Canaries,11,2352,2.6400805997566757e-06
Canaries,11,2472,3.8596553217561767e-07
Canaries,12,8,0.6852468004041102
Canaries,12,16,0.6389345984028476
Canaries,12,24,0.6389345984028476
Canaries,12,32,0.474219893438362
Canaries,12,40,0.4275949547910296
Canaries,12,48,0.4275949547910296
Canaries,12,56,0.4275949547910296
Canaries,12,64,0.3933890556400092
Canaries,12,72,0.3933890556400092
Canaries,12,80,0.3933890556400092
Canaries,12,88,0.3933890556400092
Canaries,12,96,0.3933890556400092
Canaries,12,104,0.37612984987266745
Canaries,12,112,0.3737659135943655
Canaries,12,120,0.3737659135943655
Canaries,12,128,0.3737659135943655
Canaries,12,136,0.3737659135943655
Canaries,12,144,0.3737659135943655
Canaries,12,152,0.3737659135943655
Canaries,12,160,0.3737659135943655
Canaries,12,168,0.3737659135943655
Canaries,12,176,0.3737659135943655
Canaries,12,184,0.3737659135943655
Canaries,12,192,0.3737659135943655
Canaries,12,208,0.3737659135943655
Canaries,12,216,0.3737659135943655
Canaries,12,224,0.3737659135943655
Canaries,12,240,0.3737659135943655
Canaries,12,248,0.3737659135943655
Canaries,12,264,0.3692346745524219
Canaries,12,272,0.36324843495840475
Canaries,12,288,0.3591448768983244
Canaries,12,304,0.35322868889353043
Canaries,12,320,0.3490581715809103
Canaries,12,336,0.33464120542021314
Canaries,12,352,0.33464120542021314
Canaries,12,368,0.32082717100464364
Canaries,12,384,0.32082717100464364
Canaries,12,408,0.3099578759902437
Canaries,12,424,0.3085888096904399
Canaries,12,448,0.28502059845769
Canaries,12,472,0.28502059845769
Canaries,12,496,0.28502059845769
Canaries,12,520,0.28502059845769
Canaries,12,544,0.28502059845769
Canaries,12,576,0.28313974168898964
Canaries,12,600,0.2770674295468317
Canaries,12,632,0.2740459337879045
Canaries,12,664,0.2740459337879045
Canaries,12,696,0.2664848198435834
Canaries,12,736,0.2664848198435834
Canaries,12,768,0.2647700637544377
Canaries,12,808,0.2642197705695251
Canaries,12,848,0.2619036150423734
Canaries,12,896,0.26011936450358836
Canaries,12,936,0.25454282836566183
Canaries,12,984,0.24936982149002163
Canaries,12,1032,0.24738812915668074
Canaries,12,1088,0.2425487464957098
Canaries,12,1144,0.23284058787364742
Canaries,12,1200,0.21555963680844809
Canaries,12,1256,0.2141459122150976
Canaries,12,1320,0.19978742204794253
Canaries,12,1384,0.19219451985943548
Canaries,12,1456,0.17238748499566228
Canaries,12,1528,0.14042762072637113
Canaries,12,1608,0.09605700727009507
Canaries,12,1688,0.09130569957560274
Canaries,12,1776,0.09024140304398369
Canaries,12,1864,0.07800773516679563
Canaries,12,1960,0.05319295240232572
Canaries,12,2056,0.023973587814802973
Canaries,12,2160,0.01600190825922232
Canaries,12,2264,0.008853990526842418
Canaries,12,2384,0.008005752632424552
Canaries,12,2504,0.007150996043087912
Canaries,12,2624,0.0071329327352681665
Canaries,12,2760,0.007132787669665879
Canaries,13,8,1.286681936724324
Canaries,13,16,1.286681936724324
Canaries,13,24,1.212843126898
Canaries,13,32,1.212843126898
Canaries,13,40,1.1630980873896688
Canaries,13,48,0.9558640620291154
Canaries,13,56,0.9558640620291154
Canaries,13,64,0.5891595525776497
Canaries,13,72,0.5891595525776497
Canaries,13,80,0.5891595525776497
Canaries,13,88,0.5891595525776497
Canaries,13,96,0.5891595525776497
Canaries,13,104,0.5891595525776497
Canaries,13,112,0.5891595525776497
Canaries,13,120,0.5891595525776497
Canaries,13,128,0.5891595525776497
Canaries,13,136,0.5891595525776497
Canaries,13,144,0.5891595525776497
Canaries,13,152,0.5891595525776497
Canaries,13,160,0.5134347834143032
Canaries,13,168,0.3925201086573447
Canaries,13,176,0.3925201086573447
Canaries,13,184,0.3925201086573447
Canaries,13,192,0.3548201621823375
Canaries,13,200,0.3338734415193645
Canaries,13,208,0.3338734415193645
Canaries,13,224,0.3092339474456347
Canaries,13,232,0.3073987943260275
Canaries,13,240,0.28803052571780263
Canaries,13,248,0.28803052571780263
Canaries,13,264,0.28803052571780263
Canaries,13,272,0.23285158103321424
Canaries,13,288,0.23285158103321424
Canaries,13,304,0.1957664403433302
Canaries,13,312,0.1957664403433302
Canaries,13,328,0.1957664403433302
Canaries,13,344,0.1717368051541091
Canaries,13,360,0.16753713273719675
Canaries,13,376,0.16753713273719675
Canaries,13,392,0.16753713273719675
Canaries,13,408,0.16753713273719675
Canaries,13,432,0.16753713273719675
Canaries,13,448,0.1599152515014727
Canaries,13,464,0.14089569974040042
Canaries,13,488,0.11735430846280259
Canaries,13,512,0.11735430846280259
Canaries,13,536,0.07049589008017808
Canaries,13,560,0.06606840409812678
Canaries,13,584,0.06606840409812678
Canaries,13,608,0.06606840409812678
Canaries,13,640,0.06606840409812678
Canaries,13,664,0.06256348509721608
Canaries,13,696,0.056816287596574463
Canaries,13,728,0.056816287596574463
Canaries,13,760,0.05137073988952612
Canaries,13,792,0.04269748546371307
Canaries,13,832,0.039616357338252736
Canaries,13,872,0.03430417682145729
Canaries,13,912,0.02882309598256264
Canaries,13,952,0.024796784854770836
Canaries,13,992,0.022469955564200582
Canaries,13,1040,0.019784689967804338
Canaries,13,1080,0.014365662059771895
Canaries,13,1136,0.009322393547980229
Canaries,13,1184,0.008520854377528815
Canaries,13,1240,0.007289200264228886
Canaries,13,1296,0.007109129866035751
Canaries,13,1352,0.007106012585824304
Canaries,13,1416,0.00710584939098782
Canaries,13,1480,0.007105585810085028
Canaries,13,1544,0.007105584007609672
Canaries,14,8,2.7782455918150277
Canaries,14,16,1.8101534831783797
Canaries,14,24,0.7643857697582412
Canaries,14,32,0.7643857697582412
Canaries,14,40,0.4663183937002847
Canaries,14,48,0.4663183937002847
Canaries,14,56,0.4425509622537301
Canaries,14,64,0.3686977827718614
Canaries,14,72,0.3686977827718614
Canaries,14,80,0.25171126685998096
Canaries,14,88,0.25171126685998096
Canaries,14,96,0.25171126685998096
Canaries,14,104,0.25171126685998096
Canaries,14,112,0.25171126685998096
Canaries,14,120,0.25171126685998096
Canaries,14,128,0.25171126685998096
Canaries,14,136,0.25171126685998096
Canaries,14,144,0.25171126685998096
Canaries,14,152,0.25171126685998096
Canaries,14,160,0.25171126685998096
Canaries,14,168,0.25171126685998096
Canaries,14,176,0.25171126685998096
Canaries,14,184,0.25171126685998096
Canaries,14,192,0.25171126685998096
Canaries,14,200,0.25171126685998096
Canaries,14,208,0.25171126685998096
Canaries,14,216,0.25171126685998096
Canaries,14,224,0.25171126685998096
Canaries,14,240,0.25171126685998096
Canaries,14,248,0.25171126685998096
Canaries,14,264,0.25171126685998096
Canaries,14,272,0.25171126685998096
Canaries,14,288,0.25171126685998096
Canaries,14,304,0.25171126685998096
Canaries,14,312,0.25171126685998096
Canaries,14,328,0.25171126685998096
Canaries,14,344,0.24743573626973916
Canaries,14,360,0.241991560102255
Canaries,14,376,0.20241008983103978
Canaries,14,400,0.20241008983103978
Canaries,14,416,0.20241008983103978
Canaries,14,440,0.1836492426286511
Canaries,14,456,0.1836492426286511
Canaries,14,480,0.16999396187422752
Canaries,14,504,0.13433558956924088
Canaries,14,528,0.13433558956924088
Canaries,14,552,0.13433558956924088
Canaries,14,576,0.13407248680254852
Canaries,14,608,0.1316930767649724
Canaries,14,632,0.12958408816010994
Canaries,14,664,0.12365671376809838
Canaries,14,696,0.12204656182441051
Canaries,14,728,0.12078824448517202
Canaries,14,760,0.11874065970803815
Canaries,14,800,0.1185076627693897
Canaries,14,840,0.11693372577388789
Canaries,14,880,0.11365128032724547
Canaries,14,920,0.11076944101129023
Canaries,14,960,0.09628824528425413
Canaries,14,1008,0.07053981131748159
Canaries,14,1056,0.06955734028999765
Canaries,14,1104,0.0532697160570743
Canaries,14,1160,0.04893113360720105
Canaries,14,1216,0.04526145753604128
Canaries,14,1272,0.03811919128596211
Canaries,14,1328,0.03434398169089119
Canaries,14,1392,0.027003634021674494
Canaries,14,1464,0.011422126998717134
Canaries,14,1528,0.008581884187848717
Canaries,14,1608,0.004568719634693025
Canaries,14,1680,0.0023530930828245173
Canaries,14,1760,0.00015586283629251364
Canaries,14,1848,4.393697294151546e-05
Canaries,14,1936,1.005444338615005e-05
Canaries,14,2024,4.170268560250566e-06
Canaries,15,8,1.9879145806891962
Canaries,15,16,1.0029013740095185
Canaries,15,24,0.9533308386381221
Canaries,15,32,0.9533308386381221
Canaries,15,40,0.22465397368587764
Canaries,15,48,0.22465397368587764
Canaries,15,56,0.22465397368587764
Canaries,15,64,0.22465397368587764
Canaries,15,72,0.22465397368587764
Canaries,15,80,0.22465397368587764
Canaries,15,88,0.22465397368587764
Canaries,15,96,0.22465397368587764
Canaries,15,104,0.22465397368587764
Canaries,15,112,0.22465397368587764
Canaries,15,120,0.22465397368587764
Canaries,15,128,0.22465397368587764
Canaries,15,136,0.22465397368587764
Canaries,15,144,0.22465397368587764
Canaries,15,152,0.22465397368587764
Canaries,15,160,0.22465397368587764
Canaries,15,168,0.22465397368587764
Canaries,15,176,0.22465397368587764
Canaries,15,184,0.22465397368587764
Canaries,15,192,0.22465397368587764
Canaries,15,200,0.22465397368587764
Canaries,15,208,0.22465397368587764
Canaries,15,224,0.22465397368587764
Canaries,15,232,0.22465397368587764
Canaries,15,240,0.22465397368587764
Canaries,15,256,0.22465397368587764
Canaries,15,264,0.22465397368587764
Canaries,15,280,0.22465397368587764
Canaries,15,296,0.22465397368587764
Canaries,15,304,0.22465397368587764
Canaries,15,320,0.22465397368587764
Canaries,15,336,0.22465397368587764
Canaries,15,352,0.22465397368587764
Canaries,15,376,0.22465397368587764
Canaries,15,392,0.22465397368587764
Canaries,15,408,0.22465397368587764
Canaries,15,432,0.22465397368587764
Canaries,15,448,0.22465397368587764
Canaries,15,472,0.22465397368587764
Canaries,15,496,0.22465397368587764
Canaries,15,520,0.22465397368587764
Canaries,15,544,0.2080764902006775
Canaries,15,568,0.20196922803592476
Canaries,15,600,0.19404414101635453
Canaries,15,624,0.18905370122368087
Canaries,15,656,0.18905370122368087
Canaries,15,688,0.17911332584493703
Canaries,15,720,0.16710232805771594
Canaries,15,760,0.15713114945220255
Canaries,15,792,0.14868425895134355
Canaries,15,832,0.1420738841274915
Canaries,15,872,0.13273553203451519
Canaries,15,920,0.1148859335520991
Canaries,15,960,0.10425739560592111
Canaries,15,1008,0.09193312156773432
Canaries,15,1056,0.08309018423720675
Canaries,15,1104,0.07563981091572587
Canaries,15,1160,0.07423995293854584
Canaries,15,1216,0.06714186495670123
Canaries,15,1280,0.06615612015311496
Canaries,15,1336,0.0649302909475247
Canaries,15,1408,0.06344384065183103
Canaries,15,1472,0.06280994301072053
Canaries,15,1544,0.06221336994903746
Canaries,15,1616,0.062169279619539344
Canaries,15,1696,0.061920868758331256
Canaries,15,1776,0.06187228288329325
Canaries,15,1864,0.061785842061395646
Canaries,15,1960,0.0617830855615318
Canaries,15,2048,0.0617830855615318
Canaries,15,2152,0.0617830855615318
Canaries,15,2256,0.0617830855615318
Canaries,16,8,1.1797947059216436
Canaries,16,16,1.1797947059216436
Canaries,16,24,1.1797947059216436
Canaries,16,32,0.5616626053775272
Canaries,16,40,0.42677861072739365
Canaries,16,48,0.42677861072739365
Canaries,16,56,0.42677861072739365
Canaries,16,64,0.42677861072739365
Canaries,16,72,0.42677861072739365
Canaries,16,80,0.42677861072739365
Canaries,16,88,0.33451514446741903
Canaries,16,96,0.33451514446741903
Canaries,16,104,0.33451514446741903
Canaries,16,112,0.33451514446741903
Canaries,16,120,0.33451514446741903
Canaries,16,128,0.33451514446741903
Canaries,16,136,0.312962615251138
Canaries,16,144,0.312962615251138
Canaries,16,152,0.312962615251138
Canaries,16,160,0.312962615251138
Canaries,16,168,0.312962615251138
Canaries,16,176,0.312962615251138
Canaries,16,184,0.2007483423738482
Canaries,16,192,0.2007483423738482
Canaries,16,200,0.2007483423738482
Canaries,16,216,0.2007483423738482
Canaries,16,224,0.2007483423738482
Canaries,16,232,0.2007483423738482
Canaries,16,248,0.2007483423738482
Canaries,16,256,0.2007483423738482
Canaries,16,264,0.2007483423738482
Canaries,16,280,0.2007483423738482
Canaries,16,296,0.2007483423738482
Canaries,16,304,0.2007483423738482
Canaries,16,320,0.15503319958554945
Canaries,16,336,0.12493843420772234
Canaries,16,352,0.12493843420772234
Canaries,16,368,0.12493843420772234
Canaries,16,384,0.12362048277131832
Canaries,16,400,0.12362048277131832
Canaries,16,416,0.12362048277131832
Canaries,16,440,0.10473336380748634
Canaries,16,456,0.10473336380748634
Canaries,16,480,0.10473336380748634
Canaries,16,504,0.10473336380748634
Canaries,16,528,0.09894219777545564
Canaries,16,552,0.09165658454300143
Canaries,16,576,0.0834222163001612
Canaries,16,600,0.07444497136204326
Canaries,16,624,0.07444497136204326
Canaries,16,656,0.06865252219688187
Canaries,16,688,0.0608538098384533
Canaries,16,720,0.0608538098384533
Canaries,16,752,0.05287281734531051
Canaries,16,784,0.04532347349295789
Canaries,16,824,0.03939105350240286
Canaries,16,856,0.0378242433280779
Canaries,16,896,0.031242251325484586
Canaries,16,944,0.019467658348864405
Canaries,16,984,0.013490243471414393
Canaries,16,1032,0.013490243471414393
Canaries,16,1080,0.009263854925579462
Canaries,16,1128,0.007137960646744319
Canaries,16,1176,0.00662189996591185
Canaries,16,1232,0.0036395421060022824
Canaries,16,1288,0.0024191222434952154
Canaries,16,1352,0.0009978789501852608
Canaries,16,1408,0.00037291985771829665
Canaries,16,1472,0.00016383291398910972
Canaries,16,1544,1.624563179415205e-05
Canaries,16,1616,1.3558855184521537e-05
Canaries,16,1688,2.129930907376184e-06
Canaries,17,8,1.043719513051154
Canaries,17,16,0.8060486382317591
Canaries,17,24,0.8060486382317591
Canaries,17,32,0.654674883234446
Canaries,17,40,0.6506930656564939
Canaries,17,48,0.6506930656564939
Canaries,17,56,0.6506930656564939
Canaries,17,64,0.6506930656564939
Canaries,17,72,0.436396934744223
Canaries,17,80,0.3541065868306786
Canaries,17,88,0.3541065868306786
Canaries,17,96,0.3541065868306786
Canaries,17,104,0.3541065868306786
Canaries,17,112,0.3541065868306786
Canaries,17,120,0.3541065868306786
Canaries,17,128,0.3541065868306786
Canaries,17,136,0.34992464470817075
Canaries,17,144,0.34992464470817075
Canaries,17,152,0.34992464470817075
Canaries,17,160,0.34992464470817075
Canaries,17,168,0.34992464470817075
Canaries,17,176,0.34992464470817075
Canaries,17,184,0.3125711694334784
Canaries,17,200,0.3125711694334784
Canaries,17,208,0.25703359572124723
Canaries,17,216,0.25703359572124723
Canaries,17,224,0.25703359572124723
Canaries,17,240,0.25703359572124723
Canaries,17,248,0.25703359572124723
Canaries,17,264,0.25703359572124723
Canaries,17,272,0.25703359572124723
Canaries,17,288,0.25703359572124723
Canaries,17,304,0.25703359572124723
Canaries,17,320,0.25703359572124723
Canaries,17,336,0.25703359572124723
Canaries,17,352,0.25703359572124723
Canaries,17,368,0.25703359572124723
Canaries,17,384,0.25703359572124723
Canaries,17,408,0.25703359572124723
Canaries,17,424,0.25703359572124723
Canaries,17,448,0.25703359572124723
Canaries,17,472,0.25703359572124723
Canaries,17,496,0.251885258998909
Canaries,17,520,0.251885258998909
Canaries,17,544,0.251885258998909
Canaries,17,568,0.24904520852633916
Canaries,17,600,0.24387794136726518
Canaries,17,624,0.23045295937347957
Canaries,17,656,0.18326164616827548
Canaries,17,688,0.15508144523750128
Canaries,17,728,0.1357728735408291
Canaries,17,760,0.13109378105917924
Canaries,17,800,0.12593268842186503
Canaries,17,840,0.12081855120078892
Canaries,17,880,0.12081855120078892
Canaries,17,928,0.11724266818450897
Canaries,17,968,0.11553135156940281
Canaries,17,1016,0.11128413248093204
Canaries,17,1072,0.10094628805737592
Canaries,17,1120,0.09301512226692457
Canaries,17,1176,0.08994299317312592
Canaries,17,1240,0.08139268576362389
Canaries,17,1296,0.07775295737724078
Canaries,17,1360,0.0776894322320269
Canaries,17,1432,0.07562835275305013
Canaries,17,1504,0.0677425380652855
Canaries,17,1576,0.058667742325957783
Canaries,17,1656,0.036459475091219426
Canaries,17,1736,0.025302221548088154
Canaries,17,1824,0.019484328233867875
Canaries,17,1912,0.007822947966755912
Canaries,17,2008,0.003329368797827864
Canaries,17,2112,0.0007178448995778147
Canaries,17,2216,0.00024091386171283625
Canaries,17,2320,2.282713105990175e-05
Canaries,17,2440,1.3480062253845763e-06
Canaries,17,2560,1.3480062253845763e-06
Canaries,18,8,2.4011920486448997
Canaries,18,16,1.4136049280857654
Canaries,18,24,0.6446533858062791
Canaries,18,32,0.6446533858062791
Canaries,18,40,0.49830901015328366
Canaries,18,48,0.3320139955396857
Canaries,18,56,0.3320139955396857
Canaries,18,64,0.3320139955396857
Canaries,18,72,0.26965494963631476
Canaries,18,80,0.26965494963631476
Canaries,18,88,0.26965494963631476
Canaries,18,96,0.26965494963631476
Canaries,18,104,0.26965494963631476
Canaries,18,112,0.26965494963631476
Canaries,18,120,0.26965494963631476
Canaries,18,128,0.26965494963631476
Canaries,18,136,0.26965494963631476
Canaries,18,144,0.26965494963631476
Canaries,18,152,0.26965494963631476
Canaries,18,160,0.26965494963631476
Canaries,18,168,0.26965494963631476
Canaries,18,176,0.26965494963631476
Canaries,18,184,0.26965494963631476
Canaries,18,192,0.26965494963631476
Canaries,18,200,0.26965494963631476
Canaries,18,216,0.26965494963631476
Canaries,18,224,0.26965494963631476
Canaries,18,232,0.26965494963631476
Canaries,18,248,0.26965494963631476
Canaries,18,256,0.26965494963631476
Canaries,18,272,0.26965494963631476
Canaries,18,280,0.26965494963631476
Canaries,18,296,0.26965494963631476
Canaries,18,312,0.26965494963631476
Canaries,18,320,0.26965494963631476
Canaries,18,336,0.26965494963631476
Canaries,18,352,0.26965494963631476
Canaries,18,376,0.26965494963631476
Canaries,18,392,0.26965494963631476
Canaries,18,408,0.26965494963631476
Canaries,18,424,0.26965494963631476
Canaries,18,448,0.26965494963631476
Canaries,18,472,0.26965494963631476
Canaries,18,488,0.26965494963631476
Canaries,18,512,0.26965494963631476
Canaries,18,536,0.26965494963631476
Canaries,18,568,0.2448006736671413
Canaries,18,592,0.22404910183468976
Canaries,18,616,0.2054964954737688
Canaries,18,648,0.17913783810341377
Canaries,18,680,0.17913783810341377
Canaries,18,712,0.15867286417406518
Canaries,18,744,0.14910843758949144
Canaries,18,784,0.1353840318239572
Canaries,18,816,0.10718574890098745
Canaries,18,856,0.10718574890098745
Canaries,18,896,0.10089474791274658
Canaries,18,936,0.09079713578082216
Canaries,18,984,0.08863266902968794
Canaries,18,1032,0.08232971206904721
Canaries,18,1080,0.07262951091357511
Canaries,18,1128,0.0585282521949092
Canaries,18,1184,0.04473057620711724
Canaries,18,1240,0.030260081853799203
Canaries,18,1296,0.02382634783776022
Canaries,18,1360,0.018818376267618356
Canaries,18,1424,0.012252178027996734
Canaries,18,1488,0.0033003711222415284
Canaries,18,1560,0.0011813386211739201
Canaries,18,1632,0.00017436453946625586
Canaries,18,1712,0.00011744390921949091
Canaries,18,1792,5.337621164641322e-05
Canaries,18,1880,8.684288211143389e-06
Canaries,18,1968,8.29523719420913e-07
Canaries,19,8,0.7995000600653992
Canaries,19,16,0.4259426917842911
Canaries,19,24,0.4259426917842911
Canaries,19,32,0.4259426917842911
Canaries,19,40,0.4259426917842911
Canaries,19,48,0.4259426917842911
Canaries,19,56,0.38359326515365993
Canaries,19,64,0.38359326515365993
Canaries,19,72,0.38359326515365993
Canaries,19,80,0.38359326515365993
Canaries,19,88,0.3641263558900918
Canaries,19,96,0.334751656436535
Canaries,19,104,0.334751656436535
Canaries,19,112,0.334751656436535
Canaries,19,120,0.334751656436535
Canaries,19,128,0.334751656436535
Canaries,19,136,0.334751656436535
Canaries,19,144,0.334751656436535
Canaries,19,152,0.334751656436535
Canaries,19,160,0.334751656436535
Canaries,19,168,0.334751656436535
Canaries,19,176,0.334751656436535
Canaries,19,184,0.334751656436535
Canaries,19,192,0.3166706993653932
Canaries,19,200,0.3166706993653932
Canaries,19,208,0.3166706993653932
Canaries,19,224,0.3166706993653932
Canaries,19,232,0.3166706993653932
Canaries,19,240,0.30032003011753433
Canaries,19,256,0.30032003011753433
Canaries,19,264,0.30032003011753433
Canaries,19,280,0.30032003011753433
Canaries,19,296,0.30032003011753433
Canaries,19,304,0.30032003011753433
Canaries,19,320,0.280238007433877
Canaries,19,336,0.27309815576975993
Canaries,19,352,0.27309815576975993
Canaries,19,368,0.27309815576975993
Canaries,19,384,0.26365947557325314
Canaries,19,408,0.2390168771600246
Canaries,19,424,0.2390168771600246
Canaries,19,448,0.23772869939383134
Canaries,19,464,0.22556359301167403
Canaries,19,488,0.22399173854936577
Canaries,19,512,0.20693827792673922
Canaries,19,536,0.20519694475438893
Canaries,19,560,0.20519694475438893
Canaries,19,592,0.18658632676868458
Canaries,19,616,0.16848480239761468
Canaries,19,648,0.1644687672534054
Canaries,19,680,0.14408673189468985
Canaries,19,712,0.14408673189468985
Canaries,19,744,0.1408141944196204
Canaries,19,776,0.13665816339937495
Canaries,19,816,0.13540649112023836
Canaries,19,856,0.12033756460323398
Canaries,19,896,0.11569571687687667
Canaries,19,936,0.11569571687687667
Canaries,19,984,0.11569571687687667
Canaries,19,1032,0.11322953495586191
Canaries,19,1080,0.10493899108203855
Canaries,19,1136,0.07800247538334501
Canaries,19,1184,0.07609170169615989
Canaries,19,1248,0.05477430872914292
Canaries,19,1304,0.044644099732491144
Canaries,19,1368,0.037056051781093606
Canaries,19,1432,0.02415904067675461
Canaries,19,1496,0.02064605442638123
Canaries,19,1568,0.009812766311502253
Canaries,19,1648,0.001272831158614399
Canaries,19,1728,0.0005958429394377357
Canaries,19,1808,0.00012884383844812155
Canaries,19,1896,1.0537118617269093e-05
Canaries,19,1984,6.839783658601262e-06
Canaries,19,2080,1.782713564610617e-06
Canaries,2,8,0.6356222218182354
Canaries,2,16,0.6356222218182354
Canaries,2,24,0.37887467875351966
Canaries,2,32,0.37887467875351966
Canaries,2,40,0.37887467875351966
Canaries,2,48,0.37887467875351966
Canaries,2,56,0.37887467875351966
Canaries,2,64,0.37887467875351966
Canaries,2,72,0.37887467875351966
Canaries,2,80,0.35742728893883136
Canaries,2,88,0.35742728893883136
Canaries,2,96,0.35742728893883136
Canaries,2,104,0.35742728893883136
Canaries,2,112,0.306052549983889
Canaries,2,120,0.306052549983889
Canaries,2,128,0.306052549983889
Canaries,2,136,0.306052549983889
Canaries,2,144,0.306052549983889
Canaries,2,152,0.306052549983889
Canaries,2,160,0.306052549983889
Canaries,2,168,0.306052549983889
Canaries,2,176,0.306052549983889
Canaries,2,184,0.306052549983889
Canaries,2,192,0.306052549983889
Canaries,2,200,0.306052549983889
Canaries,2,208,0.306052549983889
Canaries,2,224,0.306052549983889
Canaries,2,232,0.306052549983889
Canaries,2,240,0.306052549983889
Canaries,2,256,0.2991449976501409
Canaries,2,264,0.2991449976501409
Canaries,2,280,0.2903313758116364
Canaries,2,296,0.25710534772095034
Canaries,2,312,0.25710534772095034
Canaries,2,328,0.25710534772095034
Canaries,2,336,0.25710534772095034
Canaries,2,360,0.215555896417214
Canaries,2,376,0.215555896417214
Canaries,2,392,0.215555896417214
Canaries,2,416,0.215555896417214
Canaries,2,432,0.215555896417214
Canaries,2,456,0.215555896417214
Canaries,2,472,0.215555896417214
Canaries,2,496,0.215555896417214
Canaries,2,528,0.215555896417214
Canaries,2,552,0.215555896417214
Canaries,2,576,0.215555896417214
Canaries,2,608,0.215555896417214
Canaries,2,632,0.215555896417214
Canaries,2,664,0.215555896417214
Canaries,2,696,0.215555896417214
Canaries,2,736,0.20743948787614155
Canaries,2,768,0.18989338776145664
Canaries,2,808,0.18659584374820795
Canaries,2,848,0.16679119690023236
Canaries,2,888,0.15789934618006515
Canaries,2,936,0.15373036541899618
Canaries,2,976,0.14533862803520012
Canaries,2,1024,0.12668398655462842
Canaries,2,1080,0.11091193346796634
Canaries,2,1128,0.105637674475964
Canaries,2,1184,0.08787677403560776
Canaries,2,1248,0.0682260816760601
Canaries,2,1304,0.06432935277188186
Canaries,2,1368,0.05139001450840568
Canaries,2,1440,0.040221396780038124
Canaries,2,1512,0.024181455254160125
Canaries,2,1584,0.016055968370056708
Canaries,2,1664,0.010449671085496041
Canaries,2,1744,0.008929952551896964
Canaries,2,1832,0.006220974537546446
Canaries,2,1920,0.00153032679673261
Canaries,2,2016,0.0003498393201156796
Canaries,2,2112,0.00012203498853558773
Canaries,2,2216,1.350429330874345e-05
Canaries,2,2328,2.483108294861894e-06
Canaries,2,2440,7.476609048928917e-07
Canaries,3,8,1.6965064008288897
Canaries,3,16,1.6965064008288897
Canaries,3,24,0.5040824204056317
Canaries,3,32,0.38496765016228895
Canaries,3,40,0.3621950196368385
Canaries,3,48,0.3621950196368385
Canaries,3,56,0.3621950196368385
Canaries,3,64,0.3621950196368385
Canaries,3,72,0.3621950196368385
Canaries,3,80,0.3621950196368385
Canaries,3,88,0.3517425865389666
Canaries,3,96,0.3517425865389666
Canaries,3,104,0.3517425865389666
Canaries,3,112,0.31095901787291946
Canaries,3,120,0.305753542439133
Canaries,3,128,0.305753542439133
Canaries,3,136,0.2976889352080489
Canaries,3,144,0.2976889352080489
Canaries,3,152,0.2976889352080489
Canaries,3,160,0.2976889352080489
Canaries,3,168,0.29530470611573184
Canaries,3,176,0.29530470611573184
Canaries,3,184,0.29530470611573184
Canaries,3,192,0.2914147935449168
Canaries,3,200,0.2914147935449168
Canaries,3,216,0.28908696381487764
Canaries,3,224,0.2866318772737854
Canaries,3,232,0.2825667481359296
Canaries,3,248,0.2825667481359296
Canaries,3,256,0.2750924072043298
Canaries,3,264,0.2750924072043298
Canaries,3,280,0.26656126700333704
Canaries,3,296,0.25521542200369324
Canaries,3,304,0.25521542200369324
Canaries,3,320,0.24897340881295604
Canaries,3,336,0.24084003565159218
Canaries,3,352,0.22062694528204943
Canaries,3,368,0.21246402331355452
Canaries,3,384,0.19268190795596582
Canaries,3,400,0.14655203388374669
Canaries,3,424,0.14655203388374669
Canaries,3,440,0.13585124029278142
Canaries,3,464,0.13585124029278142
Canaries,3,488,0.12383270983892716
Canaries,3,504,0.12383270983892716
Canaries,3,528,0.11097894285477548
Canaries,3,552,0.1100542428652054
Canaries,3,584,0.09998490320904542
Canaries,3,608,0.0955467900628724
Canaries,3,640,0.09270535496309044
Canaries,3,664,0.09270535496309044
Canaries,3,696,0.08542087428050989
Canaries,3,728,0.07583369779661504
Canaries,3,760,0.06696541743447838
Canaries,3,800,0.06229935334243029
Canaries,3,840,0.052519287855903894
Canaries,3,872,0.047840176057638184
Canaries,3,920,0.039700541183630284
Canaries,3,960,0.03220066631906345
Canaries,3,1008,0.022857875866312438
Canaries,3,1048,0.016968266765318412
Canaries,3,1096,0.010466850938263533
Canaries,3,1152,0.002723469293353361
Canaries,3,1208,0.0010585540801388137
Canaries,3,1264,0.000732138332075131
Canaries,3,1320,0.00024308870217076747
Canaries,3,1384,7.65785665934085e-05
Canaries,3,1448,2.3377201193594056e-05
Canaries,3,1512,1.3459216129347805e-05
Canaries,3,1584,1.3459216129347805e-05
Canaries,3,1656,2.7794302255311907e-06
Canaries,3,1736,4.5512535230670936e-07
Canaries,3,1816,2.140660416969292e-07
Canaries,4,8,1.0273882945580293
Canaries,4,16,1.0273882945580293
Canaries,4,24,1.0273882945580293
Canaries,4,32,1.0123913263298885
Canaries,4,40,0.8338190328356813
Canaries,4,48,0.8338190328356813
Canaries,4,56,0.8338190328356813
Canaries,4,64,0.8338190328356813
Canaries,4,72,0.8338190328356813
Canaries,4,80,0.8338190328356813
Canaries,4,88,0.8338190328356813
Canaries,4,96,0.8226388723847535
Canaries,4,104,0.3299591787770782
Canaries,4,112,0.3299591787770782
Canaries,4,120,0.3299591787770782
Canaries,4,128,0.3299591787770782
Canaries,4,136,0.3299591787770782
Canaries,4,144,0.26740982288082416
Canaries,4,152,0.24462681814897252
Canaries,4,160,0.24462681814897252
Canaries,4,168,0.24462681814897252
Canaries,4,176,0.24462681814897252
Canaries,4,184,0.24462681814897252
Canaries,4,192,0.23721437205080131
Canaries,4,200,0.23721437205080131
Canaries,4,208,0.23721437205080131
Canaries,4,224,0.23721437205080131
Canaries,4,232,0.23721437205080131
Canaries,4,240,0.23721437205080131
Canaries,4,256,0.23078624815379775
Canaries,4,264,0.23078624815379775
Canaries,4,280,0.21298548959364227
Canaries,4,288,0.21298548959364227
Canaries,4,304,0.21298548959364227
Canaries,4,320,0.21298548959364227
Canaries,4,328,0.21298548959364227
Canaries,4,344,0.19713385826504923
Canaries,4,360,0.19237929861976388
Canaries,4,376,0.19237929861976388
Canaries,4,400,0.18224507315920857
Canaries,4,416,0.18224507315920857
Canaries,4,432,0.17874171245866696
Canaries,4,456,0.1646121855252659
Canaries,4,480,0.16257135753900218
Canaries,4,496,0.15956768763671378
Canaries,4,520,0.15941165056098403
Canaries,4,544,0.14688495617561514
Canaries,4,568,0.14356381627456646
Canaries,4,600,0.1374767483364088
Canaries,4,624,0.12321408194493268
Canaries,4,656,0.12321408194493268
Canaries,4,688,0.1154863080247132
Canaries,4,720,0.11413131916244476
Canaries,4,752,0.10566914849095738
Canaries,4,784,0.09182543280094961
Canaries,4,824,0.08528979526233886
Canaries,4,856,0.08528979526233886
Canaries,4,896,0.08528979526233886
Canaries,4,944,0.08482024524001289
Canaries,4,984,0.08245902576502412
Canaries,4,1032,0.08048859140531822
Canaries,4,1080,0.06954107258647749
Canaries,4,1128,0.05627467262000413
Canaries,4,1184,0.05091555194066675
Canaries,4,1232,0.05081115569420588
Canaries,4,1296,0.04812482690966871
Canaries,4,1352,0.04699082201169553
Canaries,4,1416,0.04592225385550691
Canaries,4,1480,0.04588259829662671
Canaries,4,1552,0.045868479657115054
Canaries,4,1624,0.045868188162267454
Canaries,4,1696,0.04586805632981913
Canaries,4,1776,0.045868050699002585
Canaries,5,8,0.8108408354699553
Canaries,5,16,0.764501302473318
Canaries,5,24,0.764501302473318
Canaries,5,32,0.764501302473318
Canaries,5,40,0.764501302473318
Canaries,5,48,0.764501302473318
Canaries,5,56,0.764501302473318
Canaries,5,64,0.764501302473318
Canaries,5,72,0.764501302473318
Canaries,5,80,0.5869603201737025
Canaries,5,88,0.39559723687618636
Canaries,5,96,0.39559723687618636
Canaries,5,104,0.39559723687618636
Canaries,5,112,0.39559723687618636
Canaries,5,120,0.39559723687618636
Canaries,5,128,0.39559723687618636
Canaries,5,136,0.39559723687618636
Canaries,5,144,0.39559723687618636
Canaries,5,152,0.39559723687618636
Canaries,5,160,0.39559723687618636
Canaries,5,168,0.39559723687618636
Canaries,5,176,0.39559723687618636
Canaries,5,184,0.39559723687618636
Canaries,5,192,0.39559723687618636
Canaries,5,208,0.39559723687618636
Canaries,5,216,0.3766531828625187
Canaries,5,224,0.3766531828625187
Canaries,5,240,0.3766531828625187
Canaries,5,248,0.3766531828625187
Canaries,5,264,0.3766531828625187
Canaries,5,272,0.3766531828625187
Canaries,5,288,0.3766531828625187
Canaries,5,304,0.3766531828625187
Canaries,5,320,0.3766531828625187
Canaries,5,336,0.3766531828625187
Canaries,5,352,0.3766531828625187
Canaries,5,368,0.3598682145291965
Canaries,5,392,0.3536898994139353
Canaries,5,408,0.29096481270182467
Canaries,5,432,0.29096481270182467
Canaries,5,448,0.2634038647778026
Canaries,5,472,0.2239444886026868
Canaries,5,496,0.2239444886026868
Canaries,5,520,0.2239444886026868
Canaries,5,552,0.19712406868194443
Canaries,5,576,0.19712406868194443
Canaries,5,608,0.1906119625336424
Canaries,5,640,0.17226018288865505
Canaries,5,672,0.16873701416343692
Canaries,5,704,0.16873701416343692
Canaries,5,736,0.16739876591743927
Canaries,5,776,0.16453954693841352
Canaries,5,816,0.1596036049546327
Canaries,5,856,0.14817955149920614
Canaries,5,896,0.13293677665703335
Canaries,5,944,0.10340320030207478
Canaries,5,992,0.09052330193901585
Canaries,5,1040,0.08790378047534697
Canaries,5,1096,0.08617883262774666
Canaries,5,1152,0.07892978419172247
Canaries,5,1208,0.07140609056676026
Canaries,5,1264,0.07053326554942177
Canaries,5,1328,0.059476475665148555
Canaries,5,1400,0.05396223715189508
Canaries,5,1472,0.04995957662095091
Canaries,5,1544,0.04796952552538825
Canaries,5,1624,0.035480144403785975
Canaries,5,1704,0.020844788116829004
Canaries,5,1792,0.014333795600023624
Canaries,5,1880,0.008741198448494043
Canaries,5,1976,0.007625210688178302
Canaries,5,2072,0.006688670296254786
Canaries,5,2176,0.0009438937194625999
Canaries,5,2288,0.0002545364744572692
Canaries,5,2400,6.09896062568807e-05
Canaries,5,2520,6.039653554222221e-06
Canaries,5,2648,1.8965807451847888e-06
Canaries,5,2784,2.948539787752542e-07
Canaries,6,8,1.0772632942117593
Canaries,6,16,0.32631910791095114
Canaries,6,24,0.32631910791095114
Canaries,6,32,0.32631910791095114
Canaries,6,40,0.32631910791095114
Canaries,6,48,0.32631910791095114
Canaries,6,56,0.32631910791095114
Canaries,6,64,0.3224284724193685
Canaries,6,72,0.3224284724193685
Canaries,6,80,0.3224284724193685
Canaries,6,88,0.30567225690485805
Canaries,6,96,0.30567225690485805
Canaries,6,104,0.30567225690485805
Canaries,6,112,0.30567225690485805
Canaries,6,120,0.30338067906792304
Canaries,6,128,0.27394871794708536
Canaries,6,136,0.27394871794708536
Canaries,6,144,0.27394871794708536
Canaries,6,152,0.27394871794708536
Canaries,6,160,0.27394871794708536
Canaries,6,168,0.27394871794708536
Canaries,6,176,0.27394871794708536
Canaries,6,184,0.27394871794708536
Canaries,6,192,0.27394871794708536
Canaries,6,200,0.27394871794708536
Canaries,6,208,0.27394871794708536
Canaries,6,216,0.27394871794708536
Canaries,6,232,0.27394871794708536
Canaries,6,240,0.27394871794708536
Canaries,6,248,0.2727276003048535
Canaries,6,256,0.2687442943961118
Canaries,6,272,0.23688132379615479
Canaries,6,280,0.2363587160140632
Canaries,6,296,0.16309730072095702
Canaries,6,304,0.16309730072095702
Canaries,6,320,0.16309730072095702
Canaries,6,336,0.09199735116369966
Canaries,6,352,0.07557786490881047
Canaries,6,368,0.07557786490881047
Canaries,6,384,0.07557786490881047
Canaries,6,400,0.07557786490881047
Canaries,6,416,0.06508996049404936
Canaries,6,432,0.06508996049404936
Canaries,6,448,0.06508996049404936
Canaries,6,472,0.06508996049404936
Canaries,6,488,0.0634467342735314
Canaries,6,512,0.058187314588990215
Canaries,6,536,0.058187314588990215
Canaries,6,560,0.058187314588990215
Canaries,6,584,0.056844116302610624
Canaries,6,608,0.05292826076044621
Canaries,6,632,0.04873362463546769
Canaries,6,664,0.04695574199737567
Canaries,6,688,0.04384459927454576
Canaries,6,720,0.04384459927454576
Canaries,6,752,0.043500779630471026
Canaries,6,784,0.043500779630471026
Canaries,6,816,0.04349423880472675
Canaries,6,848,0.04349423880472675
Canaries,6,888,0.04349423880472675
Canaries,6,928,0.04349423880472675
Canaries,6,968,0.043491527572407575
Canaries,6,1008,0.043489715247061446
Canaries,6,1056,0.04348944681930954
Canaries,6,1096,0.04348944681930954
Canaries,6,1144,0.04348943031035158
Canaries,6,1200,0.043489428155098056
Canaries,6,1248,0.0434894275584859
Canaries,7,8,1.8998639440234015
Canaries,7,16,1.1244577777365365
Canaries,7,24,0.8891164761974721
Canaries,7,32,0.7689717906698962
Canaries,7,40,0.4943060660559529
Canaries,7,48,0.4943060660559529
Canaries,7,56,0.4943060660559529
Canaries,7,64,0.4943060660559529
Canaries,7,72,0.4943060660559529
Canaries,7,80,0.3449240307199653
Canaries,7,88,0.3449240307199653
Canaries,7,96,0.3449240307199653
Canaries,7,104,0.3449240307199653
Canaries,7,112,0.3449240307199653
Canaries,7,120,0.3449240307199653
Canaries,7,128,0.3449240307199653
Canaries,7,136,0.3449240307199653
Canaries,7,144,0.3449240307199653
Canaries,7,152,0.3449240307199653
Canaries,7,160,0.3449240307199653
Canaries,7,168,0.3449240307199653
Canaries,7,176,0.3449240307199653
Canaries,7,184,0.3449240307199653
Canaries,7,192,0.3449240307199653
Canaries,7,200,0.3449240307199653
Canaries,7,216,0.3449240307199653
Canaries,7,224,0.3449240307199653
Canaries,7,232,0.339715165533316
Canaries,7,248,0.3245591282342634
Canaries,7,256,0.3245199059816457
Canaries,7,272,0.3245199059816457
Canaries,7,288,0.3245199059816457
Canaries,7,296,0.3245199059816457
Canaries,7,312,0.3245199059816457
Canaries,7,328,0.314780569985181
Canaries,7,344,0.31160559753946787
Canaries,7,368,0.30644397273032337
Canaries,7,384,0.3057174959401709
Canaries,7,400,0.29553495159984794
Canaries,7,424,0.28125243253706467
Canaries,7,440,0.2482310515194637
Canaries,7,464,0.2482310515194637
Canaries,7,488,0.2482310515194637
Canaries,7,512,0.2482310515194637
Canaries,7,536,0.24672192827328726
Canaries,7,568,0.23095309885567913
Canaries,7,592,0.2228198243732398
Canaries,7,624,0.21466217633564544
Canaries,7,656,0.21292851537699614
Canaries,7,688,0.20855233616673532
Canaries,7,720,0.20251385319091578
Canaries,7,760,0.1971203532575971
Canaries,7,800,0.1937605070048645
Canaries,7,840,0.1753950051560709
Canaries,7,880,0.17335988496706997
Canaries,7,920,0.16806694651110643
Canaries,7,968,0.15888611353056623
Canaries,7,1016,0.14633260263793585
Canaries,7,1072,0.13174404673425205
Canaries,7,1120,0.12031465179738583
Canaries,7,1176,0.11623146891856027
Canaries,7,1240,0.11295124586570457
Canaries,7,1304,0.10480105533362925
Canaries,7,1368,0.1016586550963979
Canaries,7,1432,0.08984149450449543
Canaries,7,1504,0.07704717368668379
Canaries,7,1584,0.06798477470417016
Canaries,7,1664,0.03976696007134023
Canaries,7,1744,0.03730518937179893
Canaries,7,1832,0.02658216185473172
Canaries,7,1928,0.019009624971915044
Canaries,7,2024,0.008419741969972245
Canaries,7,2120,0.004812145475424177
Canaries,7,2232,0.0003649407769321804
Canaries,7,2344,4.7565131968847027e-05
Canaries,7,2456,1.0551260328539622e-05
Canaries,7,2584,5.375458983705718e-06
Canaries,7,2712,5.156557476516696e-07
Canaries,8,8,2.199202022788653
Canaries,8,16,0.3224755345327423
Canaries,8,24,0.3224755345327423
Canaries,8,32,0.3224755345327423
Canaries,8,40,0.3224755345327423
Canaries,8,48,0.3224755345327423
Canaries,8,56,0.3224755345327423
Canaries,8,64,0.3224755345327423
Canaries,8,72,0.3224755345327423
Canaries,8,80,0.3224755345327423
Canaries,8,88,0.3224755345327423
Canaries,8,96,0.3224755345327423
Canaries,8,104,0.3224755345327423
Canaries,8,112,0.3224755345327423
Canaries,8,120,0.3224755345327423
Canaries,8,128,0.3224755345327423
Canaries,8,136,0.3224755345327423
Canaries,8,144,0.3224755345327423
Canaries,8,152,0.3224755345327423
Canaries,8,160,0.3224755345327423
Canaries,8,168,0.3224755345327423
Canaries,8,176,0.3224755345327423
Canaries,8,184,0.3224755345327423
Canaries,8,192,0.3206305724388103
Canaries,8,200,0.3206305724388103
Canaries,8,208,0.3206305724388103
Canaries,8,224,0.3206305724388103
Canaries,8,232,0.3206305724388103
Canaries,8,240,0.3206305724388103
Canaries,8,256,0.3168203218623025
Canaries,8,264,0.3168203218623025
Canaries,8,280,0.3030393923552425
Canaries,8,296,0.28052259251701134
Canaries,8,304,0.28052259251701134
Canaries,8,320,0.26425240734317545
Canaries,8,336,0.2445960695565137
Canaries,8,352,0.22858263800225528
Canaries,8,368,0.22858263800225528
Canaries,8,392,0.223663952313104
Canaries,8,408,0.22320079396034487
Canaries,8,424,0.2039414566761652
Canaries,8,448,0.2039414566761652
Canaries,8,472,0.19294185752852175
Canaries,8,488,0.19294185752852175
Canaries,8,512,0.1842448621990837
Canaries,8,536,0.16881159237542315
Canaries,8,568,0.16816645142874842
Canaries,8,592,0.16375209066303653
Canaries,8,624,0.16280625773236582
Canaries,8,648,0.15700371911061847
Canaries,8,680,0.14892877049702916
Canaries,8,712,0.14283075431790776
Canaries,8,752,0.1381072071361092
Canaries,8,784,0.12714070219785897
Canaries,8,824,0.11750522699835968
Canaries,8,864,0.1142789889562113
Canaries,8,904,0.11300409168999534
Canaries,8,944,0.10474799896306233
Canaries,8,992,0.09576441819032448
Canaries,8,1040,0.08715101096940014
Canaries,8,1088,0.0808239288994082
Canaries,8,1144,0.07342588710723331
Canaries,8,1192,0.06570196154693249
Canaries,8,1256,0.05635896725225516
Canaries,8,1312,0.04240655917068435
Canaries,8,1376,0.02742730623381809
Canaries,8,1440,0.016705630961487365
Canaries,8,1512,0.012254015193329495
Canaries,8,1584,0.00854782618230983
Canaries,8,1656,0.007276129956109444
Canaries,8,1736,0.007134563564925484
Canaries,8,1824,0.007105635606463805
Canaries,8,1912,0.007105615528527209
Canaries,8,2000,0.00710558712248901
Canaries,8,2096,0.007105582371462395
Canaries,9,8,0.8924679937140902
Canaries,9,16,0.7554564040597861
Canaries,9,24,0.40674792331708265
Canaries,9,32,0.40674792331708265
Canaries,9,40,0.40674792331708265
Canaries,9,48,0.40674792331708265
Canaries,9,56,0.36760422654930486
Canaries,9,64,0.36760422654930486
Canaries,9,72,0.36760422654930486
Canaries,9,80,0.36760422654930486
Canaries,9,88,0.36760422654930486
Canaries,9,96,0.36760422654930486
Canaries,9,104,0.36760422654930486
Canaries,9,112,0.36760422654930486
Canaries,9,120,0.36760422654930486
Canaries,9,128,0.36760422654930486
Canaries,9,136,0.36760422654930486
Canaries,9,144,0.36760422654930486
Canaries,9,152,0.34808776153824267
Canaries,9,160,0.34808776153824267
Canaries,9,168,0.34808776153824267
Canaries,9,176,0.34808776153824267
Canaries,9,184,0.34808776153824267
Canaries,9,192,0.3448802962583794
Canaries,9,200,0.3412774424529075
Canaries,9,208,0.3412774424529075
Canaries,9,216,0.3412774424529075
Canaries,9,232,0.32324606309721254
Canaries,9,240,0.32324606309721254
Canaries,9,248,0.32146069649371056
Canaries,9,264,0.3212436993796985
Canaries,9,272,0.30322434492691347
Canaries,9,288,0.2774988281695272
Canaries,9,304,0.2737018188536657
Canaries,9,320,0.2572698029719296
Canaries,9,328,0.21030260878698176
Canaries,9,344,0.21030260878698176
Canaries,9,360,0.20373517073579694
Canaries,9,384,0.18891232307705122
Canaries,9,400,0.18891232307705122
Canaries,9,416,0.18891232307705122
Canaries,9,440,0.18563947046814622
Canaries,9,456,0.17840282019742285
Canaries,9,480,0.17802580178987956
Canaries,9,504,0.17418673910721044
Canaries,9,528,0.16861864283420366
Canaries,9,552,0.15773585393086192
Canaries,9,576,0.15197017113493297
Canaries,9,600,0.15197017113493297
Canaries,9,632,0.1416244362324752
Canaries,9,664,0.12968948665251012
Canaries,9,696,0.10336435955272334
Canaries,9,728,0.10128122868962862
Canaries,9,760,0.09903624892804554
Canaries,9,792,0.07799519983418896
Canaries,9,832,0.05565798656133603
Canaries,9,872,0.0545055593540696
Canaries,9,912,0.0545055593540696
Canaries,9,952,0.04975686904477779
Canaries,9,1000,0.04975686904477779
Canaries,9,1048,0.04975686904477779
Canaries,9,1096,0.04975686904477779
Canaries,9,1152,0.04975686904477779
Canaries,9,1200,0.04975686904477779
Canaries,9,1256,0.04963491952540016
Canaries,9,1320,0.04923273154712288
Canaries,9,1376,0.049141695251546054
Canaries,9,1448,0.049033467202982836
Canaries,9,1512,0.04895795630831929
Canaries,9,1584,0.04895795630831929
Canaries,9,1656,0.04892445363656553
Canaries,9,1736,0.048903428960303974
Canaries,9,1816,0.0489025166514799
Canaries,9,1904,0.04890246742285444
HOT,0,8,0.757559692272108
HOT,0,16,0.757559692272108
HOT,0,24,0.38992090179902844
HOT,0,32,0.38992090179902844
HOT,0,40,0.38992090179902844
HOT,0,48,0.38992090179902844
HOT,0,56,0.38992090179902844
HOT,0,64,0.38992090179902844
HOT,0,72,0.38992090179902844
HOT,0,80,0.38992090179902844
HOT,0,88,0.37153173134453127
HOT,0,96,0.3360021459017221
HOT,0,104,0.3360021459017221
HOT,0,112,0.3360021459017221
HOT,0,120,0.3255926197312196
HOT,0,128,0.3255926197312196
HOT,0,136,0.3255926197312196
HOT,0,144,0.31699763420240734
HOT,0,152,0.29733008518716153
HOT,0,160,0.29733008518716153
HOT,0,168,0.29733008518716153
HOT,0,176,0.29733008518716153
HOT,0,184,0.2865345222777776
HOT,0,192,0.2865345222777776
HOT,0,208,0.27411303355206
HOT,0,216,0.27411303355206
HOT,0,224,0.27411303355206
HOT,0,240,0.2718878466770523
HOT,0,248,0.2678521221181934
HOT,0,264,0.2624656052298916
HOT,0,272,0.25927527866914524
HOT,0,288,0.2505976900638785
HOT,0,304,0.2505976900638785
HOT,0,320,0.24161863303849032
HOT,0,336,0.23697561189395827
HOT,0,352,0.23444956603635414
HOT,0,368,0.23444956603635414
HOT,0,384,0.2316636006986107
HOT,0,408,0.22952096081753665
HOT,0,424,0.22885587924357942
HOT,0,448,0.2255810473332714
HOT,0,472,0.22268416693199158
HOT,0,488,0.21894009713102688
HOT,0,512,0.2130967806636933
HOT,0,544,0.20604431498355166
HOT,0,568,0.19612369362975784
HOT,0,600,0.18740951695715916
HOT,0,624,0.18147244268781082
HOT,0,656,0.17586385133407806
HOT,0,688,0.16713842226371953
HOT,0,728,0.16565215024431698
HOT,0,760,0.14694019431409885
HOT,0,800,0.14028849895671514
HOT,0,840,0.13932495095378078
HOT,0,880,0.13719554607456466
HOT,0,920,0.1185677946932328
HOT,0,968,0.1185677946932328
HOT,0,1016,0.1185677946932328
HOT,0,1064,0.1185677946932328
HOT,0,1120,0.1185677946932328
HOT,0,1176,0.1185677946932328
HOT,0,1232,0.1185677946932328
HOT,0,1296,0.1185677946932328
HOT,0,1360,0.11844693317877465
HOT,0,1424,0.11844693317877465
HOT,0,1496,0.08642863477239558
HOT,0,1576,0.08642863477239558
HOT,0,1648,0.08642863477239558
HOT,0,1736,0.08642863477239558
HOT,0,1816,0.08642863477239558
HOT,0,1912,0.08642863477239558
HOT,0,2000,0.08642863477239558
HOT,0,2104,0.08642863477239558
HOT,0,2208,0.08642863477239558
HOT,0,2320,0.08642863477239558
HOT,0,2432,0.08642863477239558
HOT,0,2552,0.08642863477239558
HOT,1,8,0.45359348213572914
HOT,1,16,0.45359348213572914
HOT,1,24,0.45359348213572914
HOT,1,32,0.45359348213572914
HOT,1,40,0.45359348213572914
HOT,1,48,0.45359348213572914
HOT,1,56,0.3945182316853511
HOT,1,64,0.3945182316853511
HOT,1,72,0.3839364183045144
HOT,1,80,0.3839364183045144
HOT,1,88,0.3839364183045144
HOT,1,96,0.3839364183045144
HOT,1,104,0.3839364183045144
HOT,1,112,0.3839364183045144
HOT,1,120,0.3839364183045144
HOT,1,128,0.3839364183045144
HOT,1,136,0.3839364183045144
HOT,1,144,0.3839364183045144
HOT,1,152,0.3839364183045144
HOT,1,160,0.3839364183045144
HOT,1,168,0.3839364183045144
HOT,1,176,0.35052347119233623
HOT,1,192,0.35052347119233623
HOT,1,200,0.34384556338527866
HOT,1,208,0.34384556338527866
HOT,1,216,0.34384556338527866
HOT,1,224,0.34384556338527866
HOT,1,240,0.3412892672589401
HOT,1,248,0.3412892672589401
HOT,1,264,0.3412892672589401
HOT,1,272,0.3412892672589401
HOT,1,288,0.34066710045076054
HOT,1,304,0.34066710045076054
HOT,1,320,0.34066710045076054
HOT,1,336,0.3341612044612339
HOT,1,352,0.31342563734371626
HOT,1,368,0.29484257167019107
HOT,1,384,0.2749286913555636
HOT,1,408,0.2725012404495569
HOT,1,424,0.2725012404495569
HOT,1,448,0.2560940645632669
HOT,1,464,0.24026340241782282
HOT,1,488,0.2326952221936035
HOT,1,512,0.2326952221936035
HOT,1,536,0.2326952221936035
HOT,1,568,0.21106369312390477
HOT,1,592,0.20018693839707635
HOT,1,624,0.20018693839707635
HOT,1,656,0.1986181687908908
HOT,1,688,0.1986181687908908
HOT,1,720,0.19648248363077603
HOT,1,752,0.19628860941053408
HOT,1,792,0.19088386258172432
HOT,1,832,0.1896356712375302
HOT,1,872,0.18792769185010882
HOT,1,912,0.18471339531255346
HOT,1,960,0.1764167151416175
HOT,1,1008,0.17098223555853245
HOT,1,1056,0.14790460084937085
HOT,1,1104,0.14790460084937085
HOT,1,1160,0.13438179427695013
HOT,1,1216,0.13380568462200765
HOT,1,1272,0.12855584955510557
HOT,1,1336,0.125710174700598
HOT,1,1400,0.12436004065397985
HOT,1,1472,0.12409098976130908
HOT,1,1544,0.09460854565405362
HOT,1,1624,0.09460854565405362
HOT,1,1696,0.09460854565405362
HOT,1,1784,0.09460854565405362
HOT,1,1872,0.09460854565405362
HOT,1,1960,0.09460854565405362
HOT,1,2056,0.09460854565405362
HOT,1,2160,0.09460854565405362
HOT,1,2264,0.09460854565405362
HOT,1,2376,0.09460854565405362
HOT,10,8,0.905260251580882
HOT,10,16,0.905260251580882
HOT,10,24,0.905260251580882
HOT,10,32,0.7796686085423878
HOT,10,40,0.7796686085423878
HOT,10,48,0.5198260396820196
HOT,10,56,0.5198260396820196
HOT,10,64,0.5198260396820196
HOT,10,72,0.46788249676187954
HOT,10,80,0.46788249676187954
HOT,10,88,0.46788249676187954
HOT,10,96,0.46788249676187954
HOT,10,104,0.46788249676187954
HOT,10,112,0.46788249676187954
HOT,10,120,0.46788249676187954
HOT,10,128,0.46788249676187954
HOT,10,136,0.3945070820309504
HOT,10,144,0.3945070820309504
HOT,10,152,0.3945070820309504
HOT,10,160,0.3945070820309504
HOT,10,168,0.2639208355373069
HOT,10,176,0.2639208355373069
HOT,10,184,0.2639208355373069
HOT,10,192,0.2639208355373069
HOT,10,200,0.2639208355373069
HOT,10,208,0.2639208355373069
HOT,10,216,0.2639208355373069
HOT,10,232,0.2639208355373069
HOT,10,240,0.2639208355373069
HOT,10,256,0.25946753512974907
HOT,10,264,0.25946753512974907
HOT,10,280,0.25946753512974907
HOT,10,296,0.25946753512974907
HOT,10,304,0.25946753512974907
HOT,10,320,0.23234666319507238
HOT,10,336,0.23234666319507238
HOT,10,352,0.22818216449603523
HOT,10,368,0.21419373048236875
HOT,10,392,0.21419373048236875
HOT,10,408,0.21419373048236875
HOT,10,432,0.21419373048236875
HOT,10,448,0.21419373048236875
HOT,10,472,0.21419373048236875
HOT,10,496,0.2138598563116989
HOT,10,520,0.2124581309275598
HOT,10,544,0.21107441957774922
HOT,10,576,0.21107441957774922
HOT,10,600,0.20961064491304643
HOT,10,632,0.20911683841956444
HOT,10,664,0.20807022274793996
HOT,10,696,0.20660690472188206
HOT,10,728,0.20624899492376486
HOT,10,760,0.2060251123891869
HOT,10,800,0.20551863965823758
HOT,10,840,0.20515076328682824
HOT,10,880,0.20426192724067985
HOT,10,928,0.20363637804586768
HOT,10,968,0.20042470858866823
HOT,10,1016,0.19713380572548808
HOT,10,1072,0.18908500041717854
HOT,10,1120,0.18802247820629198
HOT,10,1176,0.16183791544654808
HOT,10,1232,0.1472392131263647
HOT,10,1296,0.14345854058771282
HOT,10,1360,0.14148073403700415
HOT,10,1424,0.13670227534641816
HOT,10,1496,0.13050406420557917
HOT,10,1568,0.12939946805984956
HOT,10,1648,0.12813763265800707
HOT,10,1728,0.1257391557298867
HOT,10,1808,0.12201259282090103
HOT,10,1904,0.12174748496715097
HOT,10,1992,0.12154053682703721
HOT,10,2096,0.1215391093205828
HOT,10,2192,0.12153906065390659
HOT,10,2304,0.12153905160896876
HOT,10,2416,0.12153905156985068
HOT,11,8,0.547900561754031
HOT,11,16,0.547900561754031
HOT,11,24,0.547900561754031
HOT,11,32,0.547900561754031
HOT,11,40,0.547900561754031
HOT,11,48,0.547900561754031
HOT,11,56,0.547900561754031
HOT,11,64,0.547900561754031
HOT,11,72,0.547900561754031
HOT,11,80,0.547900561754031
HOT,11,88,0.547900561754031
HOT,11,96,0.547900561754031
HOT,11,104,0.547900561754031
HOT,11,112,0.5473414489123059
HOT,11,120,0.5473414489123059
HOT,11,128,0.5473414489123059
HOT,11,136,0.5473414489123059
HOT,11,144,0.5473414489123059
HOT,11,152,0.5473414489123059
HOT,11,160,0.5473414489123059
HOT,11,168,0.5473414489123059
HOT,11,176,0.5473414489123059
HOT,11,184,0.5473414489123059
HOT,11,192,0.507533417562538
HOT,11,200,0.4745067694193006
HOT,11,208,0.4745067694193006
HOT,11,216,0.23974280562187852
HOT,11,224,0.23974280562187852
HOT,11,232,0.23974280562187852
HOT,11,248,0.21073093984796368
HOT,11,256,0.21073093984796368
HOT,11,272,0.21073093984796368
HOT,11,280,0.21073093984796368
HOT,11,296,0.18456854377861937
HOT,11,312,0.18456854377861937
HOT,11,320,0.18456854377861937
HOT,11,336,0.18456854377861937
HOT,11,352,0.18456854377861937
HOT,11,368,0.18456854377861937
HOT,11,384,0.15274829334678217
HOT,11,400,0.15274829334678217
HOT,11,424,0.15274829334678217
HOT,11,440,0.15274829334678217
HOT,11,456,0.11491084117016197
HOT,11,480,0.11491084117016197
HOT,11,504,0.11491084117016197
HOT,11,528,0.11491084117016197
HOT,11,552,0.11491084117016197
HOT,11,576,0.11491084117016197
HOT,11,600,0.11491084117016197
HOT,11,632,0.11491084117016197
HOT,11,656,0.11491084117016197
HOT,11,688,0.11491084117016197
HOT,11,720,0.11491084117016197
HOT,11,752,0.11491084117016197
HOT,11,784,0.11491084117016197
HOT,11,824,0.11491084117016197
HOT,11,856,0.11491084117016197
HOT,11,896,0.11491084117016197
HOT,11,936,0.11491084117016197
HOT,11,984,0.11491084117016197
HOT,11,1024,0.11491084117016197
HOT,11,1072,0.11491084117016197
HOT,11,1120,0.11491084117016197
HOT,11,1168,0.11491084117016197
HOT,11,1224,0.11491084117016197
HOT,11,1280,0.11491084117016197
HOT,11,1336,0.11491084117016197
HOT,11,1400,0.11491084117016197
HOT,11,1464,0.11491084117016197
HOT,11,1528,0.11491084117016197
HOT,11,1600,0.11491084117016197
HOT,12,8,0.5637218277843494
HOT,12,16,0.5637218277843494
HOT,12,24,0.3855463433993849
HOT,12,32,0.3855463433993849
HOT,12,40,0.3855463433993849
HOT,12,48,0.3211961879493891
HOT,12,56,0.3211961879493891
HOT,12,64,0.3211961879493891
HOT,12,72,0.3211961879493891
HOT,12,80,0.3211961879493891
HOT,12,88,0.3211961879493891
HOT,12,96,0.3211961879493891
HOT,12,104,0.3211961879493891
HOT,12,112,0.3211961879493891
HOT,12,120,0.3211961879493891
HOT,12,128,0.3211961879493891
HOT,12,136,0.3211961879493891
HOT,12,144,0.3211961879493891
HOT,12,152,0.3211961879493891
HOT,12,160,0.3211961879493891
HOT,12,168,0.31188120861653484
HOT,12,176,0.31188120861653484
HOT,12,192,0.31188120861653484
HOT,12,200,0.31188120861653484
HOT,12,208,0.31188120861653484
HOT,12,216,0.31188120861653484
HOT,12,232,0.31188120861653484
HOT,12,240,0.31188120861653484
HOT,12,256,0.31188120861653484
HOT,12,264,0.2992788727062203
HOT,12,280,0.2992788727062203
HOT,12,296,0.2922504573991351
HOT,12,312,0.2922504573991351
HOT,12,328,0.2922504573991351
HOT,12,344,0.2865523887984756
HOT,12,360,0.26598888854908237
HOT,12,376,0.2541301960386806
HOT,12,400,0.24712256722323508
HOT,12,416,0.24712256722323508
HOT,12,440,0.24712256722323508
HOT,12,464,0.24308569480073977
HOT,12,480,0.23434293427118458
HOT,12,504,0.20155166311497522
HOT,12,536,0.18960344006277727
HOT,12,560,0.18960344006277727
HOT,12,592,0.18960344006277727
HOT,12,616,0.18960344006277727
HOT,12,648,0.18960344006277727
HOT,12,680,0.18960344006277727
HOT,12,720,0.18960344006277727
HOT,12,752,0.18960344006277727
HOT,12,792,0.18960344006277727
HOT,12,832,0.18735408193478217
HOT,12,872,0.1838765047106032
HOT,12,920,0.17721531195999568
HOT,12,968,0.17124171481781775
HOT,12,1016,0.16876400720678514
HOT,12,1064,0.16717257035908478
HOT,12,1120,0.16395820584381715
HOT,12,1176,0.16166265366288368
HOT,12,1240,0.161091137906806
HOT,12,1296,0.16027043165219484
HOT,12,1368,0.1588724265970798
HOT,12,1432,0.15531656183226528
HOT,12,1504,0.14645417276797884
HOT,12,1584,0.12906019476297548
HOT,12,1664,0.11328274547046495
HOT,12,1744,0.10184484161153345
HOT,12,1832,0.07914762030585049
HOT,12,1928,0.07468131150168279
HOT,12,2024,0.07004221873503816
HOT,12,2128,0.06670252873667695
HOT,12,2240,0.06200935400127563
HOT,12,2352,0.059797026052207346
HOT,12,2472,0.0567265676789831
HOT,12,2592,0.05526964785400108
HOT,12,2728,0.05518358157780616
HOT,12,2864,0.055183323329268605
HOT,13,8,1.7017439869388742
HOT,13,16,1.6854171677396466
HOT,13,24,1.6854171677396466
HOT,13,32,1.2752116496249462
HOT,13,40,1.2752116496249462
HOT,13,48,1.2752116496249462
HOT,13,56,0.3904257891848249
HOT,13,64,0.3904257891848249
HOT,13,72,0.3904257891848249
HOT,13,80,0.3904257891848249
HOT,13,88,0.3904257891848249
HOT,13,96,0.3904257891848249
HOT,13,104,0.2120214702394312
HOT,13,112,0.2120214702394312
HOT,13,120,0.2120214702394312
HOT,13,128,0.2120214702394312
HOT,13,136,0.2120214702394312
HOT,13,144,0.2120214702394312
HOT,13,152,0.2120214702394312
HOT,13,160,0.2120214702394312
HOT,13,168,0.2120214702394312
HOT,13,176,0.2120214702394312
HOT,13,184,0.2120214702394312
HOT,13,192,0.2120214702394312
HOT,13,200,0.2120214702394312
HOT,13,216,0.2120214702394312
HOT,13,224,0.2120214702394312
HOT,13,240,0.2120214702394312
HOT,13,248,0.2120214702394312
HOT,13,264,0.2120214702394312
HOT,13,280,0.2120214702394312
HOT,13,288,0.2120214702394312
HOT,13,304,0.2120214702394312
HOT,13,320,0.2120214702394312
HOT,13,344,0.2120214702394312
HOT,13,360,0.2120214702394312
HOT,13,376,0.2120214702394312
HOT,13,400,0.2120214702394312
HOT,13,416,0.2120214702394312
HOT,13,440,0.2120214702394312
HOT,13,464,0.2120214702394312
HOT,13,488,0.2120214702394312
HOT,13,512,0.2120214702394312
HOT,13,544,0.2120214702394312
HOT,13,568,0.2120214702394312
HOT,13,600,0.2120214702394312
HOT,13,632,0.2120214702394312
HOT,13,664,0.2120214702394312
HOT,13,696,0.2120214702394312
HOT,13,736,0.2120214702394312
HOT,13,776,0.2120214702394312
HOT,13,816,0.2120214702394312
HOT,13,856,0.2120214702394312
HOT,13,904,0.2120214702394312
HOT,13,952,0.2120214702394312
HOT,13,1000,0.2120214702394312
HOT,13,1056,0.2120214702394312
HOT,13,1112,0.2120214702394312
HOT,13,1168,0.2120214702394312
HOT,13,1232,0.20566925638072214
HOT,13,1296,0.20016660394968616
HOT,13,1360,0.17811595763830762
HOT,13,1432,0.17072055718920612
HOT,13,1512,0.1590097780366568
HOT,13,1592,0.13274153251068885
HOT,13,1672,0.1150059872530707
HOT,13,1760,0.10222021885686207
HOT,13,1856,0.10137000110180855
HOT,13,1952,0.09774081784275958
HOT,13,2056,0.09348363264969456
HOT,13,2160,0.09030394782717552
HOT,13,2280,0.08537914054727558
HOT,13,2400,0.0685684754578646
HOT,13,2520,0.06480165423838248
HOT,13,2656,0.061928101421783614
HOT,13,2800,0.05810227740211764
HOT,13,2944,0.057673210972706127
HOT,13,3096,0.05752882238854549
HOT,13,3264,0.0571329589058385
HOT,13,3432,0.05701491056308738
HOT,13,3616,0.05700151074931005
HOT,14,8,3.8488490604124124
HOT,14,16,2.3868385888699297
HOT,14,24,1.7711947437779045
HOT,14,32,1.0251617941340518
HOT,14,40,1.0251617941340518
HOT,14,48,1.0251617941340518
HOT,14,56,0.6216636694450853
HOT,14,64,0.6216636694450853
HOT,14,72,0.6216636694450853
HOT,14,80,0.6216636694450853
HOT,14,88,0.6216636694450853
HOT,14,96,0.6216636694450853
HOT,14,104,0.6216636694450853
HOT,14,112,0.4130364923131256
HOT,14,120,0.4130364923131256
HOT,14,128,0.41073619918182735
HOT,14,136,0.41073619918182735
HOT,14,144,0.35268449619710374
HOT,14,152,0.35268449619710374
HOT,14,160,0.27207391875953213
HOT,14,168,0.27207391875953213
HOT,14,176,0.27207391875953213
HOT,14,184,0.27207391875953213
HOT,14,200,0.27207391875953213
HOT,14,208,0.27207391875953213
HOT,14,216,0.27207391875953213
HOT,14,232,0.27207391875953213
HOT,14,240,0.27207391875953213
HOT,14,256,0.27207391875953213
HOT,14,264,0.27207391875953213
HOT,14,280,0.27027962009416345
HOT,14,296,0.24274225092664908
HOT,14,304,0.24274225092664908
HOT,14,320,0.24274225092664908
HOT,14,336,0.24274225092664908
HOT,14,360,0.24274225092664908
HOT,14,376,0.24274225092664908
HOT,14,392,0.24274225092664908
HOT,14,416,0.24274225092664908
HOT,14,432,0.24274225092664908
HOT,14,456,0.24274225092664908
HOT,14,480,0.24274225092664908
HOT,14,504,0.24274225092664908
HOT,14,528,0.24274225092664908
HOT,14,552,0.24274225092664908
HOT,14,584,0.24274225092664908
HOT,14,616,0.24274225092664908
HOT,14,640,0.24241476172065335
HOT,14,680,0.23756904482056207
HOT,14,712,0.2340347782624565
HOT,14,744,0.2340347782624565
HOT,14,784,0.22996587064541918
HOT,14,824,0.22493593288462155
HOT,14,864,0.2207164608498963
HOT,14,912,0.22006824778080997
HOT,14,952,0.21622921193419878
HOT,14,1000,0.20762520125578804
HOT,14,1056,0.20762520125578804
HOT,14,1104,0.20572746185686097
HOT,14,1160,0.20198927928043714
HOT,14,1224,0.1997466306332122
HOT,14,1280,0.1967153229236657
HOT,14,1352,0.19195629927849686
HOT,14,1416,0.18574654731331436
HOT,14,1488,0.18266411052641585
HOT,14,1560,0.17430313568757239
HOT,14,1640,0.1688259860523144
HOT,14,1728,0.16172317546897788
HOT,14,1816,0.1509801834337728
HOT,14,1904,0.14220093930617683
HOT,14,2000,0.12454126872922165
HOT,14,2104,0.10463154841203408
HOT,14,2208,0.10463154841203408
HOT,14,2320,0.10463154841203408
HOT,14,2432,0.10463154841203408
HOT,14,2560,0.10463154841203408
HOT,14,2688,0.10463154841203408
HOT,14,2824,0.10463154841203408
HOT,15,8,2.404237445997526
HOT,15,16,1.289644723180562
HOT,15,24,0.48123862174767956
HOT,15,32,0.48123862174767956
HOT,15,40,0.4171950690129755
HOT,15,48,0.18972745242750147
HOT,15,56,0.18972745242750147
HOT,15,64,0.18972745242750147
HOT,15,72,0.18972745242750147
HOT,15,80,0.18972745242750147
HOT,15,88,0.18972745242750147
HOT,15,96,0.18972745242750147
HOT,15,104,0.18972745242750147
HOT,15,112,0.18972745242750147
HOT,15,120,0.18972745242750147
HOT,15,128,0.18972745242750147
HOT,15,136,0.18972745242750147
HOT,15,144,0.18972745242750147
HOT,15,152,0.18972745242750147
HOT,15,160,0.18972745242750147
HOT,15,168,0.18972745242750147
HOT,15,176,0.18972745242750147
HOT,15,184,0.18972745242750147
HOT,15,192,0.18972745242750147
HOT,15,200,0.18972745242750147
HOT,15,208,0.18972745242750147
HOT,15,224,0.18972745242750147
HOT,15,232,0.18972745242750147
HOT,15,240,0.18972745242750147
HOT,15,256,0.18972745242750147
HOT,15,264,0.18972745242750147
HOT,15,280,0.18972745242750147
HOT,15,296,0.18972745242750147
HOT,15,304,0.18972745242750147
HOT,15,320,0.18972745242750147
HOT,15,336,0.18972745242750147
HOT,15,352,0.18972745242750147
HOT,15,368,0.18972745242750147
HOT,15,392,0.18972745242750147
HOT,15,408,0.18972745242750147
HOT,15,424,0.18972745242750147
HOT,15,448,0.18972745242750147
HOT,15,472,0.18972745242750147
HOT,15,496,0.18972745242750147
HOT,15,520,0.18972745242750147
HOT,15,544,0.18972745242750147
HOT,15,568,0.18972745242750147
HOT,15,592,0.18972745242750147
HOT,15,624,0.18972745242750147
HOT,15,656,0.18972745242750147
HOT,15,688,0.18972745242750147
HOT,15,720,0.18972745242750147
HOT,15,752,0.18972745242750147
HOT,15,792,0.17949923758384245
HOT,15,832,0.17949923758384245
HOT,15,872,0.17949923758384245
HOT,15,912,0.1746916204152892
HOT,15,952,0.1671556472187559
HOT,15,1000,0.15594342978818226
HOT,15,1048,0.14725372786469534
HOT,15,1104,0.11145962501276294
HOT,15,1152,0.11145962501276294
HOT,15,1208,0.11145962501276294
HOT,15,1272,0.11145962501276294
HOT,15,1328,0.11145962501276294
HOT,15,1392,0.11145962501276294
HOT,15,1464,0.11145962501276294
HOT,15,1536,0.11145962501276294
HOT,15,1608,0.11145962501276294
HOT,15,1688,0.11145962501276294
HOT,15,1768,0.11145962501276294
HOT,15,1856,0.11145962501276294
HOT,15,1944,0.11145962501276294
HOT,15,2040,0.11145962501276294
HOT,15,2136,0.11145962501276294
HOT,15,2240,0.11145962501276294
HOT,16,8,1.128021831670871
HOT,16,16,0.8065016695889609
HOT,16,24,0.4209141047440427
HOT,16,32,0.4209141047440427
HOT,16,40,0.4209141047440427
HOT,16,48,0.4209141047440427
HOT,16,56,0.4209141047440427
HOT,16,64,0.4209141047440427
HOT,16,72,0.4209141047440427
HOT,16,80,0.37997681284309875
HOT,16,88,0.37997681284309875
HOT,16,96,0.37997681284309875
HOT,16,104,0.37997681284309875
HOT,16,112,0.37997681284309875
HOT,16,120,0.37997681284309875
HOT,16,128,0.37997681284309875
HOT,16,136,0.3373628256841722
HOT,16,144,0.3373628256841722
HOT,16,152,0.3092457761290173
HOT,16,160,0.2875804002353833
HOT,16,168,0.2790592294033853
HOT,16,176,0.2790592294033853
HOT,16,184,0.2790592294033853
HOT,16,192,0.2790592294033853
HOT,16,208,0.2790592294033853
HOT,16,216,0.2790592294033853
HOT,16,224,0.2790592294033853
HOT,16,232,0.2790592294033853
HOT,16,248,0.26965281510550715
HOT,16,256,0.26965281510550715
HOT,16,272,0.26013145500859064
HOT,16,288,0.26013145500859064
HOT,16,296,0.2582970330475918
HOT,16,312,0.2395525421135056
HOT,16,328,0.23047291649191112
HOT,16,344,0.22262271202183595
HOT,16,360,0.22262271202183595
HOT,16,376,0.22262271202183595
HOT,16,392,0.22262271202183595
HOT,16,416,0.2189464562067345
HOT,16,432,0.2135095124749587
HOT,16,456,0.20934871962600704
HOT,16,480,0.20934871962600704
HOT,16,496,0.20891281379824705
HOT,16,520,0.20616835460076713
HOT,16,552,0.2033482011876645
HOT,16,576,0.20143665391035515
HOT,16,600,0.1997555563338045
HOT,16,632,0.19797701124713782
HOT,16,664,0.196817653032967
HOT,16,696,0.1929785882708018
HOT,16,728,0.189804048936302
HOT,16,760,0.1852593289102323
HOT,16,800,0.1772988947074545
HOT,16,840,0.15999510558816735
HOT,16,880,0.14513376550533172
HOT,16,920,0.14313423275590684
HOT,16,968,0.13224690981236417
HOT,16,1008,0.12615488453091628
HOT,16,1056,0.12615488453091628
HOT,16,1112,0.12468203297123483
HOT,16,1168,0.12422939489823784
HOT,16,1224,0.12367691161365348
HOT,16,1280,0.12304384921191694
HOT,16,1344,0.12172084936157979
HOT,16,1408,0.1215933011223958
HOT,16,1472,0.12156453826731489
HOT,16,1544,0.12156453826731489
HOT,16,1616,0.12153912337406968
HOT,16,1696,0.12153912337406968
HOT,16,1776,0.12153906670677136
HOT,16,1864,0.12153905199296644
HOT,16,1952,0.12153905161920514
HOT,16,2048,0.12153905156954514
HOT,16,2144,0.12153905156923417
HOT,17,8,1.0546615594334838
HOT,17,16,0.5250252517353712
HOT,17,24,0.5250252517353712
HOT,17,32,0.5250252517353712
HOT,17,40,0.5250252517353712
HOT,17,48,0.5250252517353712
HOT,17,56,0.5250252517353712
HOT,17,64,0.3699279741591384
HOT,17,72,0.3699279741591384
HOT,17,80,0.3699279741591384
HOT,17,88,0.32024862216643546
HOT,17,96,0.32024862216643546
HOT,17,104,0.32024862216643546
HOT,17,112,0.32024862216643546
HOT,17,120,0.23599455778066175
HOT,17,128,0.23599455778066175
HOT,17,136,0.23599455778066175
HOT,17,144,0.23599455778066175
HOT,17,152,0.23599455778066175
HOT,17,160,0.23599455778066175
HOT,17,168,0.23599455778066175
HOT,17,176,0.23599455778066175
HOT,17,184,0.23599455778066175
HOT,17,192,0.23599455778066175
HOT,17,200,0.23599455778066175
HOT,17,208,0.23599455778066175
HOT,17,224,0.23599455778066175
HOT,17,232,0.23599455778066175
HOT,17,240,0.23599455778066175
HOT,17,256,0.23599455778066175
HOT,17,264,0.23599455778066175
HOT,17,280,0.22124007464997614
HOT,17,288,0.21398515264150028
HOT,17,304,0.20517709388114982
HOT,17,320,0.20517709388114982
HOT,17,336,0.198597143671096
HOT,17,352,0.198597143671096
HOT,17,368,0.198597143671096
HOT,17,384,0.19214833468604123
HOT,17,400,0.19145470336600587
HOT,17,416,0.18784774234846166
HOT,17,440,0.18311322029344468
HOT,17,456,0.1716678756146899
HOT,17,480,0.1586951514598596
HOT,17,504,0.1586951514598596
HOT,17,528,0.1581204632017853
HOT,17,552,0.14876163768750486
HOT,17,576,0.14464089437741323
HOT,17,600,0.13989652685060844
HOT,17,632,0.13989652685060844
HOT,17,656,0.13972391377021678
HOT,17,688,0.13754549259279017
HOT,17,720,0.1352291301239098
HOT,17,752,0.13169015059703146
HOT,17,792,0.12825650551681944
HOT,17,824,0.12758715159878595
HOT,17,864,0.12494134752866211
HOT,17,904,0.12365649507089632
HOT,17,952,0.12365649507089632
HOT,17,992,0.12323711881469487
HOT,17,1040,0.12260736490656722
HOT,17,1088,0.12224604023694143
HOT,17,1136,0.12178946754455748
HOT,17,1192,0.12163832483905677
HOT,17,1248,0.12156485944892735
HOT,17,1304,0.12154630353789402
HOT,17,1368,0.12153931159360452
HOT,17,1424,0.12153929586621932
HOT,17,1496,0.12153906096878203
HOT,17,1560,0.12153905197617806
HOT,17,1640,0.12153905175773957
HOT,17,1712,0.12153905157157048
HOT,17,1792,0.12153905156923832
HOT,18,8,3.361988631689547
HOT,18,16,0.6062372742036867
HOT,18,24,0.6062372742036867
HOT,18,32,0.6062372742036867
HOT,18,40,0.6062372742036867
HOT,18,48,0.6062372742036867
HOT,18,56,0.6062372742036867
HOT,18,64,0.6062372742036867
HOT,18,72,0.5622907146337479
HOT,18,80,0.5622907146337479
HOT,18,88,0.3765631969901036
HOT,18,96,0.3765631969901036
HOT,18,104,0.3765631969901036
HOT,18,112,0.3765631969901036
HOT,18,120,0.3765631969901036
HOT,18,128,0.3765631969901036
HOT,18,136,0.3765631969901036
HOT,18,144,0.33351602658808976
HOT,18,152,0.33351602658808976
HOT,18,160,0.33351602658808976
HOT,18,176,0.33351602658808976
HOT,18,184,0.33351602658808976
HOT,18,192,0.33351602658808976
HOT,18,200,0.33351602658808976
HOT,18,208,0.33351602658808976
HOT,18,216,0.33351602658808976
HOT,18,232,0.33351602658808976
HOT,18,240,0.33351602658808976
HOT,18,256,0.33351602658808976
HOT,18,264,0.33351602658808976
HOT,18,280,0.33351602658808976
HOT,18,296,0.3330769113052958
HOT,18,312,0.3317438547991821
HOT,18,328,0.330817762382938
HOT,18,344,0.33062195197426536
HOT,18,360,0.3292203759976742
HOT,18,376,0.3292203759976742
HOT,18,392,0.322978518845174
HOT,18,416,0.3023647214116987
HOT,18,432,0.3023647214116987
HOT,18,456,0.281844185142356
HOT,18,480,0.281844185142356
HOT,18,504,0.27412512659308275
HOT,18,528,0.27412512659308275
HOT,18,552,0.27412512659308275
HOT,18,584,0.27412512659308275
HOT,18,608,0.27384769785297053
HOT,18,640,0.2600709837369314
HOT,18,672,0.2511784571377142
HOT,18,704,0.24592285906730993
HOT,18,744,0.2408272642119835
HOT,18,776,0.2402462480890705
HOT,18,816,0.2085246579854089
HOT,18,856,0.2085246579854089
HOT,18,904,0.2012129394275449
HOT,18,944,0.2012129394275449
HOT,18,992,0.19830642215886904
HOT,18,1040,0.19830642215886904
HOT,18,1096,0.1914956175912824
HOT,18,1152,0.18748450978071707
HOT,18,1208,0.17628252598476973
HOT,18,1264,0.1712375022492465
HOT,18,1328,0.14001588548668484
HOT,18,1400,0.13743919784112588
HOT,18,1464,0.0946776741677359
HOT,18,1544,0.0946776741677359
HOT,18,1616,0.05473996605045549
HOT,18,1696,0.05473996605045549
HOT,18,1784,0.05473996605045549
HOT,18,1872,0.05473996605045549
HOT,18,1968,0.05473996605045549
HOT,18,2064,0.05473996605045549
HOT,18,2168,0.05473996605045549
HOT,18,2272,0.05473996605045549
HOT,18,2384,0.05473996605045549
HOT,18,2504,0.05473996605045549
HOT,18,2632,0.05473996605045549
HOT,19,8,0.840706269246514
HOT,19,16,0.840706269246514
HOT,19,24,0.32390296714330513
HOT,19,32,0.32390296714330513
HOT,19,40,0.32390296714330513
HOT,19,48,0.32390296714330513
HOT,19,56,0.32390296714330513
HOT,19,64,0.32390296714330513
HOT,19,72,0.32390296714330513
HOT,19,80,0.32390296714330513
HOT,19,88,0.32390296714330513
HOT,19,96,0.32390296714330513
HOT,19,104,0.32390296714330513
HOT,19,112,0.32390296714330513
HOT,19,120,0.32390296714330513
HOT,19,128,0.32390296714330513
HOT,19,136,0.32390296714330513
HOT,19,144,0.32390296714330513
HOT,19,152,0.32390296714330513
HOT,19,160,0.32390296714330513
HOT,19,168,0.32390296714330513
HOT,19,176,0.32390296714330513
HOT,19,184,0.32390296714330513
HOT,19,192,0.32390296714330513
HOT,19,200,0.32390296714330513
HOT,19,208,0.32390296714330513
HOT,19,224,0.2593248109242391
HOT,19,232,0.2593248109242391
HOT,19,240,0.2593248109242391
HOT,19,256,0.2593248109242391
HOT,19,264,0.2593248109242391
HOT,19,280,0.2593248109242391
HOT,19,296,0.2593248109242391
HOT,19,304,0.2593248109242391
HOT,19,320,0.2593248109242391
HOT,19,336,0.2593248109242391
HOT,19,352,0.2593248109242391
HOT,19,376,0.2593248109242391
HOT,19,392,0.21177708994597613
HOT,19,408,0.21177708994597613
HOT,19,432,0.2099063734022738
HOT,19,448,0.19448264148066888
HOT,19,472,0.1893272791415623
HOT,19,496,0.1893272791415623
HOT,19,520,0.1893272791415623
HOT,19,544,0.18167423176133657
HOT,19,568,0.17524929176877344
HOT,19,600,0.16465434275905366
HOT,19,624,0.16465434275905366
HOT,19,656,0.16277357523553723
HOT,19,688,0.1569331031360071
HOT,19,720,0.1569331031360071
HOT,19,760,0.15658262654412933
HOT,19,792,0.1541563267131869
HOT,19,832,0.14434044386360956
HOT,19,872,0.14095556327455933
HOT,19,920,0.13487996711428205
HOT,19,960,0.13237220996242213
HOT,19,1008,0.12794907619859144
HOT,19,1056,0.12618266384832164
HOT,19,1104,0.12477146252938519
HOT,19,1160,0.12305511990961433
HOT,19,1216,0.1224090796366077
HOT,19,1280,0.12180476946833275
HOT,19,1336,0.1217764493431463
HOT,19,1408,0.12160327628030643
HOT,19,1472,0.12154428417643667
HOT,19,1544,0.1215408996508966
HOT,19,1616,0.12153936961711309
HOT,19,1696,0.12153905326814615
HOT,19,1776,0.12153905275531245
HOT,19,1864,0.12153905180325823
HOT,19,1960,0.1215390515929052
HOT,19,2048,0.12153905157210818
HOT,19,2152,0.12153905156923976
HOT,19,2256,0.12153905156919217
HOT,2,8,1.433751801576513
HOT,2,16,0.3091729593372112
HOT,2,24,0.3091729593372112
HOT,2,32,0.3091729593372112
HOT,2,40,0.3091729593372112
HOT,2,48,0.3091729593372112
HOT,2,56,0.3091729593372112
HOT,2,64,0.2949040121262853
HOT,2,72,0.2949040121262853
HOT,2,80,0.2949040121262853
HOT,2,88,0.2949040121262853
HOT,2,96,0.2949040121262853
HOT,2,104,0.2949040121262853
HOT,2,112,0.2949040121262853
HOT,2,120,0.2949040121262853
HOT,2,128,0.24707487810751821
HOT,2,136,0.24707487810751821
HOT,2,144,0.2362830817082021
HOT,2,152,0.2362830817082021
HOT,2,160,0.23277965097767017
HOT,2,168,0.23277965097767017
HOT,2,176,0.23277965097767017
HOT,2,184,0.23277965097767017
HOT,2,192,0.22235678143135132
HOT,2,200,0.22235678143135132
HOT,2,216,0.22235678143135132
HOT,2,224,0.22235678143135132
HOT,2,232,0.22235678143135132
HOT,2,240,0.22235678143135132
HOT,2,256,0.22235678143135132
HOT,2,264,0.22235678143135132
HOT,2,280,0.22235678143135132
HOT,2,288,0.22235678143135132
HOT,2,304,0.21836881453510165
HOT,2,320,0.21836881453510165
HOT,2,336,0.21836881453510165
HOT,2,352,0.21836881453510165
HOT,2,368,0.21836881453510165
HOT,2,384,0.21771356008037546
HOT,2,400,0.2064255094855572
HOT,2,416,0.2064255094855572
HOT,2,440,0.2064255094855572
HOT,2,456,0.2064255094855572
HOT,2,480,0.2064255094855572
HOT,2,496,0.20010584677328896
HOT,2,520,0.20010584677328896
HOT,2,544,0.19973563509814782
HOT,2,568,0.1900038068891604
HOT,2,600,0.16945579371010697
HOT,2,624,0.16255082971217183
HOT,2,656,0.13230623812039588
HOT,2,680,0.1309397305667576
HOT,2,712,0.1309397305667576
HOT,2,752,0.12481875739713766
HOT,2,784,0.12481875739713766
HOT,2,816,0.12365063463626817
HOT,2,856,0.12283762305713411
HOT,2,896,0.1226087729305515
HOT,2,936,0.12242676567706903
HOT,2,976,0.12242676567706903
HOT,2,1024,0.122064876243814
HOT,2,1072,0.12182907328725259
HOT,2,1120,0.12160864090634221
HOT,2,1176,0.12154409884665715
HOT,2,1224,0.12154004354659523
HOT,2,1280,0.12153916550928891
HOT,2,1344,0.12153905299977386
HOT,2,1400,0.12153905299977386
HOT,2,1472,0.12153905167199283
HOT,2,1536,0.12153905159139658
HOT,2,1608,0.12153905159139658
HOT,2,1680,0.12153905157002391
HOT,3,8,1.869102107986569
HOT,3,16,1.869102107986569
HOT,3,24,1.29325849577393
HOT,3,32,1.1491823129039203
HOT,3,40,0.8105011631599294
HOT,3,48,0.6745778804826881
HOT,3,56,0.5521669861218684
HOT,3,64,0.48626357716299445
HOT,3,72,0.41417970721423664
HOT,3,80,0.3189154839867283
HOT,3,88,0.3189154839867283
HOT,3,96,0.3189154839867283
HOT,3,104,0.3189154839867283
HOT,3,112,0.29671654825729965
HOT,3,120,0.2937230254456665
HOT,3,128,0.2937230254456665
HOT,3,136,0.28658887177454284
HOT,3,144,0.2573924340093936
HOT,3,152,0.2573924340093936
HOT,3,160,0.2573924340093936
HOT,3,168,0.2573924340093936
HOT,3,176,0.2573924340093936
HOT,3,184,0.2573924340093936
HOT,3,192,0.25738710686646915
HOT,3,200,0.25738710686646915
HOT,3,208,0.25738710686646915
HOT,3,224,0.25738710686646915
HOT,3,232,0.25464377124403226
HOT,3,240,0.2543037326840531
HOT,3,256,0.23559558712840642
HOT,3,264,0.23559558712840642
HOT,3,280,0.23077314515778702
HOT,3,296,0.22469687694678311
HOT,3,312,0.22469687694678311
HOT,3,328,0.2200906059375278
HOT,3,344,0.21870509282335956
HOT,3,360,0.21870509282335956
HOT,3,376,0.21870509282335956
HOT,3,392,0.21870509282335956
HOT,3,416,0.2141506999591654
HOT,3,432,0.21405438805244545
HOT,3,456,0.20851405143980367
HOT,3,480,0.20851405143980367
HOT,3,504,0.20851405143980367
HOT,3,528,0.2044473424013379
HOT,3,552,0.2044473424013379
HOT,3,576,0.20414981802901352
HOT,3,608,0.20414981802901352
HOT,3,640,0.20015561086757522
HOT,3,672,0.20015561086757522
HOT,3,704,0.19937779582393145
HOT,3,736,0.19870340830102734
HOT,3,768,0.19785216016445342
HOT,3,808,0.19412615789862456
HOT,3,848,0.18949970408966874
HOT,3,888,0.1792292886426182
HOT,3,936,0.17197931768863708
HOT,3,984,0.15261641991513478
HOT,3,1032,0.12856187507717073
HOT,3,1080,0.12446367051899268
HOT,3,1136,0.12443763769006094
HOT,3,1192,0.12417646877342428
HOT,3,1248,0.123973094277436
HOT,3,1312,0.12393069092158804
HOT,3,1376,0.12313844928492917
HOT,3,1440,0.12176642426245335
HOT,3,1512,0.09472846818791221
HOT,3,1584,0.09472846818791221
HOT,3,1664,0.09472846818791221
HOT,3,1752,0.09472846818791221
HOT,3,1832,0.09472846818791221
HOT,3,1928,0.09472846818791221
HOT,3,2016,0.09472846818791221
HOT,3,2120,0.09472846818791221
HOT,3,2224,0.09472846818791221
HOT,3,2336,0.09472846818791221
HOT,3,2448,0.09472846818791221
HOT,4,8,1.6716404852930584
HOT,4,16,1.4722414730981097
HOT,4,24,1.4722414730981097
HOT,4,32,1.16692331761197
HOT,4,40,0.8049088373178128
HOT,4,48,0.8049088373178128
HOT,4,56,0.33877495304222527
HOT,4,64,0.33877495304222527
HOT,4,72,0.33877495304222527
HOT,4,80,0.33877495304222527
HOT,4,88,0.33877495304222527
HOT,4,96,0.33877495304222527
HOT,4,104,0.33877495304222527
HOT,4,112,0.33877495304222527
HOT,4,120,0.33877495304222527
HOT,4,128,0.33877495304222527
HOT,4,136,0.33877495304222527
HOT,4,144,0.33877495304222527
HOT,4,152,0.33877495304222527
HOT,4,160,0.33877495304222527
HOT,4,168,0.33877495304222527
HOT,4,176,0.33877495304222527
HOT,4,184,0.33877495304222527
HOT,4,192,0.33877495304222527
HOT,4,200,0.33877495304222527
HOT,4,216,0.33877495304222527
HOT,4,224,0.33877495304222527
HOT,4,232,0.33877495304222527
HOT,4,248,0.33877495304222527
HOT,4,256,0.33877495304222527
HOT,4,272,0.33877495304222527
HOT,4,280,0.33877495304222527
HOT,4,296,0.3361509036503706
HOT,4,312,0.3168043287584611
HOT,4,328,0.3168043287584611
HOT,4,344,0.2880011287954359
HOT,4,360,0.2880011287954359
HOT,4,376,0.28684579987543485
HOT,4,400,0.28684579987543485
HOT,4,416,0.28684579987543485
HOT,4,440,0.27743083768748866
HOT,4,456,0.260181634021161
HOT,4,480,0.260181634021161
HOT,4,504,0.260181634021161
HOT,4,528,0.25103810085768696
HOT,4,560,0.24634173293136552
HOT,4,584,0.23466100488656821
HOT,4,616,0.18702413228906634
HOT,4,640,0.18702413228906634
HOT,4,672,0.18516061201425046
HOT,4,712,0.18516061201425046
HOT,4,744,0.18516061201425046
HOT,4,776,0.18516061201425046
HOT,4,816,0.18516061201425046
HOT,4,856,0.18516061201425046
HOT,4,904,0.18516061201425046
HOT,4,944,0.18516061201425046
HOT,4,992,0.18516061201425046
HOT,4,1040,0.18516061201425046
HOT,4,1096,0.18516061201425046
HOT,4,1144,0.18516061201425046
HOT,4,1200,0.18516061201425046
HOT,4,1264,0.17057064519000767
HOT,4,1328,0.15744105960180418
HOT,4,1392,0.15506138116771453
HOT,4,1456,0.15471746147366458
HOT,4,1528,0.15438415677661077
HOT,4,1608,0.15327408389365157
HOT,4,1688,0.15146427765215867
HOT,4,1768,0.1492678276668982
HOT,4,1856,0.14760976798997172
HOT,4,1952,0.1460335045184395
HOT,4,2048,0.1453831515898582
HOT,4,2144,0.14489798949656618
HOT,4,2256,0.14489745430465156
HOT,4,2360,0.14489741534999018
HOT,4,2480,0.14489741492610264
HOT,5,8,1.1404370727911624
HOT,5,16,1.1404370727911624
HOT,5,24,1.0727566688775427
HOT,5,32,1.0727566688775427
HOT,5,40,1.0727566688775427
HOT,5,48,0.9721297677022862
HOT,5,56,0.9721297677022862
HOT,5,64,0.9721297677022862
HOT,5,72,0.5980949675417447
HOT,5,80,0.5605074465035776
HOT,5,88,0.5605074465035776
HOT,5,96,0.5605074465035776
HOT,5,104,0.5605074465035776
HOT,5,112,0.39846319068025476
HOT,5,120,0.3760621776801183
HOT,5,128,0.3760621776801183
HOT,5,136,0.3760621776801183
HOT,5,144,0.3760621776801183
HOT,5,152,0.3026527937949158
HOT,5,160,0.3026527937949158
HOT,5,168,0.3026527937949158
HOT,5,176,0.3026527937949158
HOT,5,192,0.3026527937949158
HOT,5,200,0.3026527937949158
HOT,5,208,0.3026527937949158
HOT,5,224,0.3026527937949158
HOT,5,232,0.3026527937949158
HOT,5,248,0.3026527937949158
HOT,5,256,0.3026527937949158
HOT,5,272,0.3026527937949158
HOT,5,288,0.3026527937949158
HOT,5,296,0.3026527937949158
HOT,5,312,0.3026527937949158
HOT,5,328,0.3026527937949158
HOT,5,352,0.3026527937949158
HOT,5,368,0.3026527937949158
HOT,5,384,0.3026527937949158
HOT,5,408,0.3026527937949158
HOT,5,432,0.3026527937949158
HOT,5,448,0.3026527937949158
HOT,5,472,0.3026527937949158
HOT,5,496,0.3026527937949158
HOT,5,528,0.3026527937949158
HOT,5,552,0.3026527937949158
HOT,5,584,0.3026527937949158
HOT,5,616,0.3026527937949158
HOT,5,648,0.3026527937949158
HOT,5,680,0.29795931815648796
HOT,5,712,0.2802197356103402
HOT,5,752,0.26486230011001394
HOT,5,792,0.26486230011001394
HOT,5,832,0.26486230011001394
HOT,5,872,0.26266176920772266
HOT,5,920,0.24745850604561404
HOT,5,968,0.22474114406602366
HOT,5,1024,0.216372089484431
HOT,5,1072,0.21440523147425278
HOT,5,1128,0.21335282942156958
HOT,5,1192,0.2107796573100922
HOT,5,1248,0.20439983953005372
HOT,5,1320,0.20387203901728662
HOT,5,1384,0.20262972129256596
HOT,5,1456,0.2003621023249331
HOT,5,1536,0.19929540243132884
HOT,5,1616,0.19820988263808975
HOT,5,1696,0.19502317092044344
HOT,5,1792,0.18304167039799601
HOT,5,1880,0.172124312055239
HOT,5,1984,0.15636841477080415
HOT,5,2088,0.14299948474314925
HOT,5,2192,0.11252380029213115
HOT,5,2312,0.11252380029213115
HOT,5,2432,0.11252380029213115
HOT,5,2560,0.11252380029213115
HOT,5,2688,0.11252380029213115
HOT,5,2832,0.07720574425632049
HOT,5,2976,0.07720574425632049
HOT,5,3136,0.07720574425632049
HOT,5,3296,0.07720574425632049
HOT,5,3472,0.07720574425632049
HOT,6,8,0.5817069499923093
HOT,6,16,0.5817069499923093
HOT,6,24,0.5817069499923093
HOT,6,32,0.5817069499923093
HOT,6,40,0.357689266390184
HOT,6,48,0.357689266390184
HOT,6,56,0.3006987222477421
HOT,6,64,0.3006987222477421
HOT,6,72,0.3006987222477421
HOT,6,80,0.28723761585893115
HOT,6,88,0.2594521107509727
HOT,6,96,0.2594521107509727
HOT,6,104,0.2594521107509727
HOT,6,112,0.2594521107509727
HOT,6,120,0.2594521107509727
HOT,6,128,0.2594521107509727
HOT,6,136,0.2594521107509727
HOT,6,144,0.2594521107509727
HOT,6,152,0.2594521107509727
HOT,6,160,0.2594521107509727
HOT,6,168,0.2594521107509727
HOT,6,176,0.24994806359596408
HOT,6,184,0.24994806359596408
HOT,6,192,0.24994806359596408
HOT,6,200,0.24994806359596408
HOT,6,208,0.24994806359596408
HOT,6,224,0.24994806359596408
HOT,6,232,0.24994806359596408
HOT,6,240,0.24994806359596408
HOT,6,256,0.24994806359596408
HOT,6,272,0.24994806359596408
HOT,6,280,0.24994806359596408
HOT,6,296,0.24994806359596408
HOT,6,312,0.24994806359596408
HOT,6,328,0.24994806359596408
HOT,6,344,0.24994806359596408
HOT,6,360,0.23818543014019355
HOT,6,376,0.23287837107566278
HOT,6,400,0.23287837107566278
HOT,6,416,0.23287837107566278
HOT,6,440,0.23287837107566278
HOT,6,456,0.23287837107566278
HOT,6,480,0.23287837107566278
HOT,6,504,0.23287837107566278
HOT,6,528,0.23287837107566278
HOT,6,560,0.23287837107566278
HOT,6,584,0.23287837107566278
HOT,6,616,0.23287837107566278
HOT,6,648,0.23287837107566278
HOT,6,680,0.2283545058954094
HOT,6,712,0.2283545058954094
HOT,6,744,0.2283545058954094
HOT,6,784,0.2283545058954094
HOT,6,824,0.2283545058954094
HOT,6,864,0.22185964428345825
HOT,6,912,0.21830995271264836
HOT,6,952,0.21402475576613605
HOT,6,1000,0.21120429984491237
HOT,6,1048,0.20433615861585705
HOT,6,1104,0.1781390780378702
HOT,6,1160,0.15461827865175987
HOT,6,1216,0.13814819278605395
HOT,6,1280,0.07724154426961004
HOT,6,1344,0.07724154426961004
HOT,6,1408,0.07724154426961004
HOT,6,1480,0.07724154426961004
HOT,6,1552,0.07724154426961004
HOT,6,1632,0.07724154426961004
HOT,6,1712,0.07724154426961004
HOT,6,1800,0.07724154426961004
HOT,6,1888,0.07724154426961004
HOT,6,1984,0.07724154426961004
HOT,6,2080,0.07724154426961004
HOT,6,2184,0.07724154426961004
HOT,6,2296,0.07724154426961004
HOT,6,2408,0.07724154426961004
HOT,6,2528,0.07724154426961004
HOT,6,2656,0.07724154426961004
HOT,7,8,1.5602707576036259
HOT,7,16,1.5602707576036259
HOT,7,24,0.6901297289049955
HOT,7,32,0.6901297289049955
HOT,7,40,0.6901297289049955
HOT,7,48,0.6901297289049955
HOT,7,56,0.5857918099437477
HOT,7,64,0.433256573614793
HOT,7,72,0.433256573614793
HOT,7,80,0.433256573614793
HOT,7,88,0.433256573614793
HOT,7,96,0.433256573614793
HOT,7,104,0.39365304293840087
HOT,7,112,0.37467191531681576
HOT,7,120,0.37467191531681576
HOT,7,128,0.37467191531681576
HOT,7,136,0.37467191531681576
HOT,7,144,0.37467191531681576
HOT,7,152,0.37467191531681576
HOT,7,160,0.3566858592554631
HOT,7,168,0.321254244381305
HOT,7,176,0.2878850751929969
HOT,7,184,0.2878850751929969
HOT,7,200,0.2661702365366486
HOT,7,208,0.2661702365366486
HOT,7,216,0.2661702365366486
HOT,7,224,0.2661702365366486
HOT,7,240,0.2661702365366486
HOT,7,248,0.2661702365366486
HOT,7,264,0.2661702365366486
HOT,7,272,0.2661702365366486
HOT,7,288,0.2661702365366486
HOT,7,296,0.2661702365366486
HOT,7,312,0.2661702365366486
HOT,7,328,0.2661702365366486
HOT,7,344,0.2661702365366486
HOT,7,360,0.2661702365366486
HOT,7,376,0.2661702365366486
HOT,7,400,0.2661702365366486
HOT,7,416,0.2661702365366486
HOT,7,440,0.2661702365366486
HOT,7,456,0.2661702365366486
HOT,7,480,0.2661702365366486
HOT,7,504,0.2649583136798811
HOT,7,528,0.2569590709835446
HOT,7,552,0.25062031796760004
HOT,7,576,0.23747716355863144
HOT,7,608,0.22688023913857666
HOT,7,632,0.21114843182240114
HOT,7,664,0.21114843182240114
HOT,7,696,0.19669300578429139
HOT,7,736,0.19349683059959968
HOT,7,768,0.19180535020121722
HOT,7,808,0.18614910514815503
HOT,7,840,0.18210157794194234
HOT,7,880,0.17434719457587777
HOT,7,928,0.16503082144055367
HOT,7,968,0.16503082144055367
HOT,7,1016,0.1553682051118445
HOT,7,1064,0.1486884919186607
HOT,7,1120,0.1400411903523133
HOT,7,1168,0.1400411903523133
HOT,7,1232,0.13934782023430584
HOT,7,1288,0.13760369208729456
HOT,7,1352,0.13536019408109323
HOT,7,1416,0.133992044974123
HOT,7,1480,0.13275302644036066
HOT,7,1552,0.13179376098132647
HOT,7,1632,0.13143265007079447
HOT,7,1704,0.13139119222091078
HOT,7,1792,0.13138382005170282
HOT,7,1872,0.13138381243795688
HOT,7,1968,0.1313835582902391
HOT,7,2064,0.13138354464004157
HOT,7,2160,0.13138354398957994
HOT,8,8,2.9777082701797752
HOT,8,16,0.38788808233593536
HOT,8,24,0.38788808233593536
HOT,8,32,0.38788808233593536
HOT,8,40,0.38788808233593536
HOT,8,48,0.38788808233593536
HOT,8,56,0.3307956397392532
HOT,8,64,0.3307956397392532
HOT,8,72,0.3307956397392532
HOT,8,80,0.3307956397392532
HOT,8,88,0.3307956397392532
HOT,8,96,0.3307956397392532
HOT,8,104,0.3307956397392532
HOT,8,112,0.3307956397392532
HOT,8,120,0.3307956397392532
HOT,8,128,0.3307956397392532
HOT,8,136,0.3307956397392532
HOT,8,144,0.3307956397392532
HOT,8,152,0.3307956397392532
HOT,8,160,0.3307956397392532
HOT,8,168,0.3307956397392532
HOT,8,176,0.3307956397392532
HOT,8,192,0.3307956397392532
HOT,8,200,0.3307956397392532
HOT,8,208,0.3138817437309899
HOT,8,216,0.30330512180400676
HOT,8,224,0.30330512180400676
HOT,8,240,0.28727375304885006
HOT,8,248,0.28727375304885006
HOT,8,264,0.27240035073620555
HOT,8,272,0.27240035073620555
HOT,8,288,0.24418494628755513
HOT,8,304,0.24418494628755513
HOT,8,320,0.24418494628755513
HOT,8,336,0.24418494628755513
HOT,8,352,0.24418494628755513
HOT,8,368,0.24418494628755513
HOT,8,384,0.24418494628755513
HOT,8,408,0.23677402099588354
HOT,8,424,0.23320303560336025
HOT,8,448,0.2303501416715072
HOT,8,464,0.22203300736797138
HOT,8,488,0.22203300736797138
HOT,8,512,0.22203300736797138
HOT,8,536,0.21514223756151452
HOT,8,568,0.2022474195014617
HOT,8,592,0.1934532237191773
HOT,8,624,0.18785089678425543
HOT,8,656,0.17345777730249384
HOT,8,688,0.15984426039307897
HOT,8,720,0.1583143687940073
HOT,8,752,0.13970830034625567
HOT,8,792,0.13970830034625567
HOT,8,832,0.13970830034625567
HOT,8,872,0.13970830034625567
HOT,8,912,0.13970830034625567
HOT,8,960,0.12961852162247195
HOT,8,1008,0.12961852162247195
HOT,8,1056,0.12961852162247195
HOT,8,1104,0.12961852162247195
HOT,8,1160,0.12588267847636161
HOT,8,1216,0.12588267847636161
HOT,8,1272,0.12568530963405147
HOT,8,1336,0.12550136590536232
HOT,8,1400,0.12340217342295459
HOT,8,1472,0.12186215718095486
HOT,8,1544,0.07016384739733268
HOT,8,1624,0.07016384739733268
HOT,8,1696,0.07016384739733268
HOT,8,1784,0.07016384739733268
HOT,8,1872,0.07016384739733268
HOT,8,1960,0.07016384739733268
HOT,8,2056,0.07016384739733268
HOT,8,2160,0.07016384739733268
HOT,8,2264,0.07016384739733268
HOT,8,2376,0.07016384739733268
HOT,9,8,3.2096889190330287
HOT,9,16,0.5603644023520563
HOT,9,24,0.5603644023520563
HOT,9,32,0.5603644023520563
HOT,9,40,0.3795118422086881
HOT,9,48,0.3795118422086881
HOT,9,56,0.3795118422086881
HOT,9,64,0.3795118422086881
HOT,9,72,0.3795118422086881
HOT,9,80,0.3795118422086881
HOT,9,88,0.3769986659583617
HOT,9,96,0.3769986659583617
HOT,9,104,0.3769986659583617
HOT,9,112,0.33816574318809367
HOT,9,120,0.33816574318809367
HOT,9,128,0.33816574318809367
HOT,9,136,0.3055574248914846
HOT,9,144,0.30113248693620487
HOT,9,152,0.30113248693620487
HOT,9,160,0.30113248693620487
HOT,9,168,0.30113248693620487
HOT,9,176,0.30113248693620487
HOT,9,184,0.30113248693620487
HOT,9,192,0.30113248693620487
HOT,9,200,0.30113248693620487
HOT,9,216,0.30113248693620487
HOT,9,224,0.30113248693620487
HOT,9,240,0.30113248693620487
HOT,9,248,0.292004882997887
HOT,9,264,0.26247334768994435
HOT,9,272,0.26247334768994435
HOT,9,288,0.26247334768994435
HOT,9,304,0.26247334768994435
HOT,9,320,0.26247334768994435
HOT,9,336,0.26247334768994435
HOT,9,352,0.26247334768994435
HOT,9,368,0.2598426599691672
HOT,9,384,0.2598426599691672
HOT,9,408,0.2598426599691672
HOT,9,424,0.2598426599691672
HOT,9,448,0.25323686794253497
HOT,9,472,0.24686412069680094
HOT,9,496,0.23840788302130192
HOT,9,520,0.2188120307793897
HOT,9,544,0.2188120307793897
HOT,9,568,0.2188120307793897
HOT,9,600,0.2141691591612784
HOT,9,632,0.2141691591612784
HOT,9,664,0.21169345827012603
HOT,9,696,0.20324148087188243
HOT,9,728,0.20324148087188243
HOT,9,768,0.19928422534063872
HOT,9,808,0.18808179985746618
HOT,9,848,0.18808179985746618
HOT,9,888,0.1723865652987117
HOT,9,936,0.1723865652987117
HOT,9,976,0.1723865652987117
HOT,9,1032,0.1723865652987117
HOT,9,1080,0.1723865652987117
HOT,9,1136,0.1723865652987117
HOT,9,1192,0.1723865652987117
HOT,9,1248,0.16890466843288765
HOT,9,1312,0.13352654135105943
HOT,9,1384,0.13310468956329208
HOT,9,1448,0.13310468956329208
HOT,9,1520,0.13303441994428597
HOT,9,1600,0.132836938999802
HOT,9,1680,0.13193786912744018
HOT,9,1768,0.1318692681677652
HOT,9,1856,0.13156636493621773
HOT,9,1944,0.13152652037153967
HOT,9,2048,0.1314036165108084
HOT,9,2144,0.13139509529265792
HOT,9,2256,0.1313915556029431
HOT,9,2368,0.13138375570194263
HOT,9,2488,0.13138355743230531
HOT,9,2616,0.13138354437966598
HOT,9,2744,0.13138354397887306
MERGED,0,8,1.0772630948568742
MERGED,0,16,1.0772630948568742
MERGED,0,24,0.9918360820704191
MERGED,0,32,0.9918360820704191
MERGED,0,40,0.9918360820704191
MERGED,0,48,0.9918360820704191
MERGED,0,56,0.9233102596274062
MERGED,0,64,0.7820164315108572
MERGED,0,72,0.6808756296586473
MERGED,0,80,0.6808756296586473
MERGED,0,88,0.6808756296586473
MERGED,0,96,0.6671446725597977
MERGED,0,104,0.5595963932416889
MERGED,0,112,0.5595963932416889
MERGED,0,120,0.5595963932416889
MERGED,0,128,0.5232954854275472
MERGED,0,136,0.5053015711511603
MERGED,0,144,0.47989568611447625
MERGED,0,152,0.47989568611447625
MERGED,0,160,0.4680269355707707
MERGED,0,168,0.362823414692651
MERGED,0,176,0.362823414692651
MERGED,0,184,0.362823414692651
MERGED,0,192,0.3176796612455004
MERGED,0,200,0.3176796612455004
MERGED,0,208,0.3176796612455004
MERGED,0,224,0.3162590086770956
MERGED,0,232,0.29164338813304497
MERGED,0,240,0.29164338813304497
MERGED,0,256,0.28926562916754966
MERGED,0,264,0.28926562916754966
MERGED,0,280,0.2723084625114652
MERGED,0,288,0.23674671557267904
MERGED,0,304,0.23087616193904179
MERGED,0,312,0.223844931053186
MERGED,0,328,0.13636856851663742
MERGED,0,344,0.13636856851663742
MERGED,0,360,0.131359204908405
MERGED,0,376,0.1284003799524869
MERGED,0,392,0.11171208658490588
MERGED,0,408,0.09712860973334603
MERGED,0,432,0.08229930314388922
MERGED,0,448,0.06544807495784984
MERGED,0,472,0.06544807495784984
MERGED,0,488,0.06544807495784984
MERGED,0,512,0.06544807495784984
MERGED,0,536,0.06544807495784984
MERGED,0,560,0.06257737072052079
MERGED,0,584,0.059541565140067164
MERGED,0,616,0.05879992491854993
MERGED,0,640,0.05879992491854993
MERGED,0,672,0.05879992491854993
MERGED,0,696,0.05879992491854993
MERGED,0,728,0.0580253620034821
MERGED,0,768,0.0559832958719618
MERGED,0,800,0.054813393962109484
MERGED,0,832,0.051888745394478825
MERGED,0,872,0.05012122785903093
MERGED,0,912,0.04853335768613334
MERGED,0,952,0.04789398262673558
MERGED,0,1000,0.04750963482597655
MERGED,0,1040,0.04690155311999374
MERGED,0,1088,0.04683495219605344
MERGED,0,1136,0.04683495219605344
MERGED,0,1192,0.04678526451447241
MERGED,0,1240,0.04675270553661859
MERGED,0,1304,0.046690487043152075
MERGED,0,1360,0.046634679619220666
MERGED,0,1424,0.04660887258920585
MERGED,0,1488,0.04660048924414639
MERGED,0,1552,0.04657862677314532
MERGED,1,8,1.3462468367511715
MERGED,1,16,1.3462468367511715
MERGED,1,24,1.1362299296897864
MERGED,1,32,1.1362299296897864
MERGED,1,40,1.1362299296897864
MERGED,1,48,1.1362299296897864
MERGED,1,56,1.1362299296897864
MERGED,1,64,1.1362299296897864
MERGED,1,72,1.1362299296897864
MERGED,1,80,1.1362299296897864
MERGED,1,88,1.0813627540626936
MERGED,1,96,1.0813627540626936
MERGED,1,104,0.8848912864732048
MERGED,1,112,0.8848912864732048
MERGED,1,120,0.6770810616818208
MERGED,1,128,0.6770810616818208
MERGED,1,136,0.6770810616818208
MERGED,1,144,0.5810944448949796
MERGED,1,152,0.5810944448949796
MERGED,1,160,0.5810944448949796
MERGED,1,168,0.5494387469465825
MERGED,1,176,0.5494387469465825
MERGED,1,184,0.5494387469465825
MERGED,1,192,0.5494387469465825
MERGED,1,200,0.5494387469465825
MERGED,1,208,0.5494387469465825
MERGED,1,216,0.5494387469465825
MERGED,1,224,0.5003628669994397
MERGED,1,232,0.5003628669994397
MERGED,1,240,0.4269137912787633
MERGED,1,256,0.40487705935387835
MERGED,1,264,0.40487705935387835
MERGED,1,280,0.39909452172201026
MERGED,1,288,0.39909452172201026
MERGED,1,304,0.3846058308291112
MERGED,1,312,0.3846058308291112
MERGED,1,328,0.38237706673630006
MERGED,1,344,0.3596002248926176
MERGED,1,352,0.3490121098495331
MERGED,1,368,0.3443271592924286
MERGED,1,384,0.3359447386788892
MERGED,1,400,0.3333419750798059
MERGED,1,424,0.31899670368754407
MERGED,1,440,0.31899670368754407
MERGED,1,456,0.3119071308194106
MERGED,1,480,0.29411324958184143
MERGED,1,496,0.25543173386760915
MERGED,1,520,0.20739299459668184
MERGED,1,544,0.1748855088136434
MERGED,1,568,0.14004574486026053
MERGED,1,592,0.10746548405968852
MERGED,1,616,0.07726197736342508
MERGED,1,640,0.07726197736342508
MERGED,1,672,0.07108201923775498
MERGED,1,696,0.07108201923775498
MERGED,1,728,0.07108201923775498
MERGED,1,760,0.06628751725324643
MERGED,1,792,0.06628751725324643
MERGED,1,824,0.06617222544218822
MERGED,1,864,0.06576628506616579
MERGED,1,896,0.06569942548478647
MERGED,1,936,0.06567804381148656
MERGED,1,976,0.0656561565143936
MERGED,1,1024,0.0656553787990788
MERGED,1,1064,0.06565377398097008
MERGED,1,1112,0.06565228440759106
MERGED,1,1160,0.06565195211278498
MERGED,1,1208,0.065651262955994
MERGED,10,8,1.2418842425350158
MERGED,10,16,0.5115524614342771
MERGED,10,24,0.5115524614342771
MERGED,10,32,0.5115524614342771
MERGED,10,40,0.5115524614342771
MERGED,10,48,0.5115524614342771
MERGED,10,56,0.5115524614342771
MERGED,10,64,0.5115524614342771
MERGED,10,72,0.5115524614342771
MERGED,10,80,0.5115524614342771
MERGED,10,88,0.5115524614342771
MERGED,10,96,0.5115524614342771
MERGED,10,104,0.5115524614342771
MERGED,10,112,0.5115524614342771
MERGED,10,120,0.5115524614342771
MERGED,10,128,0.5115524614342771
MERGED,10,136,0.5115524614342771
MERGED,10,144,0.5115524614342771
MERGED,10,152,0.5115524614342771
MERGED,10,160,0.5115524614342771
MERGED,10,168,0.5115524614342771
MERGED,10,176,0.5115524614342771
MERGED,10,184,0.46036044669444914
MERGED,10,192,0.46036044669444914
MERGED,10,200,0.4223807397428352
MERGED,10,216,0.3483130855844145
MERGED,10,224,0.3483130855844145
MERGED,10,232,0.2854087366277375
MERGED,10,240,0.2854087366277375
MERGED,10,256,0.2854087366277375
MERGED,10,264,0.2854087366277375
MERGED,10,280,0.2854087366277375
MERGED,10,288,0.2854087366277375
MERGED,10,304,0.2260720600642133
MERGED,10,320,0.16167023260494318
MERGED,10,328,0.16167023260494318
MERGED,10,344,0.16167023260494318
MERGED,10,360,0.1136055325236875
MERGED,10,376,0.1136055325236875
MERGED,10,392,0.10123572569326715
MERGED,10,416,0.10079804019117607
MERGED,10,432,0.0896636874517646
MERGED,10,448,0.08432997971912669
MERGED,10,472,0.07179118532804131
MERGED,10,496,0.06766925873622708
MERGED,10,512,0.06766925873622708
MERGED,10,536,0.06725842167610509
MERGED,10,560,0.06617317477776317
MERGED,10,592,0.06605096668349515
MERGED,10,616,0.06591121778393506
MERGED,10,640,0.0657197701662913
MERGED,10,672,0.06570445290642547
MERGED,10,704,0.06569141550331727
MERGED,10,736,0.06569064584874472
MERGED,10,768,0.06566688645598112
MERGED,10,800,0.06564825502874297
MERGED,10,840,0.06559158510534976
MERGED,10,880,0.06494937553706687
MERGED,10,920,0.0631038348458044
MERGED,10,960,0.05841355567894249
MERGED,10,1000,0.055279765509427266
MERGED,10,1048,0.05368424564568234
MERGED,10,1096,0.05338870495516209
MERGED,10,1144,0.05298239780632732
MERGED,10,1192,0.05273797079536113
MERGED,10,1248,0.05265896060157349
MERGED,10,1304,0.05253559778837515
MERGED,10,1368,0.05246574171074075
MERGED,10,1424,0.05243244872279823
MERGED,10,1496,0.05240492308875041
MERGED,10,1560,0.05240492308875041
MERGED,11,8,0.7315796694813548
MERGED,11,16,0.4947907017121846
MERGED,11,24,0.4947907017121846
MERGED,11,32,0.4947907017121846
MERGED,11,40,0.4947907017121846
MERGED,11,48,0.4947907017121846
MERGED,11,56,0.4947907017121846
MERGED,11,64,0.4947907017121846
MERGED,11,72,0.4947907017121846
MERGED,11,80,0.4947907017121846
MERGED,11,88,0.4947907017121846
MERGED,11,96,0.4947907017121846
MERGED,11,104,0.4947907017121846
MERGED,11,112,0.4947907017121846
MERGED,11,120,0.4947907017121846
MERGED,11,128,0.4947907017121846
MERGED,11,136,0.4947907017121846
MERGED,11,144,0.4947907017121846
MERGED,11,152,0.4947907017121846
MERGED,11,160,0.4947907017121846
MERGED,11,168,0.4947907017121846
MERGED,11,176,0.4947907017121846
MERGED,11,184,0.4947907017121846
MERGED,11,192,0.4947907017121846
MERGED,11,200,0.4947907017121846
MERGED,11,208,0.4947907017121846
MERGED,11,216,0.4947907017121846
MERGED,11,224,0.4947907017121846
MERGED,11,232,0.4947907017121846
MERGED,11,248,0.4947907017121846
MERGED,11,256,0.4947907017121846
MERGED,11,264,0.4947907017121846
MERGED,11,280,0.4947907017121846
MERGED,11,288,0.48900972042357527
MERGED,11,304,0.4588806456849082
MERGED,11,320,0.30162391254728693
MERGED,11,328,0.30162391254728693
MERGED,11,344,0.30162391254728693
MERGED,11,360,0.30162391254728693
MERGED,11,376,0.30162391254728693
MERGED,11,392,0.27164634347957867
MERGED,11,408,0.2224166558736966
MERGED,11,424,0.2224166558736966
MERGED,11,448,0.21827848561411586
MERGED,11,464,0.20494050769831382
MERGED,11,488,0.13797160464657132
MERGED,11,504,0.121436492836776
MERGED,11,528,0.09951480433417742
MERGED,11,552,0.08452367028972295
MERGED,11,576,0.08452367028972295
MERGED,11,600,0.07625206836383304
MERGED,11,624,0.07580508641205334
MERGED,11,656,0.06865639807503393
MERGED,11,680,0.06865639807503393
MERGED,11,712,0.06598428940436475
MERGED,11,744,0.06598428940436475
MERGED,11,776,0.06580477654351985
MERGED,11,808,0.06571605968473611
MERGED,11,848,0.0656755820219554
MERGED,11,880,0.0656755820219554
MERGED,11,920,0.06566880438301939
MERGED,11,960,0.0656581810670861
MERGED,11,1000,0.06565753321890583
MERGED,11,1048,0.06565497233544594
MERGED,11,1096,0.06565497233544594
MERGED,11,1136,0.06565497233544594
MERGED,11,1192,0.06565415387131558
MERGED,11,1240,0.06565385952076576
MERGED,11,1296,0.06565349253494136
MERGED,12,8,1.453618800298938
MERGED,12,16,1.453618800298938
MERGED,12,24,1.4015455540682213
MERGED,12,32,1.2281197974081939
MERGED,12,40,1.0110636033880505
MERGED,12,48,1.0110636033880505
MERGED,12,56,1.0110636033880505
MERGED,12,64,0.7373676032305806
MERGED,12,72,0.7373676032305806
MERGED,12,80,0.7373676032305806
MERGED,12,88,0.7373676032305806
MERGED,12,96,0.7373676032305806
MERGED,12,104,0.7373676032305806
MERGED,12,112,0.6535227682793145
MERGED,12,120,0.6535227682793145
MERGED,12,128,0.611252917342748
MERGED,12,136,0.5920603499827211
MERGED,12,144,0.570263172883214
MERGED,12,152,0.5424312829464417
MERGED,12,160,0.5424312829464417
MERGED,12,168,0.4742903115194024
MERGED,12,176,0.44879928702451566
MERGED,12,184,0.44879928702451566
MERGED,12,192,0.44879928702451566
MERGED,12,200,0.44879928702451566
MERGED,12,208,0.44879928702451566
MERGED,12,216,0.43607903916337126
MERGED,12,224,0.4233447391032894
MERGED,12,240,0.4233447391032894
MERGED,12,248,0.41408030989353745
MERGED,12,256,0.41408030989353745
MERGED,12,272,0.3475861951096008
MERGED,12,280,0.3475861951096008
MERGED,12,296,0.3241545230909581
MERGED,12,304,0.2766578182491654
MERGED,12,320,0.1620545714383611
MERGED,12,328,0.1620545714383611
MERGED,12,344,0.1620545714383611
MERGED,12,360,0.1620545714383611
MERGED,12,376,0.15878102216786832
MERGED,12,392,0.15878102216786832
MERGED,12,408,0.10528791420512373
MERGED,12,424,0.08051065879688547
MERGED,12,448,0.07696971532406176
MERGED,12,464,0.07696971532406176
MERGED,12,488,0.07461896017111974
MERGED,12,504,0.07335663363075796
MERGED,12,528,0.06363889096725249
MERGED,12,552,0.06363889096725249
MERGED,12,576,0.06337081722480432
MERGED,12,600,0.06202000544394476
MERGED,12,624,0.061171447995611285
MERGED,12,656,0.06106029618756012
MERGED,12,680,0.060585639707834725
MERGED,12,712,0.0600620489242209
MERGED,12,744,0.0592936372495721
MERGED,12,776,0.05881007102238178
MERGED,12,808,0.058241773471733094
MERGED,12,840,0.05805006561181698
MERGED,12,880,0.057952208975794145
MERGED,12,920,0.057950854837680456
MERGED,12,952,0.05792639135812611
MERGED,12,1000,0.05791648255446374
MERGED,12,1040,0.05790667347543107
MERGED,12,1088,0.05790031765502248
MERGED,12,1128,0.05790031765502248
MERGED,12,1184,0.05789849341849564
MERGED,12,1232,0.057896390472586566
MERGED,13,8,1.6763015349693926
MERGED,13,16,1.5109081717711275
MERGED,13,24,1.5109081717711275
MERGED,13,32,1.5109081717711275
MERGED,13,40,1.5109081717711275
MERGED,13,48,1.5109081717711275
MERGED,13,56,1.343896731775479
MERGED,13,64,1.343896731775479
MERGED,13,72,1.0371130423881239
MERGED,13,80,1.0371130423881239
MERGED,13,88,1.0371130423881239
MERGED,13,96,1.0371130423881239
MERGED,13,104,0.8385394762270547
MERGED,13,112,0.7590155145448033
MERGED,13,120,0.7100895813376459
MERGED,13,128,0.7100895813376459
MERGED,13,136,0.5506662390139136
MERGED,13,144,0.5506662390139136
MERGED,13,152,0.5506662390139136
MERGED,13,160,0.5506662390139136
MERGED,13,168,0.5506662390139136
MERGED,13,176,0.5052932694550311
MERGED,13,184,0.5052932694550311
MERGED,13,192,0.5052932694550311
MERGED,13,200,0.5052932694550311
MERGED,13,208,0.5052932694550311
MERGED,13,224,0.4815971042004117
MERGED,13,232,0.4331875285329727
MERGED,13,240,0.4331875285329727
MERGED,13,256,0.4281591610469608
MERGED,13,264,0.4281591610469608
MERGED,13,280,0.3897401513768832
MERGED,13,296,0.3897401513768832
MERGED,13,304,0.3897401513768832
MERGED,13,320,0.37288298850454416
MERGED,13,336,0.37288298850454416
MERGED,13,352,0.37288298850454416
MERGED,13,368,0.37288298850454416
MERGED,13,384,0.3628681344159627
MERGED,13,408,0.3608083629949647
MERGED,13,424,0.3540329643903033
MERGED,13,448,0.3402098479631995
MERGED,13,464,0.3299924487021945
MERGED,13,488,0.32090251867821945
MERGED,13,512,0.25394266485609923
MERGED,13,536,0.18589854350268742
MERGED,13,560,0.11317849657626389
MERGED,13,592,0.1110661169229114
MERGED,13,616,0.11092004889565617
MERGED,13,648,0.0801641245150106
MERGED,13,680,0.07338785999170394
MERGED,13,712,0.06962645530294018
MERGED,13,744,0.0696228720120387
MERGED,13,776,0.0696228720120387
MERGED,13,816,0.0696228720120387
MERGED,13,856,0.06554239971111193
MERGED,13,896,0.061196530258131605
MERGED,13,936,0.061196530258131605
MERGED,13,984,0.061196530258131605
MERGED,13,1032,0.06111487175711775
MERGED,13,1080,0.06111487175711775
MERGED,13,1136,0.060862187621243236
MERGED,13,1184,0.06060732862939844
MERGED,13,1248,0.06060732862939844
MERGED,13,1304,0.06060732862939844
MERGED,13,1368,0.06060732862939844
MERGED,13,1432,0.06055155029692533
MERGED,13,1496,0.06031181749308473
MERGED,13,1568,0.0601846134779872
MERGED,13,1648,0.06015410569969797
MERGED,13,1728,0.06012269920807514
MERGED,13,1808,0.06010848616493928
MERGED,13,1896,0.06010848616493928
MERGED,13,1984,0.060106225021614966
MERGED,13,2080,0.06010255102279769
MERGED,14,8,2.629049032343244
MERGED,14,16,1.7283415488430531
MERGED,14,24,1.2522663326998291
MERGED,14,32,1.0809548758619814
MERGED,14,40,0.9640714203189479
MERGED,14,48,0.9640714203189479
MERGED,14,56,0.9640714203189479
MERGED,14,64,0.9640714203189479
MERGED,14,72,0.5044403639740185
MERGED,14,80,0.5044403639740185
MERGED,14,88,0.5044403639740185
MERGED,14,96,0.5044403639740185
MERGED,14,104,0.5044403639740185
MERGED,14,112,0.5044403639740185
MERGED,14,120,0.5044403639740185
MERGED,14,128,0.5044403639740185
MERGED,14,136,0.5044403639740185
MERGED,14,144,0.5044403639740185
MERGED,14,152,0.5044403639740185
MERGED,14,160,0.5044403639740185
MERGED,14,168,0.5044403639740185
MERGED,14,176,0.5044403639740185
MERGED,14,184,0.5044403639740185
MERGED,14,192,0.5044403639740185
MERGED,14,200,0.5044403639740185
MERGED,14,208,0.5044403639740185
MERGED,14,216,0.5044403639740185
MERGED,14,232,0.5044403639740185
MERGED,14,240,0.5044403639740185
MERGED,14,248,0.4764489347750573
MERGED,14,256,0.4447534178696764
MERGED,14,272,0.4001104852734299
MERGED,14,280,0.37617310317151836
MERGED,14,296,0.37617310317151836
MERGED,14,312,0.2965889930276482
MERGED,14,320,0.2965889930276482
MERGED,14,336,0.2965889930276482
MERGED,14,352,0.22136325215731503
MERGED,14,368,0.22136325215731503
MERGED,14,384,0.18556878337917257
MERGED,14,400,0.1523652286105808
MERGED,14,416,0.1457541451931802
MERGED,14,432,0.1159635344735438
MERGED,14,456,0.09768441206815559
MERGED,14,472,0.09404341291527195
MERGED,14,496,0.07966287059728015
MERGED,14,520,0.07929428984188842
MERGED,14,536,0.06914146443548089
MERGED,14,560,0.06433024487165148
MERGED,14,584,0.06323000753733445
MERGED,14,616,0.060649030294639694
MERGED,14,640,0.060649030294639694
MERGED,14,664,0.05845787632702731
MERGED,14,696,0.05844168333516747
MERGED,14,728,0.058233772848830474
MERGED,14,760,0.058233772848830474
MERGED,14,792,0.0582038430434643
MERGED,14,824,0.05813203032670116
MERGED,14,864,0.058074401114153275
MERGED,14,904,0.05804248328115822
MERGED,14,944,0.05801615534535792
MERGED,14,984,0.05801074678269247
MERGED,14,1024,0.05801074678269247
MERGED,14,1072,0.05800193309374748
MERGED,14,1120,0.0579962820487351
MERGED,14,1168,0.0579962820487351
MERGED,14,1216,0.0579962820487351
MERGED,14,1272,0.05799454201624538
MERGED,14,1328,0.057993672400560976
MERGED,15,8,2.0487081434768832
MERGED,15,16,1.1217722123947793
MERGED,15,24,1.1217722123947793
MERGED,15,32,1.1217722123947793
MERGED,15,40,1.1217722123947793
MERGED,15,48,0.7584302506210001
MERGED,15,56,0.7584302506210001
MERGED,15,64,0.6809827921723194
MERGED,15,72,0.6809827921723194
MERGED,15,80,0.6686356313380374
MERGED,15,88,0.6686356313380374
MERGED,15,96,0.6686356313380374
MERGED,15,104,0.6686356313380374
MERGED,15,112,0.6686356313380374
MERGED,15,120,0.6090455138204537
MERGED,15,128,0.5037002711488829
MERGED,15,136,0.5037002711488829
MERGED,15,144,0.5004231224373568
MERGED,15,152,0.5004231224373568
MERGED,15,160,0.5004231224373568
MERGED,15,168,0.5004231224373568
MERGED,15,176,0.5004231224373568
MERGED,15,184,0.5004231224373568
MERGED,15,192,0.5004231224373568
MERGED,15,200,0.5004231224373568
MERGED,15,208,0.5004231224373568
MERGED,15,216,0.4941436105982111
MERGED,15,224,0.4941436105982111
MERGED,15,240,0.4619504555622569
MERGED,15,248,0.4619504555622569
MERGED,15,256,0.4435021660070517
MERGED,15,272,0.37176774021559983
MERGED,15,280,0.37176774021559983
MERGED,15,296,0.37176774021559983
MERGED,15,304,0.37176774021559983
MERGED,15,320,0.3520101731983332
MERGED,15,336,0.3175320581488132
MERGED,15,352,0.28401062743494837
MERGED,15,368,0.24169041400494304
MERGED,15,384,0.23951105448863097
MERGED,15,400,0.23951105448863097
MERGED,15,416,0.11043390612093777
MERGED,15,432,0.11043390612093777
MERGED,15,448,0.11043390612093777
MERGED,15,472,0.09809130217040969
MERGED,15,496,0.08671826833396014
MERGED,15,512,0.07279982203230045
MERGED,15,536,0.06518470369641273
MERGED,15,560,0.06058136410089995
MERGED,15,584,0.05954419182764633
MERGED,15,608,0.05944754048136658
MERGED,15,640,0.057934210162393814
MERGED,15,664,0.05696617429636384
MERGED,15,696,0.05462275561333085
MERGED,15,720,0.05441259498491011
MERGED,15,752,0.05441259498491011
MERGED,15,792,0.054021572829485685
MERGED,15,824,0.053859752769890745
MERGED,15,856,0.05332768490401546
MERGED,15,896,0.05283208762249589
MERGED,15,936,0.052621953455824655
MERGED,15,976,0.052555148464978406
MERGED,15,1024,0.05244761285634964
MERGED,15,1064,0.0524295501605374
MERGED,15,1112,0.052411180382654486
MERGED,15,1160,0.05240896498760957
MERGED,15,1208,0.05239999289239607
MERGED,15,1264,0.05239578455005733
MERGED,15,1320,0.05239578455005733
MERGED,16,8,1.287932906767833
MERGED,16,16,1.0890068090078608
MERGED,16,24,0.9747156793088162
MERGED,16,32,0.9633935974064706
MERGED,16,40,0.7862644770331143
MERGED,16,48,0.7862644770331143
MERGED,16,56,0.7862644770331143
MERGED,16,64,0.7862644770331143
MERGED,16,72,0.7862644770331143
MERGED,16,80,0.7862644770331143
MERGED,16,88,0.7862644770331143
MERGED,16,96,0.7862644770331143
MERGED,16,104,0.6253044903733799
MERGED,16,112,0.6253044903733799
MERGED,16,120,0.6253044903733799
MERGED,16,128,0.57132951986547
MERGED,16,136,0.461906255331843
MERGED,16,144,0.4498405380665132
MERGED,16,152,0.3379034061807696
MERGED,16,160,0.3379034061807696
MERGED,16,168,0.3379034061807696
MERGED,16,176,0.3379034061807696
MERGED,16,184,0.3379034061807696
MERGED,16,192,0.3379034061807696
MERGED,16,208,0.3379034061807696
MERGED,16,216,0.3379034061807696
MERGED,16,224,0.3379034061807696
MERGED,16,232,0.3379034061807696
MERGED,16,240,0.3379034061807696
MERGED,16,256,0.3379034061807696
MERGED,16,264,0.3379034061807696
MERGED,16,280,0.3379034061807696
MERGED,16,288,0.3379034061807696
MERGED,16,304,0.31127264045382697
MERGED,16,312,0.31127264045382697
MERGED,16,328,0.30884844553263896
MERGED,16,344,0.30884844553263896
MERGED,16,360,0.26695623757328707
MERGED,16,376,0.26233191900642583
MERGED,16,392,0.26233191900642583
MERGED,16,408,0.2565670613307077
MERGED,16,424,0.20850389442166103
MERGED,16,448,0.15346301503063672
MERGED,16,464,0.15346301503063672
MERGED,16,488,0.1380038720812122
MERGED,16,504,0.09406734329235389
MERGED,16,528,0.07915530453840597
MERGED,16,552,0.07915530453840597
MERGED,16,576,0.07915530453840597
MERGED,16,600,0.07699337848103831
MERGED,16,632,0.07073677096324894
MERGED,16,656,0.06680098450733957
MERGED,16,688,0.056106158919403425
MERGED,16,712,0.045841541701951406
MERGED,16,744,0.035270889883070325
MERGED,16,784,0.035270889883070325
MERGED,16,816,0.035270889883070325
MERGED,16,848,0.035270889883070325
MERGED,16,888,0.027121683800494956
MERGED,16,928,0.023455257641536314
MERGED,16,968,0.01088443490770373
MERGED,16,1008,0.009701194380968864
MERGED,16,1056,0.005044313654156183
MERGED,16,1104,0.003705074376903267
MERGED,16,1152,0.00227179915581235
MERGED,16,1200,0.0017189409253533811
MERGED,16,1256,0.0017189409253533811
MERGED,16,1312,0.001129930792189827
MERGED,16,1368,0.0008895771748047338
MERGED,17,8,1.5189807236068817
MERGED,17,16,1.5189807236068817
MERGED,17,24,1.5189807236068817
MERGED,17,32,1.5189807236068817
MERGED,17,40,1.5189807236068817
MERGED,17,48,1.47696005866847
MERGED,17,56,1.3965873416393304
MERGED,17,64,1.2587491746882782
MERGED,17,72,1.1519764815196114
MERGED,17,80,1.0371297418103407
MERGED,17,88,1.0371297418103407
MERGED,17,96,1.0371297418103407
MERGED,17,104,1.0371297418103407
MERGED,17,112,1.0371297418103407
MERGED,17,120,1.0371297418103407
MERGED,17,128,0.858210523627446
MERGED,17,136,0.858210523627446
MERGED,17,144,0.858210523627446
MERGED,17,152,0.858210523627446
MERGED,17,160,0.858210523627446
MERGED,17,168,0.858210523627446
MERGED,17,176,0.858210523627446
MERGED,17,184,0.858210523627446
MERGED,17,192,0.7961540412834478
MERGED,17,200,0.6087032822290663
MERGED,17,208,0.5897324861376984
MERGED,17,224,0.5897324861376984
MERGED,17,232,0.5195237839502566
MERGED,17,240,0.46867409135145804
MERGED,17,248,0.46867409135145804
MERGED,17,264,0.46867409135145804
MERGED,17,272,0.46867409135145804
MERGED,17,288,0.46867409135145804
MERGED,17,296,0.46867409135145804
MERGED,17,312,0.40115499382946557
MERGED,17,328,0.34582472612190446
MERGED,17,344,0.34582472612190446
MERGED,17,352,0.34582472612190446
MERGED,17,368,0.34582472612190446
MERGED,17,384,0.34582472612190446
MERGED,17,408,0.34582472612190446
MERGED,17,424,0.34509798295353383
MERGED,17,440,0.3354358017781482
MERGED,17,464,0.3354358017781482
MERGED,17,480,0.3354358017781482
MERGED,17,504,0.31731323118114363
MERGED,17,520,0.26560956042397627
MERGED,17,544,0.26560956042397627
MERGED,17,568,0.23819995369542202
MERGED,17,600,0.21137971991079887
MERGED,17,624,0.19013257538967424
MERGED,17,648,0.1413672213475735
MERGED,17,680,0.09553818426036877
MERGED,17,712,0.08987855935077055
MERGED,17,736,0.07831676971790426
MERGED,17,768,0.07444368756175115
MERGED,17,808,0.06827170124086378
MERGED,17,840,0.06594838585751729
MERGED,17,880,0.06594838585751729
MERGED,17,920,0.06580795440062065
MERGED,17,960,0.06571899730825964
MERGED,17,1000,0.06568291483778928
MERGED,17,1040,0.06568291483778928
MERGED,17,1088,0.06567887230149894
MERGED,17,1136,0.0656738910736758
MERGED,17,1184,0.06567200874025843
MERGED,17,1240,0.06567200874025843
MERGED,17,1296,0.06567176268359096
MERGED,17,1352,0.06567101158298172
MERGED,18,8,2.249535114389087
MERGED,18,16,1.1518875347703583
MERGED,18,24,1.1518875347703583
MERGED,18,32,0.7359420029899583
MERGED,18,40,0.4671175620048973
MERGED,18,48,0.4671175620048973
MERGED,18,56,0.4671175620048973
MERGED,18,64,0.3318080673592014
MERGED,18,72,0.3318080673592014
MERGED,18,80,0.3318080673592014
MERGED,18,88,0.3318080673592014
MERGED,18,96,0.3318080673592014
MERGED,18,104,0.3318080673592014
MERGED,18,112,0.3318080673592014
MERGED,18,120,0.3318080673592014
MERGED,18,128,0.3318080673592014
MERGED,18,136,0.3318080673592014
MERGED,18,144,0.3318080673592014
MERGED,18,152,0.3318080673592014
MERGED,18,160,0.3318080673592014
MERGED,18,168,0.3318080673592014
MERGED,18,176,0.3318080673592014
MERGED,18,184,0.3318080673592014
MERGED,18,192,0.3318080673592014
MERGED,18,200,0.3318080673592014
MERGED,18,208,0.3318080673592014
MERGED,18,216,0.3318080673592014
MERGED,18,224,0.3318080673592014
MERGED,18,240,0.3318080673592014
MERGED,18,248,0.3318080673592014
MERGED,18,256,0.3318080673592014
MERGED,18,272,0.3318080673592014
MERGED,18,280,0.3318080673592014
MERGED,18,296,0.32048218283834534
MERGED,18,304,0.2798281430779424
MERGED,18,320,0.2798281430779424
MERGED,18,336,0.14767190359027113
MERGED,18,352,0.14767190359027113
MERGED,18,368,0.14767190359027113
MERGED,18,384,0.14767190359027113
MERGED,18,400,0.14767190359027113
MERGED,18,416,0.14767190359027113
MERGED,18,440,0.1461209246714495
MERGED,18,456,0.1461209246714495
MERGED,18,480,0.1461209246714495
MERGED,18,496,0.11438736015612405
MERGED,18,520,0.10433198392699415
MERGED,18,544,0.07998221470632196
MERGED,18,568,0.06985528177151008
MERGED,18,592,0.0659749467074609
MERGED,18,624,0.06129438823403316
MERGED,18,648,0.05963412516894021
MERGED,18,680,0.05738339179847136
MERGED,18,712,0.05738339179847136
MERGED,18,744,0.05738339179847136
MERGED,18,776,0.05588496717401845
MERGED,18,808,0.05313683275675172
MERGED,18,848,0.05313683275675172
MERGED,18,880,0.05313683275675172
MERGED,18,920,0.05289679194331862
MERGED,18,960,0.052793948067146095
MERGED,18,1008,0.052762177561877406
MERGED,18,1056,0.05257907816486391
MERGED,18,1096,0.05251908150742762
MERGED,18,1152,0.05244514117115536
MERGED,18,1200,0.05244514117115536
MERGED,18,1256,0.05241645670025078
MERGED,18,1312,0.05241645670025078
MERGED,18,1368,0.05240678309136467
MERGED,18,1432,0.05240495791757995
MERGED,18,1496,0.05240034890820814
MERGED,19,8,1.561268684542319
MERGED,19,16,1.561268684542319
MERGED,19,24,1.4108567670431178
MERGED,19,32,1.4108567670431178
MERGED,19,40,1.3528581051879425
MERGED,19,48,1.3528581051879425
MERGED,19,56,1.1527337736443164
MERGED,19,64,1.1406437366174331
MERGED,19,72,1.1406437366174331
MERGED,19,80,1.1406437366174331
MERGED,19,88,1.137347371736767
MERGED,19,96,1.137347371736767
MERGED,19,104,1.137347371736767
MERGED,19,112,1.0311746045335115
MERGED,19,120,0.9683072441300125
MERGED,19,128,0.9683072441300125
MERGED,19,136,0.9683072441300125
MERGED,19,144,0.9683072441300125
MERGED,19,152,0.9683072441300125
MERGED,19,160,0.94907617856398
MERGED,19,168,0.7272603874305572
MERGED,19,176,0.7175408781319752
MERGED,19,184,0.6766204763577176
MERGED,19,192,0.6766204763577176
MERGED,19,200,0.6042456114103256
MERGED,19,208,0.6042456114103256
MERGED,19,216,0.46561940502750626
MERGED,19,232,0.4585717542127057
MERGED,19,240,0.4585717542127057
MERGED,19,248,0.4585717542127057
MERGED,19,264,0.40932286175332866
MERGED,19,272,0.39964891607184333
MERGED,19,288,0.39964891607184333
MERGED,19,296,0.39964891607184333
MERGED,19,312,0.3179127101485377
MERGED,19,320,0.3179127101485377
MERGED,19,336,0.3179127101485377
MERGED,19,352,0.3179127101485377
MERGED,19,368,0.3179127101485377
MERGED,19,384,0.3179127101485377
MERGED,19,400,0.3179127101485377
MERGED,19,416,0.3179127101485377
MERGED,19,440,0.31329739518110733
MERGED,19,456,0.2886204489393035
MERGED,19,472,0.2622692104998289
MERGED,19,496,0.18423006289609223
MERGED,19,520,0.15886661650632738
MERGED,19,544,0.12219227962138614
MERGED,19,568,0.09523504778615617
MERGED,19,592,0.09225842486243223
MERGED,19,616,0.08431122299825718
MERGED,19,640,0.059775254996465056
MERGED,19,672,0.059775254996465056
MERGED,19,704,0.059775254996465056
MERGED,19,728,0.059775254996465056
MERGED,19,760,0.05936852224839787
MERGED,19,800,0.058331222472298716
MERGED,19,832,0.05808765546858702
MERGED,19,872,0.058034372521914956
MERGED,19,904,0.05799135530148358
MERGED,19,944,0.05796841792380633
MERGED,19,992,0.05794813331864235
MERGED,19,1032,0.05792990492717821
MERGED,19,1080,0.057928838653379
MERGED,19,1128,0.05792835515888081
MERGED,19,1176,0.05792701885457776
MERGED,19,1224,0.057925006629472774
MERGED,19,1280,0.057925006629472774
MERGED,19,1336,0.057925006629472774
MERGED,2,8,1.1017092545436953
MERGED,2,16,1.1017092545436953
MERGED,2,24,1.0085791976434384
MERGED,2,32,0.3843590117370603
MERGED,2,40,0.3843590117370603
MERGED,2,48,0.3843590117370603
MERGED,2,56,0.3843590117370603
MERGED,2,64,0.3843590117370603
MERGED,2,72,0.3843590117370603
MERGED,2,80,0.3843590117370603
MERGED,2,88,0.3843590117370603
MERGED,2,96,0.3843590117370603
MERGED,2,104,0.3843590117370603
MERGED,2,112,0.3843590117370603
MERGED,2,120,0.3843590117370603
MERGED,2,128,0.3843590117370603
MERGED,2,136,0.3843590117370603
MERGED,2,144,0.3843590117370603
MERGED,2,152,0.3843590117370603
MERGED,2,160,0.3843590117370603
MERGED,2,168,0.3843590117370603
MERGED,2,176,0.3843590117370603
MERGED,2,184,0.3843590117370603
MERGED,2,192,0.3843590117370603
MERGED,2,200,0.3843590117370603
MERGED,2,208,0.3843590117370603
MERGED,2,216,0.3843590117370603
MERGED,2,224,0.3843590117370603
MERGED,2,232,0.3843590117370603
MERGED,2,248,0.3843590117370603
MERGED,2,256,0.3843590117370603
MERGED,2,264,0.3843590117370603
MERGED,2,280,0.3843590117370603
MERGED,2,288,0.3843590117370603
MERGED,2,304,0.3843590117370603
MERGED,2,320,0.3843590117370603
MERGED,2,328,0.3843590117370603
MERGED,2,344,0.3843590117370603
MERGED,2,360,0.36772658026139254
MERGED,2,376,0.36772658026139254
MERGED,2,392,0.36772658026139254
MERGED,2,408,0.36772658026139254
MERGED,2,432,0.32447316986689784
MERGED,2,448,0.2890420141518998
MERGED,2,464,0.21071059215294063
MERGED,2,488,0.1972957690282158
MERGED,2,512,0.18658567993761166
MERGED,2,528,0.12069932998511497
MERGED,2,552,0.12069932998511497
MERGED,2,576,0.09235572938416303
MERGED,2,600,0.09235572938416303
MERGED,2,632,0.08412457263373158
MERGED,2,656,0.08412457263373158
MERGED,2,688,0.06800237210895088
MERGED,2,720,0.06743422212170655
MERGED,2,744,0.06743422212170655
MERGED,2,784,0.06600654875116493
MERGED,2,816,0.06600654875116493
MERGED,2,848,0.06573847604141536
MERGED,2,888,0.06573847604141536
MERGED,2,928,0.06573847604141536
MERGED,2,968,0.06571749053386743
MERGED,2,1008,0.06571749053386743
MERGED,2,1056,0.06571749053386743
MERGED,2,1096,0.06571749053386743
MERGED,2,1144,0.06571749053386743
MERGED,2,1200,0.06571749053386743
MERGED,2,1248,0.06571749053386743
MERGED,2,1304,0.06571749053386743
MERGED,3,8,1.8032231027333525
MERGED,3,16,1.0870135790951723
MERGED,3,24,1.0870135790951723
MERGED,3,32,0.9698045264940017
MERGED,3,40,0.9523341981551131
MERGED,3,48,0.9523341981551131
MERGED,3,56,0.8533595926046568
MERGED,3,64,0.8533595926046568
MERGED,3,72,0.8371954570727089
MERGED,3,80,0.7345374403858868
MERGED,3,88,0.7327092274882198
MERGED,3,96,0.7103552201461237
MERGED,3,104,0.47408074498656455
MERGED,3,112,0.47408074498656455
MERGED,3,120,0.47408074498656455
MERGED,3,128,0.47408074498656455
MERGED,3,136,0.47408074498656455
MERGED,3,144,0.47408074498656455
MERGED,3,152,0.38209639301113524
MERGED,3,160,0.38209639301113524
MERGED,3,168,0.38209639301113524
MERGED,3,176,0.38209639301113524
MERGED,3,184,0.38209639301113524
MERGED,3,192,0.38209639301113524
MERGED,3,200,0.38003794250532597
MERGED,3,216,0.3768324975835315
MERGED,3,224,0.3768324975835315
MERGED,3,232,0.3611161593345303
MERGED,3,240,0.3581956520768524
MERGED,3,256,0.33555548093525384
MERGED,3,264,0.33315821744416546
MERGED,3,272,0.32706282955759863
MERGED,3,288,0.27998266381816134
MERGED,3,296,0.279035853400518
MERGED,3,312,0.23037954273105124
MERGED,3,328,0.22691701530090444
MERGED,3,336,0.22691701530090444
MERGED,3,352,0.2148780322606254
MERGED,3,368,0.1806495292233827
MERGED,3,384,0.131207448578029
MERGED,3,400,0.12642536117562655
MERGED,3,424,0.09168282359707003
MERGED,3,440,0.09168282359707003
MERGED,3,456,0.07904966409307869
MERGED,3,480,0.07904966409307869
MERGED,3,496,0.07904966409307869
MERGED,3,520,0.06329233423386636
MERGED,3,544,0.06329233423386636
MERGED,3,568,0.06329233423386636
MERGED,3,592,0.06329233423386636
MERGED,3,616,0.05993567935398809
MERGED,3,640,0.05993567935398809
MERGED,3,672,0.05960420198908584
MERGED,3,704,0.059269296514572765
MERGED,3,728,0.0589796657033693
MERGED,3,760,0.058523309288254444
MERGED,3,800,0.05814674619180901
MERGED,3,832,0.05805807297473573
MERGED,3,864,0.05800258341137979
MERGED,3,904,0.05795468179647634
MERGED,3,944,0.0579446398411552
MERGED,3,984,0.057930392947824816
MERGED,3,1024,0.057906337347085675
MERGED,3,1072,0.05790414847976602
MERGED,3,1120,0.05790166894062157
MERGED,3,1168,0.05789738950845889
MERGED,3,1216,0.05789470224023407
MERGED,3,1272,0.05789470224023407
MERGED,4,8,1.477508177219654
MERGED,4,16,1.477508177219654
MERGED,4,24,1.4737474438140072
MERGED,4,32,1.4737474438140072
MERGED,4,40,1.4737474438140072
MERGED,4,48,1.4737474438140072
MERGED,4,56,1.4737474438140072
MERGED,4,64,0.6664709532826735
MERGED,4,72,0.6664709532826735
MERGED,4,80,0.6664709532826735
MERGED,4,88,0.5991837476352434
MERGED,4,96,0.5991837476352434
MERGED,4,104,0.5991837476352434
MERGED,4,112,0.5991837476352434
MERGED,4,120,0.5991837476352434
MERGED,4,128,0.5991837476352434
MERGED,4,136,0.5991837476352434
MERGED,4,144,0.5991837476352434
MERGED,4,152,0.5991837476352434
MERGED,4,160,0.5991837476352434
MERGED,4,168,0.5963544366370054
MERGED,4,176,0.5915894465033517
MERGED,4,184,0.5915894465033517
MERGED,4,192,0.5516547112137585
MERGED,4,200,0.4548020776846739
MERGED,4,216,0.4159611985128296
MERGED,4,224,0.4159611985128296
MERGED,4,232,0.4159611985128296
MERGED,4,240,0.38764442208456035
MERGED,4,248,0.38764442208456035
MERGED,4,264,0.38764442208456035
MERGED,4,272,0.38764442208456035
MERGED,4,288,0.38541341818587904
MERGED,4,296,0.38541341818587904
MERGED,4,312,0.38541341818587904
MERGED,4,320,0.38541341818587904
MERGED,4,336,0.38541341818587904
MERGED,4,352,0.31065470699110737
MERGED,4,368,0.29245765636759613
MERGED,4,384,0.2537369221542345
MERGED,4,400,0.2537369221542345
MERGED,4,416,0.2537369221542345
MERGED,4,432,0.22250456860427312
MERGED,4,456,0.1959568671813007
MERGED,4,472,0.1959568671813007
MERGED,4,496,0.1788139383919777
MERGED,4,512,0.14412607758200136
MERGED,4,536,0.09619664889895625
MERGED,4,560,0.08213748094299185
MERGED,4,584,0.07519954887127689
MERGED,4,608,0.0698166313665874
MERGED,4,632,0.0698166313665874
MERGED,4,664,0.06828329184736477
MERGED,4,688,0.06759287620178894
MERGED,4,720,0.0667294732043185
MERGED,4,752,0.0659850826559842
MERGED,4,784,0.06592823260044045
MERGED,4,816,0.06577494960540159
MERGED,4,848,0.06568533587811344
MERGED,4,888,0.06568533587811344
MERGED,4,928,0.06566847553796507
MERGED,4,968,0.06566042313262099
MERGED,4,1008,0.06566042313262099
MERGED,4,1048,0.06566042313262099
MERGED,4,1096,0.06566042313262099
MERGED,4,1144,0.06566042313262099
MERGED,4,1192,0.06566042313262099
MERGED,5,8,1.3894688326340396
MERGED,5,16,1.3894688326340396
MERGED,5,24,1.3171381769184873
MERGED,5,32,1.2121744283799432
MERGED,5,40,1.2121744283799432
MERGED,5,48,1.1159692107374368
MERGED,5,56,1.1159692107374368
MERGED,5,64,1.1159692107374368
MERGED,5,72,1.1159692107374368
MERGED,5,80,1.1159692107374368
MERGED,5,88,1.1159692107374368
MERGED,5,96,1.1159692107374368
MERGED,5,104,0.5128756829735088
MERGED,5,112,0.5088833744389987
MERGED,5,120,0.5088833744389987
MERGED,5,128,0.5088833744389987
MERGED,5,136,0.5065343815623641
MERGED,5,144,0.4927229749233118
MERGED,5,152,0.4421449487444073
MERGED,5,160,0.4421449487444073
MERGED,5,168,0.4421449487444073
MERGED,5,176,0.4421449487444073
MERGED,5,184,0.4421449487444073
MERGED,5,192,0.4421449487444073
MERGED,5,200,0.4421449487444073
MERGED,5,208,0.4421449487444073
MERGED,5,216,0.4421449487444073
MERGED,5,224,0.4421449487444073
MERGED,5,240,0.4272701705512488
MERGED,5,248,0.4272701705512488
MERGED,5,256,0.4272701705512488
MERGED,5,272,0.42509102479887423
MERGED,5,280,0.42509102479887423
MERGED,5,296,0.41387358899867405
MERGED,5,312,0.41387358899867405
MERGED,5,320,0.41387358899867405
MERGED,5,336,0.4095901533835045
MERGED,5,352,0.39061789070509695
MERGED,5,368,0.37416304358912916
MERGED,5,384,0.37416304358912916
MERGED,5,400,0.3483489138517017
MERGED,5,424,0.3391742819910543
MERGED,5,440,0.3391742819910543
MERGED,5,464,0.31461409344623353
MERGED,5,480,0.2912861167999365
MERGED,5,504,0.27832573674933164
MERGED,5,528,0.22050100748684506
MERGED,5,552,0.19377900524785074
MERGED,5,576,0.19377900524785074
MERGED,5,600,0.15413447855848805
MERGED,5,632,0.1185169111338243
MERGED,5,656,0.0942618062568123
MERGED,5,688,0.0942618062568123
MERGED,5,720,0.06537991723230813
MERGED,5,752,0.06537991723230813
MERGED,5,792,0.0649892047467731
MERGED,5,824,0.06320943456882548
MERGED,5,864,0.05990519968603598
MERGED,5,904,0.05869228581469227
MERGED,5,944,0.05865992745583726
MERGED,5,984,0.05865992745583726
MERGED,5,1032,0.0582311066620122
MERGED,5,1080,0.05808814273997959
MERGED,5,1128,0.057936900710060114
MERGED,5,1176,0.05791771353763107
MERGED,5,1232,0.05790094564818999
MERGED,5,1288,0.057900573453711524
MERGED,5,1344,0.05789687449804635
MERGED,5,1408,0.05789687449804635
MERGED,5,1472,0.05789687449804635
MERGED,5,1536,0.05789687449804635
MERGED,5,1608,0.05789573479859317
MERGED,6,8,1.2525785526358977
MERGED,6,16,1.2525785526358977
MERGED,6,24,1.2525785526358977
MERGED,6,32,0.9770190181404409
MERGED,6,40,0.7224178288102406
MERGED,6,48,0.5206905741014854
MERGED,6,56,0.33036455655984504
MERGED,6,64,0.33036455655984504
MERGED,6,72,0.33036455655984504
MERGED,6,80,0.33036455655984504
MERGED,6,88,0.33036455655984504
MERGED,6,96,0.33036455655984504
MERGED,6,104,0.33036455655984504
MERGED,6,112,0.33036455655984504
MERGED,6,120,0.33036455655984504
MERGED,6,128,0.33036455655984504
MERGED,6,136,0.33036455655984504
MERGED,6,144,0.33036455655984504
MERGED,6,152,0.33036455655984504
MERGED,6,160,0.33036455655984504
MERGED,6,168,0.33036455655984504
MERGED,6,176,0.33036455655984504
MERGED,6,184,0.33036455655984504
MERGED,6,192,0.33036455655984504
MERGED,6,200,0.33036455655984504
MERGED,6,208,0.33036455655984504
MERGED,6,216,0.33036455655984504
MERGED,6,224,0.33036455655984504
MERGED,6,232,0.33036455655984504
MERGED,6,248,0.33036455655984504
MERGED,6,256,0.33036455655984504
MERGED,6,264,0.33036455655984504
MERGED,6,280,0.33036455655984504
MERGED,6,288,0.3165750900978038
MERGED,6,304,0.3165750900978038
MERGED,6,312,0.24797846493777229
MERGED,6,328,0.24797846493777229
MERGED,6,344,0.23067063693064546
MERGED,6,352,0.23067063693064546
MERGED,6,368,0.228905370529499
MERGED,6,384,0.12046500492879993
MERGED,6,400,0.12046500492879993
MERGED,6,424,0.06744586044775545
MERGED,6,440,0.06744586044775545
MERGED,6,456,0.06744586044775545
MERGED,6,480,0.06744586044775545
MERGED,6,496,0.06744586044775545
MERGED,6,520,0.06188536829534589
MERGED,6,544,0.06188536829534589
MERGED,6,560,0.0584040998690343
MERGED,6,584,0.03780216830235972
MERGED,6,608,0.03780216830235972
MERGED,6,640,0.03780216830235972
MERGED,6,664,0.03780216830235972
MERGED,6,696,0.03780216830235972
MERGED,6,720,0.03780216830235972
MERGED,6,752,0.03780216830235972
MERGED,6,784,0.03780216830235972
MERGED,6,816,0.03780216830235972
MERGED,6,856,0.03780216830235972
MERGED,6,888,0.03780216830235972
MERGED,6,928,0.03780216830235972
MERGED,6,968,0.03780216830235972
MERGED,6,1008,0.03780216830235972
MERGED,6,1056,0.03780216830235972
MERGED,6,1096,0.03780216830235972
MERGED,6,1144,0.03780216830235972
MERGED,7,8,1.9989008361061693
MERGED,7,16,1.7640541778468863
MERGED,7,24,1.5765530010557007
MERGED,7,32,1.5765530010557007
MERGED,7,40,1.256779985994211
MERGED,7,48,1.256779985994211
MERGED,7,56,1.256779985994211
MERGED,7,64,1.256779985994211
MERGED,7,72,1.256779985994211
MERGED,7,80,1.256779985994211
MERGED,7,88,1.256779985994211
MERGED,7,96,1.0262843303814646
MERGED,7,104,0.6110336212563036
MERGED,7,112,0.6110336212563036
MERGED,7,120,0.6110336212563036
MERGED,7,128,0.6110336212563036
MERGED,7,136,0.6110336212563036
MERGED,7,144,0.6110336212563036
MERGED,7,152,0.6110336212563036
MERGED,7,160,0.6110336212563036
MERGED,7,168,0.6110336212563036
MERGED,7,176,0.6110336212563036
MERGED,7,192,0.571869746553205
MERGED,7,200,0.513367719557747
MERGED,7,208,0.513367719557747
MERGED,7,216,0.46762943691145265
MERGED,7,224,0.46762943691145265
MERGED,7,240,0.4546877453499887
MERGED,7,248,0.4546877453499887
MERGED,7,264,0.4344362286800889
MERGED,7,272,0.4119879755818961
MERGED,7,288,0.4119879755818961
MERGED,7,296,0.4119879755818961
MERGED,7,312,0.33904964330237686
MERGED,7,328,0.3204396800459794
MERGED,7,344,0.2837315013445097
MERGED,7,360,0.23409032221739803
MERGED,7,376,0.14273111258758056
MERGED,7,400,0.1358912230127674
MERGED,7,416,0.13556564412376435
MERGED,7,432,0.1037730778639786
MERGED,7,456,0.09545822706906869
MERGED,7,480,0.09545822706906869
MERGED,7,504,0.08347873926644055
MERGED,7,520,0.08347873926644055
MERGED,7,552,0.07185996965701706
MERGED,7,576,0.07071965529801394
MERGED,7,600,0.06954646397145936
MERGED,7,632,0.06525407157230649
MERGED,7,664,0.06415076780978342
MERGED,7,696,0.06415076780978342
MERGED,7,728,0.06275866732900151
MERGED,7,760,0.06093564920625094
MERGED,7,792,0.06093564920625094
MERGED,7,832,0.06083119106073043
MERGED,7,872,0.06083119106073043
MERGED,7,912,0.060697582240155167
MERGED,7,960,0.0606545719612915
MERGED,7,1008,0.06056757976011349
MERGED,7,1048,0.06038657250546927
MERGED,7,1104,0.06030169078398145
MERGED,7,1152,0.06026152911441727
MERGED,7,1208,0.060240984906562066
MERGED,7,1264,0.06023654031693305
MERGED,7,1328,0.0602047970076375
MERGED,7,1392,0.0602003642999523
MERGED,7,1456,0.06015841193949597
MERGED,7,1528,0.060132450090445655
MERGED,7,1600,0.060125189897826725
MERGED,7,1672,0.06011788498265488
MERGED,7,1752,0.060114182514910776
MERGED,7,1840,0.060106523004290535
MERGED,7,1928,0.060103026572955
MERGED,7,2016,0.060102604666990134
MERGED,8,8,2.1612006513635333
MERGED,8,16,0.6581118048492606
MERGED,8,24,0.6581118048492606
MERGED,8,32,0.6581118048492606
MERGED,8,40,0.6581118048492606
MERGED,8,48,0.6581118048492606
MERGED,8,56,0.6581118048492606
MERGED,8,64,0.6581118048492606
MERGED,8,72,0.6581118048492606
MERGED,8,80,0.6581118048492606
MERGED,8,88,0.6581118048492606
MERGED,8,96,0.6581118048492606
MERGED,8,104,0.6581118048492606
MERGED,8,112,0.6581118048492606
MERGED,8,120,0.6581118048492606
MERGED,8,128,0.6581118048492606
MERGED,8,136,0.6581118048492606
MERGED,8,144,0.6581118048492606
MERGED,8,152,0.6581118048492606
MERGED,8,160,0.5195734513885273
MERGED,8,168,0.5195734513885273
MERGED,8,176,0.5195734513885273
MERGED,8,184,0.47808615692673556
MERGED,8,192,0.47808615692673556
MERGED,8,200,0.47808615692673556
MERGED,8,208,0.47808615692673556
MERGED,8,216,0.47808615692673556
MERGED,8,232,0.47808615692673556
MERGED,8,240,0.47808615692673556
MERGED,8,248,0.47808615692673556
MERGED,8,264,0.47808615692673556
MERGED,8,272,0.47808615692673556
MERGED,8,288,0.47808615692673556
MERGED,8,296,0.457332852334396
MERGED,8,312,0.457332852334396
MERGED,8,328,0.4381088529872599
MERGED,8,344,0.4381088529872599
MERGED,8,360,0.40523134464451155
MERGED,8,376,0.3768074040083822
MERGED,8,392,0.3768074040083822
MERGED,8,408,0.3768074040083822
MERGED,8,424,0.3768074040083822
MERGED,8,448,0.3245691127590107
MERGED,8,464,0.3245691127590107
MERGED,8,488,0.3245691127590107
MERGED,8,512,0.2955315325287223
MERGED,8,536,0.2797631812997939
MERGED,8,560,0.21716646347752666
MERGED,8,584,0.14219610854504525
MERGED,8,608,0.10287456218618785
MERGED,8,640,0.05287554974663011
MERGED,8,664,0.05287554974663011
MERGED,8,696,0.05279572892764803
MERGED,8,728,0.05279572892764803
MERGED,8,760,0.05279572892764803
MERGED,8,800,0.04421486505370339
MERGED,8,832,0.037121239970851615
MERGED,8,872,0.02987045919514034
MERGED,8,912,0.023043502518714898
MERGED,8,952,0.01760107607401905
MERGED,8,1000,0.01760107607401905
MERGED,8,1040,0.01760107607401905
MERGED,8,1088,0.01760107607401905
MERGED,8,1144,0.01634016856226259
MERGED,8,1192,0.01444299337925445
MERGED,8,1248,0.010200743857233139
MERGED,8,1304,0.004516392005876227
MERGED,8,1368,0.004516392005876227
MERGED,8,1424,0.0031433327973861766
MERGED,8,1496,0.0019247825458066498
MERGED,8,1560,0.000793979945948297
MERGED,8,1632,0.0003966246179464777
MERGED,9,8,2.0628889140468494
MERGED,9,16,1.4803891360624013
MERGED,9,24,1.0859560593672977
MERGED,9,32,1.0859560593672977
MERGED,9,40,1.0859560593672977
MERGED,9,48,1.0859560593672977
MERGED,9,56,1.0859560593672977
MERGED,9,64,1.0859560593672977
MERGED,9,72,1.0693479600003488
MERGED,9,80,1.0693479600003488
MERGED,9,88,1.0156909778201904
MERGED,9,96,0.9944550638629011
MERGED,9,104,0.7732784212269935
MERGED,9,112,0.7423685712149463
MERGED,9,120,0.7423685712149463
MERGED,9,128,0.7423685712149463
MERGED,9,136,0.7423685712149463
MERGED,9,144,0.7012221835259664
MERGED,9,152,0.6141809504393745
MERGED,9,160,0.5079049911690752
MERGED,9,168,0.5079049911690752
MERGED,9,176,0.5079049911690752
MERGED,9,184,0.48436192685534946
MERGED,9,192,0.48436192685534946
MERGED,9,200,0.48436192685534946
MERGED,9,208,0.40204910540027766
MERGED,9,216,0.3383320715220271
MERGED,9,232,0.21769700602226294
MERGED,9,240,0.21769700602226294
MERGED,9,256,0.21769700602226294
MERGED,9,264,0.21769700602226294
MERGED,9,280,0.21769700602226294
MERGED,9,288,0.21769700602226294
MERGED,9,304,0.21769700602226294
MERGED,9,320,0.21769700602226294
MERGED,9,336,0.1637212132797955
MERGED,9,352,0.1469127999247896
MERGED,9,368,0.1469127999247896
MERGED,9,384,0.13252144134973556
MERGED,9,408,0.09578840064683203
MERGED,9,424,0.09578840064683203
MERGED,9,448,0.09428061079297963
MERGED,9,464,0.08334892533930564
MERGED,9,488,0.07342906983120774
MERGED,9,512,0.06912481508766727
MERGED,9,536,0.05982445445274987
MERGED,9,568,0.05982445445274987
MERGED,9,592,0.05982445445274987
MERGED,9,624,0.05982445445274987
MERGED,9,648,0.05982445445274987
MERGED,9,680,0.05982445445274987
MERGED,9,712,0.059380419883859364
MERGED,9,752,0.059380419883859364
MERGED,9,784,0.059043376778948296
MERGED,9,824,0.059043376778948296
MERGED,9,864,0.059034865962190854
MERGED,9,904,0.05887400303806493
MERGED,9,952,0.05877370569718055
MERGED,9,992,0.05830236123134972
MERGED,9,1040,0.05811773944527715
MERGED,9,1096,0.05788591808755525
MERGED,9,1144,0.057622864811738554
MERGED,9,1200,0.05749770234793231
MERGED,9,1264,0.057444380081259884
MERGED,9,1320,0.057309040004180224
MERGED,9,1384,0.057221078645581784
MERGED,9,1456,0.05717093544678522
MERGED,9,1520,0.057140697700338694
MERGED,9,1600,0.05711902013934738
MERGED,9,1672,0.05710825351888666
MERGED,9,1752,0.05708197849437552
MERGED,9,1840,0.057073439467741426
MERGED,9,1928,0.05706759102747851
MERGED,9,2024,0.057058566075332995
MERGED,9,2120,0.057040998880966726
MERGED,9,2224,0.05703992798092439
